{
    "id": 643171352576,
    "userid": 1234,
    "urgency": 16,
    "priority": 16,
    "t_submit": 1684197521.098596,
    "t_depend": 1684197521.1097882,
    "t_run": 1684197521.1240778,
    "t_cleanup": 1684197522.4684668,
    "t_inactive": 1684197522.4700246,
    "state": "INACTIVE",
    "name": "connectivity_c",
    "ntasks": 336,
    "ncores": 336,
    "duration": 0.0,
    "nnodes": 6,
    "ranks": "[0-5]",
    "nodelist": "flux-sample-[2-7]",
    "success": true,
    "exception_occurred": false,
    "result": "COMPLETED",
    "expiration": 4837797521.0,
    "waitstatus": 0,
    "returncode": 0,
    "runtime": 1.3443889617919922,
    "exception": {
        "occurred": false,
        "severity": "",
        "type": "",
        "note": ""
    }
}