{
    "id": 546803023872,
    "userid": 1234,
    "urgency": 16,
    "priority": 16,
    "t_submit": 1684197515.355363,
    "t_depend": 1684197515.3664985,
    "t_run": 1684197515.3808775,
    "t_cleanup": 1684197516.6417694,
    "t_inactive": 1684197516.6430247,
    "state": "INACTIVE",
    "name": "connectivity_c",
    "ntasks": 336,
    "ncores": 336,
    "duration": 0.0,
    "nnodes": 6,
    "ranks": "[0-5]",
    "nodelist": "flux-sample-[2-7]",
    "success": true,
    "exception_occurred": false,
    "result": "COMPLETED",
    "expiration": 4837797515.0,
    "waitstatus": 0,
    "returncode": 0,
    "runtime": 1.2608919143676758,
    "exception": {
        "occurred": false,
        "severity": "",
        "type": "",
        "note": ""
    }
}