{
    "id": 329605185536,
    "userid": 1234,
    "urgency": 16,
    "priority": 16,
    "t_submit": 1684197502.4090676,
    "t_depend": 1684197502.4202795,
    "t_run": 1684197502.4349601,
    "t_cleanup": 1684197503.7628255,
    "t_inactive": 1684197503.764234,
    "state": "INACTIVE",
    "name": "connectivity_c",
    "ntasks": 336,
    "ncores": 336,
    "duration": 0.0,
    "nnodes": 6,
    "ranks": "[0-5]",
    "nodelist": "flux-sample-[2-7]",
    "success": true,
    "exception_occurred": false,
    "result": "COMPLETED",
    "expiration": 4837797502.0,
    "waitstatus": 0,
    "returncode": 0,
    "runtime": 1.3278653621673584,
    "exception": {
        "occurred": false,
        "severity": "",
        "type": "",
        "note": ""
    }
}