{
    "id": 401092902912,
    "userid": 1234,
    "urgency": 16,
    "priority": 16,
    "t_submit": 1684197506.6702387,
    "t_depend": 1684197506.681468,
    "t_run": 1684197506.6961806,
    "t_cleanup": 1684197508.0601008,
    "t_inactive": 1684197508.0615044,
    "state": "INACTIVE",
    "name": "connectivity_c",
    "ntasks": 336,
    "ncores": 336,
    "duration": 0.0,
    "nnodes": 6,
    "ranks": "[0-5]",
    "nodelist": "flux-sample-[2-7]",
    "success": true,
    "exception_occurred": false,
    "result": "COMPLETED",
    "expiration": 4837797506.0,
    "waitstatus": 0,
    "returncode": 0,
    "runtime": 1.3639202117919922,
    "exception": {
        "occurred": false,
        "severity": "",
        "type": "",
        "note": ""
    }
}