{
    "id": 594550980608,
    "userid": 1234,
    "urgency": 16,
    "priority": 16,
    "t_submit": 1684197518.201146,
    "t_depend": 1684197518.2127197,
    "t_run": 1684197518.2271855,
    "t_cleanup": 1684197519.5219965,
    "t_inactive": 1684197519.5236754,
    "state": "INACTIVE",
    "name": "connectivity_c",
    "ntasks": 336,
    "ncores": 336,
    "duration": 0.0,
    "nnodes": 6,
    "ranks": "[0-5]",
    "nodelist": "flux-sample-[2-7]",
    "success": true,
    "exception_occurred": false,
    "result": "COMPLETED",
    "expiration": 4837797518.0,
    "waitstatus": 0,
    "returncode": 0,
    "runtime": 1.2948110103607178,
    "exception": {
        "occurred": false,
        "severity": "",
        "type": "",
        "note": ""
    }
}