{
    "id": 377487360000,
    "userid": 1234,
    "urgency": 16,
    "priority": 16,
    "t_submit": 1684197505.2624733,
    "t_depend": 1684197505.2737474,
    "t_run": 1684197505.288117,
    "t_cleanup": 1684197506.5649703,
    "t_inactive": 1684197506.5665119,
    "state": "INACTIVE",
    "name": "connectivity_c",
    "ntasks": 336,
    "ncores": 336,
    "duration": 0.0,
    "nnodes": 6,
    "ranks": "[0-5]",
    "nodelist": "flux-sample-[2-7]",
    "success": true,
    "exception_occurred": false,
    "result": "COMPLETED",
    "expiration": 4837797505.0,
    "waitstatus": 0,
    "returncode": 0,
    "runtime": 1.276853322982788,
    "exception": {
        "occurred": false,
        "severity": "",
        "type": "",
        "note": ""
    }
}