{
    "id": 354049589248,
    "userid": 1234,
    "urgency": 16,
    "priority": 16,
    "t_submit": 1684197503.8659623,
    "t_depend": 1684197503.8772547,
    "t_run": 1684197503.8915064,
    "t_cleanup": 1684197505.158763,
    "t_inactive": 1684197505.1603289,
    "state": "INACTIVE",
    "name": "connectivity_c",
    "ntasks": 336,
    "ncores": 336,
    "duration": 0.0,
    "nnodes": 6,
    "ranks": "[0-5]",
    "nodelist": "flux-sample-[2-7]",
    "success": true,
    "exception_occurred": false,
    "result": "COMPLETED",
    "expiration": 4837797503.0,
    "waitstatus": 0,
    "returncode": 0,
    "runtime": 1.267256498336792,
    "exception": {
        "occurred": false,
        "severity": "",
        "type": "",
        "note": ""
    }
}