{
    "id": 426191618048,
    "userid": 1234,
    "urgency": 16,
    "priority": 16,
    "t_submit": 1684197508.166245,
    "t_depend": 1684197508.1772444,
    "t_run": 1684197508.1914027,
    "t_cleanup": 1684197509.459437,
    "t_inactive": 1684197509.4609787,
    "state": "INACTIVE",
    "name": "connectivity_c",
    "ntasks": 336,
    "ncores": 336,
    "duration": 0.0,
    "nnodes": 6,
    "ranks": "[0-5]",
    "nodelist": "flux-sample-[2-7]",
    "success": true,
    "exception_occurred": false,
    "result": "COMPLETED",
    "expiration": 4837797508.0,
    "waitstatus": 0,
    "returncode": 0,
    "runtime": 1.2680342197418213,
    "exception": {
        "occurred": false,
        "severity": "",
        "type": "",
        "note": ""
    }
}