{
    "id": 667951300608,
    "userid": 1234,
    "urgency": 16,
    "priority": 16,
    "t_submit": 1684197522.5755389,
    "t_depend": 1684197522.5867543,
    "t_run": 1684197522.6011364,
    "t_cleanup": 1684197523.9053926,
    "t_inactive": 1684197523.906999,
    "state": "INACTIVE",
    "name": "connectivity_c",
    "ntasks": 336,
    "ncores": 336,
    "duration": 0.0,
    "nnodes": 6,
    "ranks": "[0-5]",
    "nodelist": "flux-sample-[2-7]",
    "success": true,
    "exception_occurred": false,
    "result": "COMPLETED",
    "expiration": 4837797522.0,
    "waitstatus": 0,
    "returncode": 0,
    "runtime": 1.3042562007904053,
    "exception": {
        "occurred": false,
        "severity": "",
        "type": "",
        "note": ""
    }
}