{
    "id": 449746829312,
    "userid": 1234,
    "urgency": 16,
    "priority": 16,
    "t_submit": 1684197509.569968,
    "t_depend": 1684197509.5811727,
    "t_run": 1684197509.5953898,
    "t_cleanup": 1684197510.9231315,
    "t_inactive": 1684197510.9246345,
    "state": "INACTIVE",
    "name": "connectivity_c",
    "ntasks": 336,
    "ncores": 336,
    "duration": 0.0,
    "nnodes": 6,
    "ranks": "[0-5]",
    "nodelist": "flux-sample-[2-7]",
    "success": true,
    "exception_occurred": false,
    "result": "COMPLETED",
    "expiration": 4837797509.0,
    "waitstatus": 0,
    "returncode": 0,
    "runtime": 1.3277416229248047,
    "exception": {
        "occurred": false,
        "severity": "",
        "type": "",
        "note": ""
    }
}