{
    "id": 570190462976,
    "userid": 1234,
    "urgency": 16,
    "priority": 16,
    "t_submit": 1684197516.7491035,
    "t_depend": 1684197516.7602696,
    "t_run": 1684197516.774394,
    "t_cleanup": 1684197518.0903623,
    "t_inactive": 1684197518.091869,
    "state": "INACTIVE",
    "name": "connectivity_c",
    "ntasks": 336,
    "ncores": 336,
    "duration": 0.0,
    "nnodes": 6,
    "ranks": "[0-5]",
    "nodelist": "flux-sample-[2-7]",
    "success": true,
    "exception_occurred": false,
    "result": "COMPLETED",
    "expiration": 4837797516.0,
    "waitstatus": 0,
    "returncode": 0,
    "runtime": 1.3159682750701904,
    "exception": {
        "occurred": false,
        "severity": "",
        "type": "",
        "note": ""
    }
}