{
    "id": 305462771712,
    "userid": 1234,
    "urgency": 16,
    "priority": 16,
    "t_submit": 1684197500.9695456,
    "t_depend": 1684197500.9808283,
    "t_run": 1684197500.9955058,
    "t_cleanup": 1684197502.3039699,
    "t_inactive": 1684197502.3054526,
    "state": "INACTIVE",
    "name": "connectivity_c",
    "ntasks": 336,
    "ncores": 336,
    "duration": 0.0,
    "nnodes": 6,
    "ranks": "[0-5]",
    "nodelist": "flux-sample-[2-7]",
    "success": true,
    "exception_occurred": false,
    "result": "COMPLETED",
    "expiration": 4837797500.0,
    "waitstatus": 0,
    "returncode": 0,
    "runtime": 1.3084640502929688,
    "exception": {
        "occurred": false,
        "severity": "",
        "type": "",
        "note": ""
    }
}