{
    "id": 13048613961728,
    "userid": 1000,
    "urgency": 16,
    "priority": 16,
    "t_submit": 1688243673.2475855,
    "t_depend": 1688243673.2475855,
    "t_run": 1688243673.2694988,
    "t_cleanup": 1688243812.5262294,
    "t_inactive": 1688243812.5282302,
    "state": "INACTIVE",
    "name": "lmp",
    "ntasks": 128,
    "duration": 0.0,
    "nnodes": 2,
    "ranks": "[0-1]",
    "nodelist": "flux-sample-[0-1]",
    "success": true,
    "exception_occurred": false,
    "result": "COMPLETED",
    "expiration": 4841843673.0,
    "waitstatus": 0,
    "returncode": 0,
    "runtime": 139.25673055648804,
    "exception": {
        "occurred": false,
        "severity": "",
        "type": "",
        "note": ""
    }
}