{
    "id": 20095900319744,
    "userid": 1000,
    "urgency": 16,
    "priority": 16,
    "t_submit": 1688244093.2989225,
    "t_depend": 1688244093.2989225,
    "t_run": 1688244093.3208747,
    "t_cleanup": 1688244232.991576,
    "t_inactive": 1688244232.9936903,
    "state": "INACTIVE",
    "name": "lmp",
    "ntasks": 128,
    "duration": 0.0,
    "nnodes": 2,
    "ranks": "[0-1]",
    "nodelist": "flux-sample-[0-1]",
    "success": true,
    "exception_occurred": false,
    "result": "COMPLETED",
    "expiration": 4841844093.0,
    "waitstatus": 0,
    "returncode": 0,
    "runtime": 139.67070126533508,
    "exception": {
        "occurred": false,
        "severity": "",
        "type": "",
        "note": ""
    }
}