{
    "id": 48283015708672,
    "userid": 1000,
    "urgency": 16,
    "priority": 16,
    "t_submit": 1688245773.3822935,
    "t_depend": 1688245773.3822935,
    "t_run": 1688245773.4046118,
    "t_cleanup": 1688245913.8996792,
    "t_inactive": 1688245913.9019434,
    "state": "INACTIVE",
    "name": "lmp",
    "ntasks": 128,
    "duration": 0.0,
    "nnodes": 2,
    "ranks": "[0-1]",
    "nodelist": "flux-sample-[0-1]",
    "success": true,
    "exception_occurred": false,
    "result": "COMPLETED",
    "expiration": 4841845773.0,
    "waitstatus": 0,
    "returncode": 0,
    "runtime": 140.49506735801697,
    "exception": {
        "occurred": false,
        "severity": "",
        "type": "",
        "note": ""
    }
}