{
    "id": 10696347615232,
    "userid": 1000,
    "urgency": 16,
    "priority": 16,
    "t_submit": 1688243533.042276,
    "t_depend": 1688243533.042276,
    "t_run": 1688243533.0643258,
    "t_cleanup": 1688243672.8561037,
    "t_inactive": 1688243672.8580055,
    "state": "INACTIVE",
    "name": "lmp",
    "ntasks": 128,
    "duration": 0.0,
    "nnodes": 2,
    "ranks": "[0-1]",
    "nodelist": "flux-sample-[0-1]",
    "success": true,
    "exception_occurred": false,
    "result": "COMPLETED",
    "expiration": 4841843533.0,
    "waitstatus": 0,
    "returncode": 0,
    "runtime": 139.7917778491974,
    "exception": {
        "occurred": false,
        "severity": "",
        "type": "",
        "note": ""
    }
}