{
    "id": 29494882598912,
    "userid": 1000,
    "urgency": 16,
    "priority": 16,
    "t_submit": 1688244653.5222418,
    "t_depend": 1688244653.5222418,
    "t_run": 1688244653.5443635,
    "t_cleanup": 1688244793.1291416,
    "t_inactive": 1688244793.1311338,
    "state": "INACTIVE",
    "name": "lmp",
    "ntasks": 128,
    "duration": 0.0,
    "nnodes": 2,
    "ranks": "[0-1]",
    "nodelist": "flux-sample-[0-1]",
    "success": true,
    "exception_occurred": false,
    "result": "COMPLETED",
    "expiration": 4841844653.0,
    "waitstatus": 0,
    "returncode": 0,
    "runtime": 139.58477807044983,
    "exception": {
        "occurred": false,
        "severity": "",
        "type": "",
        "note": ""
    }
}