{
    "id": 15391870943232,
    "userid": 1000,
    "urgency": 16,
    "priority": 16,
    "t_submit": 1688243812.9173033,
    "t_depend": 1688243812.9173033,
    "t_run": 1688243812.9392166,
    "t_cleanup": 1688243952.4593534,
    "t_inactive": 1688243952.461228,
    "state": "INACTIVE",
    "name": "lmp",
    "ntasks": 128,
    "duration": 0.0,
    "nnodes": 2,
    "ranks": "[0-1]",
    "nodelist": "flux-sample-[0-1]",
    "success": true,
    "exception_occurred": false,
    "result": "COMPLETED",
    "expiration": 4841843812.0,
    "waitstatus": 0,
    "returncode": 0,
    "runtime": 139.52013683319092,
    "exception": {
        "occurred": false,
        "severity": "",
        "type": "",
        "note": ""
    }
}