{
    "id": 17739775213568,
    "userid": 1000,
    "urgency": 16,
    "priority": 16,
    "t_submit": 1688243952.862703,
    "t_depend": 1688243952.862703,
    "t_run": 1688243952.8846922,
    "t_cleanup": 1688244092.9054492,
    "t_inactive": 1688244092.907363,
    "state": "INACTIVE",
    "name": "lmp",
    "ntasks": 128,
    "duration": 0.0,
    "nnodes": 2,
    "ranks": "[0-1]",
    "nodelist": "flux-sample-[0-1]",
    "success": true,
    "exception_occurred": false,
    "result": "COMPLETED",
    "expiration": 4841843952.0,
    "waitstatus": 0,
    "returncode": 0,
    "runtime": 140.02075695991516,
    "exception": {
        "occurred": false,
        "severity": "",
        "type": "",
        "note": ""
    }
}