{
    "id": 22446119845888,
    "userid": 1000,
    "urgency": 16,
    "priority": 16,
    "t_submit": 1688244233.3826914,
    "t_depend": 1688244233.3826914,
    "t_run": 1688244233.4048097,
    "t_cleanup": 1688244372.8360543,
    "t_inactive": 1688244372.8379817,
    "state": "INACTIVE",
    "name": "lmp",
    "ntasks": 128,
    "duration": 0.0,
    "nnodes": 2,
    "ranks": "[0-1]",
    "nodelist": "flux-sample-[0-1]",
    "success": true,
    "exception_occurred": false,
    "result": "COMPLETED",
    "expiration": 4841844233.0,
    "waitstatus": 0,
    "returncode": 0,
    "runtime": 139.4312446117401,
    "exception": {
        "occurred": false,
        "severity": "",
        "type": "",
        "note": ""
    }
}