{
    "id": 38901431402496,
    "userid": 1000,
    "urgency": 16,
    "priority": 16,
    "t_submit": 1688245214.1961827,
    "t_depend": 1688245214.1961827,
    "t_run": 1688245214.2183416,
    "t_cleanup": 1688245353.293485,
    "t_inactive": 1688245353.2954886,
    "state": "INACTIVE",
    "name": "lmp",
    "ntasks": 128,
    "duration": 0.0,
    "nnodes": 2,
    "ranks": "[0-1]",
    "nodelist": "flux-sample-[0-1]",
    "success": true,
    "exception_occurred": false,
    "result": "COMPLETED",
    "expiration": 4841845214.0,
    "waitstatus": 0,
    "returncode": 0,
    "runtime": 139.07514333724976,
    "exception": {
        "occurred": false,
        "severity": "",
        "type": "",
        "note": ""
    }
}