{
    "id": 55333758173184,
    "userid": 1000,
    "urgency": 16,
    "priority": 16,
    "t_submit": 1688246193.638918,
    "t_depend": 1688246193.638918,
    "t_run": 1688246193.661305,
    "t_cleanup": 1688246333.2088444,
    "t_inactive": 1688246333.211122,
    "state": "INACTIVE",
    "name": "lmp",
    "ntasks": 128,
    "duration": 0.0,
    "nnodes": 2,
    "ranks": "[0-1]",
    "nodelist": "flux-sample-[0-1]",
    "success": true,
    "exception_occurred": false,
    "result": "COMPLETED",
    "expiration": 4841846193.0,
    "waitstatus": 0,
    "returncode": 0,
    "runtime": 139.54753947257996,
    "exception": {
        "occurred": false,
        "severity": "",
        "type": "",
        "note": ""
    }
}