{
    "id": 34200371593216,
    "userid": 1000,
    "urgency": 16,
    "priority": 16,
    "t_submit": 1688244933.991081,
    "t_depend": 1688244933.991081,
    "t_run": 1688244934.0132358,
    "t_cleanup": 1688245073.510103,
    "t_inactive": 1688245073.5122588,
    "state": "INACTIVE",
    "name": "lmp",
    "ntasks": 128,
    "duration": 0.0,
    "nnodes": 2,
    "ranks": "[0-1]",
    "nodelist": "flux-sample-[0-1]",
    "success": true,
    "exception_occurred": false,
    "result": "COMPLETED",
    "expiration": 4841844934.0,
    "waitstatus": 0,
    "returncode": 0,
    "runtime": 139.4968671798706,
    "exception": {
        "occurred": false,
        "severity": "",
        "type": "",
        "note": ""
    }
}