{
    "id": 27153320116224,
    "userid": 1000,
    "urgency": 16,
    "priority": 16,
    "t_submit": 1688244513.9536371,
    "t_depend": 1688244513.9536371,
    "t_run": 1688244513.975758,
    "t_cleanup": 1688244653.1328645,
    "t_inactive": 1688244653.1349523,
    "state": "INACTIVE",
    "name": "lmp",
    "ntasks": 128,
    "duration": 0.0,
    "nnodes": 2,
    "ranks": "[0-1]",
    "nodelist": "flux-sample-[0-1]",
    "success": true,
    "exception_occurred": false,
    "result": "COMPLETED",
    "expiration": 4841844513.0,
    "waitstatus": 0,
    "returncode": 0,
    "runtime": 139.15710639953613,
    "exception": {
        "occurred": false,
        "severity": "",
        "type": "",
        "note": ""
    }
}