{
    "id": 1662823432192,
    "userid": 1000,
    "urgency": 16,
    "priority": 16,
    "t_submit": 1684112407.524206,
    "t_depend": 1684112407.5357528,
    "t_run": 1684112407.5553534,
    "t_cleanup": 1684112407.7502193,
    "t_inactive": 1684112407.7516727,
    "state": "INACTIVE",
    "name": "hostname",
    "ntasks": 168,
    "ncores": 168,
    "duration": 0.0,
    "nnodes": 3,
    "ranks": "[0-2]",
    "nodelist": "flux-sample-[5-7]",
    "success": true,
    "exception_occurred": false,
    "result": "COMPLETED",
    "expiration": 4837712407.0,
    "waitstatus": 0,
    "returncode": 0,
    "runtime": 0.19486594200134277,
    "exception": {
        "occurred": false,
        "severity": "",
        "type": "",
        "note": ""
    }
}