{
    "id": 1686680633344,
    "userid": 1000,
    "urgency": 16,
    "priority": 16,
    "t_submit": 1684112408.9459174,
    "t_depend": 1684112408.9576027,
    "t_run": 1684112408.9774032,
    "t_cleanup": 1684112409.182541,
    "t_inactive": 1684112409.1839674,
    "state": "INACTIVE",
    "name": "hostname",
    "ntasks": 168,
    "ncores": 168,
    "duration": 0.0,
    "nnodes": 3,
    "ranks": "[0-2]",
    "nodelist": "flux-sample-[5-7]",
    "success": true,
    "exception_occurred": false,
    "result": "COMPLETED",
    "expiration": 4837712408.0,
    "waitstatus": 0,
    "returncode": 0,
    "runtime": 0.2051377296447754,
    "exception": {
        "occurred": false,
        "severity": "",
        "type": "",
        "note": ""
    }
}