{
    "id": 1650844499968,
    "userid": 1000,
    "urgency": 16,
    "priority": 16,
    "t_submit": 1684112406.8099716,
    "t_depend": 1684112406.8215413,
    "t_run": 1684112406.8411958,
    "t_cleanup": 1684112407.0449421,
    "t_inactive": 1684112407.046427,
    "state": "INACTIVE",
    "name": "hostname",
    "ntasks": 168,
    "ncores": 168,
    "duration": 0.0,
    "nnodes": 3,
    "ranks": "[0-2]",
    "nodelist": "flux-sample-[5-7]",
    "success": true,
    "exception_occurred": false,
    "result": "COMPLETED",
    "expiration": 4837712406.0,
    "waitstatus": 0,
    "returncode": 0,
    "runtime": 0.20374631881713867,
    "exception": {
        "occurred": false,
        "severity": "",
        "type": "",
        "note": ""
    }
}