{
    "id": 1698777006080,
    "userid": 1000,
    "urgency": 16,
    "priority": 16,
    "t_submit": 1684112409.6662927,
    "t_depend": 1684112409.6779423,
    "t_run": 1684112409.6980193,
    "t_cleanup": 1684112409.90819,
    "t_inactive": 1684112409.9096117,
    "state": "INACTIVE",
    "name": "hostname",
    "ntasks": 168,
    "ncores": 168,
    "duration": 0.0,
    "nnodes": 3,
    "ranks": "[0-2]",
    "nodelist": "flux-sample-[5-7]",
    "success": true,
    "exception_occurred": false,
    "result": "COMPLETED",
    "expiration": 4837712409.0,
    "waitstatus": 0,
    "returncode": 0,
    "runtime": 0.21017074584960938,
    "exception": {
        "occurred": false,
        "severity": "",
        "type": "",
        "note": ""
    }
}