{
    "id": 1728791445504,
    "userid": 1000,
    "urgency": 16,
    "priority": 16,
    "t_submit": 1684112411.455956,
    "t_depend": 1684112411.4677005,
    "t_run": 1684112411.4878876,
    "t_cleanup": 1684112411.685301,
    "t_inactive": 1684112411.686895,
    "state": "INACTIVE",
    "name": "hostname",
    "ntasks": 168,
    "ncores": 168,
    "duration": 0.0,
    "nnodes": 3,
    "ranks": "[0-2]",
    "nodelist": "flux-sample-[5-7]",
    "success": true,
    "exception_occurred": false,
    "result": "COMPLETED",
    "expiration": 4837712411.0,
    "waitstatus": 0,
    "returncode": 0,
    "runtime": 0.19741344451904297,
    "exception": {
        "occurred": false,
        "severity": "",
        "type": "",
        "note": ""
    }
}