{
    "id": 1674684923904,
    "userid": 1000,
    "urgency": 16,
    "priority": 16,
    "t_submit": 1684112408.231186,
    "t_depend": 1684112408.242694,
    "t_run": 1684112408.262398,
    "t_cleanup": 1684112408.463415,
    "t_inactive": 1684112408.4655812,
    "state": "INACTIVE",
    "name": "hostname",
    "ntasks": 168,
    "ncores": 168,
    "duration": 0.0,
    "nnodes": 3,
    "ranks": "[0-2]",
    "nodelist": "flux-sample-[5-7]",
    "success": true,
    "exception_occurred": false,
    "result": "COMPLETED",
    "expiration": 4837712408.0,
    "waitstatus": 0,
    "returncode": 0,
    "runtime": 0.20101690292358398,
    "exception": {
        "occurred": false,
        "severity": "",
        "type": "",
        "note": ""
    }
}