{
    "id": 1638966231040,
    "userid": 1000,
    "urgency": 16,
    "priority": 16,
    "t_submit": 1684112406.1021361,
    "t_depend": 1684112406.1134775,
    "t_run": 1684112406.1329994,
    "t_cleanup": 1684112406.3223882,
    "t_inactive": 1684112406.3238056,
    "state": "INACTIVE",
    "name": "hostname",
    "ntasks": 168,
    "ncores": 168,
    "duration": 0.0,
    "nnodes": 3,
    "ranks": "[0-2]",
    "nodelist": "flux-sample-[5-7]",
    "success": true,
    "exception_occurred": false,
    "result": "COMPLETED",
    "expiration": 4837712406.0,
    "waitstatus": 0,
    "returncode": 0,
    "runtime": 0.18938875198364258,
    "exception": {
        "occurred": false,
        "severity": "",
        "type": "",
        "note": ""
    }
}