{
    "id": 1656884297728,
    "userid": 1000,
    "urgency": 16,
    "priority": 16,
    "t_submit": 1684112407.1698673,
    "t_depend": 1684112407.1812527,
    "t_run": 1684112407.2010107,
    "t_cleanup": 1684112407.401369,
    "t_inactive": 1684112407.4028194,
    "state": "INACTIVE",
    "name": "hostname",
    "ntasks": 168,
    "ncores": 168,
    "duration": 0.0,
    "nnodes": 3,
    "ranks": "[0-2]",
    "nodelist": "flux-sample-[5-7]",
    "success": true,
    "exception_occurred": false,
    "result": "COMPLETED",
    "expiration": 4837712407.0,
    "waitstatus": 0,
    "returncode": 0,
    "runtime": 0.20035839080810547,
    "exception": {
        "occurred": false,
        "severity": "",
        "type": "",
        "note": ""
    }
}