{
    "id": 1633127759872,
    "userid": 1000,
    "urgency": 16,
    "priority": 16,
    "t_submit": 1684112405.7533505,
    "t_depend": 1684112405.76466,
    "t_run": 1684112405.7844923,
    "t_cleanup": 1684112405.9774117,
    "t_inactive": 1684112405.9788308,
    "state": "INACTIVE",
    "name": "hostname",
    "ntasks": 168,
    "ncores": 168,
    "duration": 0.0,
    "nnodes": 3,
    "ranks": "[0-2]",
    "nodelist": "flux-sample-[5-7]",
    "success": true,
    "exception_occurred": false,
    "result": "COMPLETED",
    "expiration": 4837712405.0,
    "waitstatus": 0,
    "returncode": 0,
    "runtime": 0.19291949272155762,
    "exception": {
        "occurred": false,
        "severity": "",
        "type": "",
        "note": ""
    }
}