{
    "id": 41653398142976,
    "userid": 1000,
    "urgency": 16,
    "priority": 16,
    "t_submit": 1690661339.243394,
    "t_depend": 1690661339.243394,
    "t_run": 1690661339.2765613,
    "t_cleanup": 1690661720.1984024,
    "t_inactive": 1690661720.1999795,
    "state": "INACTIVE",
    "name": "lmp",
    "ntasks": 512,
    "duration": 0.0,
    "nnodes": 8,
    "ranks": "[0-7]",
    "nodelist": "flux-sample-[0-7]",
    "success": true,
    "exception_occurred": false,
    "result": "COMPLETED",
    "expiration": 4844261339.0,
    "waitstatus": 0,
    "returncode": 0,
    "runtime": 380.92184114456177,
    "exception": {
        "occurred": false,
        "severity": "",
        "type": "",
        "note": ""
    }
}