{
    "id": 35267553525760,
    "userid": 1000,
    "urgency": 16,
    "priority": 16,
    "t_submit": 1690660958.6178524,
    "t_depend": 1690660958.6178524,
    "t_run": 1690660958.6507745,
    "t_cleanup": 1690661338.9417162,
    "t_inactive": 1690661338.9433048,
    "state": "INACTIVE",
    "name": "lmp",
    "ntasks": 512,
    "duration": 0.0,
    "nnodes": 8,
    "ranks": "[0-7]",
    "nodelist": "flux-sample-[0-7]",
    "success": true,
    "exception_occurred": false,
    "result": "COMPLETED",
    "expiration": 4844260958.0,
    "waitstatus": 0,
    "returncode": 0,
    "runtime": 380.2909417152405,
    "exception": {
        "occurred": false,
        "severity": "",
        "type": "",
        "note": ""
    }
}