{
    "id": 3193006194688,
    "userid": 1234,
    "urgency": 16,
    "priority": 16,
    "t_submit": 1684197920.5389874,
    "t_depend": 1684197920.5509276,
    "t_run": 1684197920.5670059,
    "t_cleanup": 1684197921.0602212,
    "t_inactive": 1684197921.0625498,
    "state": "INACTIVE",
    "name": "ring_usempi",
    "ntasks": 280,
    "ncores": 280,
    "duration": 0.0,
    "nnodes": 5,
    "ranks": "[0-4]",
    "nodelist": "flux-sample-[3-7]",
    "success": true,
    "exception_occurred": false,
    "result": "COMPLETED",
    "expiration": 4837797920.0,
    "waitstatus": 0,
    "returncode": 0,
    "runtime": 0.49321532249450684,
    "exception": {
        "occurred": false,
        "severity": "",
        "type": "",
        "note": ""
    }
}