{
    "id": 3243337842688,
    "userid": 1234,
    "urgency": 16,
    "priority": 16,
    "t_submit": 1684197923.538441,
    "t_depend": 1684197923.5503957,
    "t_run": 1684197923.5659964,
    "t_cleanup": 1684197924.2133014,
    "t_inactive": 1684197924.2154305,
    "state": "INACTIVE",
    "name": "ring_usempi",
    "ntasks": 280,
    "ncores": 280,
    "duration": 0.0,
    "nnodes": 5,
    "ranks": "[0-4]",
    "nodelist": "flux-sample-[3-7]",
    "success": true,
    "exception_occurred": false,
    "result": "COMPLETED",
    "expiration": 4837797923.0,
    "waitstatus": 0,
    "returncode": 0,
    "runtime": 0.6473050117492676,
    "exception": {
        "occurred": false,
        "severity": "",
        "type": "",
        "note": ""
    }
}