{
    "id": 3026592989184,
    "userid": 1234,
    "urgency": 16,
    "priority": 16,
    "t_submit": 1684197910.620031,
    "t_depend": 1684197910.631941,
    "t_run": 1684197910.647928,
    "t_cleanup": 1684197911.1112497,
    "t_inactive": 1684197911.1135082,
    "state": "INACTIVE",
    "name": "ring_usempi",
    "ntasks": 280,
    "ncores": 280,
    "duration": 0.0,
    "nnodes": 5,
    "ranks": "[0-4]",
    "nodelist": "flux-sample-[3-7]",
    "success": true,
    "exception_occurred": false,
    "result": "COMPLETED",
    "expiration": 4837797910.0,
    "waitstatus": 0,
    "returncode": 0,
    "runtime": 0.4633216857910156,
    "exception": {
        "occurred": false,
        "severity": "",
        "type": "",
        "note": ""
    }
}