{
    "id": 3036575432704,
    "userid": 1234,
    "urgency": 16,
    "priority": 16,
    "t_submit": 1684197911.2149467,
    "t_depend": 1684197911.227037,
    "t_run": 1684197911.2426913,
    "t_cleanup": 1684197911.8624856,
    "t_inactive": 1684197911.8646026,
    "state": "INACTIVE",
    "name": "ring_usempi",
    "ntasks": 280,
    "ncores": 280,
    "duration": 0.0,
    "nnodes": 5,
    "ranks": "[0-4]",
    "nodelist": "flux-sample-[3-7]",
    "success": true,
    "exception_occurred": false,
    "result": "COMPLETED",
    "expiration": 4837797911.0,
    "waitstatus": 0,
    "returncode": 0,
    "runtime": 0.6197943687438965,
    "exception": {
        "occurred": false,
        "severity": "",
        "type": "",
        "note": ""
    }
}