{
    "id": 3123800178688,
    "userid": 1234,
    "urgency": 16,
    "priority": 16,
    "t_submit": 1684197916.4134297,
    "t_depend": 1684197916.4253156,
    "t_run": 1684197916.4409802,
    "t_cleanup": 1684197917.1492157,
    "t_inactive": 1684197917.1512904,
    "state": "INACTIVE",
    "name": "ring_usempi",
    "ntasks": 280,
    "ncores": 280,
    "duration": 0.0,
    "nnodes": 5,
    "ranks": "[0-4]",
    "nodelist": "flux-sample-[3-7]",
    "success": true,
    "exception_occurred": false,
    "result": "COMPLETED",
    "expiration": 4837797916.0,
    "waitstatus": 0,
    "returncode": 0,
    "runtime": 0.708235502243042,
    "exception": {
        "occurred": false,
        "severity": "",
        "type": "",
        "note": ""
    }
}