{
    "id": 3166179426304,
    "userid": 1234,
    "urgency": 16,
    "priority": 16,
    "t_submit": 1684197918.9394407,
    "t_depend": 1684197918.9513237,
    "t_run": 1684197918.9669526,
    "t_cleanup": 1684197919.502815,
    "t_inactive": 1684197919.5051856,
    "state": "INACTIVE",
    "name": "ring_usempi",
    "ntasks": 280,
    "ncores": 280,
    "duration": 0.0,
    "nnodes": 5,
    "ranks": "[0-4]",
    "nodelist": "flux-sample-[3-7]",
    "success": true,
    "exception_occurred": false,
    "result": "COMPLETED",
    "expiration": 4837797918.0,
    "waitstatus": 0,
    "returncode": 0,
    "runtime": 0.5358624458312988,
    "exception": {
        "occurred": false,
        "severity": "",
        "type": "",
        "note": ""
    }
}