{
    "id": 3063267983360,
    "userid": 1234,
    "urgency": 16,
    "priority": 16,
    "t_submit": 1684197912.8061776,
    "t_depend": 1684197912.8182669,
    "t_run": 1684197912.8339255,
    "t_cleanup": 1684197913.4033585,
    "t_inactive": 1684197913.4057243,
    "state": "INACTIVE",
    "name": "ring_usempi",
    "ntasks": 280,
    "ncores": 280,
    "duration": 0.0,
    "nnodes": 5,
    "ranks": "[0-4]",
    "nodelist": "flux-sample-[3-7]",
    "success": true,
    "exception_occurred": false,
    "result": "COMPLETED",
    "expiration": 4837797912.0,
    "waitstatus": 0,
    "returncode": 0,
    "runtime": 0.5694329738616943,
    "exception": {
        "occurred": false,
        "severity": "",
        "type": "",
        "note": ""
    }
}