{
    "id": 3089356554240,
    "userid": 1234,
    "urgency": 16,
    "priority": 16,
    "t_submit": 1684197914.3610516,
    "t_depend": 1684197914.373312,
    "t_run": 1684197914.3892362,
    "t_cleanup": 1684197914.9561176,
    "t_inactive": 1684197914.9583402,
    "state": "INACTIVE",
    "name": "ring_usempi",
    "ntasks": 280,
    "ncores": 280,
    "duration": 0.0,
    "nnodes": 5,
    "ranks": "[0-4]",
    "nodelist": "flux-sample-[3-7]",
    "success": true,
    "exception_occurred": false,
    "result": "COMPLETED",
    "expiration": 4837797914.0,
    "waitstatus": 0,
    "returncode": 0,
    "runtime": 0.5668814182281494,
    "exception": {
        "occurred": false,
        "severity": "",
        "type": "",
        "note": ""
    }
}