{
    "id": 3218054578176,
    "userid": 1234,
    "urgency": 16,
    "priority": 16,
    "t_submit": 1684197922.0316112,
    "t_depend": 1684197922.043488,
    "t_run": 1684197922.059109,
    "t_cleanup": 1684197922.7930884,
    "t_inactive": 1684197922.795897,
    "state": "INACTIVE",
    "name": "ring_usempi",
    "ntasks": 280,
    "ncores": 280,
    "duration": 0.0,
    "nnodes": 5,
    "ranks": "[0-4]",
    "nodelist": "flux-sample-[3-7]",
    "success": true,
    "exception_occurred": false,
    "result": "COMPLETED",
    "expiration": 4837797922.0,
    "waitstatus": 0,
    "returncode": 0,
    "runtime": 0.7339794635772705,
    "exception": {
        "occurred": false,
        "severity": "",
        "type": "",
        "note": ""
    }
}