{
    "id": 3111032717312,
    "userid": 1234,
    "urgency": 16,
    "priority": 16,
    "t_submit": 1684197915.6533635,
    "t_depend": 1684197915.6652293,
    "t_run": 1684197915.6808248,
    "t_cleanup": 1684197916.3102117,
    "t_inactive": 1684197916.3163915,
    "state": "INACTIVE",
    "name": "ring_usempi",
    "ntasks": 280,
    "ncores": 280,
    "duration": 0.0,
    "nnodes": 5,
    "ranks": "[0-4]",
    "nodelist": "flux-sample-[3-7]",
    "success": true,
    "exception_occurred": false,
    "result": "COMPLETED",
    "expiration": 4837797915.0,
    "waitstatus": 0,
    "returncode": 0,
    "runtime": 0.6293869018554688,
    "exception": {
        "occurred": false,
        "severity": "",
        "type": "",
        "note": ""
    }
}