{
    "id": 3101083828224,
    "userid": 1234,
    "urgency": 16,
    "priority": 16,
    "t_submit": 1684197915.0599725,
    "t_depend": 1684197915.0718243,
    "t_run": 1684197915.0877802,
    "t_cleanup": 1684197915.5489566,
    "t_inactive": 1684197915.5509624,
    "state": "INACTIVE",
    "name": "ring_usempi",
    "ntasks": 280,
    "ncores": 280,
    "duration": 0.0,
    "nnodes": 5,
    "ranks": "[0-4]",
    "nodelist": "flux-sample-[3-7]",
    "success": true,
    "exception_occurred": false,
    "result": "COMPLETED",
    "expiration": 4837797915.0,
    "waitstatus": 0,
    "returncode": 0,
    "runtime": 0.46117639541625977,
    "exception": {
        "occurred": false,
        "severity": "",
        "type": "",
        "note": ""
    }
}