{
    "id": 970176069632,
    "userid": 1234,
    "urgency": 16,
    "priority": 16,
    "t_submit": 1684197815.8177676,
    "t_depend": 1684197815.829342,
    "t_run": 1684197815.8432572,
    "t_cleanup": 1684197816.283628,
    "t_inactive": 1684197816.2877312,
    "state": "INACTIVE",
    "name": "hello_c",
    "ntasks": 168,
    "ncores": 168,
    "duration": 0.0,
    "nnodes": 3,
    "ranks": "[0-2]",
    "nodelist": "flux-sample-[0-2]",
    "success": true,
    "exception_occurred": false,
    "result": "COMPLETED",
    "expiration": 4837797815.0,
    "waitstatus": 0,
    "returncode": 0,
    "runtime": 0.4403707981109619,
    "exception": {
        "occurred": false,
        "severity": "",
        "type": "",
        "note": ""
    }
}