{
    "id": 998160465920,
    "userid": 1234,
    "urgency": 16,
    "priority": 16,
    "t_submit": 1684197817.4857771,
    "t_depend": 1684197817.497315,
    "t_run": 1684197817.5114217,
    "t_cleanup": 1684197817.8907087,
    "t_inactive": 1684197817.8923314,
    "state": "INACTIVE",
    "name": "hello_c",
    "ntasks": 168,
    "ncores": 168,
    "duration": 0.0,
    "nnodes": 3,
    "ranks": "[0-2]",
    "nodelist": "flux-sample-[0-2]",
    "success": true,
    "exception_occurred": false,
    "result": "COMPLETED",
    "expiration": 4837797817.0,
    "waitstatus": 0,
    "returncode": 0,
    "runtime": 0.3792870044708252,
    "exception": {
        "occurred": false,
        "severity": "",
        "type": "",
        "note": ""
    }
}