{
    "id": 872096464896,
    "userid": 1234,
    "urgency": 16,
    "priority": 16,
    "t_submit": 1684197809.9720395,
    "t_depend": 1684197809.9833512,
    "t_run": 1684197809.9974906,
    "t_cleanup": 1684197810.3794668,
    "t_inactive": 1684197810.3812451,
    "state": "INACTIVE",
    "name": "hello_c",
    "ntasks": 168,
    "ncores": 168,
    "duration": 0.0,
    "nnodes": 3,
    "ranks": "[0-2]",
    "nodelist": "flux-sample-[0-2]",
    "success": true,
    "exception_occurred": false,
    "result": "COMPLETED",
    "expiration": 4837797809.0,
    "waitstatus": 0,
    "returncode": 0,
    "runtime": 0.3819761276245117,
    "exception": {
        "occurred": false,
        "severity": "",
        "type": "",
        "note": ""
    }
}