{
    "id": 943315746816,
    "userid": 1234,
    "urgency": 16,
    "priority": 16,
    "t_submit": 1684197814.2169058,
    "t_depend": 1684197814.2284043,
    "t_run": 1684197814.2422853,
    "t_cleanup": 1684197814.6320798,
    "t_inactive": 1684197814.6337128,
    "state": "INACTIVE",
    "name": "hello_c",
    "ntasks": 168,
    "ncores": 168,
    "duration": 0.0,
    "nnodes": 3,
    "ranks": "[0-2]",
    "nodelist": "flux-sample-[0-2]",
    "success": true,
    "exception_occurred": false,
    "result": "COMPLETED",
    "expiration": 4837797814.0,
    "waitstatus": 0,
    "returncode": 0,
    "runtime": 0.38979458808898926,
    "exception": {
        "occurred": false,
        "severity": "",
        "type": "",
        "note": ""
    }
}