{
    "id": 925313794048,
    "userid": 1234,
    "urgency": 16,
    "priority": 16,
    "t_submit": 1684197813.1440814,
    "t_depend": 1684197813.1556,
    "t_run": 1684197813.1695108,
    "t_cleanup": 1684197813.56095,
    "t_inactive": 1684197813.5625482,
    "state": "INACTIVE",
    "name": "hello_c",
    "ntasks": 168,
    "ncores": 168,
    "duration": 0.0,
    "nnodes": 3,
    "ranks": "[0-2]",
    "nodelist": "flux-sample-[0-2]",
    "success": true,
    "exception_occurred": false,
    "result": "COMPLETED",
    "expiration": 4837797813.0,
    "waitstatus": 0,
    "returncode": 0,
    "runtime": 0.39143919944763184,
    "exception": {
        "occurred": false,
        "severity": "",
        "type": "",
        "note": ""
    }
}