{
    "id": 961049264128,
    "userid": 1234,
    "urgency": 16,
    "priority": 16,
    "t_submit": 1684197815.2737792,
    "t_depend": 1684197815.2853637,
    "t_run": 1684197815.299657,
    "t_cleanup": 1684197815.7134492,
    "t_inactive": 1684197815.7153318,
    "state": "INACTIVE",
    "name": "hello_c",
    "ntasks": 168,
    "ncores": 168,
    "duration": 0.0,
    "nnodes": 3,
    "ranks": "[0-2]",
    "nodelist": "flux-sample-[0-2]",
    "success": true,
    "exception_occurred": false,
    "result": "COMPLETED",
    "expiration": 4837797815.0,
    "waitstatus": 0,
    "returncode": 0,
    "runtime": 0.41379213333129883,
    "exception": {
        "occurred": false,
        "severity": "",
        "type": "",
        "note": ""
    }
}