{
    "id": 1006733623296,
    "userid": 1234,
    "urgency": 16,
    "priority": 16,
    "t_submit": 1684197817.9965208,
    "t_depend": 1684197818.0086548,
    "t_run": 1684197818.0229287,
    "t_cleanup": 1684197818.4155228,
    "t_inactive": 1684197818.4172218,
    "state": "INACTIVE",
    "name": "hello_c",
    "ntasks": 168,
    "ncores": 168,
    "duration": 0.0,
    "nnodes": 3,
    "ranks": "[0-2]",
    "nodelist": "flux-sample-[0-2]",
    "success": true,
    "exception_occurred": false,
    "result": "COMPLETED",
    "expiration": 4837797818.0,
    "waitstatus": 0,
    "returncode": 0,
    "runtime": 0.3925940990447998,
    "exception": {
        "occurred": false,
        "severity": "",
        "type": "",
        "note": ""
    }
}