{
    "id": 1034281811968,
    "userid": 1234,
    "urgency": 16,
    "priority": 16,
    "t_submit": 1684197819.638744,
    "t_depend": 1684197819.6503036,
    "t_run": 1684197819.6640937,
    "t_cleanup": 1684197820.076811,
    "t_inactive": 1684197820.0792015,
    "state": "INACTIVE",
    "name": "hello_c",
    "ntasks": 168,
    "ncores": 168,
    "duration": 0.0,
    "nnodes": 3,
    "ranks": "[0-2]",
    "nodelist": "flux-sample-[0-2]",
    "success": true,
    "exception_occurred": false,
    "result": "COMPLETED",
    "expiration": 4837797819.0,
    "waitstatus": 0,
    "returncode": 0,
    "runtime": 0.412717342376709,
    "exception": {
        "occurred": false,
        "severity": "",
        "type": "",
        "note": ""
    }
}