{
    "id": 889058230272,
    "userid": 1234,
    "urgency": 16,
    "priority": 16,
    "t_submit": 1684197810.9825954,
    "t_depend": 1684197810.9939873,
    "t_run": 1684197811.0083792,
    "t_cleanup": 1684197811.382433,
    "t_inactive": 1684197811.3840597,
    "state": "INACTIVE",
    "name": "hello_c",
    "ntasks": 168,
    "ncores": 168,
    "duration": 0.0,
    "nnodes": 3,
    "ranks": "[0-2]",
    "nodelist": "flux-sample-[0-2]",
    "success": true,
    "exception_occurred": false,
    "result": "COMPLETED",
    "expiration": 4837797811.0,
    "waitstatus": 0,
    "returncode": 0,
    "runtime": 0.3740537166595459,
    "exception": {
        "occurred": false,
        "severity": "",
        "type": "",
        "note": ""
    }
}