{
    "id": 979772637184,
    "userid": 1234,
    "urgency": 16,
    "priority": 16,
    "t_submit": 1684197816.389502,
    "t_depend": 1684197816.400885,
    "t_run": 1684197816.414492,
    "t_cleanup": 1684197816.8370845,
    "t_inactive": 1684197816.838706,
    "state": "INACTIVE",
    "name": "hello_c",
    "ntasks": 168,
    "ncores": 168,
    "duration": 0.0,
    "nnodes": 3,
    "ranks": "[0-2]",
    "nodelist": "flux-sample-[0-2]",
    "success": true,
    "exception_occurred": false,
    "result": "COMPLETED",
    "expiration": 4837797816.0,
    "waitstatus": 0,
    "returncode": 0,
    "runtime": 0.4225926399230957,
    "exception": {
        "occurred": false,
        "severity": "",
        "type": "",
        "note": ""
    }
}