{
    "id": 915918553088,
    "userid": 1234,
    "urgency": 16,
    "priority": 16,
    "t_submit": 1684197812.5835161,
    "t_depend": 1684197812.5951207,
    "t_run": 1684197812.6090715,
    "t_cleanup": 1684197813.0383167,
    "t_inactive": 1684197813.0400224,
    "state": "INACTIVE",
    "name": "hello_c",
    "ntasks": 168,
    "ncores": 168,
    "duration": 0.0,
    "nnodes": 3,
    "ranks": "[0-2]",
    "nodelist": "flux-sample-[0-2]",
    "success": true,
    "exception_occurred": false,
    "result": "COMPLETED",
    "expiration": 4837797812.0,
    "waitstatus": 0,
    "returncode": 0,
    "runtime": 0.4292452335357666,
    "exception": {
        "occurred": false,
        "severity": "",
        "type": "",
        "note": ""
    }
}