{
    "id": 907076960256,
    "userid": 1234,
    "urgency": 16,
    "priority": 16,
    "t_submit": 1684197812.0571911,
    "t_depend": 1684197812.0688117,
    "t_run": 1684197812.082734,
    "t_cleanup": 1684197812.478608,
    "t_inactive": 1684197812.4803877,
    "state": "INACTIVE",
    "name": "hello_c",
    "ntasks": 168,
    "ncores": 168,
    "duration": 0.0,
    "nnodes": 3,
    "ranks": "[0-2]",
    "nodelist": "flux-sample-[0-2]",
    "success": true,
    "exception_occurred": false,
    "result": "COMPLETED",
    "expiration": 4837797812.0,
    "waitstatus": 0,
    "returncode": 0,
    "runtime": 0.3958737850189209,
    "exception": {
        "occurred": false,
        "severity": "",
        "type": "",
        "note": ""
    }
}