{
    "id": 1015541661696,
    "userid": 1234,
    "urgency": 16,
    "priority": 16,
    "t_submit": 1684197818.5221312,
    "t_depend": 1684197818.5334413,
    "t_run": 1684197818.5473673,
    "t_cleanup": 1684197818.9440763,
    "t_inactive": 1684197818.9458199,
    "state": "INACTIVE",
    "name": "hello_c",
    "ntasks": 168,
    "ncores": 168,
    "duration": 0.0,
    "nnodes": 3,
    "ranks": "[0-2]",
    "nodelist": "flux-sample-[0-2]",
    "success": true,
    "exception_occurred": false,
    "result": "COMPLETED",
    "expiration": 4837797818.0,
    "waitstatus": 0,
    "returncode": 0,
    "runtime": 0.39670896530151367,
    "exception": {
        "occurred": false,
        "severity": "",
        "type": "",
        "note": ""
    }
}