{
    "id": 1043391840256,
    "userid": 1234,
    "urgency": 16,
    "priority": 16,
    "t_submit": 1684197820.1818779,
    "t_depend": 1684197820.1932461,
    "t_run": 1684197820.20743,
    "t_cleanup": 1684197820.6180882,
    "t_inactive": 1684197820.6197383,
    "state": "INACTIVE",
    "name": "hello_c",
    "ntasks": 168,
    "ncores": 168,
    "duration": 0.0,
    "nnodes": 3,
    "ranks": "[0-2]",
    "nodelist": "flux-sample-[0-2]",
    "success": true,
    "exception_occurred": false,
    "result": "COMPLETED",
    "expiration": 4837797820.0,
    "waitstatus": 0,
    "returncode": 0,
    "runtime": 0.4106583595275879,
    "exception": {
        "occurred": false,
        "severity": "",
        "type": "",
        "note": ""
    }
}