{
    "id": 3184516923392,
    "userid": 1234,
    "urgency": 16,
    "priority": 16,
    "t_submit": 1684198141.2830546,
    "t_depend": 1684198141.2953498,
    "t_run": 1684198141.3109376,
    "t_cleanup": 1684198141.9404528,
    "t_inactive": 1684198141.947322,
    "state": "INACTIVE",
    "name": "ring_mpifh",
    "ntasks": 224,
    "ncores": 224,
    "duration": 0.0,
    "nnodes": 4,
    "ranks": "[0-3]",
    "nodelist": "flux-sample-[4-7]",
    "success": true,
    "exception_occurred": false,
    "result": "COMPLETED",
    "expiration": 4837798141.0,
    "waitstatus": 0,
    "returncode": 0,
    "runtime": 0.6295151710510254,
    "exception": {
        "occurred": false,
        "severity": "",
        "type": "",
        "note": ""
    }
}