{
    "id": 3329555955712,
    "userid": 1234,
    "urgency": 16,
    "priority": 16,
    "t_submit": 1684198149.9281642,
    "t_depend": 1684198149.9404488,
    "t_run": 1684198149.9563346,
    "t_cleanup": 1684198150.3992822,
    "t_inactive": 1684198150.4014378,
    "state": "INACTIVE",
    "name": "ring_mpifh",
    "ntasks": 224,
    "ncores": 224,
    "duration": 0.0,
    "nnodes": 4,
    "ranks": "[0-3]",
    "nodelist": "flux-sample-[4-7]",
    "success": true,
    "exception_occurred": false,
    "result": "COMPLETED",
    "expiration": 4837798149.0,
    "waitstatus": 0,
    "returncode": 0,
    "runtime": 0.4429476261138916,
    "exception": {
        "occurred": false,
        "severity": "",
        "type": "",
        "note": ""
    }
}