{
    "id": 3223960158208,
    "userid": 1234,
    "urgency": 16,
    "priority": 16,
    "t_submit": 1684198143.6344633,
    "t_depend": 1684198143.646537,
    "t_run": 1684198143.6623812,
    "t_cleanup": 1684198144.2480772,
    "t_inactive": 1684198144.2503047,
    "state": "INACTIVE",
    "name": "ring_mpifh",
    "ntasks": 224,
    "ncores": 224,
    "duration": 0.0,
    "nnodes": 4,
    "ranks": "[0-3]",
    "nodelist": "flux-sample-[4-7]",
    "success": true,
    "exception_occurred": false,
    "result": "COMPLETED",
    "expiration": 4837798143.0,
    "waitstatus": 0,
    "returncode": 0,
    "runtime": 0.5856959819793701,
    "exception": {
        "occurred": false,
        "severity": "",
        "type": "",
        "note": ""
    }
}