{
    "id": 3318248112128,
    "userid": 1234,
    "urgency": 16,
    "priority": 16,
    "t_submit": 1684198149.2539206,
    "t_depend": 1684198149.2658536,
    "t_run": 1684198149.2813807,
    "t_cleanup": 1684198149.8231046,
    "t_inactive": 1684198149.8259356,
    "state": "INACTIVE",
    "name": "ring_mpifh",
    "ntasks": 224,
    "ncores": 224,
    "duration": 0.0,
    "nnodes": 4,
    "ranks": "[0-3]",
    "nodelist": "flux-sample-[4-7]",
    "success": true,
    "exception_occurred": false,
    "result": "COMPLETED",
    "expiration": 4837798149.0,
    "waitstatus": 0,
    "returncode": 0,
    "runtime": 0.5417239665985107,
    "exception": {
        "occurred": false,
        "severity": "",
        "type": "",
        "note": ""
    }
}