{
    "id": 3156247314432,
    "userid": 1234,
    "urgency": 16,
    "priority": 16,
    "t_submit": 1684198139.5984912,
    "t_depend": 1684198139.610594,
    "t_run": 1684198139.626648,
    "t_cleanup": 1684198140.448319,
    "t_inactive": 1684198140.4505365,
    "state": "INACTIVE",
    "name": "ring_mpifh",
    "ntasks": 224,
    "ncores": 224,
    "duration": 0.0,
    "nnodes": 4,
    "ranks": "[0-3]",
    "nodelist": "flux-sample-[4-7]",
    "success": true,
    "exception_occurred": false,
    "result": "COMPLETED",
    "expiration": 4837798139.0,
    "waitstatus": 0,
    "returncode": 0,
    "runtime": 0.8216710090637207,
    "exception": {
        "occurred": false,
        "severity": "",
        "type": "",
        "note": ""
    }
}