{
    "id": 3305161883648,
    "userid": 1234,
    "urgency": 16,
    "priority": 16,
    "t_submit": 1684198148.4738374,
    "t_depend": 1684198148.4859247,
    "t_run": 1684198148.5017462,
    "t_cleanup": 1684198149.1489499,
    "t_inactive": 1684198149.1511676,
    "state": "INACTIVE",
    "name": "ring_mpifh",
    "ntasks": 224,
    "ncores": 224,
    "duration": 0.0,
    "nnodes": 4,
    "ranks": "[0-3]",
    "nodelist": "flux-sample-[4-7]",
    "success": true,
    "exception_occurred": false,
    "result": "COMPLETED",
    "expiration": 4837798148.0,
    "waitstatus": 0,
    "returncode": 0,
    "runtime": 0.6472036838531494,
    "exception": {
        "occurred": false,
        "severity": "",
        "type": "",
        "note": ""
    }
}