{
    "id": 3101318709248,
    "userid": 1234,
    "urgency": 16,
    "priority": 16,
    "t_submit": 1684198136.32418,
    "t_depend": 1684198136.3363454,
    "t_run": 1684198136.3522055,
    "t_cleanup": 1684198136.9089549,
    "t_inactive": 1684198136.911158,
    "state": "INACTIVE",
    "name": "ring_mpifh",
    "ntasks": 224,
    "ncores": 224,
    "duration": 0.0,
    "nnodes": 4,
    "ranks": "[0-3]",
    "nodelist": "flux-sample-[4-7]",
    "success": true,
    "exception_occurred": false,
    "result": "COMPLETED",
    "expiration": 4837798136.0,
    "waitstatus": 0,
    "returncode": 0,
    "runtime": 0.5567493438720703,
    "exception": {
        "occurred": false,
        "severity": "",
        "type": "",
        "note": ""
    }
}