{
    "id": 3112894988288,
    "userid": 1234,
    "urgency": 16,
    "priority": 16,
    "t_submit": 1684198137.0143948,
    "t_depend": 1684198137.0263803,
    "t_run": 1684198137.042265,
    "t_cleanup": 1684198137.6259046,
    "t_inactive": 1684198137.6299934,
    "state": "INACTIVE",
    "name": "ring_mpifh",
    "ntasks": 224,
    "ncores": 224,
    "duration": 0.0,
    "nnodes": 4,
    "ranks": "[0-3]",
    "nodelist": "flux-sample-[4-7]",
    "success": true,
    "exception_occurred": false,
    "result": "COMPLETED",
    "expiration": 4837798137.0,
    "waitstatus": 0,
    "returncode": 0,
    "runtime": 0.5836396217346191,
    "exception": {
        "occurred": false,
        "severity": "",
        "type": "",
        "note": ""
    }
}