{
    "id": 3258705772544,
    "userid": 1234,
    "urgency": 16,
    "priority": 16,
    "t_submit": 1684198145.704883,
    "t_depend": 1684198145.7168186,
    "t_run": 1684198145.7325928,
    "t_cleanup": 1684198146.3394117,
    "t_inactive": 1684198146.3417506,
    "state": "INACTIVE",
    "name": "ring_mpifh",
    "ntasks": 224,
    "ncores": 224,
    "duration": 0.0,
    "nnodes": 4,
    "ranks": "[0-3]",
    "nodelist": "flux-sample-[4-7]",
    "success": true,
    "exception_occurred": false,
    "result": "COMPLETED",
    "expiration": 4837798145.0,
    "waitstatus": 0,
    "returncode": 0,
    "runtime": 0.6068189144134521,
    "exception": {
        "occurred": false,
        "severity": "",
        "type": "",
        "note": ""
    }
}