{
    "id": 3209984737280,
    "userid": 1234,
    "urgency": 16,
    "priority": 16,
    "t_submit": 1684198142.8006206,
    "t_depend": 1684198142.8127367,
    "t_run": 1684198142.828727,
    "t_cleanup": 1684198143.5279846,
    "t_inactive": 1684198143.5304546,
    "state": "INACTIVE",
    "name": "ring_mpifh",
    "ntasks": 224,
    "ncores": 224,
    "duration": 0.0,
    "nnodes": 4,
    "ranks": "[0-3]",
    "nodelist": "flux-sample-[4-7]",
    "success": true,
    "exception_occurred": false,
    "result": "COMPLETED",
    "expiration": 4837798142.0,
    "waitstatus": 0,
    "returncode": 0,
    "runtime": 0.6992576122283936,
    "exception": {
        "occurred": false,
        "severity": "",
        "type": "",
        "note": ""
    }
}