{
    "id": 3139553984512,
    "userid": 1234,
    "urgency": 16,
    "priority": 16,
    "t_submit": 1684198138.602963,
    "t_depend": 1684198138.61543,
    "t_run": 1684198138.6313999,
    "t_cleanup": 1684198139.4911547,
    "t_inactive": 1684198139.4939325,
    "state": "INACTIVE",
    "name": "ring_mpifh",
    "ntasks": 224,
    "ncores": 224,
    "duration": 0.0,
    "nnodes": 4,
    "ranks": "[0-3]",
    "nodelist": "flux-sample-[4-7]",
    "success": true,
    "exception_occurred": false,
    "result": "COMPLETED",
    "expiration": 4837798138.0,
    "waitstatus": 0,
    "returncode": 0,
    "runtime": 0.8597548007965088,
    "exception": {
        "occurred": false,
        "severity": "",
        "type": "",
        "note": ""
    }
}