{
    "id": 3271120912384,
    "userid": 1234,
    "urgency": 16,
    "priority": 16,
    "t_submit": 1684198146.4448524,
    "t_depend": 1684198146.4569232,
    "t_run": 1684198146.4726706,
    "t_cleanup": 1684198147.0979288,
    "t_inactive": 1684198147.1001258,
    "state": "INACTIVE",
    "name": "ring_mpifh",
    "ntasks": 224,
    "ncores": 224,
    "duration": 0.0,
    "nnodes": 4,
    "ranks": "[0-3]",
    "nodelist": "flux-sample-[4-7]",
    "success": true,
    "exception_occurred": false,
    "result": "COMPLETED",
    "expiration": 4837798146.0,
    "waitstatus": 0,
    "returncode": 0,
    "runtime": 0.625258207321167,
    "exception": {
        "occurred": false,
        "severity": "",
        "type": "",
        "note": ""
    }
}