{
    "id": 3124890697728,
    "userid": 1234,
    "urgency": 16,
    "priority": 16,
    "t_submit": 1684198137.7287493,
    "t_depend": 1684198137.740776,
    "t_run": 1684198137.7567317,
    "t_cleanup": 1684198138.4979506,
    "t_inactive": 1684198138.5001867,
    "state": "INACTIVE",
    "name": "ring_mpifh",
    "ntasks": 224,
    "ncores": 224,
    "duration": 0.0,
    "nnodes": 4,
    "ranks": "[0-3]",
    "nodelist": "flux-sample-[4-7]",
    "success": true,
    "exception_occurred": false,
    "result": "COMPLETED",
    "expiration": 4837798137.0,
    "waitstatus": 0,
    "returncode": 0,
    "runtime": 0.7412188053131104,
    "exception": {
        "occurred": false,
        "severity": "",
        "type": "",
        "note": ""
    }
}