{
    "id": 3236073308160,
    "userid": 1234,
    "urgency": 16,
    "priority": 16,
    "t_submit": 1684198144.3557112,
    "t_depend": 1684198144.367794,
    "t_run": 1684198144.3835452,
    "t_cleanup": 1684198144.8824105,
    "t_inactive": 1684198144.8847013,
    "state": "INACTIVE",
    "name": "ring_mpifh",
    "ntasks": 224,
    "ncores": 224,
    "duration": 0.0,
    "nnodes": 4,
    "ranks": "[0-3]",
    "nodelist": "flux-sample-[4-7]",
    "success": true,
    "exception_occurred": false,
    "result": "COMPLETED",
    "expiration": 4837798144.0,
    "waitstatus": 0,
    "returncode": 0,
    "runtime": 0.49886536598205566,
    "exception": {
        "occurred": false,
        "severity": "",
        "type": "",
        "note": ""
    }
}