{
    "id": 3246710063104,
    "userid": 1234,
    "urgency": 16,
    "priority": 16,
    "t_submit": 1684198144.989876,
    "t_depend": 1684198145.001967,
    "t_run": 1684198145.01807,
    "t_cleanup": 1684198145.595685,
    "t_inactive": 1684198145.598219,
    "state": "INACTIVE",
    "name": "ring_mpifh",
    "ntasks": 224,
    "ncores": 224,
    "duration": 0.0,
    "nnodes": 4,
    "ranks": "[0-3]",
    "nodelist": "flux-sample-[4-7]",
    "success": true,
    "exception_occurred": false,
    "result": "COMPLETED",
    "expiration": 4837798145.0,
    "waitstatus": 0,
    "returncode": 0,
    "runtime": 0.5776150226593018,
    "exception": {
        "occurred": false,
        "severity": "",
        "type": "",
        "note": ""
    }
}