{
    "id": 3283821264896,
    "userid": 1234,
    "urgency": 16,
    "priority": 16,
    "t_submit": 1684198147.2024658,
    "t_depend": 1684198147.2147446,
    "t_run": 1684198147.2304575,
    "t_cleanup": 1684198147.7308426,
    "t_inactive": 1684198147.7336905,
    "state": "INACTIVE",
    "name": "ring_mpifh",
    "ntasks": 224,
    "ncores": 224,
    "duration": 0.0,
    "nnodes": 4,
    "ranks": "[0-3]",
    "nodelist": "flux-sample-[4-7]",
    "success": true,
    "exception_occurred": false,
    "result": "COMPLETED",
    "expiration": 4837798147.0,
    "waitstatus": 0,
    "returncode": 0,
    "runtime": 0.500385046005249,
    "exception": {
        "occurred": false,
        "severity": "",
        "type": "",
        "note": ""
    }
}