{
    "id": 886927523840,
    "userid": 1234,
    "urgency": 16,
    "priority": 16,
    "t_submit": 1684198004.3357496,
    "t_depend": 1684198004.347182,
    "t_run": 1684198004.3610325,
    "t_cleanup": 1684198005.3790839,
    "t_inactive": 1684198005.3805196,
    "state": "INACTIVE",
    "name": "connectivity_c",
    "ntasks": 224,
    "ncores": 224,
    "duration": 0.0,
    "nnodes": 4,
    "ranks": "[0-3]",
    "nodelist": "flux-sample-[4-7]",
    "success": true,
    "exception_occurred": false,
    "result": "COMPLETED",
    "expiration": 4837798004.0,
    "waitstatus": 0,
    "returncode": 0,
    "runtime": 1.0180513858795166,
    "exception": {
        "occurred": false,
        "severity": "",
        "type": "",
        "note": ""
    }
}