{
    "id": 688620830720,
    "userid": 1234,
    "urgency": 16,
    "priority": 16,
    "t_submit": 1684197992.5155525,
    "t_depend": 1684197992.5270438,
    "t_run": 1684197992.5406775,
    "t_cleanup": 1684197993.6528976,
    "t_inactive": 1684197993.6544032,
    "state": "INACTIVE",
    "name": "connectivity_c",
    "ntasks": 224,
    "ncores": 224,
    "duration": 0.0,
    "nnodes": 4,
    "ranks": "[0-3]",
    "nodelist": "flux-sample-[4-7]",
    "success": true,
    "exception_occurred": false,
    "result": "COMPLETED",
    "expiration": 4837797992.0,
    "waitstatus": 0,
    "returncode": 0,
    "runtime": 1.112220048904419,
    "exception": {
        "occurred": false,
        "severity": "",
        "type": "",
        "note": ""
    }
}