{
    "id": 794870939648,
    "userid": 1234,
    "urgency": 16,
    "priority": 16,
    "t_submit": 1684197998.8490877,
    "t_depend": 1684197998.8607652,
    "t_run": 1684197998.8748624,
    "t_cleanup": 1684198000.0414538,
    "t_inactive": 1684198000.0432305,
    "state": "INACTIVE",
    "name": "connectivity_c",
    "ntasks": 224,
    "ncores": 224,
    "duration": 0.0,
    "nnodes": 4,
    "ranks": "[0-3]",
    "nodelist": "flux-sample-[4-7]",
    "success": true,
    "exception_occurred": false,
    "result": "COMPLETED",
    "expiration": 4837797998.0,
    "waitstatus": 0,
    "returncode": 0,
    "runtime": 1.1665914058685303,
    "exception": {
        "occurred": false,
        "severity": "",
        "type": "",
        "note": ""
    }
}