{
    "id": 816664543232,
    "userid": 1234,
    "urgency": 16,
    "priority": 16,
    "t_submit": 1684198000.1476576,
    "t_depend": 1684198000.158897,
    "t_run": 1684198000.1728637,
    "t_cleanup": 1684198001.3904245,
    "t_inactive": 1684198001.3920994,
    "state": "INACTIVE",
    "name": "connectivity_c",
    "ntasks": 224,
    "ncores": 224,
    "duration": 0.0,
    "nnodes": 4,
    "ranks": "[0-3]",
    "nodelist": "flux-sample-[4-7]",
    "success": true,
    "exception_occurred": false,
    "result": "COMPLETED",
    "expiration": 4837798000.0,
    "waitstatus": 0,
    "returncode": 0,
    "runtime": 1.2175607681274414,
    "exception": {
        "occurred": false,
        "severity": "",
        "type": "",
        "note": ""
    }
}