{
    "id": 709491687424,
    "userid": 1234,
    "urgency": 16,
    "priority": 16,
    "t_submit": 1684197993.760219,
    "t_depend": 1684197993.7716882,
    "t_run": 1684197993.785517,
    "t_cleanup": 1684197994.961144,
    "t_inactive": 1684197994.962616,
    "state": "INACTIVE",
    "name": "connectivity_c",
    "ntasks": 224,
    "ncores": 224,
    "duration": 0.0,
    "nnodes": 4,
    "ranks": "[0-3]",
    "nodelist": "flux-sample-[4-7]",
    "success": true,
    "exception_occurred": false,
    "result": "COMPLETED",
    "expiration": 4837797993.0,
    "waitstatus": 0,
    "returncode": 0,
    "runtime": 1.1756269931793213,
    "exception": {
        "occurred": false,
        "severity": "",
        "type": "",
        "note": ""
    }
}