{
    "id": 648271626240,
    "userid": 1234,
    "urgency": 16,
    "priority": 16,
    "t_submit": 1684197990.1107595,
    "t_depend": 1684197990.1219773,
    "t_run": 1684197990.1359446,
    "t_cleanup": 1684197991.2544124,
    "t_inactive": 1684197991.2558584,
    "state": "INACTIVE",
    "name": "connectivity_c",
    "ntasks": 224,
    "ncores": 224,
    "duration": 0.0,
    "nnodes": 4,
    "ranks": "[0-3]",
    "nodelist": "flux-sample-[4-7]",
    "success": true,
    "exception_occurred": false,
    "result": "COMPLETED",
    "expiration": 4837797990.0,
    "waitstatus": 0,
    "returncode": 0,
    "runtime": 1.1184678077697754,
    "exception": {
        "occurred": false,
        "severity": "",
        "type": "",
        "note": ""
    }
}