{
    "id": 669209591808,
    "userid": 1234,
    "urgency": 16,
    "priority": 16,
    "t_submit": 1684197991.3590271,
    "t_depend": 1684197991.3702655,
    "t_run": 1684197991.3839967,
    "t_cleanup": 1684197992.410176,
    "t_inactive": 1684197992.4122021,
    "state": "INACTIVE",
    "name": "connectivity_c",
    "ntasks": 224,
    "ncores": 224,
    "duration": 0.0,
    "nnodes": 4,
    "ranks": "[0-3]",
    "nodelist": "flux-sample-[4-7]",
    "success": true,
    "exception_occurred": false,
    "result": "COMPLETED",
    "expiration": 4837797991.0,
    "waitstatus": 0,
    "returncode": 0,
    "runtime": 1.026179313659668,
    "exception": {
        "occurred": false,
        "severity": "",
        "type": "",
        "note": ""
    }
}