{
    "id": 839313784832,
    "userid": 1234,
    "urgency": 16,
    "priority": 16,
    "t_submit": 1684198001.497933,
    "t_depend": 1684198001.5094726,
    "t_run": 1684198001.5237029,
    "t_cleanup": 1684198002.6918526,
    "t_inactive": 1684198002.6932623,
    "state": "INACTIVE",
    "name": "connectivity_c",
    "ntasks": 224,
    "ncores": 224,
    "duration": 0.0,
    "nnodes": 4,
    "ranks": "[0-3]",
    "nodelist": "flux-sample-[4-7]",
    "success": true,
    "exception_occurred": false,
    "result": "COMPLETED",
    "expiration": 4837798001.0,
    "waitstatus": 0,
    "returncode": 0,
    "runtime": 1.168149709701538,
    "exception": {
        "occurred": false,
        "severity": "",
        "type": "",
        "note": ""
    }
}