{
    "id": 743599767552,
    "userid": 1234,
    "urgency": 16,
    "priority": 16,
    "t_submit": 1684197774.5424592,
    "t_depend": 1684197774.5537004,
    "t_run": 1684197774.5679126,
    "t_cleanup": 1684197775.8371654,
    "t_inactive": 1684197775.8387349,
    "state": "INACTIVE",
    "name": "connectivity_c",
    "ntasks": 280,
    "ncores": 280,
    "duration": 0.0,
    "nnodes": 5,
    "ranks": "[0-4]",
    "nodelist": "flux-sample-[3-7]",
    "success": true,
    "exception_occurred": false,
    "result": "COMPLETED",
    "expiration": 4837797774.0,
    "waitstatus": 0,
    "returncode": 0,
    "runtime": 1.2692527770996094,
    "exception": {
        "occurred": false,
        "severity": "",
        "type": "",
        "note": ""
    }
}