{
    "id": 1083959148544,
    "userid": 1234,
    "urgency": 16,
    "priority": 16,
    "t_submit": 1684197794.830038,
    "t_depend": 1684197794.8411727,
    "t_run": 1684197794.8555887,
    "t_cleanup": 1684197796.157089,
    "t_inactive": 1684197796.1587884,
    "state": "INACTIVE",
    "name": "connectivity_c",
    "ntasks": 280,
    "ncores": 280,
    "duration": 0.0,
    "nnodes": 5,
    "ranks": "[0-4]",
    "nodelist": "flux-sample-[3-7]",
    "success": true,
    "exception_occurred": false,
    "result": "COMPLETED",
    "expiration": 4837797794.0,
    "waitstatus": 0,
    "returncode": 0,
    "runtime": 1.3015003204345703,
    "exception": {
        "occurred": false,
        "severity": "",
        "type": "",
        "note": ""
    }
}