{
    "id": 890165526528,
    "userid": 1234,
    "urgency": 16,
    "priority": 16,
    "t_submit": 1684197783.278724,
    "t_depend": 1684197783.2899888,
    "t_run": 1684197783.3041184,
    "t_cleanup": 1684197784.545113,
    "t_inactive": 1684197784.5472276,
    "state": "INACTIVE",
    "name": "connectivity_c",
    "ntasks": 280,
    "ncores": 280,
    "duration": 0.0,
    "nnodes": 5,
    "ranks": "[0-4]",
    "nodelist": "flux-sample-[3-7]",
    "success": true,
    "exception_occurred": false,
    "result": "COMPLETED",
    "expiration": 4837797783.0,
    "waitstatus": 0,
    "returncode": 0,
    "runtime": 1.2409946918487549,
    "exception": {
        "occurred": false,
        "severity": "",
        "type": "",
        "note": ""
    }
}