{
    "id": 1157493686272,
    "userid": 1234,
    "urgency": 16,
    "priority": 16,
    "t_submit": 1684197799.2131798,
    "t_depend": 1684197799.2244246,
    "t_run": 1684197799.2388825,
    "t_cleanup": 1684197800.6423905,
    "t_inactive": 1684197800.6442878,
    "state": "INACTIVE",
    "name": "connectivity_c",
    "ntasks": 280,
    "ncores": 280,
    "duration": 0.0,
    "nnodes": 5,
    "ranks": "[0-4]",
    "nodelist": "flux-sample-[3-7]",
    "success": true,
    "exception_occurred": false,
    "result": "COMPLETED",
    "expiration": 4837797799.0,
    "waitstatus": 0,
    "returncode": 0,
    "runtime": 1.403507947921753,
    "exception": {
        "occurred": false,
        "severity": "",
        "type": "",
        "note": ""
    }
}