{
    "id": 962609545216,
    "userid": 1234,
    "urgency": 16,
    "priority": 16,
    "t_submit": 1684197787.59661,
    "t_depend": 1684197787.6079307,
    "t_run": 1684197787.6221018,
    "t_cleanup": 1684197788.9647343,
    "t_inactive": 1684197788.9663863,
    "state": "INACTIVE",
    "name": "connectivity_c",
    "ntasks": 280,
    "ncores": 280,
    "duration": 0.0,
    "nnodes": 5,
    "ranks": "[0-4]",
    "nodelist": "flux-sample-[3-7]",
    "success": true,
    "exception_occurred": false,
    "result": "COMPLETED",
    "expiration": 4837797787.0,
    "waitstatus": 0,
    "returncode": 0,
    "runtime": 1.342632532119751,
    "exception": {
        "occurred": false,
        "severity": "",
        "type": "",
        "note": ""
    }
}