{
    "id": 842031693824,
    "userid": 1234,
    "urgency": 16,
    "priority": 16,
    "t_submit": 1684197780.4102612,
    "t_depend": 1684197780.4214447,
    "t_run": 1684197780.4357507,
    "t_cleanup": 1684197781.6511555,
    "t_inactive": 1684197781.6526947,
    "state": "INACTIVE",
    "name": "connectivity_c",
    "ntasks": 280,
    "ncores": 280,
    "duration": 0.0,
    "nnodes": 5,
    "ranks": "[0-4]",
    "nodelist": "flux-sample-[3-7]",
    "success": true,
    "exception_occurred": false,
    "result": "COMPLETED",
    "expiration": 4837797780.0,
    "waitstatus": 0,
    "returncode": 0,
    "runtime": 1.215404748916626,
    "exception": {
        "occurred": false,
        "severity": "",
        "type": "",
        "note": ""
    }
}