{
    "id": 1060588486656,
    "userid": 1234,
    "urgency": 16,
    "priority": 16,
    "t_submit": 1684197793.4367332,
    "t_depend": 1684197793.4485223,
    "t_run": 1684197793.4627628,
    "t_cleanup": 1684197794.7240438,
    "t_inactive": 1684197794.726026,
    "state": "INACTIVE",
    "name": "connectivity_c",
    "ntasks": 280,
    "ncores": 280,
    "duration": 0.0,
    "nnodes": 5,
    "ranks": "[0-4]",
    "nodelist": "flux-sample-[3-7]",
    "success": true,
    "exception_occurred": false,
    "result": "COMPLETED",
    "expiration": 4837797793.0,
    "waitstatus": 0,
    "returncode": 0,
    "runtime": 1.2612810134887695,
    "exception": {
        "occurred": false,
        "severity": "",
        "type": "",
        "note": ""
    }
}