{
    "id": 1133552599040,
    "userid": 1234,
    "urgency": 16,
    "priority": 16,
    "t_submit": 1684197797.7856526,
    "t_depend": 1684197797.7969556,
    "t_run": 1684197797.8115165,
    "t_cleanup": 1684197799.109283,
    "t_inactive": 1684197799.11088,
    "state": "INACTIVE",
    "name": "connectivity_c",
    "ntasks": 280,
    "ncores": 280,
    "duration": 0.0,
    "nnodes": 5,
    "ranks": "[0-4]",
    "nodelist": "flux-sample-[3-7]",
    "success": true,
    "exception_occurred": false,
    "result": "COMPLETED",
    "expiration": 4837797797.0,
    "waitstatus": 0,
    "returncode": 0,
    "runtime": 1.2977664470672607,
    "exception": {
        "occurred": false,
        "severity": "",
        "type": "",
        "note": ""
    }
}