{
    "id": 719021146112,
    "userid": 1234,
    "urgency": 16,
    "priority": 16,
    "t_submit": 1684197773.0776424,
    "t_depend": 1684197773.0889597,
    "t_run": 1684197773.1027923,
    "t_cleanup": 1684197774.436762,
    "t_inactive": 1684197774.4383547,
    "state": "INACTIVE",
    "name": "connectivity_c",
    "ntasks": 280,
    "ncores": 280,
    "duration": 0.0,
    "nnodes": 5,
    "ranks": "[0-4]",
    "nodelist": "flux-sample-[3-7]",
    "success": true,
    "exception_occurred": false,
    "result": "COMPLETED",
    "expiration": 4837797773.0,
    "waitstatus": 0,
    "returncode": 0,
    "runtime": 1.3339698314666748,
    "exception": {
        "occurred": false,
        "severity": "",
        "type": "",
        "note": ""
    }
}