{
    "id": 1012437876736,
    "userid": 1234,
    "urgency": 16,
    "priority": 16,
    "t_submit": 1684197790.5673292,
    "t_depend": 1684197790.578644,
    "t_run": 1684197790.592774,
    "t_cleanup": 1684197791.9484036,
    "t_inactive": 1684197791.9498472,
    "state": "INACTIVE",
    "name": "connectivity_c",
    "ntasks": 280,
    "ncores": 280,
    "duration": 0.0,
    "nnodes": 5,
    "ranks": "[0-4]",
    "nodelist": "flux-sample-[3-7]",
    "success": true,
    "exception_occurred": false,
    "result": "COMPLETED",
    "expiration": 4837797790.0,
    "waitstatus": 0,
    "returncode": 0,
    "runtime": 1.3556296825408936,
    "exception": {
        "occurred": false,
        "severity": "",
        "type": "",
        "note": ""
    }
}