{
    "id": 24417778270208,
    "userid": 1000,
    "urgency": 16,
    "priority": 16,
    "t_submit": 1690059765.300769,
    "t_depend": 1690059765.3125682,
    "t_run": 1690059765.3356779,
    "t_cleanup": 1690059779.872515,
    "t_inactive": 1690059779.8746183,
    "state": "INACTIVE",
    "name": "lmp",
    "ntasks": 224,
    "ncores": 224,
    "duration": 0.0,
    "nnodes": 4,
    "ranks": "[0-3]",
    "nodelist": "flux-sample-[60-63]",
    "success": true,
    "exception_occurred": false,
    "result": "COMPLETED",
    "expiration": 4843659765.0,
    "waitstatus": 0,
    "returncode": 0,
    "runtime": 14.536837100982666,
    "exception": {
        "occurred": false,
        "severity": "",
        "type": "",
        "note": ""
    }
}