{
    "id": 23659649433600,
    "userid": 1000,
    "urgency": 16,
    "priority": 16,
    "t_submit": 1690059720.1131394,
    "t_depend": 1690059720.1246715,
    "t_run": 1690059720.1473153,
    "t_cleanup": 1690059734.80463,
    "t_inactive": 1690059734.8068776,
    "state": "INACTIVE",
    "name": "lmp",
    "ntasks": 224,
    "ncores": 224,
    "duration": 0.0,
    "nnodes": 4,
    "ranks": "[0-3]",
    "nodelist": "flux-sample-[60-63]",
    "success": true,
    "exception_occurred": false,
    "result": "COMPLETED",
    "expiration": 4843659720.0,
    "waitstatus": 0,
    "returncode": 0,
    "runtime": 14.657314777374268,
    "exception": {
        "occurred": false,
        "severity": "",
        "type": "",
        "note": ""
    }
}