{
    "id": 24160214450176,
    "userid": 1000,
    "urgency": 16,
    "priority": 16,
    "t_submit": 1690059749.948657,
    "t_depend": 1690059749.9599237,
    "t_run": 1690059749.9828188,
    "t_cleanup": 1690059765.0261962,
    "t_inactive": 1690059765.0282147,
    "state": "INACTIVE",
    "name": "lmp",
    "ntasks": 224,
    "ncores": 224,
    "duration": 0.0,
    "nnodes": 4,
    "ranks": "[0-3]",
    "nodelist": "flux-sample-[60-63]",
    "success": true,
    "exception_occurred": false,
    "result": "COMPLETED",
    "expiration": 4843659749.0,
    "waitstatus": 0,
    "returncode": 0,
    "runtime": 15.04337739944458,
    "exception": {
        "occurred": false,
        "severity": "",
        "type": "",
        "note": ""
    }
}