{
    "id": 20131770007552,
    "userid": 1000,
    "urgency": 16,
    "priority": 16,
    "t_submit": 1690059509.8350625,
    "t_depend": 1690059509.8471537,
    "t_run": 1690059509.8696156,
    "t_cleanup": 1690059524.737632,
    "t_inactive": 1690059524.739558,
    "state": "INACTIVE",
    "name": "lmp",
    "ntasks": 224,
    "ncores": 224,
    "duration": 0.0,
    "nnodes": 4,
    "ranks": "[0-3]",
    "nodelist": "flux-sample-[60-63]",
    "success": true,
    "exception_occurred": false,
    "result": "COMPLETED",
    "expiration": 4843659509.0,
    "waitstatus": 0,
    "returncode": 0,
    "runtime": 14.868016481399536,
    "exception": {
        "occurred": false,
        "severity": "",
        "type": "",
        "note": ""
    }
}