{
    "id": 21657724911616,
    "userid": 1000,
    "urgency": 16,
    "priority": 16,
    "t_submit": 1690059600.7886724,
    "t_depend": 1690059600.8001766,
    "t_run": 1690059600.8229125,
    "t_cleanup": 1690059615.7615783,
    "t_inactive": 1690059615.7633634,
    "state": "INACTIVE",
    "name": "lmp",
    "ntasks": 224,
    "ncores": 224,
    "duration": 0.0,
    "nnodes": 4,
    "ranks": "[0-3]",
    "nodelist": "flux-sample-[60-63]",
    "success": true,
    "exception_occurred": false,
    "result": "COMPLETED",
    "expiration": 4843659600.0,
    "waitstatus": 0,
    "returncode": 0,
    "runtime": 14.938665866851807,
    "exception": {
        "occurred": false,
        "severity": "",
        "type": "",
        "note": ""
    }
}