{
    "id": 21394138071040,
    "userid": 1000,
    "urgency": 16,
    "priority": 16,
    "t_submit": 1690059585.0779665,
    "t_depend": 1690059585.0894687,
    "t_run": 1690059585.1125774,
    "t_cleanup": 1690059600.5162334,
    "t_inactive": 1690059600.5181365,
    "state": "INACTIVE",
    "name": "lmp",
    "ntasks": 224,
    "ncores": 224,
    "duration": 0.0,
    "nnodes": 4,
    "ranks": "[0-3]",
    "nodelist": "flux-sample-[60-63]",
    "success": true,
    "exception_occurred": false,
    "result": "COMPLETED",
    "expiration": 4843659585.0,
    "waitstatus": 0,
    "returncode": 0,
    "runtime": 15.403656005859375,
    "exception": {
        "occurred": false,
        "severity": "",
        "type": "",
        "note": ""
    }
}