{
    "id": 24917420539904,
    "userid": 1000,
    "urgency": 16,
    "priority": 16,
    "t_submit": 1690059795.0822294,
    "t_depend": 1690059795.0938582,
    "t_run": 1690059795.1169603,
    "t_cleanup": 1690059809.7724006,
    "t_inactive": 1690059809.7747285,
    "state": "INACTIVE",
    "name": "lmp",
    "ntasks": 224,
    "ncores": 224,
    "duration": 0.0,
    "nnodes": 4,
    "ranks": "[0-3]",
    "nodelist": "flux-sample-[60-63]",
    "success": true,
    "exception_occurred": false,
    "result": "COMPLETED",
    "expiration": 4843659795.0,
    "waitstatus": 0,
    "returncode": 0,
    "runtime": 14.655440330505371,
    "exception": {
        "occurred": false,
        "severity": "",
        "type": "",
        "note": ""
    }
}