{
    "id": 22665381281792,
    "userid": 1000,
    "urgency": 16,
    "priority": 16,
    "t_submit": 1690059660.8497365,
    "t_depend": 1690059660.861487,
    "t_run": 1690059660.884436,
    "t_cleanup": 1690059675.219281,
    "t_inactive": 1690059675.2214916,
    "state": "INACTIVE",
    "name": "lmp",
    "ntasks": 224,
    "ncores": 224,
    "duration": 0.0,
    "nnodes": 4,
    "ranks": "[0-3]",
    "nodelist": "flux-sample-[60-63]",
    "success": true,
    "exception_occurred": false,
    "result": "COMPLETED",
    "expiration": 4843659660.0,
    "waitstatus": 0,
    "returncode": 0,
    "runtime": 14.334845066070557,
    "exception": {
        "occurred": false,
        "severity": "",
        "type": "",
        "note": ""
    }
}