{
    "id": 23157205368832,
    "userid": 1000,
    "urgency": 16,
    "priority": 16,
    "t_submit": 1690059690.1649206,
    "t_depend": 1690059690.1764607,
    "t_run": 1690059690.1990492,
    "t_cleanup": 1690059704.7136161,
    "t_inactive": 1690059704.7157073,
    "state": "INACTIVE",
    "name": "lmp",
    "ntasks": 224,
    "ncores": 224,
    "duration": 0.0,
    "nnodes": 4,
    "ranks": "[0-3]",
    "nodelist": "flux-sample-[60-63]",
    "success": true,
    "exception_occurred": false,
    "result": "COMPLETED",
    "expiration": 4843659690.0,
    "waitstatus": 0,
    "returncode": 0,
    "runtime": 14.514566898345947,
    "exception": {
        "occurred": false,
        "severity": "",
        "type": "",
        "note": ""
    }
}