{
    "id": 22911066832896,
    "userid": 1000,
    "urgency": 16,
    "priority": 16,
    "t_submit": 1690059675.493802,
    "t_depend": 1690059675.5056016,
    "t_run": 1690059675.5282512,
    "t_cleanup": 1690059689.8893511,
    "t_inactive": 1690059689.8914266,
    "state": "INACTIVE",
    "name": "lmp",
    "ntasks": 224,
    "ncores": 224,
    "duration": 0.0,
    "nnodes": 4,
    "ranks": "[0-3]",
    "nodelist": "flux-sample-[60-63]",
    "success": true,
    "exception_occurred": false,
    "result": "COMPLETED",
    "expiration": 4843659675.0,
    "waitstatus": 0,
    "returncode": 0,
    "runtime": 14.3610999584198,
    "exception": {
        "occurred": false,
        "severity": "",
        "type": "",
        "note": ""
    }
}