{
    "id": 23405877264384,
    "userid": 1000,
    "urgency": 16,
    "priority": 16,
    "t_submit": 1690059704.9871168,
    "t_depend": 1690059704.9984875,
    "t_run": 1690059705.020901,
    "t_cleanup": 1690059719.840767,
    "t_inactive": 1690059719.8426635,
    "state": "INACTIVE",
    "name": "lmp",
    "ntasks": 224,
    "ncores": 224,
    "duration": 0.0,
    "nnodes": 4,
    "ranks": "[0-3]",
    "nodelist": "flux-sample-[60-63]",
    "success": true,
    "exception_occurred": false,
    "result": "COMPLETED",
    "expiration": 4843659705.0,
    "waitstatus": 0,
    "returncode": 0,
    "runtime": 14.819865942001343,
    "exception": {
        "occurred": false,
        "severity": "",
        "type": "",
        "note": ""
    }
}