{
    "id": 21913527123968,
    "userid": 1000,
    "urgency": 16,
    "priority": 16,
    "t_submit": 1690059616.035751,
    "t_depend": 1690059616.0474188,
    "t_run": 1690059616.0698738,
    "t_cleanup": 1690059630.51423,
    "t_inactive": 1690059630.516381,
    "state": "INACTIVE",
    "name": "lmp",
    "ntasks": 224,
    "ncores": 224,
    "duration": 0.0,
    "nnodes": 4,
    "ranks": "[0-3]",
    "nodelist": "flux-sample-[60-63]",
    "success": true,
    "exception_occurred": false,
    "result": "COMPLETED",
    "expiration": 4843659616.0,
    "waitstatus": 0,
    "returncode": 0,
    "runtime": 14.444356203079224,
    "exception": {
        "occurred": false,
        "severity": "",
        "type": "",
        "note": ""
    }
}