{
    "id": 22412548636672,
    "userid": 1000,
    "urgency": 16,
    "priority": 16,
    "t_submit": 1690059645.779972,
    "t_depend": 1690059645.7918084,
    "t_run": 1690059645.8146622,
    "t_cleanup": 1690059660.5756738,
    "t_inactive": 1690059660.5777147,
    "state": "INACTIVE",
    "name": "lmp",
    "ntasks": 224,
    "ncores": 224,
    "duration": 0.0,
    "nnodes": 4,
    "ranks": "[0-3]",
    "nodelist": "flux-sample-[60-63]",
    "success": true,
    "exception_occurred": false,
    "result": "COMPLETED",
    "expiration": 4843659645.0,
    "waitstatus": 0,
    "returncode": 0,
    "runtime": 14.761011600494385,
    "exception": {
        "occurred": false,
        "severity": "",
        "type": "",
        "note": ""
    }
}