{
    "id": 2480108732416,
    "userid": 1234,
    "urgency": 16,
    "priority": 16,
    "t_submit": 1684197905.8164525,
    "t_depend": 1684197905.8286207,
    "t_run": 1684197905.8444037,
    "t_cleanup": 1684197906.3661957,
    "t_inactive": 1684197906.3714588,
    "state": "INACTIVE",
    "name": "ring_usempi",
    "ntasks": 168,
    "ncores": 168,
    "duration": 0.0,
    "nnodes": 3,
    "ranks": "[0-2]",
    "nodelist": "flux-sample-[0-2]",
    "success": true,
    "exception_occurred": false,
    "result": "COMPLETED",
    "expiration": 4837797905.0,
    "waitstatus": 0,
    "returncode": 0,
    "runtime": 0.521791934967041,
    "exception": {
        "occurred": false,
        "severity": "",
        "type": "",
        "note": ""
    }
}