{
    "id": 2687911329792,
    "userid": 1234,
    "urgency": 16,
    "priority": 16,
    "t_submit": 1684197918.2031171,
    "t_depend": 1684197918.2151072,
    "t_run": 1684197918.2307703,
    "t_cleanup": 1684197918.7346935,
    "t_inactive": 1684197918.7368262,
    "state": "INACTIVE",
    "name": "ring_usempi",
    "ntasks": 168,
    "ncores": 168,
    "duration": 0.0,
    "nnodes": 3,
    "ranks": "[0-2]",
    "nodelist": "flux-sample-[0-2]",
    "success": true,
    "exception_occurred": false,
    "result": "COMPLETED",
    "expiration": 4837797918.0,
    "waitstatus": 0,
    "returncode": 0,
    "runtime": 0.5039231777191162,
    "exception": {
        "occurred": false,
        "severity": "",
        "type": "",
        "note": ""
    }
}