{
    "id": 2698648748032,
    "userid": 1234,
    "urgency": 16,
    "priority": 16,
    "t_submit": 1684197918.8426626,
    "t_depend": 1684197918.8547478,
    "t_run": 1684197918.869964,
    "t_cleanup": 1684197919.3005474,
    "t_inactive": 1684197919.3028688,
    "state": "INACTIVE",
    "name": "ring_usempi",
    "ntasks": 168,
    "ncores": 168,
    "duration": 0.0,
    "nnodes": 3,
    "ranks": "[0-2]",
    "nodelist": "flux-sample-[0-2]",
    "success": true,
    "exception_occurred": false,
    "result": "COMPLETED",
    "expiration": 4837797918.0,
    "waitstatus": 0,
    "returncode": 0,
    "runtime": 0.43058347702026367,
    "exception": {
        "occurred": false,
        "severity": "",
        "type": "",
        "note": ""
    }
}