{
    "id": 2647713120256,
    "userid": 1234,
    "urgency": 16,
    "priority": 16,
    "t_submit": 1684197915.8070493,
    "t_depend": 1684197915.8191342,
    "t_run": 1684197915.8342803,
    "t_cleanup": 1684197916.3695788,
    "t_inactive": 1684197916.3721886,
    "state": "INACTIVE",
    "name": "ring_usempi",
    "ntasks": 168,
    "ncores": 168,
    "duration": 0.0,
    "nnodes": 3,
    "ranks": "[0-2]",
    "nodelist": "flux-sample-[0-2]",
    "success": true,
    "exception_occurred": false,
    "result": "COMPLETED",
    "expiration": 4837797915.0,
    "waitstatus": 0,
    "returncode": 0,
    "runtime": 0.5352985858917236,
    "exception": {
        "occurred": false,
        "severity": "",
        "type": "",
        "note": ""
    }
}