{
    "id": 2673751359488,
    "userid": 1234,
    "urgency": 16,
    "priority": 16,
    "t_submit": 1684197917.3585358,
    "t_depend": 1684197917.3705642,
    "t_run": 1684197917.3858554,
    "t_cleanup": 1684197918.0963488,
    "t_inactive": 1684197918.09866,
    "state": "INACTIVE",
    "name": "ring_usempi",
    "ntasks": 168,
    "ncores": 168,
    "duration": 0.0,
    "nnodes": 3,
    "ranks": "[0-2]",
    "nodelist": "flux-sample-[0-2]",
    "success": true,
    "exception_occurred": false,
    "result": "COMPLETED",
    "expiration": 4837797917.0,
    "waitstatus": 0,
    "returncode": 0,
    "runtime": 0.7104933261871338,
    "exception": {
        "occurred": false,
        "severity": "",
        "type": "",
        "note": ""
    }
}