{
    "id": 2517672919040,
    "userid": 1234,
    "urgency": 16,
    "priority": 16,
    "t_submit": 1684197908.0564158,
    "t_depend": 1684197908.072539,
    "t_run": 1684197908.0880125,
    "t_cleanup": 1684197908.588301,
    "t_inactive": 1684197908.5906858,
    "state": "INACTIVE",
    "name": "ring_usempi",
    "ntasks": 168,
    "ncores": 168,
    "duration": 0.0,
    "nnodes": 3,
    "ranks": "[0-2]",
    "nodelist": "flux-sample-[0-2]",
    "success": true,
    "exception_occurred": false,
    "result": "COMPLETED",
    "expiration": 4837797908.0,
    "waitstatus": 0,
    "returncode": 0,
    "runtime": 0.5002884864807129,
    "exception": {
        "occurred": false,
        "severity": "",
        "type": "",
        "note": ""
    }
}