{
    "id": 2610769690624,
    "userid": 1234,
    "urgency": 16,
    "priority": 16,
    "t_submit": 1684197913.6054008,
    "t_depend": 1684197913.617487,
    "t_run": 1684197913.6332161,
    "t_cleanup": 1684197914.233009,
    "t_inactive": 1684197914.2381506,
    "state": "INACTIVE",
    "name": "ring_usempi",
    "ntasks": 168,
    "ncores": 168,
    "duration": 0.0,
    "nnodes": 3,
    "ranks": "[0-2]",
    "nodelist": "flux-sample-[0-2]",
    "success": true,
    "exception_occurred": false,
    "result": "COMPLETED",
    "expiration": 4837797913.0,
    "waitstatus": 0,
    "returncode": 0,
    "runtime": 0.5997929573059082,
    "exception": {
        "occurred": false,
        "severity": "",
        "type": "",
        "note": ""
    }
}