{
    "id": 2551512563712,
    "userid": 1234,
    "urgency": 16,
    "priority": 16,
    "t_submit": 1684197910.0732098,
    "t_depend": 1684197910.0870173,
    "t_run": 1684197910.1025834,
    "t_cleanup": 1684197910.6183703,
    "t_inactive": 1684197910.620302,
    "state": "INACTIVE",
    "name": "ring_usempi",
    "ntasks": 168,
    "ncores": 168,
    "duration": 0.0,
    "nnodes": 3,
    "ranks": "[0-2]",
    "nodelist": "flux-sample-[0-2]",
    "success": true,
    "exception_occurred": false,
    "result": "COMPLETED",
    "expiration": 4837797910.0,
    "waitstatus": 0,
    "returncode": 0,
    "runtime": 0.51578688621521,
    "exception": {
        "occurred": false,
        "severity": "",
        "type": "",
        "note": ""
    }
}