{
    "id": 2491148140544,
    "userid": 1234,
    "urgency": 16,
    "priority": 16,
    "t_submit": 1684197906.4746516,
    "t_depend": 1684197906.4867356,
    "t_run": 1684197906.5021882,
    "t_cleanup": 1684197907.299587,
    "t_inactive": 1684197907.3019538,
    "state": "INACTIVE",
    "name": "ring_usempi",
    "ntasks": 168,
    "ncores": 168,
    "duration": 0.0,
    "nnodes": 3,
    "ranks": "[0-2]",
    "nodelist": "flux-sample-[0-2]",
    "success": true,
    "exception_occurred": false,
    "result": "COMPLETED",
    "expiration": 4837797906.0,
    "waitstatus": 0,
    "returncode": 0,
    "runtime": 0.7973988056182861,
    "exception": {
        "occurred": false,
        "severity": "",
        "type": "",
        "note": ""
    }
}