{
    "id": 2623100944384,
    "userid": 1234,
    "urgency": 16,
    "priority": 16,
    "t_submit": 1684197914.3397417,
    "t_depend": 1684197914.3521693,
    "t_run": 1684197914.3679962,
    "t_cleanup": 1684197915.0017092,
    "t_inactive": 1684197915.0041559,
    "state": "INACTIVE",
    "name": "ring_usempi",
    "ntasks": 168,
    "ncores": 168,
    "duration": 0.0,
    "nnodes": 3,
    "ranks": "[0-2]",
    "nodelist": "flux-sample-[0-2]",
    "success": true,
    "exception_occurred": false,
    "result": "COMPLETED",
    "expiration": 4837797914.0,
    "waitstatus": 0,
    "returncode": 0,
    "runtime": 0.6337130069732666,
    "exception": {
        "occurred": false,
        "severity": "",
        "type": "",
        "note": ""
    }
}