{
    "id": 2635985846272,
    "userid": 1234,
    "urgency": 16,
    "priority": 16,
    "t_submit": 1684197915.1075099,
    "t_depend": 1684197915.1195405,
    "t_run": 1684197915.1348202,
    "t_cleanup": 1684197915.7011135,
    "t_inactive": 1684197915.7034028,
    "state": "INACTIVE",
    "name": "ring_usempi",
    "ntasks": 168,
    "ncores": 168,
    "duration": 0.0,
    "nnodes": 3,
    "ranks": "[0-2]",
    "nodelist": "flux-sample-[0-2]",
    "success": true,
    "exception_occurred": false,
    "result": "COMPLETED",
    "expiration": 4837797915.0,
    "waitstatus": 0,
    "returncode": 0,
    "runtime": 0.5662932395935059,
    "exception": {
        "occurred": false,
        "severity": "",
        "type": "",
        "note": ""
    }
}