{
    "id": 2541026803712,
    "userid": 1234,
    "urgency": 16,
    "priority": 16,
    "t_submit": 1684197909.448255,
    "t_depend": 1684197909.4601793,
    "t_run": 1684197909.4750524,
    "t_cleanup": 1684197909.966225,
    "t_inactive": 1684197909.9684207,
    "state": "INACTIVE",
    "name": "ring_usempi",
    "ntasks": 168,
    "ncores": 168,
    "duration": 0.0,
    "nnodes": 3,
    "ranks": "[0-2]",
    "nodelist": "flux-sample-[0-2]",
    "success": true,
    "exception_occurred": false,
    "result": "COMPLETED",
    "expiration": 4837797909.0,
    "waitstatus": 0,
    "returncode": 0,
    "runtime": 0.49117255210876465,
    "exception": {
        "occurred": false,
        "severity": "",
        "type": "",
        "note": ""
    }
}