{
    "id": 2600653029376,
    "userid": 1234,
    "urgency": 16,
    "priority": 16,
    "t_submit": 1684197913.0019112,
    "t_depend": 1684197913.0138886,
    "t_run": 1684197913.0296497,
    "t_cleanup": 1684197913.4991724,
    "t_inactive": 1684197913.501644,
    "state": "INACTIVE",
    "name": "ring_usempi",
    "ntasks": 168,
    "ncores": 168,
    "duration": 0.0,
    "nnodes": 3,
    "ranks": "[0-2]",
    "nodelist": "flux-sample-[0-2]",
    "success": true,
    "exception_occurred": false,
    "result": "COMPLETED",
    "expiration": 4837797913.0,
    "waitstatus": 0,
    "returncode": 0,
    "runtime": 0.46952271461486816,
    "exception": {
        "occurred": false,
        "severity": "",
        "type": "",
        "note": ""
    }
}