{
    "id": 2708127875072,
    "userid": 1234,
    "urgency": 16,
    "priority": 16,
    "t_submit": 1684197919.40839,
    "t_depend": 1684197919.420322,
    "t_run": 1684197919.4356644,
    "t_cleanup": 1684197919.8793297,
    "t_inactive": 1684197919.8815956,
    "state": "INACTIVE",
    "name": "ring_usempi",
    "ntasks": 168,
    "ncores": 168,
    "duration": 0.0,
    "nnodes": 3,
    "ranks": "[0-2]",
    "nodelist": "flux-sample-[0-2]",
    "success": true,
    "exception_occurred": false,
    "result": "COMPLETED",
    "expiration": 4837797919.0,
    "waitstatus": 0,
    "returncode": 0,
    "runtime": 0.4436652660369873,
    "exception": {
        "occurred": false,
        "severity": "",
        "type": "",
        "note": ""
    }
}