{
    "id": 302342209536,
    "userid": 1000,
    "urgency": 16,
    "priority": 16,
    "t_submit": 1684111974.417291,
    "t_depend": 1684111974.4287896,
    "t_run": 1684111974.4529903,
    "t_cleanup": 1684111974.6960237,
    "t_inactive": 1684111974.6974108,
    "state": "INACTIVE",
    "name": "hostname",
    "ntasks": 280,
    "ncores": 280,
    "duration": 0.0,
    "nnodes": 5,
    "ranks": "[0-4]",
    "nodelist": "flux-sample-[3-7]",
    "success": true,
    "exception_occurred": false,
    "result": "COMPLETED",
    "expiration": 4837711974.0,
    "waitstatus": 0,
    "returncode": 0,
    "runtime": 0.24303340911865234,
    "exception": {
        "occurred": false,
        "severity": "",
        "type": "",
        "note": ""
    }
}