{
    "id": 246876733440,
    "userid": 1000,
    "urgency": 16,
    "priority": 16,
    "t_submit": 1684111971.1111462,
    "t_depend": 1684111971.1227639,
    "t_run": 1684111971.1466534,
    "t_cleanup": 1684111971.3980238,
    "t_inactive": 1684111971.399533,
    "state": "INACTIVE",
    "name": "hostname",
    "ntasks": 280,
    "ncores": 280,
    "duration": 0.0,
    "nnodes": 5,
    "ranks": "[0-4]",
    "nodelist": "flux-sample-[3-7]",
    "success": true,
    "exception_occurred": false,
    "result": "COMPLETED",
    "expiration": 4837711971.0,
    "waitstatus": 0,
    "returncode": 0,
    "runtime": 0.2513704299926758,
    "exception": {
        "occurred": false,
        "severity": "",
        "type": "",
        "note": ""
    }
}