{
    "id": 295346110464,
    "userid": 1000,
    "urgency": 16,
    "priority": 16,
    "t_submit": 1684111974.000329,
    "t_depend": 1684111974.0119927,
    "t_run": 1684111974.0359313,
    "t_cleanup": 1684111974.289701,
    "t_inactive": 1684111974.2911212,
    "state": "INACTIVE",
    "name": "hostname",
    "ntasks": 280,
    "ncores": 280,
    "duration": 0.0,
    "nnodes": 5,
    "ranks": "[0-4]",
    "nodelist": "flux-sample-[3-7]",
    "success": true,
    "exception_occurred": false,
    "result": "COMPLETED",
    "expiration": 4837711974.0,
    "waitstatus": 0,
    "returncode": 0,
    "runtime": 0.2537696361541748,
    "exception": {
        "occurred": false,
        "severity": "",
        "type": "",
        "note": ""
    }
}