{
    "id": 281588793344,
    "userid": 1000,
    "urgency": 16,
    "priority": 16,
    "t_submit": 1684111973.1804502,
    "t_depend": 1684111973.192081,
    "t_run": 1684111973.2159917,
    "t_cleanup": 1684111973.4613585,
    "t_inactive": 1684111973.4627945,
    "state": "INACTIVE",
    "name": "hostname",
    "ntasks": 280,
    "ncores": 280,
    "duration": 0.0,
    "nnodes": 5,
    "ranks": "[0-4]",
    "nodelist": "flux-sample-[3-7]",
    "success": true,
    "exception_occurred": false,
    "result": "COMPLETED",
    "expiration": 4837711973.0,
    "waitstatus": 0,
    "returncode": 0,
    "runtime": 0.24536681175231934,
    "exception": {
        "occurred": false,
        "severity": "",
        "type": "",
        "note": ""
    }
}