{
    "id": 288450674688,
    "userid": 1000,
    "urgency": 16,
    "priority": 16,
    "t_submit": 1684111973.589225,
    "t_depend": 1684111973.6006687,
    "t_run": 1684111973.6248183,
    "t_cleanup": 1684111973.8724313,
    "t_inactive": 1684111973.8739216,
    "state": "INACTIVE",
    "name": "hostname",
    "ntasks": 280,
    "ncores": 280,
    "duration": 0.0,
    "nnodes": 5,
    "ranks": "[0-4]",
    "nodelist": "flux-sample-[3-7]",
    "success": true,
    "exception_occurred": false,
    "result": "COMPLETED",
    "expiration": 4837711973.0,
    "waitstatus": 0,
    "returncode": 0,
    "runtime": 0.24761295318603516,
    "exception": {
        "occurred": false,
        "severity": "",
        "type": "",
        "note": ""
    }
}