{
    "id": 183089758208,
    "userid": 1000,
    "urgency": 16,
    "priority": 16,
    "t_submit": 1684112112.787246,
    "t_depend": 1684112112.7986755,
    "t_run": 1684112112.8294096,
    "t_cleanup": 1684112113.086425,
    "t_inactive": 1684112113.087794,
    "state": "INACTIVE",
    "name": "hostname",
    "ntasks": 448,
    "ncores": 448,
    "duration": 0.0,
    "nnodes": 8,
    "ranks": "[0-7]",
    "nodelist": "flux-sample-[0-7]",
    "success": true,
    "exception_occurred": false,
    "result": "COMPLETED",
    "expiration": 4837712112.0,
    "waitstatus": 0,
    "returncode": 0,
    "runtime": 0.2570154666900635,
    "exception": {
        "occurred": false,
        "severity": "",
        "type": "",
        "note": ""
    }
}