{
    "id": 140089753600,
    "userid": 1000,
    "urgency": 16,
    "priority": 16,
    "t_submit": 1684112110.2241495,
    "t_depend": 1684112110.2356148,
    "t_run": 1684112110.2667837,
    "t_cleanup": 1684112110.5330584,
    "t_inactive": 1684112110.5343845,
    "state": "INACTIVE",
    "name": "hostname",
    "ntasks": 448,
    "ncores": 448,
    "duration": 0.0,
    "nnodes": 8,
    "ranks": "[0-7]",
    "nodelist": "flux-sample-[0-7]",
    "success": true,
    "exception_occurred": false,
    "result": "COMPLETED",
    "expiration": 4837712110.0,
    "waitstatus": 0,
    "returncode": 0,
    "runtime": 0.26627469062805176,
    "exception": {
        "occurred": false,
        "severity": "",
        "type": "",
        "note": ""
    }
}