{
    "id": 254023827456,
    "userid": 1000,
    "urgency": 16,
    "priority": 16,
    "t_submit": 1684112117.0151026,
    "t_depend": 1684112117.0266657,
    "t_run": 1684112117.0574803,
    "t_cleanup": 1684112117.3114297,
    "t_inactive": 1684112117.3128417,
    "state": "INACTIVE",
    "name": "hostname",
    "ntasks": 448,
    "ncores": 448,
    "duration": 0.0,
    "nnodes": 8,
    "ranks": "[0-7]",
    "nodelist": "flux-sample-[0-7]",
    "success": true,
    "exception_occurred": false,
    "result": "COMPLETED",
    "expiration": 4837712117.0,
    "waitstatus": 0,
    "returncode": 0,
    "runtime": 0.2539494037628174,
    "exception": {
        "occurred": false,
        "severity": "",
        "type": "",
        "note": ""
    }
}