{
    "id": 169013673984,
    "userid": 1000,
    "urgency": 16,
    "priority": 16,
    "t_submit": 1684112111.947988,
    "t_depend": 1684112111.959437,
    "t_run": 1684112111.9899244,
    "t_cleanup": 1684112112.2377279,
    "t_inactive": 1684112112.2391086,
    "state": "INACTIVE",
    "name": "hostname",
    "ntasks": 448,
    "ncores": 448,
    "duration": 0.0,
    "nnodes": 8,
    "ranks": "[0-7]",
    "nodelist": "flux-sample-[0-7]",
    "success": true,
    "exception_occurred": false,
    "result": "COMPLETED",
    "expiration": 4837712111.0,
    "waitstatus": 0,
    "returncode": 0,
    "runtime": 0.2478034496307373,
    "exception": {
        "occurred": false,
        "severity": "",
        "type": "",
        "note": ""
    }
}