{
    "id": 268368347136,
    "userid": 1000,
    "urgency": 16,
    "priority": 16,
    "t_submit": 1684112117.869614,
    "t_depend": 1684112117.8810065,
    "t_run": 1684112117.9116602,
    "t_cleanup": 1684112118.1646905,
    "t_inactive": 1684112118.1661925,
    "state": "INACTIVE",
    "name": "hostname",
    "ntasks": 448,
    "ncores": 448,
    "duration": 0.0,
    "nnodes": 8,
    "ranks": "[0-7]",
    "nodelist": "flux-sample-[0-7]",
    "success": true,
    "exception_occurred": false,
    "result": "COMPLETED",
    "expiration": 4837712117.0,
    "waitstatus": 0,
    "returncode": 0,
    "runtime": 0.25303030014038086,
    "exception": {
        "occurred": false,
        "severity": "",
        "type": "",
        "note": ""
    }
}