{
    "id": 175992995840,
    "userid": 1000,
    "urgency": 16,
    "priority": 16,
    "t_submit": 1684112112.3640966,
    "t_depend": 1684112112.3754454,
    "t_run": 1684112112.4060876,
    "t_cleanup": 1684112112.6558664,
    "t_inactive": 1684112112.6573818,
    "state": "INACTIVE",
    "name": "hostname",
    "ntasks": 448,
    "ncores": 448,
    "duration": 0.0,
    "nnodes": 8,
    "ranks": "[0-7]",
    "nodelist": "flux-sample-[0-7]",
    "success": true,
    "exception_occurred": false,
    "result": "COMPLETED",
    "expiration": 4837712112.0,
    "waitstatus": 0,
    "returncode": 0,
    "runtime": 0.24977874755859375,
    "exception": {
        "occurred": false,
        "severity": "",
        "type": "",
        "note": ""
    }
}