{
    "id": 225737441280,
    "userid": 1000,
    "urgency": 16,
    "priority": 16,
    "t_submit": 1684112115.328694,
    "t_depend": 1684112115.3402052,
    "t_run": 1684112115.3707542,
    "t_cleanup": 1684112115.6219118,
    "t_inactive": 1684112115.6233525,
    "state": "INACTIVE",
    "name": "hostname",
    "ntasks": 448,
    "ncores": 448,
    "duration": 0.0,
    "nnodes": 8,
    "ranks": "[0-7]",
    "nodelist": "flux-sample-[0-7]",
    "success": true,
    "exception_occurred": false,
    "result": "COMPLETED",
    "expiration": 4837712115.0,
    "waitstatus": 0,
    "returncode": 0,
    "runtime": 0.2511575222015381,
    "exception": {
        "occurred": false,
        "severity": "",
        "type": "",
        "note": ""
    }
}