{
    "id": 190236852224,
    "userid": 1000,
    "urgency": 16,
    "priority": 16,
    "t_submit": 1684112113.2129455,
    "t_depend": 1684112113.2245913,
    "t_run": 1684112113.2553267,
    "t_cleanup": 1684112113.5020773,
    "t_inactive": 1684112113.5035682,
    "state": "INACTIVE",
    "name": "hostname",
    "ntasks": 448,
    "ncores": 448,
    "duration": 0.0,
    "nnodes": 8,
    "ranks": "[0-7]",
    "nodelist": "flux-sample-[0-7]",
    "success": true,
    "exception_occurred": false,
    "result": "COMPLETED",
    "expiration": 4837712113.0,
    "waitstatus": 0,
    "returncode": 0,
    "runtime": 0.2467505931854248,
    "exception": {
        "occurred": false,
        "severity": "",
        "type": "",
        "note": ""
    }
}