{
    "id": 154820149248,
    "userid": 1000,
    "urgency": 16,
    "priority": 16,
    "t_submit": 1684112111.10186,
    "t_depend": 1684112111.1134493,
    "t_run": 1684112111.1440692,
    "t_cleanup": 1684112111.3942335,
    "t_inactive": 1684112111.3957953,
    "state": "INACTIVE",
    "name": "hostname",
    "ntasks": 448,
    "ncores": 448,
    "duration": 0.0,
    "nnodes": 8,
    "ranks": "[0-7]",
    "nodelist": "flux-sample-[0-7]",
    "success": true,
    "exception_occurred": false,
    "result": "COMPLETED",
    "expiration": 4837712111.0,
    "waitstatus": 0,
    "returncode": 0,
    "runtime": 0.250164270401001,
    "exception": {
        "occurred": false,
        "severity": "",
        "type": "",
        "note": ""
    }
}