{
    "id": 247010951168,
    "userid": 1000,
    "urgency": 16,
    "priority": 16,
    "t_submit": 1684112116.5967743,
    "t_depend": 1684112116.6084824,
    "t_run": 1684112116.6390042,
    "t_cleanup": 1684112116.8888638,
    "t_inactive": 1684112116.8902996,
    "state": "INACTIVE",
    "name": "hostname",
    "ntasks": 448,
    "ncores": 448,
    "duration": 0.0,
    "nnodes": 8,
    "ranks": "[0-7]",
    "nodelist": "flux-sample-[0-7]",
    "success": true,
    "exception_occurred": false,
    "result": "COMPLETED",
    "expiration": 4837712116.0,
    "waitstatus": 0,
    "returncode": 0,
    "runtime": 0.24985957145690918,
    "exception": {
        "occurred": false,
        "severity": "",
        "type": "",
        "note": ""
    }
}