{
    "id": 2468582785024,
    "userid": 1234,
    "urgency": 16,
    "priority": 16,
    "t_submit": 1684197629.9018302,
    "t_depend": 1684197629.9135597,
    "t_run": 1684197629.928853,
    "t_cleanup": 1684197630.2123444,
    "t_inactive": 1684197630.2142448,
    "state": "INACTIVE",
    "name": "hello_usempi",
    "ntasks": 336,
    "ncores": 336,
    "duration": 0.0,
    "nnodes": 6,
    "ranks": "[0-5]",
    "nodelist": "flux-sample-[2-7]",
    "success": true,
    "exception_occurred": false,
    "result": "COMPLETED",
    "expiration": 4837797629.0,
    "waitstatus": 0,
    "returncode": 0,
    "runtime": 0.2834913730621338,
    "exception": {
        "occurred": false,
        "severity": "",
        "type": "",
        "note": ""
    }
}