{
    "id": 2378237476864,
    "userid": 1234,
    "urgency": 16,
    "priority": 16,
    "t_submit": 1684197624.51664,
    "t_depend": 1684197624.5281026,
    "t_run": 1684197624.5434384,
    "t_cleanup": 1684197624.811782,
    "t_inactive": 1684197624.8149204,
    "state": "INACTIVE",
    "name": "hello_usempi",
    "ntasks": 336,
    "ncores": 336,
    "duration": 0.0,
    "nnodes": 6,
    "ranks": "[0-5]",
    "nodelist": "flux-sample-[2-7]",
    "success": true,
    "exception_occurred": false,
    "result": "COMPLETED",
    "expiration": 4837797624.0,
    "waitstatus": 0,
    "returncode": 0,
    "runtime": 0.268343448638916,
    "exception": {
        "occurred": false,
        "severity": "",
        "type": "",
        "note": ""
    }
}