{
    "id": 2482507874304,
    "userid": 1234,
    "urgency": 16,
    "priority": 16,
    "t_submit": 1684197630.7317522,
    "t_depend": 1684197630.743597,
    "t_run": 1684197630.759657,
    "t_cleanup": 1684197631.0438938,
    "t_inactive": 1684197631.0459282,
    "state": "INACTIVE",
    "name": "hello_usempi",
    "ntasks": 336,
    "ncores": 336,
    "duration": 0.0,
    "nnodes": 6,
    "ranks": "[0-5]",
    "nodelist": "flux-sample-[2-7]",
    "success": true,
    "exception_occurred": false,
    "result": "COMPLETED",
    "expiration": 4837797630.0,
    "waitstatus": 0,
    "returncode": 0,
    "runtime": 0.2842369079589844,
    "exception": {
        "occurred": false,
        "severity": "",
        "type": "",
        "note": ""
    }
}