{
    "id": 2398722457600,
    "userid": 1234,
    "urgency": 16,
    "priority": 16,
    "t_submit": 1684197625.7376559,
    "t_depend": 1684197625.7494037,
    "t_run": 1684197625.7649207,
    "t_cleanup": 1684197626.058829,
    "t_inactive": 1684197626.060868,
    "state": "INACTIVE",
    "name": "hello_usempi",
    "ntasks": 336,
    "ncores": 336,
    "duration": 0.0,
    "nnodes": 6,
    "ranks": "[0-5]",
    "nodelist": "flux-sample-[2-7]",
    "success": true,
    "exception_occurred": false,
    "result": "COMPLETED",
    "expiration": 4837797625.0,
    "waitstatus": 0,
    "returncode": 0,
    "runtime": 0.29390835762023926,
    "exception": {
        "occurred": false,
        "severity": "",
        "type": "",
        "note": ""
    }
}