{
    "id": 2503261290496,
    "userid": 1234,
    "urgency": 16,
    "priority": 16,
    "t_submit": 1684197631.9690087,
    "t_depend": 1684197631.980819,
    "t_run": 1684197631.9963753,
    "t_cleanup": 1684197632.272298,
    "t_inactive": 1684197632.2741716,
    "state": "INACTIVE",
    "name": "hello_usempi",
    "ntasks": 336,
    "ncores": 336,
    "duration": 0.0,
    "nnodes": 6,
    "ranks": "[0-5]",
    "nodelist": "flux-sample-[2-7]",
    "success": true,
    "exception_occurred": false,
    "result": "COMPLETED",
    "expiration": 4837797631.0,
    "waitstatus": 0,
    "returncode": 0,
    "runtime": 0.2759227752685547,
    "exception": {
        "occurred": false,
        "severity": "",
        "type": "",
        "note": ""
    }
}