{
    "id": 2496416186368,
    "userid": 1234,
    "urgency": 16,
    "priority": 16,
    "t_submit": 1684197631.5604782,
    "t_depend": 1684197631.5721536,
    "t_run": 1684197631.5874982,
    "t_cleanup": 1684197631.86509,
    "t_inactive": 1684197631.8669934,
    "state": "INACTIVE",
    "name": "hello_usempi",
    "ntasks": 336,
    "ncores": 336,
    "duration": 0.0,
    "nnodes": 6,
    "ranks": "[0-5]",
    "nodelist": "flux-sample-[2-7]",
    "success": true,
    "exception_occurred": false,
    "result": "COMPLETED",
    "expiration": 4837797631.0,
    "waitstatus": 0,
    "returncode": 0,
    "runtime": 0.2775917053222656,
    "exception": {
        "occurred": false,
        "severity": "",
        "type": "",
        "note": ""
    }
}