{
    "id": 2412630769664,
    "userid": 1234,
    "urgency": 16,
    "priority": 16,
    "t_submit": 1684197626.5672085,
    "t_depend": 1684197626.5787792,
    "t_run": 1684197626.5938978,
    "t_cleanup": 1684197626.8813832,
    "t_inactive": 1684197626.8848748,
    "state": "INACTIVE",
    "name": "hello_usempi",
    "ntasks": 336,
    "ncores": 336,
    "duration": 0.0,
    "nnodes": 6,
    "ranks": "[0-5]",
    "nodelist": "flux-sample-[2-7]",
    "success": true,
    "exception_occurred": false,
    "result": "COMPLETED",
    "expiration": 4837797626.0,
    "waitstatus": 0,
    "returncode": 0,
    "runtime": 0.28748536109924316,
    "exception": {
        "occurred": false,
        "severity": "",
        "type": "",
        "note": ""
    }
}