{
    "id": 2391726358528,
    "userid": 1234,
    "urgency": 16,
    "priority": 16,
    "t_submit": 1684197625.3207288,
    "t_depend": 1684197625.3323147,
    "t_run": 1684197625.3476021,
    "t_cleanup": 1684197625.6331475,
    "t_inactive": 1684197625.6351116,
    "state": "INACTIVE",
    "name": "hello_usempi",
    "ntasks": 336,
    "ncores": 336,
    "duration": 0.0,
    "nnodes": 6,
    "ranks": "[0-5]",
    "nodelist": "flux-sample-[2-7]",
    "success": true,
    "exception_occurred": false,
    "result": "COMPLETED",
    "expiration": 4837797625.0,
    "waitstatus": 0,
    "returncode": 0,
    "runtime": 0.28554534912109375,
    "exception": {
        "occurred": false,
        "severity": "",
        "type": "",
        "note": ""
    }
}