{
    "id": 2419643645952,
    "userid": 1234,
    "urgency": 16,
    "priority": 16,
    "t_submit": 1684197626.9852736,
    "t_depend": 1684197626.99685,
    "t_run": 1684197627.012575,
    "t_cleanup": 1684197627.2915757,
    "t_inactive": 1684197627.293673,
    "state": "INACTIVE",
    "name": "hello_usempi",
    "ntasks": 336,
    "ncores": 336,
    "duration": 0.0,
    "nnodes": 6,
    "ranks": "[0-5]",
    "nodelist": "flux-sample-[2-7]",
    "success": true,
    "exception_occurred": false,
    "result": "COMPLETED",
    "expiration": 4837797627.0,
    "waitstatus": 0,
    "returncode": 0,
    "runtime": 0.27900075912475586,
    "exception": {
        "occurred": false,
        "severity": "",
        "type": "",
        "note": ""
    }
}