{
    "id": 2475528552448,
    "userid": 1234,
    "urgency": 16,
    "priority": 16,
    "t_submit": 1684197630.3163164,
    "t_depend": 1684197630.3279085,
    "t_run": 1684197630.3433716,
    "t_cleanup": 1684197630.626771,
    "t_inactive": 1684197630.6287544,
    "state": "INACTIVE",
    "name": "hello_usempi",
    "ntasks": 336,
    "ncores": 336,
    "duration": 0.0,
    "nnodes": 6,
    "ranks": "[0-5]",
    "nodelist": "flux-sample-[2-7]",
    "success": true,
    "exception_occurred": false,
    "result": "COMPLETED",
    "expiration": 4837797630.0,
    "waitstatus": 0,
    "returncode": 0,
    "runtime": 0.2833993434906006,
    "exception": {
        "occurred": false,
        "severity": "",
        "type": "",
        "note": ""
    }
}