{
    "id": 2448047472640,
    "userid": 1234,
    "urgency": 16,
    "priority": 16,
    "t_submit": 1684197628.6782115,
    "t_depend": 1684197628.6899247,
    "t_run": 1684197628.7054405,
    "t_cleanup": 1684197628.9857178,
    "t_inactive": 1684197628.9878767,
    "state": "INACTIVE",
    "name": "hello_usempi",
    "ntasks": 336,
    "ncores": 336,
    "duration": 0.0,
    "nnodes": 6,
    "ranks": "[0-5]",
    "nodelist": "flux-sample-[2-7]",
    "success": true,
    "exception_occurred": false,
    "result": "COMPLETED",
    "expiration": 4837797628.0,
    "waitstatus": 0,
    "returncode": 0,
    "runtime": 0.2802772521972656,
    "exception": {
        "occurred": false,
        "severity": "",
        "type": "",
        "note": ""
    }
}