{
    "id": 2440631943168,
    "userid": 1234,
    "urgency": 16,
    "priority": 16,
    "t_submit": 1684197628.2356517,
    "t_depend": 1684197628.2471747,
    "t_run": 1684197628.2627406,
    "t_cleanup": 1684197628.5752847,
    "t_inactive": 1684197628.5773592,
    "state": "INACTIVE",
    "name": "hello_usempi",
    "ntasks": 336,
    "ncores": 336,
    "duration": 0.0,
    "nnodes": 6,
    "ranks": "[0-5]",
    "nodelist": "flux-sample-[2-7]",
    "success": true,
    "exception_occurred": false,
    "result": "COMPLETED",
    "expiration": 4837797628.0,
    "waitstatus": 0,
    "returncode": 0,
    "runtime": 0.3125441074371338,
    "exception": {
        "occurred": false,
        "severity": "",
        "type": "",
        "note": ""
    }
}