{
    "id": 2461788012544,
    "userid": 1234,
    "urgency": 16,
    "priority": 16,
    "t_submit": 1684197629.4970748,
    "t_depend": 1684197629.5088203,
    "t_run": 1684197629.524502,
    "t_cleanup": 1684197629.7953093,
    "t_inactive": 1684197629.7971888,
    "state": "INACTIVE",
    "name": "hello_usempi",
    "ntasks": 336,
    "ncores": 336,
    "duration": 0.0,
    "nnodes": 6,
    "ranks": "[0-5]",
    "nodelist": "flux-sample-[2-7]",
    "success": true,
    "exception_occurred": false,
    "result": "COMPLETED",
    "expiration": 4837797629.0,
    "waitstatus": 0,
    "returncode": 0,
    "runtime": 0.27080726623535156,
    "exception": {
        "occurred": false,
        "severity": "",
        "type": "",
        "note": ""
    }
}