{
    "id": 2426555858944,
    "userid": 1234,
    "urgency": 16,
    "priority": 16,
    "t_submit": 1684197627.3964984,
    "t_depend": 1684197627.408395,
    "t_run": 1684197627.4238222,
    "t_cleanup": 1684197627.716711,
    "t_inactive": 1684197627.7187448,
    "state": "INACTIVE",
    "name": "hello_usempi",
    "ntasks": 336,
    "ncores": 336,
    "duration": 0.0,
    "nnodes": 6,
    "ranks": "[0-5]",
    "nodelist": "flux-sample-[2-7]",
    "success": true,
    "exception_occurred": false,
    "result": "COMPLETED",
    "expiration": 4837797627.0,
    "waitstatus": 0,
    "returncode": 0,
    "runtime": 0.292888879776001,
    "exception": {
        "occurred": false,
        "severity": "",
        "type": "",
        "note": ""
    }
}