{
    "id": 2071818403840,
    "userid": 1234,
    "urgency": 16,
    "priority": 16,
    "t_submit": 1684197635.0686393,
    "t_depend": 1684197635.0804918,
    "t_run": 1684197635.0950663,
    "t_cleanup": 1684197635.3075507,
    "t_inactive": 1684197635.3096552,
    "state": "INACTIVE",
    "name": "ring_usempi",
    "ntasks": 112,
    "ncores": 112,
    "duration": 0.0,
    "nnodes": 2,
    "ranks": "[0-1]",
    "nodelist": "flux-sample-[0-1]",
    "success": true,
    "exception_occurred": false,
    "result": "COMPLETED",
    "expiration": 4837797635.0,
    "waitstatus": 0,
    "returncode": 0,
    "runtime": 0.21248435974121094,
    "exception": {
        "occurred": false,
        "severity": "",
        "type": "",
        "note": ""
    }
}