{
    "id": 2093997883392,
    "userid": 1234,
    "urgency": 16,
    "priority": 16,
    "t_submit": 1684197636.3912008,
    "t_depend": 1684197636.4030585,
    "t_run": 1684197636.417895,
    "t_cleanup": 1684197636.6038501,
    "t_inactive": 1684197636.6061096,
    "state": "INACTIVE",
    "name": "ring_usempi",
    "ntasks": 112,
    "ncores": 112,
    "duration": 0.0,
    "nnodes": 2,
    "ranks": "[0-1]",
    "nodelist": "flux-sample-[0-1]",
    "success": true,
    "exception_occurred": false,
    "result": "COMPLETED",
    "expiration": 4837797636.0,
    "waitstatus": 0,
    "returncode": 0,
    "runtime": 0.18595504760742188,
    "exception": {
        "occurred": false,
        "severity": "",
        "type": "",
        "note": ""
    }
}