{
    "id": 2088528510976,
    "userid": 1234,
    "urgency": 16,
    "priority": 16,
    "t_submit": 1684197636.0651891,
    "t_depend": 1684197636.07711,
    "t_run": 1684197636.092027,
    "t_cleanup": 1684197636.284971,
    "t_inactive": 1684197636.2871747,
    "state": "INACTIVE",
    "name": "ring_usempi",
    "ntasks": 112,
    "ncores": 112,
    "duration": 0.0,
    "nnodes": 2,
    "ranks": "[0-1]",
    "nodelist": "flux-sample-[0-1]",
    "success": true,
    "exception_occurred": false,
    "result": "COMPLETED",
    "expiration": 4837797636.0,
    "waitstatus": 0,
    "returncode": 0,
    "runtime": 0.19294404983520508,
    "exception": {
        "occurred": false,
        "severity": "",
        "type": "",
        "note": ""
    }
}