{
    "id": 2153506668544,
    "userid": 1234,
    "urgency": 16,
    "priority": 16,
    "t_submit": 1684197639.9377768,
    "t_depend": 1684197639.9498787,
    "t_run": 1684197639.964687,
    "t_cleanup": 1684197640.1408696,
    "t_inactive": 1684197640.1430547,
    "state": "INACTIVE",
    "name": "ring_usempi",
    "ntasks": 112,
    "ncores": 112,
    "duration": 0.0,
    "nnodes": 2,
    "ranks": "[0-1]",
    "nodelist": "flux-sample-[0-1]",
    "success": true,
    "exception_occurred": false,
    "result": "COMPLETED",
    "expiration": 4837797639.0,
    "waitstatus": 0,
    "returncode": 0,
    "runtime": 0.17618250846862793,
    "exception": {
        "occurred": false,
        "severity": "",
        "type": "",
        "note": ""
    }
}