{
    "id": 2066567135232,
    "userid": 1234,
    "urgency": 16,
    "priority": 16,
    "t_submit": 1684197634.7562308,
    "t_depend": 1684197634.7681062,
    "t_run": 1684197634.7832222,
    "t_cleanup": 1684197634.9621658,
    "t_inactive": 1684197634.9641473,
    "state": "INACTIVE",
    "name": "ring_usempi",
    "ntasks": 112,
    "ncores": 112,
    "duration": 0.0,
    "nnodes": 2,
    "ranks": "[0-1]",
    "nodelist": "flux-sample-[0-1]",
    "success": true,
    "exception_occurred": false,
    "result": "COMPLETED",
    "expiration": 4837797634.0,
    "waitstatus": 0,
    "returncode": 0,
    "runtime": 0.17894363403320312,
    "exception": {
        "occurred": false,
        "severity": "",
        "type": "",
        "note": ""
    }
}