{
    "id": 2137199214592,
    "userid": 1234,
    "urgency": 16,
    "priority": 16,
    "t_submit": 1684197638.966261,
    "t_depend": 1684197638.9782093,
    "t_run": 1684197638.9928443,
    "t_cleanup": 1684197639.1833837,
    "t_inactive": 1684197639.185675,
    "state": "INACTIVE",
    "name": "ring_usempi",
    "ntasks": 112,
    "ncores": 112,
    "duration": 0.0,
    "nnodes": 2,
    "ranks": "[0-1]",
    "nodelist": "flux-sample-[0-1]",
    "success": true,
    "exception_occurred": false,
    "result": "COMPLETED",
    "expiration": 4837797638.0,
    "waitstatus": 0,
    "returncode": 0,
    "runtime": 0.19053936004638672,
    "exception": {
        "occurred": false,
        "severity": "",
        "type": "",
        "note": ""
    }
}