{
    "id": 2055745830912,
    "userid": 1234,
    "urgency": 16,
    "priority": 16,
    "t_submit": 1684197634.1112907,
    "t_depend": 1684197634.1234477,
    "t_run": 1684197634.1385186,
    "t_cleanup": 1684197634.3370516,
    "t_inactive": 1684197634.3394673,
    "state": "INACTIVE",
    "name": "ring_usempi",
    "ntasks": 112,
    "ncores": 112,
    "duration": 0.0,
    "nnodes": 2,
    "ranks": "[0-1]",
    "nodelist": "flux-sample-[0-1]",
    "success": true,
    "exception_occurred": false,
    "result": "COMPLETED",
    "expiration": 4837797634.0,
    "waitstatus": 0,
    "returncode": 0,
    "runtime": 0.1985330581665039,
    "exception": {
        "occurred": false,
        "severity": "",
        "type": "",
        "note": ""
    }
}