{
    "id": 2104970182656,
    "userid": 1234,
    "urgency": 16,
    "priority": 16,
    "t_submit": 1684197637.0450625,
    "t_depend": 1684197637.0568435,
    "t_run": 1684197637.0720904,
    "t_cleanup": 1684197637.250776,
    "t_inactive": 1684197637.2529466,
    "state": "INACTIVE",
    "name": "ring_usempi",
    "ntasks": 112,
    "ncores": 112,
    "duration": 0.0,
    "nnodes": 2,
    "ranks": "[0-1]",
    "nodelist": "flux-sample-[0-1]",
    "success": true,
    "exception_occurred": false,
    "result": "COMPLETED",
    "expiration": 4837797637.0,
    "waitstatus": 0,
    "returncode": 0,
    "runtime": 0.17868566513061523,
    "exception": {
        "occurred": false,
        "severity": "",
        "type": "",
        "note": ""
    }
}