{
    "id": 2121143418880,
    "userid": 1234,
    "urgency": 16,
    "priority": 16,
    "t_submit": 1684197638.0091271,
    "t_depend": 1684197638.0211613,
    "t_run": 1684197638.0359678,
    "t_cleanup": 1684197638.2128441,
    "t_inactive": 1684197638.2151933,
    "state": "INACTIVE",
    "name": "ring_usempi",
    "ntasks": 112,
    "ncores": 112,
    "duration": 0.0,
    "nnodes": 2,
    "ranks": "[0-1]",
    "nodelist": "flux-sample-[0-1]",
    "success": true,
    "exception_occurred": false,
    "result": "COMPLETED",
    "expiration": 4837797638.0,
    "waitstatus": 0,
    "returncode": 0,
    "runtime": 0.17687630653381348,
    "exception": {
        "occurred": false,
        "severity": "",
        "type": "",
        "note": ""
    }
}