{
    "id": 2147936632832,
    "userid": 1234,
    "urgency": 16,
    "priority": 16,
    "t_submit": 1684197639.6063738,
    "t_depend": 1684197639.620842,
    "t_run": 1684197639.6356838,
    "t_cleanup": 1684197639.8291106,
    "t_inactive": 1684197639.8314142,
    "state": "INACTIVE",
    "name": "ring_usempi",
    "ntasks": 112,
    "ncores": 112,
    "duration": 0.0,
    "nnodes": 2,
    "ranks": "[0-1]",
    "nodelist": "flux-sample-[0-1]",
    "success": true,
    "exception_occurred": false,
    "result": "COMPLETED",
    "expiration": 4837797639.0,
    "waitstatus": 0,
    "returncode": 0,
    "runtime": 0.19342684745788574,
    "exception": {
        "occurred": false,
        "severity": "",
        "type": "",
        "note": ""
    }
}