{
    "id": 2083159801856,
    "userid": 1234,
    "urgency": 16,
    "priority": 16,
    "t_submit": 1684197635.7446868,
    "t_depend": 1684197635.756777,
    "t_run": 1684197635.7717466,
    "t_cleanup": 1684197635.9588697,
    "t_inactive": 1684197635.961199,
    "state": "INACTIVE",
    "name": "ring_usempi",
    "ntasks": 112,
    "ncores": 112,
    "duration": 0.0,
    "nnodes": 2,
    "ranks": "[0-1]",
    "nodelist": "flux-sample-[0-1]",
    "success": true,
    "exception_occurred": false,
    "result": "COMPLETED",
    "expiration": 4837797635.0,
    "waitstatus": 0,
    "returncode": 0,
    "runtime": 0.18712306022644043,
    "exception": {
        "occurred": false,
        "severity": "",
        "type": "",
        "note": ""
    }
}