{
    "id": 2126377910272,
    "userid": 1234,
    "urgency": 16,
    "priority": 16,
    "t_submit": 1684197638.32045,
    "t_depend": 1684197638.3323317,
    "t_run": 1684197638.3471138,
    "t_cleanup": 1684197638.532299,
    "t_inactive": 1684197638.5344653,
    "state": "INACTIVE",
    "name": "ring_usempi",
    "ntasks": 112,
    "ncores": 112,
    "duration": 0.0,
    "nnodes": 2,
    "ranks": "[0-1]",
    "nodelist": "flux-sample-[0-1]",
    "success": true,
    "exception_occurred": false,
    "result": "COMPLETED",
    "expiration": 4837797638.0,
    "waitstatus": 0,
    "returncode": 0,
    "runtime": 0.18518519401550293,
    "exception": {
        "occurred": false,
        "severity": "",
        "type": "",
        "note": ""
    }
}