{
    "id": 2061332643840,
    "userid": 1234,
    "urgency": 16,
    "priority": 16,
    "t_submit": 1684197634.443481,
    "t_depend": 1684197634.4554963,
    "t_run": 1684197634.4705362,
    "t_cleanup": 1684197634.6509235,
    "t_inactive": 1684197634.6528804,
    "state": "INACTIVE",
    "name": "ring_usempi",
    "ntasks": 112,
    "ncores": 112,
    "duration": 0.0,
    "nnodes": 2,
    "ranks": "[0-1]",
    "nodelist": "flux-sample-[0-1]",
    "success": true,
    "exception_occurred": false,
    "result": "COMPLETED",
    "expiration": 4837797634.0,
    "waitstatus": 0,
    "returncode": 0,
    "runtime": 0.18038725852966309,
    "exception": {
        "occurred": false,
        "severity": "",
        "type": "",
        "note": ""
    }
}