{
    "id": 2077623320576,
    "userid": 1234,
    "urgency": 16,
    "priority": 16,
    "t_submit": 1684197635.415123,
    "t_depend": 1684197635.4270172,
    "t_run": 1684197635.4420142,
    "t_cleanup": 1684197635.6387556,
    "t_inactive": 1684197635.6428273,
    "state": "INACTIVE",
    "name": "ring_usempi",
    "ntasks": 112,
    "ncores": 112,
    "duration": 0.0,
    "nnodes": 2,
    "ranks": "[0-1]",
    "nodelist": "flux-sample-[0-1]",
    "success": true,
    "exception_occurred": false,
    "result": "COMPLETED",
    "expiration": 4837797635.0,
    "waitstatus": 0,
    "returncode": 0,
    "runtime": 0.19674134254455566,
    "exception": {
        "occurred": false,
        "severity": "",
        "type": "",
        "note": ""
    }
}