{
    "id": 2099366592512,
    "userid": 1234,
    "urgency": 16,
    "priority": 16,
    "t_submit": 1684197636.7113826,
    "t_depend": 1684197636.7232752,
    "t_run": 1684197636.7380822,
    "t_cleanup": 1684197636.9381313,
    "t_inactive": 1684197636.9403505,
    "state": "INACTIVE",
    "name": "ring_usempi",
    "ntasks": 112,
    "ncores": 112,
    "duration": 0.0,
    "nnodes": 2,
    "ranks": "[0-1]",
    "nodelist": "flux-sample-[0-1]",
    "success": true,
    "exception_occurred": false,
    "result": "COMPLETED",
    "expiration": 4837797636.0,
    "waitstatus": 0,
    "returncode": 0,
    "runtime": 0.20004916191101074,
    "exception": {
        "occurred": false,
        "severity": "",
        "type": "",
        "note": ""
    }
}