{
    "id": 2115590160384,
    "userid": 1234,
    "urgency": 16,
    "priority": 16,
    "t_submit": 1684197637.6782799,
    "t_depend": 1684197637.6915205,
    "t_run": 1684197637.7066822,
    "t_cleanup": 1684197637.902888,
    "t_inactive": 1684197637.9053893,
    "state": "INACTIVE",
    "name": "ring_usempi",
    "ntasks": 112,
    "ncores": 112,
    "duration": 0.0,
    "nnodes": 2,
    "ranks": "[0-1]",
    "nodelist": "flux-sample-[0-1]",
    "success": true,
    "exception_occurred": false,
    "result": "COMPLETED",
    "expiration": 4837797637.0,
    "waitstatus": 0,
    "returncode": 0,
    "runtime": 0.19620585441589355,
    "exception": {
        "occurred": false,
        "severity": "",
        "type": "",
        "note": ""
    }
}