{
    "id": 1740770377728,
    "userid": 1234,
    "urgency": 16,
    "priority": 16,
    "t_submit": 1684197615.336824,
    "t_depend": 1684197615.3484955,
    "t_run": 1684197615.3629227,
    "t_cleanup": 1684197615.5444977,
    "t_inactive": 1684197615.546501,
    "state": "INACTIVE",
    "name": "ring_c",
    "ntasks": 112,
    "ncores": 112,
    "duration": 0.0,
    "nnodes": 2,
    "ranks": "[0-1]",
    "nodelist": "flux-sample-[0-1]",
    "success": true,
    "exception_occurred": false,
    "result": "COMPLETED",
    "expiration": 4837797615.0,
    "waitstatus": 0,
    "returncode": 0,
    "runtime": 0.18157505989074707,
    "exception": {
        "occurred": false,
        "severity": "",
        "type": "",
        "note": ""
    }
}