{
    "id": 1756943613952,
    "userid": 1234,
    "urgency": 16,
    "priority": 16,
    "t_submit": 1684197616.300993,
    "t_depend": 1684197616.312639,
    "t_run": 1684197616.3271604,
    "t_cleanup": 1684197616.5212364,
    "t_inactive": 1684197616.5231137,
    "state": "INACTIVE",
    "name": "ring_c",
    "ntasks": 112,
    "ncores": 112,
    "duration": 0.0,
    "nnodes": 2,
    "ranks": "[0-1]",
    "nodelist": "flux-sample-[0-1]",
    "success": true,
    "exception_occurred": false,
    "result": "COMPLETED",
    "expiration": 4837797616.0,
    "waitstatus": 0,
    "returncode": 0,
    "runtime": 0.1940760612487793,
    "exception": {
        "occurred": false,
        "severity": "",
        "type": "",
        "note": ""
    }
}