{
    "id": 1713893277696,
    "userid": 1234,
    "urgency": 16,
    "priority": 16,
    "t_submit": 1684197613.7348022,
    "t_depend": 1684197613.7472394,
    "t_run": 1684197613.7623456,
    "t_cleanup": 1684197613.9504418,
    "t_inactive": 1684197613.9523256,
    "state": "INACTIVE",
    "name": "ring_c",
    "ntasks": 112,
    "ncores": 112,
    "duration": 0.0,
    "nnodes": 2,
    "ranks": "[0-1]",
    "nodelist": "flux-sample-[0-1]",
    "success": true,
    "exception_occurred": false,
    "result": "COMPLETED",
    "expiration": 4837797613.0,
    "waitstatus": 0,
    "returncode": 0,
    "runtime": 0.188096284866333,
    "exception": {
        "occurred": false,
        "severity": "",
        "type": "",
        "note": ""
    }
}