{
    "id": 1799993950208,
    "userid": 1234,
    "urgency": 16,
    "priority": 16,
    "t_submit": 1684197618.8671222,
    "t_depend": 1684197618.8793683,
    "t_run": 1684197618.8944676,
    "t_cleanup": 1684197619.0841632,
    "t_inactive": 1684197619.0864089,
    "state": "INACTIVE",
    "name": "ring_c",
    "ntasks": 112,
    "ncores": 112,
    "duration": 0.0,
    "nnodes": 2,
    "ranks": "[0-1]",
    "nodelist": "flux-sample-[0-1]",
    "success": true,
    "exception_occurred": false,
    "result": "COMPLETED",
    "expiration": 4837797618.0,
    "waitstatus": 0,
    "returncode": 0,
    "runtime": 0.1896955966949463,
    "exception": {
        "occurred": false,
        "severity": "",
        "type": "",
        "note": ""
    }
}