{
    "id": 1783971708928,
    "userid": 1234,
    "urgency": 16,
    "priority": 16,
    "t_submit": 1684197617.9120588,
    "t_depend": 1684197617.923688,
    "t_run": 1684197617.9380612,
    "t_cleanup": 1684197618.1214368,
    "t_inactive": 1684197618.1235027,
    "state": "INACTIVE",
    "name": "ring_c",
    "ntasks": 112,
    "ncores": 112,
    "duration": 0.0,
    "nnodes": 2,
    "ranks": "[0-1]",
    "nodelist": "flux-sample-[0-1]",
    "success": true,
    "exception_occurred": false,
    "result": "COMPLETED",
    "expiration": 4837797617.0,
    "waitstatus": 0,
    "returncode": 0,
    "runtime": 0.18337559700012207,
    "exception": {
        "occurred": false,
        "severity": "",
        "type": "",
        "note": ""
    }
}