{
    "id": 1773183959040,
    "userid": 1234,
    "urgency": 16,
    "priority": 16,
    "t_submit": 1684197617.2693262,
    "t_depend": 1684197617.2811441,
    "t_run": 1684197617.2958543,
    "t_cleanup": 1684197617.4849072,
    "t_inactive": 1684197617.4868968,
    "state": "INACTIVE",
    "name": "ring_c",
    "ntasks": 112,
    "ncores": 112,
    "duration": 0.0,
    "nnodes": 2,
    "ranks": "[0-1]",
    "nodelist": "flux-sample-[0-1]",
    "success": true,
    "exception_occurred": false,
    "result": "COMPLETED",
    "expiration": 4837797617.0,
    "waitstatus": 0,
    "returncode": 0,
    "runtime": 0.18905282020568848,
    "exception": {
        "occurred": false,
        "severity": "",
        "type": "",
        "note": ""
    }
}