{
    "id": 1730133622784,
    "userid": 1234,
    "urgency": 16,
    "priority": 16,
    "t_submit": 1684197614.7025397,
    "t_depend": 1684197614.714147,
    "t_run": 1684197614.728568,
    "t_cleanup": 1684197614.9115243,
    "t_inactive": 1684197614.913418,
    "state": "INACTIVE",
    "name": "ring_c",
    "ntasks": 112,
    "ncores": 112,
    "duration": 0.0,
    "nnodes": 2,
    "ranks": "[0-1]",
    "nodelist": "flux-sample-[0-1]",
    "success": true,
    "exception_occurred": false,
    "result": "COMPLETED",
    "expiration": 4837797614.0,
    "waitstatus": 0,
    "returncode": 0,
    "runtime": 0.18295621871948242,
    "exception": {
        "occurred": false,
        "severity": "",
        "type": "",
        "note": ""
    }
}