{
    "id": 1767714586624,
    "userid": 1234,
    "urgency": 16,
    "priority": 16,
    "t_submit": 1684197616.9429774,
    "t_depend": 1684197616.954609,
    "t_run": 1684197616.9694462,
    "t_cleanup": 1684197617.1597612,
    "t_inactive": 1684197617.1619954,
    "state": "INACTIVE",
    "name": "ring_c",
    "ntasks": 112,
    "ncores": 112,
    "duration": 0.0,
    "nnodes": 2,
    "ranks": "[0-1]",
    "nodelist": "flux-sample-[0-1]",
    "success": true,
    "exception_occurred": false,
    "result": "COMPLETED",
    "expiration": 4837797616.0,
    "waitstatus": 0,
    "returncode": 0,
    "runtime": 0.19031500816345215,
    "exception": {
        "occurred": false,
        "severity": "",
        "type": "",
        "note": ""
    }
}