{
    "id": 1751541350400,
    "userid": 1234,
    "urgency": 16,
    "priority": 16,
    "t_submit": 1684197615.9790652,
    "t_depend": 1684197615.9908686,
    "t_run": 1684197616.0053265,
    "t_cleanup": 1684197616.1950195,
    "t_inactive": 1684197616.196905,
    "state": "INACTIVE",
    "name": "ring_c",
    "ntasks": 112,
    "ncores": 112,
    "duration": 0.0,
    "nnodes": 2,
    "ranks": "[0-1]",
    "nodelist": "flux-sample-[0-1]",
    "success": true,
    "exception_occurred": false,
    "result": "COMPLETED",
    "expiration": 4837797616.0,
    "waitstatus": 0,
    "returncode": 0,
    "runtime": 0.18969297409057617,
    "exception": {
        "occurred": false,
        "severity": "",
        "type": "",
        "note": ""
    }
}