{
    "id": 1746088755200,
    "userid": 1234,
    "urgency": 16,
    "priority": 16,
    "t_submit": 1684197615.6535559,
    "t_depend": 1684197615.666633,
    "t_run": 1684197615.6813188,
    "t_cleanup": 1684197615.8688061,
    "t_inactive": 1684197615.8707368,
    "state": "INACTIVE",
    "name": "ring_c",
    "ntasks": 112,
    "ncores": 112,
    "duration": 0.0,
    "nnodes": 2,
    "ranks": "[0-1]",
    "nodelist": "flux-sample-[0-1]",
    "success": true,
    "exception_occurred": false,
    "result": "COMPLETED",
    "expiration": 4837797615.0,
    "waitstatus": 0,
    "returncode": 0,
    "runtime": 0.18748736381530762,
    "exception": {
        "occurred": false,
        "severity": "",
        "type": "",
        "note": ""
    }
}