{
    "id": 1794709127168,
    "userid": 1234,
    "urgency": 16,
    "priority": 16,
    "t_submit": 1684197618.551659,
    "t_depend": 1684197618.563347,
    "t_run": 1684197618.579403,
    "t_cleanup": 1684197618.7610135,
    "t_inactive": 1684197618.763155,
    "state": "INACTIVE",
    "name": "ring_c",
    "ntasks": 112,
    "ncores": 112,
    "duration": 0.0,
    "nnodes": 2,
    "ranks": "[0-1]",
    "nodelist": "flux-sample-[0-1]",
    "success": true,
    "exception_occurred": false,
    "result": "COMPLETED",
    "expiration": 4837797618.0,
    "waitstatus": 0,
    "returncode": 0,
    "runtime": 0.1816105842590332,
    "exception": {
        "occurred": false,
        "severity": "",
        "type": "",
        "note": ""
    }
}