{
    "id": 1735452000256,
    "userid": 1234,
    "urgency": 16,
    "priority": 16,
    "t_submit": 1684197615.0200415,
    "t_depend": 1684197615.0317998,
    "t_run": 1684197615.0460289,
    "t_cleanup": 1684197615.2293842,
    "t_inactive": 1684197615.2313445,
    "state": "INACTIVE",
    "name": "ring_c",
    "ntasks": 112,
    "ncores": 112,
    "duration": 0.0,
    "nnodes": 2,
    "ranks": "[0-1]",
    "nodelist": "flux-sample-[0-1]",
    "success": true,
    "exception_occurred": false,
    "result": "COMPLETED",
    "expiration": 4837797615.0,
    "waitstatus": 0,
    "returncode": 0,
    "runtime": 0.18335533142089844,
    "exception": {
        "occurred": false,
        "severity": "",
        "type": "",
        "note": ""
    }
}