{
    "id": 27692304957440,
    "userid": 1000,
    "urgency": 16,
    "priority": 16,
    "t_submit": 1689056655.3442497,
    "t_depend": 1689056655.3442497,
    "t_run": 1689056655.3880744,
    "t_cleanup": 1689056735.4166899,
    "t_inactive": 1689056735.4182525,
    "state": "INACTIVE",
    "name": "lmp",
    "ntasks": 768,
    "duration": 0.0,
    "nnodes": 12,
    "ranks": "[0-11]",
    "nodelist": "flux-sample-[0-11]",
    "success": true,
    "exception_occurred": false,
    "result": "COMPLETED",
    "expiration": 4842656655.0,
    "waitstatus": 0,
    "returncode": 0,
    "runtime": 80.02861547470093,
    "exception": {
        "occurred": false,
        "severity": "",
        "type": "",
        "note": ""
    }
}