{
    "id": 15511928700928,
    "userid": 1000,
    "urgency": 16,
    "priority": 16,
    "t_submit": 1689055929.337327,
    "t_depend": 1689055929.337327,
    "t_run": 1689055929.380937,
    "t_cleanup": 1689056009.4062083,
    "t_inactive": 1689056009.407719,
    "state": "INACTIVE",
    "name": "lmp",
    "ntasks": 768,
    "duration": 0.0,
    "nnodes": 12,
    "ranks": "[0-11]",
    "nodelist": "flux-sample-[0-11]",
    "success": true,
    "exception_occurred": false,
    "result": "COMPLETED",
    "expiration": 4842655929.0,
    "waitstatus": 0,
    "returncode": 0,
    "runtime": 80.02527117729187,
    "exception": {
        "occurred": false,
        "severity": "",
        "type": "",
        "note": ""
    }
}