{
    "id": 4719632187392,
    "userid": 1000,
    "urgency": 16,
    "priority": 16,
    "t_submit": 1689055286.0665138,
    "t_depend": 1689055286.0665138,
    "t_run": 1689055286.1098053,
    "t_cleanup": 1689055366.0896964,
    "t_inactive": 1689055366.091284,
    "state": "INACTIVE",
    "name": "lmp",
    "ntasks": 768,
    "duration": 0.0,
    "nnodes": 12,
    "ranks": "[0-11]",
    "nodelist": "flux-sample-[0-11]",
    "success": true,
    "exception_occurred": false,
    "result": "COMPLETED",
    "expiration": 4842655286.0,
    "waitstatus": 0,
    "returncode": 0,
    "runtime": 79.97989106178284,
    "exception": {
        "occurred": false,
        "severity": "",
        "type": "",
        "note": ""
    }
}