{
    "id": 14164600815616,
    "userid": 1000,
    "urgency": 16,
    "priority": 16,
    "t_submit": 1689055849.0306666,
    "t_depend": 1689055849.0306666,
    "t_run": 1689055849.0742617,
    "t_cleanup": 1689055929.0359905,
    "t_inactive": 1689055929.0375202,
    "state": "INACTIVE",
    "name": "lmp",
    "ntasks": 768,
    "duration": 0.0,
    "nnodes": 12,
    "ranks": "[0-11]",
    "nodelist": "flux-sample-[0-11]",
    "success": true,
    "exception_occurred": false,
    "result": "COMPLETED",
    "expiration": 4842655849.0,
    "waitstatus": 0,
    "returncode": 0,
    "runtime": 79.96172881126404,
    "exception": {
        "occurred": false,
        "severity": "",
        "type": "",
        "note": ""
    }
}