{
    "id": 7411603603456,
    "userid": 1000,
    "urgency": 16,
    "priority": 16,
    "t_submit": 1689055446.5207183,
    "t_depend": 1689055446.5207183,
    "t_run": 1689055446.564087,
    "t_cleanup": 1689055526.633945,
    "t_inactive": 1689055526.635449,
    "state": "INACTIVE",
    "name": "lmp",
    "ntasks": 768,
    "duration": 0.0,
    "nnodes": 12,
    "ranks": "[0-11]",
    "nodelist": "flux-sample-[0-11]",
    "success": true,
    "exception_occurred": false,
    "result": "COMPLETED",
    "expiration": 4842655446.0,
    "waitstatus": 0,
    "returncode": 0,
    "runtime": 80.06985807418823,
    "exception": {
        "occurred": false,
        "severity": "",
        "type": "",
        "note": ""
    }
}