{
    "id": 24986072907776,
    "userid": 1000,
    "urgency": 16,
    "priority": 16,
    "t_submit": 1689056494.0410311,
    "t_depend": 1689056494.0410311,
    "t_run": 1689056494.0847144,
    "t_cleanup": 1689056574.4865067,
    "t_inactive": 1689056574.488151,
    "state": "INACTIVE",
    "name": "lmp",
    "ntasks": 768,
    "duration": 0.0,
    "nnodes": 12,
    "ranks": "[0-11]",
    "nodelist": "flux-sample-[0-11]",
    "success": true,
    "exception_occurred": false,
    "result": "COMPLETED",
    "expiration": 4842656494.0,
    "waitstatus": 0,
    "returncode": 0,
    "runtime": 80.40179228782654,
    "exception": {
        "occurred": false,
        "severity": "",
        "type": "",
        "note": ""
    }
}