{
    "id": 19562871390208,
    "userid": 1000,
    "urgency": 16,
    "priority": 16,
    "t_submit": 1689056170.792274,
    "t_depend": 1689056170.792274,
    "t_run": 1689056170.8357897,
    "t_cleanup": 1689056251.237427,
    "t_inactive": 1689056251.2389572,
    "state": "INACTIVE",
    "name": "lmp",
    "ntasks": 768,
    "duration": 0.0,
    "nnodes": 12,
    "ranks": "[0-11]",
    "nodelist": "flux-sample-[0-11]",
    "success": true,
    "exception_occurred": false,
    "result": "COMPLETED",
    "expiration": 4842656170.0,
    "waitstatus": 0,
    "returncode": 0,
    "runtime": 80.40163731575012,
    "exception": {
        "occurred": false,
        "severity": "",
        "type": "",
        "note": ""
    }
}