{
    "id": 6067278839808,
    "userid": 1000,
    "urgency": 16,
    "priority": 16,
    "t_submit": 1689055366.3928165,
    "t_depend": 1689055366.3928165,
    "t_run": 1689055366.436092,
    "t_cleanup": 1689055446.2218451,
    "t_inactive": 1689055446.2233236,
    "state": "INACTIVE",
    "name": "lmp",
    "ntasks": 768,
    "duration": 0.0,
    "nnodes": 12,
    "ranks": "[0-11]",
    "nodelist": "flux-sample-[0-11]",
    "success": true,
    "exception_occurred": false,
    "result": "COMPLETED",
    "expiration": 4842655366.0,
    "waitstatus": 0,
    "returncode": 0,
    "runtime": 79.78575325012207,
    "exception": {
        "occurred": false,
        "severity": "",
        "type": "",
        "note": ""
    }
}