{
    "id": 23631916695552,
    "userid": 1000,
    "urgency": 16,
    "priority": 16,
    "t_submit": 1689056413.3262527,
    "t_depend": 1689056413.3262527,
    "t_run": 1689056413.3698628,
    "t_cleanup": 1689056493.6771867,
    "t_inactive": 1689056493.678715,
    "state": "INACTIVE",
    "name": "lmp",
    "ntasks": 768,
    "duration": 0.0,
    "nnodes": 12,
    "ranks": "[0-11]",
    "nodelist": "flux-sample-[0-11]",
    "success": true,
    "exception_occurred": false,
    "result": "COMPLETED",
    "expiration": 4842656413.0,
    "waitstatus": 0,
    "returncode": 0,
    "runtime": 80.3073239326477,
    "exception": {
        "occurred": false,
        "severity": "",
        "type": "",
        "note": ""
    }
}