{
    "id": 20917598027776,
    "userid": 1000,
    "urgency": 16,
    "priority": 16,
    "t_submit": 1689056251.5408735,
    "t_depend": 1689056251.5408735,
    "t_run": 1689056251.5844388,
    "t_cleanup": 1689056332.434541,
    "t_inactive": 1689056332.4360921,
    "state": "INACTIVE",
    "name": "lmp",
    "ntasks": 768,
    "duration": 0.0,
    "nnodes": 12,
    "ranks": "[0-11]",
    "nodelist": "flux-sample-[0-11]",
    "success": true,
    "exception_occurred": false,
    "result": "COMPLETED",
    "expiration": 4842656251.0,
    "waitstatus": 0,
    "returncode": 0,
    "runtime": 80.850102186203,
    "exception": {
        "occurred": false,
        "severity": "",
        "type": "",
        "note": ""
    }
}