{
    "id": 22279840858112,
    "userid": 1000,
    "urgency": 16,
    "priority": 16,
    "t_submit": 1689056332.7364056,
    "t_depend": 1689056332.7364056,
    "t_run": 1689056332.780106,
    "t_cleanup": 1689056413.025079,
    "t_inactive": 1689056413.0266352,
    "state": "INACTIVE",
    "name": "lmp",
    "ntasks": 768,
    "duration": 0.0,
    "nnodes": 12,
    "ranks": "[0-11]",
    "nodelist": "flux-sample-[0-11]",
    "success": true,
    "exception_occurred": false,
    "result": "COMPLETED",
    "expiration": 4842656332.0,
    "waitstatus": 0,
    "returncode": 0,
    "runtime": 80.24497294425964,
    "exception": {
        "occurred": false,
        "severity": "",
        "type": "",
        "note": ""
    }
}