{
    "id": 12810612375552,
    "userid": 1000,
    "urgency": 16,
    "priority": 16,
    "t_submit": 1689055768.3263361,
    "t_depend": 1689055768.3263361,
    "t_run": 1689055768.3697495,
    "t_cleanup": 1689055848.7298791,
    "t_inactive": 1689055848.7315655,
    "state": "INACTIVE",
    "name": "lmp",
    "ntasks": 768,
    "duration": 0.0,
    "nnodes": 12,
    "ranks": "[0-11]",
    "nodelist": "flux-sample-[0-11]",
    "success": true,
    "exception_occurred": false,
    "result": "COMPLETED",
    "expiration": 4842655768.0,
    "waitstatus": 0,
    "returncode": 0,
    "runtime": 80.36012959480286,
    "exception": {
        "occurred": false,
        "severity": "",
        "type": "",
        "note": ""
    }
}