{
    "id": 2021721636864,
    "userid": 1000,
    "urgency": 16,
    "priority": 16,
    "t_submit": 1689055125.2586071,
    "t_depend": 1689055125.2586071,
    "t_run": 1689055125.3053982,
    "t_cleanup": 1689055205.3396354,
    "t_inactive": 1689055205.3411171,
    "state": "INACTIVE",
    "name": "lmp",
    "ntasks": 768,
    "duration": 0.0,
    "nnodes": 12,
    "ranks": "[0-11]",
    "nodelist": "flux-sample-[0-11]",
    "success": true,
    "exception_occurred": false,
    "result": "COMPLETED",
    "expiration": 4842655125.0,
    "waitstatus": 0,
    "returncode": 0,
    "runtime": 80.03423714637756,
    "exception": {
        "occurred": false,
        "severity": "",
        "type": "",
        "note": ""
    }
}