{
    "id": 11462680510464,
    "userid": 1000,
    "urgency": 16,
    "priority": 16,
    "t_submit": 1689055687.983143,
    "t_depend": 1689055687.983143,
    "t_run": 1689055688.0266733,
    "t_cleanup": 1689055768.0247896,
    "t_inactive": 1689055768.0262992,
    "state": "INACTIVE",
    "name": "lmp",
    "ntasks": 768,
    "duration": 0.0,
    "nnodes": 12,
    "ranks": "[0-11]",
    "nodelist": "flux-sample-[0-11]",
    "success": true,
    "exception_occurred": false,
    "result": "COMPLETED",
    "expiration": 4842655687.0,
    "waitstatus": 0,
    "returncode": 0,
    "runtime": 79.99811625480652,
    "exception": {
        "occurred": false,
        "severity": "",
        "type": "",
        "note": ""
    }
}