{
    "id": 18213882560512,
    "userid": 1000,
    "urgency": 16,
    "priority": 16,
    "t_submit": 1689056090.3867204,
    "t_depend": 1689056090.3867204,
    "t_run": 1689056090.4302323,
    "t_cleanup": 1689056170.4894695,
    "t_inactive": 1689056170.4910173,
    "state": "INACTIVE",
    "name": "lmp",
    "ntasks": 768,
    "duration": 0.0,
    "nnodes": 12,
    "ranks": "[0-11]",
    "nodelist": "flux-sample-[0-11]",
    "success": true,
    "exception_occurred": false,
    "result": "COMPLETED",
    "expiration": 4842656090.0,
    "waitstatus": 0,
    "returncode": 0,
    "runtime": 80.059237241745,
    "exception": {
        "occurred": false,
        "severity": "",
        "type": "",
        "note": ""
    }
}