{
    "id": 15075083550720,
    "userid": 1000,
    "urgency": 16,
    "priority": 16,
    "t_submit": 1687760928.82712,
    "t_depend": 1687760928.82712,
    "t_run": 1687760928.872579,
    "t_cleanup": 1687761007.2244942,
    "t_inactive": 1687761007.2260923,
    "state": "INACTIVE",
    "name": "lmp",
    "ntasks": 768,
    "duration": 0.0,
    "nnodes": 12,
    "ranks": "[0-11]",
    "nodelist": "flux-sample-[0-11]",
    "success": true,
    "exception_occurred": false,
    "result": "COMPLETED",
    "expiration": 4841360928.0,
    "waitstatus": 0,
    "returncode": 0,
    "runtime": 78.35191512107849,
    "exception": {
        "occurred": false,
        "severity": "",
        "type": "",
        "note": ""
    }
}