{
    "id": 17725044817920,
    "userid": 1000,
    "urgency": 16,
    "priority": 16,
    "t_submit": 1687761086.7776897,
    "t_depend": 1687761086.7776897,
    "t_run": 1687761086.8231885,
    "t_cleanup": 1687761165.7414675,
    "t_inactive": 1687761165.7429879,
    "state": "INACTIVE",
    "name": "lmp",
    "ntasks": 768,
    "duration": 0.0,
    "nnodes": 12,
    "ranks": "[0-11]",
    "nodelist": "flux-sample-[0-11]",
    "success": true,
    "exception_occurred": false,
    "result": "COMPLETED",
    "expiration": 4841361086.0,
    "waitstatus": 0,
    "returncode": 0,
    "runtime": 78.91827893257141,
    "exception": {
        "occurred": false,
        "severity": "",
        "type": "",
        "note": ""
    }
}