{
    "id": 9755699445760,
    "userid": 1000,
    "urgency": 16,
    "priority": 16,
    "t_submit": 1687760611.7672083,
    "t_depend": 1687760611.7672083,
    "t_run": 1687760611.8126838,
    "t_cleanup": 1687760690.55003,
    "t_inactive": 1687760690.5515287,
    "state": "INACTIVE",
    "name": "lmp",
    "ntasks": 768,
    "duration": 0.0,
    "nnodes": 12,
    "ranks": "[0-11]",
    "nodelist": "flux-sample-[0-11]",
    "success": true,
    "exception_occurred": false,
    "result": "COMPLETED",
    "expiration": 4841360611.0,
    "waitstatus": 0,
    "returncode": 0,
    "runtime": 78.73734617233276,
    "exception": {
        "occurred": false,
        "severity": "",
        "type": "",
        "note": ""
    }
}