{
    "id": 27033950224384,
    "userid": 1000,
    "urgency": 16,
    "priority": 16,
    "t_submit": 1687761641.6312008,
    "t_depend": 1687761641.6312008,
    "t_run": 1687761641.6767352,
    "t_cleanup": 1687761720.3890772,
    "t_inactive": 1687761720.390753,
    "state": "INACTIVE",
    "name": "lmp",
    "ntasks": 768,
    "duration": 0.0,
    "nnodes": 12,
    "ranks": "[0-11]",
    "nodelist": "flux-sample-[0-11]",
    "success": true,
    "exception_occurred": false,
    "result": "COMPLETED",
    "expiration": 4841361641.0,
    "waitstatus": 0,
    "returncode": 0,
    "runtime": 78.71234202384949,
    "exception": {
        "occurred": false,
        "severity": "",
        "type": "",
        "note": ""
    }
}