{
    "id": 21713140056064,
    "userid": 1000,
    "urgency": 16,
    "priority": 16,
    "t_submit": 1687761324.4865236,
    "t_depend": 1687761324.4865236,
    "t_run": 1687761324.531979,
    "t_cleanup": 1687761403.7719786,
    "t_inactive": 1687761403.7735834,
    "state": "INACTIVE",
    "name": "lmp",
    "ntasks": 768,
    "duration": 0.0,
    "nnodes": 12,
    "ranks": "[0-11]",
    "nodelist": "flux-sample-[0-11]",
    "success": true,
    "exception_occurred": false,
    "result": "COMPLETED",
    "expiration": 4841361324.0,
    "waitstatus": 0,
    "returncode": 0,
    "runtime": 79.23999953269958,
    "exception": {
        "occurred": false,
        "severity": "",
        "type": "",
        "note": ""
    }
}