{
    "id": 12406096920576,
    "userid": 1000,
    "urgency": 16,
    "priority": 16,
    "t_submit": 1687760769.7435684,
    "t_depend": 1687760769.7435684,
    "t_run": 1687760769.7889974,
    "t_cleanup": 1687760849.2090888,
    "t_inactive": 1687760849.2105832,
    "state": "INACTIVE",
    "name": "lmp",
    "ntasks": 768,
    "duration": 0.0,
    "nnodes": 12,
    "ranks": "[0-11]",
    "nodelist": "flux-sample-[0-11]",
    "success": true,
    "exception_occurred": false,
    "result": "COMPLETED",
    "expiration": 4841360769.0,
    "waitstatus": 0,
    "returncode": 0,
    "runtime": 79.42009139060974,
    "exception": {
        "occurred": false,
        "severity": "",
        "type": "",
        "note": ""
    }
}