{
    "id": 7093943795712,
    "userid": 1000,
    "urgency": 16,
    "priority": 16,
    "t_submit": 1687760453.1144032,
    "t_depend": 1687760453.1144032,
    "t_run": 1687760453.1597311,
    "t_cleanup": 1687760532.1433597,
    "t_inactive": 1687760532.1448607,
    "state": "INACTIVE",
    "name": "lmp",
    "ntasks": 768,
    "duration": 0.0,
    "nnodes": 12,
    "ranks": "[0-11]",
    "nodelist": "flux-sample-[0-11]",
    "success": true,
    "exception_occurred": false,
    "result": "COMPLETED",
    "expiration": 4841360453.0,
    "waitstatus": 0,
    "returncode": 0,
    "runtime": 78.98362851142883,
    "exception": {
        "occurred": false,
        "severity": "",
        "type": "",
        "note": ""
    }
}