{
    "id": 16395416895488,
    "userid": 1000,
    "urgency": 16,
    "priority": 16,
    "t_submit": 1687761007.5256062,
    "t_depend": 1687761007.5256062,
    "t_run": 1687761007.571078,
    "t_cleanup": 1687761086.4762945,
    "t_inactive": 1687761086.4779868,
    "state": "INACTIVE",
    "name": "lmp",
    "ntasks": 768,
    "duration": 0.0,
    "nnodes": 12,
    "ranks": "[0-11]",
    "nodelist": "flux-sample-[0-11]",
    "success": true,
    "exception_occurred": false,
    "result": "COMPLETED",
    "expiration": 4841361007.0,
    "waitstatus": 0,
    "returncode": 0,
    "runtime": 78.9052164554596,
    "exception": {
        "occurred": false,
        "severity": "",
        "type": "",
        "note": ""
    }
}