{
    "id": 29683592724480,
    "userid": 1000,
    "urgency": 16,
    "priority": 16,
    "t_submit": 1687761799.5621681,
    "t_depend": 1687761799.5621681,
    "t_run": 1687761799.607722,
    "t_cleanup": 1687761878.0261967,
    "t_inactive": 1687761878.027797,
    "state": "INACTIVE",
    "name": "lmp",
    "ntasks": 768,
    "duration": 0.0,
    "nnodes": 12,
    "ranks": "[0-11]",
    "nodelist": "flux-sample-[0-11]",
    "success": true,
    "exception_occurred": false,
    "result": "COMPLETED",
    "expiration": 4841361799.0,
    "waitstatus": 0,
    "returncode": 0,
    "runtime": 78.41847467422485,
    "exception": {
        "occurred": false,
        "severity": "",
        "type": "",
        "note": ""
    }
}