{
    "id": 24375751344128,
    "userid": 1000,
    "urgency": 16,
    "priority": 16,
    "t_submit": 1687761483.1898925,
    "t_depend": 1687761483.1898925,
    "t_run": 1687761483.235439,
    "t_cleanup": 1687761561.9694843,
    "t_inactive": 1687761561.9710534,
    "state": "INACTIVE",
    "name": "lmp",
    "ntasks": 768,
    "duration": 0.0,
    "nnodes": 12,
    "ranks": "[0-11]",
    "nodelist": "flux-sample-[0-11]",
    "success": true,
    "exception_occurred": false,
    "result": "COMPLETED",
    "expiration": 4841361483.0,
    "waitstatus": 0,
    "returncode": 0,
    "runtime": 78.7340452671051,
    "exception": {
        "occurred": false,
        "severity": "",
        "type": "",
        "note": ""
    }
}