{
    "id": 19054924398592,
    "userid": 1000,
    "urgency": 16,
    "priority": 16,
    "t_submit": 1687761166.0440173,
    "t_depend": 1687761166.0440173,
    "t_run": 1687761166.0895693,
    "t_cleanup": 1687761245.1208878,
    "t_inactive": 1687761245.1225636,
    "state": "INACTIVE",
    "name": "lmp",
    "ntasks": 768,
    "duration": 0.0,
    "nnodes": 12,
    "ranks": "[0-11]",
    "nodelist": "flux-sample-[0-11]",
    "success": true,
    "exception_occurred": false,
    "result": "COMPLETED",
    "expiration": 4841361166.0,
    "waitstatus": 0,
    "returncode": 0,
    "runtime": 79.0313184261322,
    "exception": {
        "occurred": false,
        "severity": "",
        "type": "",
        "note": ""
    }
}