{
    "id": 13744348332032,
    "userid": 1000,
    "urgency": 16,
    "priority": 16,
    "t_submit": 1687760849.5093331,
    "t_depend": 1687760849.5093331,
    "t_run": 1687760849.554829,
    "t_cleanup": 1687760928.527374,
    "t_inactive": 1687760928.5292988,
    "state": "INACTIVE",
    "name": "lmp",
    "ntasks": 768,
    "duration": 0.0,
    "nnodes": 12,
    "ranks": "[0-11]",
    "nodelist": "flux-sample-[0-11]",
    "success": true,
    "exception_occurred": false,
    "result": "COMPLETED",
    "expiration": 4841360849.0,
    "waitstatus": 0,
    "returncode": 0,
    "runtime": 78.97254514694214,
    "exception": {
        "occurred": false,
        "severity": "",
        "type": "",
        "note": ""
    }
}