{
    "id": 28360356921344,
    "userid": 1000,
    "urgency": 16,
    "priority": 16,
    "t_submit": 1687761720.691091,
    "t_depend": 1687761720.691091,
    "t_run": 1687761720.7366645,
    "t_cleanup": 1687761799.2607718,
    "t_inactive": 1687761799.2623827,
    "state": "INACTIVE",
    "name": "lmp",
    "ntasks": 768,
    "duration": 0.0,
    "nnodes": 12,
    "ranks": "[0-11]",
    "nodelist": "flux-sample-[0-11]",
    "success": true,
    "exception_occurred": false,
    "result": "COMPLETED",
    "expiration": 4841361720.0,
    "waitstatus": 0,
    "returncode": 0,
    "runtime": 78.5241072177887,
    "exception": {
        "occurred": false,
        "severity": "",
        "type": "",
        "note": ""
    }
}