{
    "id": 4443714093056,
    "userid": 1000,
    "urgency": 16,
    "priority": 16,
    "t_submit": 1687760295.1481512,
    "t_depend": 1687760295.1481512,
    "t_run": 1687760295.1935344,
    "t_cleanup": 1687760374.1190221,
    "t_inactive": 1687760374.1205776,
    "state": "INACTIVE",
    "name": "lmp",
    "ntasks": 768,
    "duration": 0.0,
    "nnodes": 12,
    "ranks": "[0-11]",
    "nodelist": "flux-sample-[0-11]",
    "success": true,
    "exception_occurred": false,
    "result": "COMPLETED",
    "expiration": 4841360295.0,
    "waitstatus": 0,
    "returncode": 0,
    "runtime": 78.92548775672913,
    "exception": {
        "occurred": false,
        "severity": "",
        "type": "",
        "note": ""
    }
}