{
    "id": 25702493585408,
    "userid": 1000,
    "urgency": 16,
    "priority": 16,
    "t_submit": 1687761562.270027,
    "t_depend": 1687761562.270027,
    "t_run": 1687761562.3155684,
    "t_cleanup": 1687761641.3310041,
    "t_inactive": 1687761641.3325458,
    "state": "INACTIVE",
    "name": "lmp",
    "ntasks": 768,
    "duration": 0.0,
    "nnodes": 12,
    "ranks": "[0-11]",
    "nodelist": "flux-sample-[0-11]",
    "success": true,
    "exception_occurred": false,
    "result": "COMPLETED",
    "expiration": 4841361562.0,
    "waitstatus": 0,
    "returncode": 0,
    "runtime": 79.0154356956482,
    "exception": {
        "occurred": false,
        "severity": "",
        "type": "",
        "note": ""
    }
}