{
    "id": 26563617751040,
    "userid": 1000,
    "urgency": 16,
    "priority": 16,
    "t_submit": 1690228690.1781743,
    "t_depend": 1690228690.1781743,
    "t_run": 1690228690.1927724,
    "t_cleanup": 1690228705.4844716,
    "t_inactive": 1690228705.486926,
    "state": "INACTIVE",
    "name": "lmp",
    "ntasks": 8,
    "duration": 0.0,
    "nnodes": 2,
    "ranks": "[4-5]",
    "nodelist": "flux-sample-[4-5]",
    "success": true,
    "exception_occurred": false,
    "result": "COMPLETED",
    "expiration": 4843828690.0,
    "waitstatus": 0,
    "returncode": 0,
    "runtime": 15.291699171066284,
    "exception": {
        "occurred": false,
        "severity": "",
        "type": "",
        "note": ""
    }
}