{
    "id": 28400991338496,
    "userid": 1000,
    "urgency": 16,
    "priority": 16,
    "t_submit": 1690228799.6940737,
    "t_depend": 1690228799.6940737,
    "t_run": 1690228799.7172945,
    "t_cleanup": 1690228814.7073386,
    "t_inactive": 1690228814.7109156,
    "state": "INACTIVE",
    "name": "lmp",
    "ntasks": 8,
    "duration": 0.0,
    "nnodes": 2,
    "ranks": "[4-5]",
    "nodelist": "flux-sample-[4-5]",
    "success": true,
    "exception_occurred": false,
    "result": "COMPLETED",
    "expiration": 4843828799.0,
    "waitstatus": 0,
    "returncode": 0,
    "runtime": 14.990044116973877,
    "exception": {
        "occurred": false,
        "severity": "",
        "type": "",
        "note": ""
    }
}