{
    "id": 29447839285248,
    "userid": 1000,
    "urgency": 16,
    "priority": 16,
    "t_submit": 1690228862.0914707,
    "t_depend": 1690228862.0914707,
    "t_run": 1690228862.112149,
    "t_cleanup": 1690228877.6247761,
    "t_inactive": 1690228877.627563,
    "state": "INACTIVE",
    "name": "lmp",
    "ntasks": 8,
    "duration": 0.0,
    "nnodes": 2,
    "ranks": "[4-5]",
    "nodelist": "flux-sample-[4-5]",
    "success": true,
    "exception_occurred": false,
    "result": "COMPLETED",
    "expiration": 4843828862.0,
    "waitstatus": 0,
    "returncode": 0,
    "runtime": 15.512627124786377,
    "exception": {
        "occurred": false,
        "severity": "",
        "type": "",
        "note": ""
    }
}