{
    "id": 30505206546432,
    "userid": 1000,
    "urgency": 16,
    "priority": 16,
    "t_submit": 1690228925.1250827,
    "t_depend": 1690228925.1250827,
    "t_run": 1690228925.140365,
    "t_cleanup": 1690228940.3727632,
    "t_inactive": 1690228940.3753185,
    "state": "INACTIVE",
    "name": "lmp",
    "ntasks": 8,
    "duration": 0.0,
    "nnodes": 2,
    "ranks": "[4-5]",
    "nodelist": "flux-sample-[4-5]",
    "success": true,
    "exception_occurred": false,
    "result": "COMPLETED",
    "expiration": 4843828925.0,
    "waitstatus": 0,
    "returncode": 0,
    "runtime": 15.232398271560669,
    "exception": {
        "occurred": false,
        "severity": "",
        "type": "",
        "note": ""
    }
}