{
    "id": 26827254923264,
    "userid": 1000,
    "urgency": 16,
    "priority": 16,
    "t_submit": 1690228705.891866,
    "t_depend": 1690228705.891866,
    "t_run": 1690228705.9099736,
    "t_cleanup": 1690228721.2046266,
    "t_inactive": 1690228721.207141,
    "state": "INACTIVE",
    "name": "lmp",
    "ntasks": 8,
    "duration": 0.0,
    "nnodes": 2,
    "ranks": "[4-5]",
    "nodelist": "flux-sample-[4-5]",
    "success": true,
    "exception_occurred": false,
    "result": "COMPLETED",
    "expiration": 4843828705.0,
    "waitstatus": 0,
    "returncode": 0,
    "runtime": 15.294652938842773,
    "exception": {
        "occurred": false,
        "severity": "",
        "type": "",
        "note": ""
    }
}