{
    "id": 26300131573760,
    "userid": 1000,
    "urgency": 16,
    "priority": 16,
    "t_submit": 1690228674.4729948,
    "t_depend": 1690228674.4729948,
    "t_run": 1690228674.4874632,
    "t_cleanup": 1690228689.7698574,
    "t_inactive": 1690228689.7720108,
    "state": "INACTIVE",
    "name": "lmp",
    "ntasks": 8,
    "duration": 0.0,
    "nnodes": 2,
    "ranks": "[4-5]",
    "nodelist": "flux-sample-[4-5]",
    "success": true,
    "exception_occurred": false,
    "result": "COMPLETED",
    "expiration": 4843828674.0,
    "waitstatus": 0,
    "returncode": 0,
    "runtime": 15.282394170761108,
    "exception": {
        "occurred": false,
        "severity": "",
        "type": "",
        "note": ""
    }
}