{
    "id": 27091026313216,
    "userid": 1000,
    "urgency": 16,
    "priority": 16,
    "t_submit": 1690228721.6149216,
    "t_depend": 1690228721.6149216,
    "t_run": 1690228721.6329486,
    "t_cleanup": 1690228736.780558,
    "t_inactive": 1690228736.7830758,
    "state": "INACTIVE",
    "name": "lmp",
    "ntasks": 8,
    "duration": 0.0,
    "nnodes": 2,
    "ranks": "[4-5]",
    "nodelist": "flux-sample-[4-5]",
    "success": true,
    "exception_occurred": false,
    "result": "COMPLETED",
    "expiration": 4843828721.0,
    "waitstatus": 0,
    "returncode": 0,
    "runtime": 15.14760947227478,
    "exception": {
        "occurred": false,
        "severity": "",
        "type": "",
        "note": ""
    }
}