{
    "id": 30241485488128,
    "userid": 1000,
    "urgency": 16,
    "priority": 16,
    "t_submit": 1690228909.395879,
    "t_depend": 1690228909.395879,
    "t_run": 1690228909.4306867,
    "t_cleanup": 1690228924.6889675,
    "t_inactive": 1690228924.692471,
    "state": "INACTIVE",
    "name": "lmp",
    "ntasks": 8,
    "duration": 0.0,
    "nnodes": 2,
    "ranks": "[4-5]",
    "nodelist": "flux-sample-[4-5]",
    "success": true,
    "exception_occurred": false,
    "result": "COMPLETED",
    "expiration": 4843828909.0,
    "waitstatus": 0,
    "returncode": 0,
    "runtime": 15.258280754089355,
    "exception": {
        "occurred": false,
        "severity": "",
        "type": "",
        "note": ""
    }
}