{
    "id": 25510126026752,
    "userid": 1000,
    "urgency": 16,
    "priority": 16,
    "t_submit": 1690228627.3858607,
    "t_depend": 1690228627.3858607,
    "t_run": 1690228627.4003956,
    "t_cleanup": 1690228642.7594523,
    "t_inactive": 1690228642.7621598,
    "state": "INACTIVE",
    "name": "lmp",
    "ntasks": 8,
    "duration": 0.0,
    "nnodes": 2,
    "ranks": "[4-5]",
    "nodelist": "flux-sample-[4-5]",
    "success": true,
    "exception_occurred": false,
    "result": "COMPLETED",
    "expiration": 4843828627.0,
    "waitstatus": 0,
    "returncode": 0,
    "runtime": 15.3590567111969,
    "exception": {
        "occurred": false,
        "severity": "",
        "type": "",
        "note": ""
    }
}