{
    "id": 28139484872704,
    "userid": 1000,
    "urgency": 16,
    "priority": 16,
    "t_submit": 1690228784.1116436,
    "t_depend": 1690228784.1116436,
    "t_run": 1690228784.131544,
    "t_cleanup": 1690228799.2857578,
    "t_inactive": 1690228799.2885103,
    "state": "INACTIVE",
    "name": "lmp",
    "ntasks": 8,
    "duration": 0.0,
    "nnodes": 2,
    "ranks": "[4-5]",
    "nodelist": "flux-sample-[4-5]",
    "success": true,
    "exception_occurred": false,
    "result": "COMPLETED",
    "expiration": 4843828784.0,
    "waitstatus": 0,
    "returncode": 0,
    "runtime": 15.154213666915894,
    "exception": {
        "occurred": false,
        "severity": "",
        "type": "",
        "note": ""
    }
}