{
    "id": 29185074528256,
    "userid": 1000,
    "urgency": 16,
    "priority": 16,
    "t_submit": 1690228846.431404,
    "t_depend": 1690228846.431404,
    "t_run": 1690228846.4470637,
    "t_cleanup": 1690228861.6793363,
    "t_inactive": 1690228861.6824026,
    "state": "INACTIVE",
    "name": "lmp",
    "ntasks": 8,
    "duration": 0.0,
    "nnodes": 2,
    "ranks": "[4-5]",
    "nodelist": "flux-sample-[4-5]",
    "success": true,
    "exception_occurred": false,
    "result": "COMPLETED",
    "expiration": 4843828846.0,
    "waitstatus": 0,
    "returncode": 0,
    "runtime": 15.232272624969482,
    "exception": {
        "occurred": false,
        "severity": "",
        "type": "",
        "note": ""
    }
}