{
    "id": 29715469434880,
    "userid": 1000,
    "urgency": 16,
    "priority": 16,
    "t_submit": 1690228878.0432868,
    "t_depend": 1690228878.0432868,
    "t_run": 1690228878.058217,
    "t_cleanup": 1690228893.2971952,
    "t_inactive": 1690228893.2998676,
    "state": "INACTIVE",
    "name": "lmp",
    "ntasks": 8,
    "duration": 0.0,
    "nnodes": 2,
    "ranks": "[4-5]",
    "nodelist": "flux-sample-[4-5]",
    "success": true,
    "exception_occurred": false,
    "result": "COMPLETED",
    "expiration": 4843828878.0,
    "waitstatus": 0,
    "returncode": 0,
    "runtime": 15.238978147506714,
    "exception": {
        "occurred": false,
        "severity": "",
        "type": "",
        "note": ""
    }
}