{
    "id": 29978267746304,
    "userid": 1000,
    "urgency": 16,
    "priority": 16,
    "t_submit": 1690228893.7077062,
    "t_depend": 1690228893.7077062,
    "t_run": 1690228893.7356808,
    "t_cleanup": 1690228908.9857333,
    "t_inactive": 1690228908.9882593,
    "state": "INACTIVE",
    "name": "lmp",
    "ntasks": 8,
    "duration": 0.0,
    "nnodes": 2,
    "ranks": "[4-5]",
    "nodelist": "flux-sample-[4-5]",
    "success": true,
    "exception_occurred": false,
    "result": "COMPLETED",
    "expiration": 4843828893.0,
    "waitstatus": 0,
    "returncode": 0,
    "runtime": 15.250052452087402,
    "exception": {
        "occurred": false,
        "severity": "",
        "type": "",
        "note": ""
    }
}