{
    "id": 26037031272448,
    "userid": 1000,
    "urgency": 16,
    "priority": 16,
    "t_submit": 1690228658.7914338,
    "t_depend": 1690228658.7914338,
    "t_run": 1690228658.8065164,
    "t_cleanup": 1690228674.0649354,
    "t_inactive": 1690228674.0673344,
    "state": "INACTIVE",
    "name": "lmp",
    "ntasks": 8,
    "duration": 0.0,
    "nnodes": 2,
    "ranks": "[4-5]",
    "nodelist": "flux-sample-[4-5]",
    "success": true,
    "exception_occurred": false,
    "result": "COMPLETED",
    "expiration": 4843828658.0,
    "waitstatus": 0,
    "returncode": 0,
    "runtime": 15.258419036865234,
    "exception": {
        "occurred": false,
        "severity": "",
        "type": "",
        "note": ""
    }
}