{
    "id": 25775088599040,
    "userid": 1000,
    "urgency": 16,
    "priority": 16,
    "t_submit": 1690228643.1779637,
    "t_depend": 1690228643.1779637,
    "t_run": 1690228643.192734,
    "t_cleanup": 1690228658.3711069,
    "t_inactive": 1690228658.3742118,
    "state": "INACTIVE",
    "name": "lmp",
    "ntasks": 8,
    "duration": 0.0,
    "nnodes": 2,
    "ranks": "[4-5]",
    "nodelist": "flux-sample-[4-5]",
    "success": true,
    "exception_occurred": false,
    "result": "COMPLETED",
    "expiration": 4843828643.0,
    "waitstatus": 0,
    "returncode": 0,
    "runtime": 15.178372859954834,
    "exception": {
        "occurred": false,
        "severity": "",
        "type": "",
        "note": ""
    }
}