{
    "id": 325779980288,
    "userid": 1234,
    "urgency": 16,
    "priority": 16,
    "t_submit": 1684197530.9964654,
    "t_depend": 1684197531.0078094,
    "t_run": 1684197531.0213165,
    "t_cleanup": 1684197531.380888,
    "t_inactive": 1684197531.38249,
    "state": "INACTIVE",
    "name": "hello_c",
    "ntasks": 112,
    "ncores": 112,
    "duration": 0.0,
    "nnodes": 2,
    "ranks": "[0-1]",
    "nodelist": "flux-sample-[0-1]",
    "success": true,
    "exception_occurred": false,
    "result": "COMPLETED",
    "expiration": 4837797531.0,
    "waitstatus": 0,
    "returncode": 0,
    "runtime": 0.3595714569091797,
    "exception": {
        "occurred": false,
        "severity": "",
        "type": "",
        "note": ""
    }
}