{
    "id": 229478760448,
    "userid": 1234,
    "urgency": 16,
    "priority": 16,
    "t_submit": 1684197525.257405,
    "t_depend": 1684197525.2688353,
    "t_run": 1684197525.2819276,
    "t_cleanup": 1684197525.6322844,
    "t_inactive": 1684197525.633811,
    "state": "INACTIVE",
    "name": "hello_c",
    "ntasks": 112,
    "ncores": 112,
    "duration": 0.0,
    "nnodes": 2,
    "ranks": "[0-1]",
    "nodelist": "flux-sample-[0-1]",
    "success": true,
    "exception_occurred": false,
    "result": "COMPLETED",
    "expiration": 4837797525.0,
    "waitstatus": 0,
    "returncode": 0,
    "runtime": 0.3503568172454834,
    "exception": {
        "occurred": false,
        "severity": "",
        "type": "",
        "note": ""
    }
}