{
    "id": 387755016192,
    "userid": 1234,
    "urgency": 16,
    "priority": 16,
    "t_submit": 1684197534.690504,
    "t_depend": 1684197534.7019491,
    "t_run": 1684197534.715106,
    "t_cleanup": 1684197535.0459523,
    "t_inactive": 1684197535.0474086,
    "state": "INACTIVE",
    "name": "hello_c",
    "ntasks": 112,
    "ncores": 112,
    "duration": 0.0,
    "nnodes": 2,
    "ranks": "[0-1]",
    "nodelist": "flux-sample-[0-1]",
    "success": true,
    "exception_occurred": false,
    "result": "COMPLETED",
    "expiration": 4837797534.0,
    "waitstatus": 0,
    "returncode": 0,
    "runtime": 0.33084630966186523,
    "exception": {
        "occurred": false,
        "severity": "",
        "type": "",
        "note": ""
    }
}