{
    "id": 307996131328,
    "userid": 1234,
    "urgency": 16,
    "priority": 16,
    "t_submit": 1684197529.937196,
    "t_depend": 1684197529.9486396,
    "t_run": 1684197529.9618976,
    "t_cleanup": 1684197530.3978746,
    "t_inactive": 1684197530.399441,
    "state": "INACTIVE",
    "name": "hello_c",
    "ntasks": 112,
    "ncores": 112,
    "duration": 0.0,
    "nnodes": 2,
    "ranks": "[0-1]",
    "nodelist": "flux-sample-[0-1]",
    "success": true,
    "exception_occurred": false,
    "result": "COMPLETED",
    "expiration": 4837797529.0,
    "waitstatus": 0,
    "returncode": 0,
    "runtime": 0.4359769821166992,
    "exception": {
        "occurred": false,
        "severity": "",
        "type": "",
        "note": ""
    }
}