{
    "id": 342808854528,
    "userid": 1234,
    "urgency": 16,
    "priority": 16,
    "t_submit": 1684197532.0122666,
    "t_depend": 1684197532.023499,
    "t_run": 1684197532.036967,
    "t_cleanup": 1684197532.4092803,
    "t_inactive": 1684197532.41079,
    "state": "INACTIVE",
    "name": "hello_c",
    "ntasks": 112,
    "ncores": 112,
    "duration": 0.0,
    "nnodes": 2,
    "ranks": "[0-1]",
    "nodelist": "flux-sample-[0-1]",
    "success": true,
    "exception_occurred": false,
    "result": "COMPLETED",
    "expiration": 4837797532.0,
    "waitstatus": 0,
    "returncode": 0,
    "runtime": 0.3723132610321045,
    "exception": {
        "occurred": false,
        "severity": "",
        "type": "",
        "note": ""
    }
}