{
    "id": 351331680256,
    "userid": 1234,
    "urgency": 16,
    "priority": 16,
    "t_submit": 1684197532.5197146,
    "t_depend": 1684197532.531196,
    "t_run": 1684197532.5443053,
    "t_cleanup": 1684197532.9851718,
    "t_inactive": 1684197532.9866445,
    "state": "INACTIVE",
    "name": "hello_c",
    "ntasks": 112,
    "ncores": 112,
    "duration": 0.0,
    "nnodes": 2,
    "ranks": "[0-1]",
    "nodelist": "flux-sample-[0-1]",
    "success": true,
    "exception_occurred": false,
    "result": "COMPLETED",
    "expiration": 4837797532.0,
    "waitstatus": 0,
    "returncode": 0,
    "runtime": 0.44086647033691406,
    "exception": {
        "occurred": false,
        "severity": "",
        "type": "",
        "note": ""
    }
}