{
    "id": 369551736832,
    "userid": 1234,
    "urgency": 16,
    "priority": 16,
    "t_submit": 1684197533.6063688,
    "t_depend": 1684197533.6182647,
    "t_run": 1684197533.6314878,
    "t_cleanup": 1684197534.0336862,
    "t_inactive": 1684197534.035483,
    "state": "INACTIVE",
    "name": "hello_c",
    "ntasks": 112,
    "ncores": 112,
    "duration": 0.0,
    "nnodes": 2,
    "ranks": "[0-1]",
    "nodelist": "flux-sample-[0-1]",
    "success": true,
    "exception_occurred": false,
    "result": "COMPLETED",
    "expiration": 4837797533.0,
    "waitstatus": 0,
    "returncode": 0,
    "runtime": 0.40219831466674805,
    "exception": {
        "occurred": false,
        "severity": "",
        "type": "",
        "note": ""
    }
}