{
    "id": 272864641024,
    "userid": 1234,
    "urgency": 16,
    "priority": 16,
    "t_submit": 1684197527.8431046,
    "t_depend": 1684197527.8543196,
    "t_run": 1684197527.867769,
    "t_cleanup": 1684197528.2555149,
    "t_inactive": 1684197528.2570717,
    "state": "INACTIVE",
    "name": "hello_c",
    "ntasks": 112,
    "ncores": 112,
    "duration": 0.0,
    "nnodes": 2,
    "ranks": "[0-1]",
    "nodelist": "flux-sample-[0-1]",
    "success": true,
    "exception_occurred": false,
    "result": "COMPLETED",
    "expiration": 4837797527.0,
    "waitstatus": 0,
    "returncode": 0,
    "runtime": 0.38774585723876953,
    "exception": {
        "occurred": false,
        "severity": "",
        "type": "",
        "note": ""
    }
}