{
    "id": 317508812800,
    "userid": 1234,
    "urgency": 16,
    "priority": 16,
    "t_submit": 1684197530.5043678,
    "t_depend": 1684197530.5157495,
    "t_run": 1684197530.529115,
    "t_cleanup": 1684197530.8911195,
    "t_inactive": 1684197530.8927367,
    "state": "INACTIVE",
    "name": "hello_c",
    "ntasks": 112,
    "ncores": 112,
    "duration": 0.0,
    "nnodes": 2,
    "ranks": "[0-1]",
    "nodelist": "flux-sample-[0-1]",
    "success": true,
    "exception_occurred": false,
    "result": "COMPLETED",
    "expiration": 4837797530.0,
    "waitstatus": 0,
    "returncode": 0,
    "runtime": 0.36200451850891113,
    "exception": {
        "occurred": false,
        "severity": "",
        "type": "",
        "note": ""
    }
}