{
    "id": 237615710208,
    "userid": 1234,
    "urgency": 16,
    "priority": 16,
    "t_submit": 1684197525.7422624,
    "t_depend": 1684197525.7534974,
    "t_run": 1684197525.7670789,
    "t_cleanup": 1684197526.1583278,
    "t_inactive": 1684197526.1599438,
    "state": "INACTIVE",
    "name": "hello_c",
    "ntasks": 112,
    "ncores": 112,
    "duration": 0.0,
    "nnodes": 2,
    "ranks": "[0-1]",
    "nodelist": "flux-sample-[0-1]",
    "success": true,
    "exception_occurred": false,
    "result": "COMPLETED",
    "expiration": 4837797525.0,
    "waitstatus": 0,
    "returncode": 0,
    "runtime": 0.3912489414215088,
    "exception": {
        "occurred": false,
        "severity": "",
        "type": "",
        "note": ""
    }
}