{
    "id": 360928247808,
    "userid": 1234,
    "urgency": 16,
    "priority": 16,
    "t_submit": 1684197533.0915713,
    "t_depend": 1684197533.1027632,
    "t_run": 1684197533.116063,
    "t_cleanup": 1684197533.4995573,
    "t_inactive": 1684197533.5012162,
    "state": "INACTIVE",
    "name": "hello_c",
    "ntasks": 112,
    "ncores": 112,
    "duration": 0.0,
    "nnodes": 2,
    "ranks": "[0-1]",
    "nodelist": "flux-sample-[0-1]",
    "success": true,
    "exception_occurred": false,
    "result": "COMPLETED",
    "expiration": 4837797533.0,
    "waitstatus": 0,
    "returncode": 0,
    "runtime": 0.38349413871765137,
    "exception": {
        "occurred": false,
        "severity": "",
        "type": "",
        "note": ""
    }
}