{
    "id": 263687503872,
    "userid": 1234,
    "urgency": 16,
    "priority": 16,
    "t_submit": 1684197527.295627,
    "t_depend": 1684197527.306826,
    "t_run": 1684197527.320354,
    "t_cleanup": 1684197527.736368,
    "t_inactive": 1684197527.7379026,
    "state": "INACTIVE",
    "name": "hello_c",
    "ntasks": 112,
    "ncores": 112,
    "duration": 0.0,
    "nnodes": 2,
    "ranks": "[0-1]",
    "nodelist": "flux-sample-[0-1]",
    "success": true,
    "exception_occurred": false,
    "result": "COMPLETED",
    "expiration": 4837797527.0,
    "waitstatus": 0,
    "returncode": 0,
    "runtime": 0.4160139560699463,
    "exception": {
        "occurred": false,
        "severity": "",
        "type": "",
        "note": ""
    }
}