{
    "id": 334067924992,
    "userid": 1234,
    "urgency": 16,
    "priority": 16,
    "t_submit": 1684197531.491028,
    "t_depend": 1684197531.5024624,
    "t_run": 1684197531.5155494,
    "t_cleanup": 1684197531.9038413,
    "t_inactive": 1684197531.9053247,
    "state": "INACTIVE",
    "name": "hello_c",
    "ntasks": 112,
    "ncores": 112,
    "duration": 0.0,
    "nnodes": 2,
    "ranks": "[0-1]",
    "nodelist": "flux-sample-[0-1]",
    "success": true,
    "exception_occurred": false,
    "result": "COMPLETED",
    "expiration": 4837797531.0,
    "waitstatus": 0,
    "returncode": 0,
    "runtime": 0.3882918357849121,
    "exception": {
        "occurred": false,
        "severity": "",
        "type": "",
        "note": ""
    }
}