{
    "id": 281555238912,
    "userid": 1234,
    "urgency": 16,
    "priority": 16,
    "t_submit": 1684197528.3611853,
    "t_depend": 1684197528.372307,
    "t_run": 1684197528.3856258,
    "t_cleanup": 1684197528.7917612,
    "t_inactive": 1684197528.7931576,
    "state": "INACTIVE",
    "name": "hello_c",
    "ntasks": 112,
    "ncores": 112,
    "duration": 0.0,
    "nnodes": 2,
    "ranks": "[0-1]",
    "nodelist": "flux-sample-[0-1]",
    "success": true,
    "exception_occurred": false,
    "result": "COMPLETED",
    "expiration": 4837797528.0,
    "waitstatus": 0,
    "returncode": 0,
    "runtime": 0.40613532066345215,
    "exception": {
        "occurred": false,
        "severity": "",
        "type": "",
        "note": ""
    }
}