{
    "id": 395640307712,
    "userid": 1234,
    "urgency": 16,
    "priority": 16,
    "t_submit": 1684197535.1610274,
    "t_depend": 1684197535.1722102,
    "t_run": 1684197535.1852777,
    "t_cleanup": 1684197535.5692377,
    "t_inactive": 1684197535.570617,
    "state": "INACTIVE",
    "name": "hello_c",
    "ntasks": 112,
    "ncores": 112,
    "duration": 0.0,
    "nnodes": 2,
    "ranks": "[0-1]",
    "nodelist": "flux-sample-[0-1]",
    "success": true,
    "exception_occurred": false,
    "result": "COMPLETED",
    "expiration": 4837797535.0,
    "waitstatus": 0,
    "returncode": 0,
    "runtime": 0.3839600086212158,
    "exception": {
        "occurred": false,
        "severity": "",
        "type": "",
        "note": ""
    }
}