{
    "id": 299573968896,
    "userid": 1234,
    "urgency": 16,
    "priority": 16,
    "t_submit": 1684197529.4346426,
    "t_depend": 1684197529.4459853,
    "t_run": 1684197529.4596784,
    "t_cleanup": 1684197529.8300884,
    "t_inactive": 1684197529.8317833,
    "state": "INACTIVE",
    "name": "hello_c",
    "ntasks": 112,
    "ncores": 112,
    "duration": 0.0,
    "nnodes": 2,
    "ranks": "[0-1]",
    "nodelist": "flux-sample-[0-1]",
    "success": true,
    "exception_occurred": false,
    "result": "COMPLETED",
    "expiration": 4837797529.0,
    "waitstatus": 0,
    "returncode": 0,
    "runtime": 0.3704099655151367,
    "exception": {
        "occurred": false,
        "severity": "",
        "type": "",
        "note": ""
    }
}