{
    "id": 255181455360,
    "userid": 1234,
    "urgency": 16,
    "priority": 16,
    "t_submit": 1684197526.7893958,
    "t_depend": 1684197526.8007329,
    "t_run": 1684197526.8136573,
    "t_cleanup": 1684197527.187411,
    "t_inactive": 1684197527.1889503,
    "state": "INACTIVE",
    "name": "hello_c",
    "ntasks": 112,
    "ncores": 112,
    "duration": 0.0,
    "nnodes": 2,
    "ranks": "[0-1]",
    "nodelist": "flux-sample-[0-1]",
    "success": true,
    "exception_occurred": false,
    "result": "COMPLETED",
    "expiration": 4837797526.0,
    "waitstatus": 0,
    "returncode": 0,
    "runtime": 0.37375378608703613,
    "exception": {
        "occurred": false,
        "severity": "",
        "type": "",
        "note": ""
    }
}