{
    "id": 3429497831424,
    "userid": 1000,
    "urgency": 16,
    "priority": 16,
    "t_submit": 1684026272.3998148,
    "t_depend": 1684026272.4111907,
    "t_run": 1684026272.4338884,
    "t_cleanup": 1684026286.2094104,
    "t_inactive": 1684026286.2116354,
    "state": "INACTIVE",
    "name": "lmp",
    "ntasks": 224,
    "ncores": 224,
    "duration": 0.0,
    "nnodes": 4,
    "ranks": "[0-3]",
    "nodelist": "flux-sample-[4-7]",
    "success": true,
    "exception_occurred": false,
    "result": "COMPLETED",
    "expiration": 4837626272.0,
    "waitstatus": 0,
    "returncode": 0,
    "runtime": 13.775521993637085,
    "exception": {
        "occurred": false,
        "severity": "",
        "type": "",
        "note": ""
    }
}