{
    "id": 5587635011584,
    "userid": 1000,
    "urgency": 16,
    "priority": 16,
    "t_submit": 1684026401.0347586,
    "t_depend": 1684026401.0462322,
    "t_run": 1684026401.0689287,
    "t_cleanup": 1684026415.0023582,
    "t_inactive": 1684026415.004069,
    "state": "INACTIVE",
    "name": "lmp",
    "ntasks": 224,
    "ncores": 224,
    "duration": 0.0,
    "nnodes": 4,
    "ranks": "[0-3]",
    "nodelist": "flux-sample-[4-7]",
    "success": true,
    "exception_occurred": false,
    "result": "COMPLETED",
    "expiration": 4837626401.0,
    "waitstatus": 0,
    "returncode": 0,
    "runtime": 13.933429479598999,
    "exception": {
        "occurred": false,
        "severity": "",
        "type": "",
        "note": ""
    }
}