{
    "id": 5344264716288,
    "userid": 1000,
    "urgency": 16,
    "priority": 16,
    "t_submit": 1684026386.528532,
    "t_depend": 1684026386.540242,
    "t_run": 1684026386.5630627,
    "t_cleanup": 1684026400.7581158,
    "t_inactive": 1684026400.7603943,
    "state": "INACTIVE",
    "name": "lmp",
    "ntasks": 224,
    "ncores": 224,
    "duration": 0.0,
    "nnodes": 4,
    "ranks": "[0-3]",
    "nodelist": "flux-sample-[4-7]",
    "success": true,
    "exception_occurred": false,
    "result": "COMPLETED",
    "expiration": 4837626386.0,
    "waitstatus": 0,
    "returncode": 0,
    "runtime": 14.195053100585938,
    "exception": {
        "occurred": false,
        "severity": "",
        "type": "",
        "note": ""
    }
}