{
    "id": 4149441724416,
    "userid": 1000,
    "urgency": 16,
    "priority": 16,
    "t_submit": 1684026315.3110347,
    "t_depend": 1684026315.3224785,
    "t_run": 1684026315.3451557,
    "t_cleanup": 1684026329.3078551,
    "t_inactive": 1684026329.3099225,
    "state": "INACTIVE",
    "name": "lmp",
    "ntasks": 224,
    "ncores": 224,
    "duration": 0.0,
    "nnodes": 4,
    "ranks": "[0-3]",
    "nodelist": "flux-sample-[4-7]",
    "success": true,
    "exception_occurred": false,
    "result": "COMPLETED",
    "expiration": 4837626315.0,
    "waitstatus": 0,
    "returncode": 0,
    "runtime": 13.96269941329956,
    "exception": {
        "occurred": false,
        "severity": "",
        "type": "",
        "note": ""
    }
}