{
    "id": 727996956672,
    "userid": 1000,
    "urgency": 16,
    "priority": 16,
    "t_submit": 1684112473.5003173,
    "t_depend": 1684112473.5120964,
    "t_run": 1684112473.535172,
    "t_cleanup": 1684112473.7376187,
    "t_inactive": 1684112473.7390256,
    "state": "INACTIVE",
    "name": "hostname",
    "ntasks": 224,
    "ncores": 224,
    "duration": 0.0,
    "nnodes": 4,
    "ranks": "[0-3]",
    "nodelist": "flux-sample-[4-7]",
    "success": true,
    "exception_occurred": false,
    "result": "COMPLETED",
    "expiration": 4837712473.0,
    "waitstatus": 0,
    "returncode": 0,
    "runtime": 0.20244669914245605,
    "exception": {
        "occurred": false,
        "severity": "",
        "type": "",
        "note": ""
    }
}