{
    "id": 660619657216,
    "userid": 1000,
    "urgency": 16,
    "priority": 16,
    "t_submit": 1684112469.4840264,
    "t_depend": 1684112469.495817,
    "t_run": 1684112469.5183487,
    "t_cleanup": 1684112469.7246344,
    "t_inactive": 1684112469.7260387,
    "state": "INACTIVE",
    "name": "hostname",
    "ntasks": 224,
    "ncores": 224,
    "duration": 0.0,
    "nnodes": 4,
    "ranks": "[0-3]",
    "nodelist": "flux-sample-[4-7]",
    "success": true,
    "exception_occurred": false,
    "result": "COMPLETED",
    "expiration": 4837712469.0,
    "waitstatus": 0,
    "returncode": 0,
    "runtime": 0.20628571510314941,
    "exception": {
        "occurred": false,
        "severity": "",
        "type": "",
        "note": ""
    }
}