{
    "id": 721705500672,
    "userid": 1000,
    "urgency": 16,
    "priority": 16,
    "t_submit": 1684112473.1250594,
    "t_depend": 1684112473.1365855,
    "t_run": 1684112473.1591945,
    "t_cleanup": 1684112473.3738463,
    "t_inactive": 1684112473.3753014,
    "state": "INACTIVE",
    "name": "hostname",
    "ntasks": 224,
    "ncores": 224,
    "duration": 0.0,
    "nnodes": 4,
    "ranks": "[0-3]",
    "nodelist": "flux-sample-[4-7]",
    "success": true,
    "exception_occurred": false,
    "result": "COMPLETED",
    "expiration": 4837712473.0,
    "waitstatus": 0,
    "returncode": 0,
    "runtime": 0.21465182304382324,
    "exception": {
        "occurred": false,
        "severity": "",
        "type": "",
        "note": ""
    }
}