{
    "id": 734204526592,
    "userid": 1000,
    "urgency": 16,
    "priority": 16,
    "t_submit": 1684112473.869688,
    "t_depend": 1684112473.8810682,
    "t_run": 1684112473.904076,
    "t_cleanup": 1684112474.1072,
    "t_inactive": 1684112474.1085942,
    "state": "INACTIVE",
    "name": "hostname",
    "ntasks": 224,
    "ncores": 224,
    "duration": 0.0,
    "nnodes": 4,
    "ranks": "[0-3]",
    "nodelist": "flux-sample-[4-7]",
    "success": true,
    "exception_occurred": false,
    "result": "COMPLETED",
    "expiration": 4837712473.0,
    "waitstatus": 0,
    "returncode": 0,
    "runtime": 0.2031238079071045,
    "exception": {
        "occurred": false,
        "severity": "",
        "type": "",
        "note": ""
    }
}