{
    "id": 697395314688,
    "userid": 1000,
    "urgency": 16,
    "priority": 16,
    "t_submit": 1684112471.6756527,
    "t_depend": 1684112471.68723,
    "t_run": 1684112471.709497,
    "t_cleanup": 1684112471.9092345,
    "t_inactive": 1684112471.9106467,
    "state": "INACTIVE",
    "name": "hostname",
    "ntasks": 224,
    "ncores": 224,
    "duration": 0.0,
    "nnodes": 4,
    "ranks": "[0-3]",
    "nodelist": "flux-sample-[4-7]",
    "success": true,
    "exception_occurred": false,
    "result": "COMPLETED",
    "expiration": 4837712471.0,
    "waitstatus": 0,
    "returncode": 0,
    "runtime": 0.199737548828125,
    "exception": {
        "occurred": false,
        "severity": "",
        "type": "",
        "note": ""
    }
}