{
    "id": 764739059712,
    "userid": 1000,
    "urgency": 16,
    "priority": 16,
    "t_submit": 1684112475.6903672,
    "t_depend": 1684112475.7021477,
    "t_run": 1684112475.724685,
    "t_cleanup": 1684112475.9266365,
    "t_inactive": 1684112475.927976,
    "state": "INACTIVE",
    "name": "hostname",
    "ntasks": 224,
    "ncores": 224,
    "duration": 0.0,
    "nnodes": 4,
    "ranks": "[0-3]",
    "nodelist": "flux-sample-[4-7]",
    "success": true,
    "exception_occurred": false,
    "result": "COMPLETED",
    "expiration": 4837712475.0,
    "waitstatus": 0,
    "returncode": 0,
    "runtime": 0.2019515037536621,
    "exception": {
        "occurred": false,
        "severity": "",
        "type": "",
        "note": ""
    }
}