{
    "id": 685198278656,
    "userid": 1000,
    "urgency": 16,
    "priority": 16,
    "t_submit": 1684112470.9486895,
    "t_depend": 1684112470.9600477,
    "t_run": 1684112470.9825902,
    "t_cleanup": 1684112471.183532,
    "t_inactive": 1684112471.1848798,
    "state": "INACTIVE",
    "name": "hostname",
    "ntasks": 224,
    "ncores": 224,
    "duration": 0.0,
    "nnodes": 4,
    "ranks": "[0-3]",
    "nodelist": "flux-sample-[4-7]",
    "success": true,
    "exception_occurred": false,
    "result": "COMPLETED",
    "expiration": 4837712470.0,
    "waitstatus": 0,
    "returncode": 0,
    "runtime": 0.200941801071167,
    "exception": {
        "occurred": false,
        "severity": "",
        "type": "",
        "note": ""
    }
}