{
    "id": 666760118272,
    "userid": 1000,
    "urgency": 16,
    "priority": 16,
    "t_submit": 1684112469.8500307,
    "t_depend": 1684112469.861513,
    "t_run": 1684112469.8835204,
    "t_cleanup": 1684112470.0977654,
    "t_inactive": 1684112470.0991051,
    "state": "INACTIVE",
    "name": "hostname",
    "ntasks": 224,
    "ncores": 224,
    "duration": 0.0,
    "nnodes": 4,
    "ranks": "[0-3]",
    "nodelist": "flux-sample-[4-7]",
    "success": true,
    "exception_occurred": false,
    "result": "COMPLETED",
    "expiration": 4837712469.0,
    "waitstatus": 0,
    "returncode": 0,
    "runtime": 0.21424508094787598,
    "exception": {
        "occurred": false,
        "severity": "",
        "type": "",
        "note": ""
    }
}