{
    "id": 758615375872,
    "userid": 1000,
    "urgency": 16,
    "priority": 16,
    "t_submit": 1684112475.324591,
    "t_depend": 1684112475.3362763,
    "t_run": 1684112475.358969,
    "t_cleanup": 1684112475.5638213,
    "t_inactive": 1684112475.5651913,
    "state": "INACTIVE",
    "name": "hostname",
    "ntasks": 224,
    "ncores": 224,
    "duration": 0.0,
    "nnodes": 4,
    "ranks": "[0-3]",
    "nodelist": "flux-sample-[4-7]",
    "success": true,
    "exception_occurred": false,
    "result": "COMPLETED",
    "expiration": 4837712475.0,
    "waitstatus": 0,
    "returncode": 0,
    "runtime": 0.20485234260559082,
    "exception": {
        "occurred": false,
        "severity": "",
        "type": "",
        "note": ""
    }
}