{
    "id": 691238076416,
    "userid": 1000,
    "urgency": 16,
    "priority": 16,
    "t_submit": 1684112471.3089561,
    "t_depend": 1684112471.3202732,
    "t_run": 1684112471.3427327,
    "t_cleanup": 1684112471.5500257,
    "t_inactive": 1684112471.5513601,
    "state": "INACTIVE",
    "name": "hostname",
    "ntasks": 224,
    "ncores": 224,
    "duration": 0.0,
    "nnodes": 4,
    "ranks": "[0-3]",
    "nodelist": "flux-sample-[4-7]",
    "success": true,
    "exception_occurred": false,
    "result": "COMPLETED",
    "expiration": 4837712471.0,
    "waitstatus": 0,
    "returncode": 0,
    "runtime": 0.20729303359985352,
    "exception": {
        "occurred": false,
        "severity": "",
        "type": "",
        "note": ""
    }
}