{
    "id": 673034797056,
    "userid": 1000,
    "urgency": 16,
    "priority": 16,
    "t_submit": 1684112470.224156,
    "t_depend": 1684112470.2355874,
    "t_run": 1684112470.2582061,
    "t_cleanup": 1684112470.4627564,
    "t_inactive": 1684112470.4641628,
    "state": "INACTIVE",
    "name": "hostname",
    "ntasks": 224,
    "ncores": 224,
    "duration": 0.0,
    "nnodes": 4,
    "ranks": "[0-3]",
    "nodelist": "flux-sample-[4-7]",
    "success": true,
    "exception_occurred": false,
    "result": "COMPLETED",
    "expiration": 4837712470.0,
    "waitstatus": 0,
    "returncode": 0,
    "runtime": 0.20455026626586914,
    "exception": {
        "occurred": false,
        "severity": "",
        "type": "",
        "note": ""
    }
}