{
    "times": {
        "5s": [
            14.019484519958496,
            30.667420864105225,
            32.294824838638306,
            29.192103624343872,
            30.43656587600708,
            29.94090461730957,
            31.869441270828247,
            30.074448585510254,
            30.623727798461914,
            31.475736141204834,
            30.42253017425537,
            32.26000738143921,
            30.554864406585693,
            30.147820711135864,
            28.628244161605835,
            32.013588190078735,
            30.33239436149597,
            31.673874378204346,
            30.844552516937256,
            29.558332204818726
        ]
    },
    "means": {
        "5s": 29.85154333114624
    },
    "stds": {
        "5s": 3.858923679201178
    }
}