{
    "id": 2251015847936,
    "userid": 1234,
    "urgency": 16,
    "priority": 16,
    "t_submit": 1684197418.5662105,
    "t_depend": 1684197418.578378,
    "t_run": 1684197418.5938492,
    "t_cleanup": 1684197418.7751188,
    "t_inactive": 1684197418.7773454,
    "state": "INACTIVE",
    "name": "ring_mpifh",
    "ntasks": 56,
    "ncores": 56,
    "duration": 0.0,
    "nnodes": 1,
    "ranks": "0",
    "nodelist": "flux-sample-0",
    "success": true,
    "exception_occurred": false,
    "result": "COMPLETED",
    "expiration": 4837797418.0,
    "waitstatus": 0,
    "returncode": 0,
    "runtime": 0.18126964569091797,
    "exception": {
        "occurred": false,
        "severity": "",
        "type": "",
        "note": ""
    }
}