{
    "id": 2203267891200,
    "userid": 1234,
    "urgency": 16,
    "priority": 16,
    "t_submit": 1684197415.7203338,
    "t_depend": 1684197415.7322247,
    "t_run": 1684197415.7470682,
    "t_cleanup": 1684197415.9239948,
    "t_inactive": 1684197415.9261796,
    "state": "INACTIVE",
    "name": "ring_mpifh",
    "ntasks": 56,
    "ncores": 56,
    "duration": 0.0,
    "nnodes": 1,
    "ranks": "0",
    "nodelist": "flux-sample-0",
    "success": true,
    "exception_occurred": false,
    "result": "COMPLETED",
    "expiration": 4837797415.0,
    "waitstatus": 0,
    "returncode": 0,
    "runtime": 0.1769266128540039,
    "exception": {
        "occurred": false,
        "severity": "",
        "type": "",
        "note": ""
    }
}