{
    "id": 2229893332992,
    "userid": 1234,
    "urgency": 16,
    "priority": 16,
    "t_submit": 1684197417.3071682,
    "t_depend": 1684197417.3192804,
    "t_run": 1684197417.3341415,
    "t_cleanup": 1684197417.5132174,
    "t_inactive": 1684197417.5153315,
    "state": "INACTIVE",
    "name": "ring_mpifh",
    "ntasks": 56,
    "ncores": 56,
    "duration": 0.0,
    "nnodes": 1,
    "ranks": "0",
    "nodelist": "flux-sample-0",
    "success": true,
    "exception_occurred": false,
    "result": "COMPLETED",
    "expiration": 4837797417.0,
    "waitstatus": 0,
    "returncode": 0,
    "runtime": 0.1790759563446045,
    "exception": {
        "occurred": false,
        "severity": "",
        "type": "",
        "note": ""
    }
}