{
    "id": 2267155529728,
    "userid": 1234,
    "urgency": 16,
    "priority": 16,
    "t_submit": 1684197419.528368,
    "t_depend": 1684197419.540608,
    "t_run": 1684197419.5556207,
    "t_cleanup": 1684197419.7364023,
    "t_inactive": 1684197419.7390318,
    "state": "INACTIVE",
    "name": "ring_mpifh",
    "ntasks": 56,
    "ncores": 56,
    "duration": 0.0,
    "nnodes": 1,
    "ranks": "0",
    "nodelist": "flux-sample-0",
    "success": true,
    "exception_occurred": false,
    "result": "COMPLETED",
    "expiration": 4837797419.0,
    "waitstatus": 0,
    "returncode": 0,
    "runtime": 0.18078160285949707,
    "exception": {
        "occurred": false,
        "severity": "",
        "type": "",
        "note": ""
    }
}