{
    "id": 2192849240064,
    "userid": 1234,
    "urgency": 16,
    "priority": 16,
    "t_submit": 1684197415.098756,
    "t_depend": 1684197415.1109655,
    "t_run": 1684197415.1257322,
    "t_cleanup": 1684197415.3070889,
    "t_inactive": 1684197415.309278,
    "state": "INACTIVE",
    "name": "ring_mpifh",
    "ntasks": 56,
    "ncores": 56,
    "duration": 0.0,
    "nnodes": 1,
    "ranks": "0",
    "nodelist": "flux-sample-0",
    "success": true,
    "exception_occurred": false,
    "result": "COMPLETED",
    "expiration": 4837797415.0,
    "waitstatus": 0,
    "returncode": 0,
    "runtime": 0.18135666847229004,
    "exception": {
        "occurred": false,
        "severity": "",
        "type": "",
        "note": ""
    }
}