{
    "id": 2213938200576,
    "userid": 1234,
    "urgency": 16,
    "priority": 16,
    "t_submit": 1684197416.3556452,
    "t_depend": 1684197416.3676891,
    "t_run": 1684197416.3827815,
    "t_cleanup": 1684197416.567819,
    "t_inactive": 1684197416.5704045,
    "state": "INACTIVE",
    "name": "ring_mpifh",
    "ntasks": 56,
    "ncores": 56,
    "duration": 0.0,
    "nnodes": 1,
    "ranks": "0",
    "nodelist": "flux-sample-0",
    "success": true,
    "exception_occurred": false,
    "result": "COMPLETED",
    "expiration": 4837797416.0,
    "waitstatus": 0,
    "returncode": 0,
    "runtime": 0.18503761291503906,
    "exception": {
        "occurred": false,
        "severity": "",
        "type": "",
        "note": ""
    }
}