{
    "id": 2187564417024,
    "userid": 1234,
    "urgency": 16,
    "priority": 16,
    "t_submit": 1684197414.7839909,
    "t_depend": 1684197414.7962737,
    "t_run": 1684197414.8114219,
    "t_cleanup": 1684197414.9913394,
    "t_inactive": 1684197414.9935014,
    "state": "INACTIVE",
    "name": "ring_mpifh",
    "ntasks": 56,
    "ncores": 56,
    "duration": 0.0,
    "nnodes": 1,
    "ranks": "0",
    "nodelist": "flux-sample-0",
    "success": true,
    "exception_occurred": false,
    "result": "COMPLETED",
    "expiration": 4837797414.0,
    "waitstatus": 0,
    "returncode": 0,
    "runtime": 0.179917573928833,
    "exception": {
        "occurred": false,
        "severity": "",
        "type": "",
        "note": ""
    }
}