{
    "id": 2272440352768,
    "userid": 1234,
    "urgency": 16,
    "priority": 16,
    "t_submit": 1684197419.8432162,
    "t_depend": 1684197419.855673,
    "t_run": 1684197419.871023,
    "t_cleanup": 1684197420.0529897,
    "t_inactive": 1684197420.0552518,
    "state": "INACTIVE",
    "name": "ring_mpifh",
    "ntasks": 56,
    "ncores": 56,
    "duration": 0.0,
    "nnodes": 1,
    "ranks": "0",
    "nodelist": "flux-sample-0",
    "success": true,
    "exception_occurred": false,
    "result": "COMPLETED",
    "expiration": 4837797419.0,
    "waitstatus": 0,
    "returncode": 0,
    "runtime": 0.18196678161621094,
    "exception": {
        "occurred": false,
        "severity": "",
        "type": "",
        "note": ""
    }
}