{
    "id": 2240429424640,
    "userid": 1234,
    "urgency": 16,
    "priority": 16,
    "t_submit": 1684197417.9352634,
    "t_depend": 1684197417.9475105,
    "t_run": 1684197417.9625301,
    "t_cleanup": 1684197418.1352463,
    "t_inactive": 1684197418.1374028,
    "state": "INACTIVE",
    "name": "ring_mpifh",
    "ntasks": 56,
    "ncores": 56,
    "duration": 0.0,
    "nnodes": 1,
    "ranks": "0",
    "nodelist": "flux-sample-0",
    "success": true,
    "exception_occurred": false,
    "result": "COMPLETED",
    "expiration": 4837797417.0,
    "waitstatus": 0,
    "returncode": 0,
    "runtime": 0.1727161407470703,
    "exception": {
        "occurred": false,
        "severity": "",
        "type": "",
        "note": ""
    }
}