{
    "id": 2261820375040,
    "userid": 1234,
    "urgency": 16,
    "priority": 16,
    "t_submit": 1684197419.2102482,
    "t_depend": 1684197419.2224052,
    "t_run": 1684197419.2373965,
    "t_cleanup": 1684197419.418902,
    "t_inactive": 1684197419.4210973,
    "state": "INACTIVE",
    "name": "ring_mpifh",
    "ntasks": 56,
    "ncores": 56,
    "duration": 0.0,
    "nnodes": 1,
    "ranks": "0",
    "nodelist": "flux-sample-0",
    "success": true,
    "exception_occurred": false,
    "result": "COMPLETED",
    "expiration": 4837797419.0,
    "waitstatus": 0,
    "returncode": 0,
    "runtime": 0.18150544166564941,
    "exception": {
        "occurred": false,
        "severity": "",
        "type": "",
        "note": ""
    }
}