{
    "id": 2282909335552,
    "userid": 1234,
    "urgency": 16,
    "priority": 16,
    "t_submit": 1684197420.4668877,
    "t_depend": 1684197420.4806187,
    "t_run": 1684197420.4955387,
    "t_cleanup": 1684197420.702033,
    "t_inactive": 1684197420.7046497,
    "state": "INACTIVE",
    "name": "ring_mpifh",
    "ntasks": 56,
    "ncores": 56,
    "duration": 0.0,
    "nnodes": 1,
    "ranks": "0",
    "nodelist": "flux-sample-0",
    "success": true,
    "exception_occurred": false,
    "result": "COMPLETED",
    "expiration": 4837797420.0,
    "waitstatus": 0,
    "returncode": 0,
    "runtime": 0.20649433135986328,
    "exception": {
        "occurred": false,
        "severity": "",
        "type": "",
        "note": ""
    }
}