{
    "id": 2224558178304,
    "userid": 1234,
    "urgency": 16,
    "priority": 16,
    "t_submit": 1684197416.989188,
    "t_depend": 1684197417.001155,
    "t_run": 1684197417.015836,
    "t_cleanup": 1684197417.2003248,
    "t_inactive": 1684197417.2025015,
    "state": "INACTIVE",
    "name": "ring_mpifh",
    "ntasks": 56,
    "ncores": 56,
    "duration": 0.0,
    "nnodes": 1,
    "ranks": "0",
    "nodelist": "flux-sample-0",
    "success": true,
    "exception_occurred": false,
    "result": "COMPLETED",
    "expiration": 4837797417.0,
    "waitstatus": 0,
    "returncode": 0,
    "runtime": 0.18448877334594727,
    "exception": {
        "occurred": false,
        "severity": "",
        "type": "",
        "note": ""
    }
}