{
    "id": 2208502382592,
    "userid": 1234,
    "urgency": 16,
    "priority": 16,
    "t_submit": 1684197416.0316799,
    "t_depend": 1684197416.0437107,
    "t_run": 1684197416.0586858,
    "t_cleanup": 1684197416.248386,
    "t_inactive": 1684197416.2507198,
    "state": "INACTIVE",
    "name": "ring_mpifh",
    "ntasks": 56,
    "ncores": 56,
    "duration": 0.0,
    "nnodes": 1,
    "ranks": "0",
    "nodelist": "flux-sample-0",
    "success": true,
    "exception_occurred": false,
    "result": "COMPLETED",
    "expiration": 4837797416.0,
    "waitstatus": 0,
    "returncode": 0,
    "runtime": 0.18970012664794922,
    "exception": {
        "occurred": false,
        "severity": "",
        "type": "",
        "note": ""
    }
}