{
    "id": 1728623673344,
    "userid": 1234,
    "urgency": 16,
    "priority": 16,
    "t_submit": 1684197387.4288146,
    "t_depend": 1684197387.4408333,
    "t_run": 1684197387.4553232,
    "t_cleanup": 1684197387.9272373,
    "t_inactive": 1684197387.929466,
    "state": "INACTIVE",
    "name": "ring_c",
    "ntasks": 56,
    "ncores": 56,
    "duration": 0.0,
    "nnodes": 1,
    "ranks": "0",
    "nodelist": "flux-sample-0",
    "success": true,
    "exception_occurred": false,
    "result": "COMPLETED",
    "expiration": 4837797387.0,
    "waitstatus": 0,
    "returncode": 0,
    "runtime": 0.47191405296325684,
    "exception": {
        "occurred": false,
        "severity": "",
        "type": "",
        "note": ""
    }
}