{
    "id": 1738807443456,
    "userid": 1234,
    "urgency": 16,
    "priority": 16,
    "t_submit": 1684197388.0360446,
    "t_depend": 1684197388.0480142,
    "t_run": 1684197388.0628889,
    "t_cleanup": 1684197388.6444156,
    "t_inactive": 1684197388.649651,
    "state": "INACTIVE",
    "name": "ring_c",
    "ntasks": 56,
    "ncores": 56,
    "duration": 0.0,
    "nnodes": 1,
    "ranks": "0",
    "nodelist": "flux-sample-0",
    "success": true,
    "exception_occurred": false,
    "result": "COMPLETED",
    "expiration": 4837797388.0,
    "waitstatus": 0,
    "returncode": 0,
    "runtime": 0.5815267562866211,
    "exception": {
        "occurred": false,
        "severity": "",
        "type": "",
        "note": ""
    }
}