{
    "id": 1791286575104,
    "userid": 1234,
    "urgency": 16,
    "priority": 16,
    "t_submit": 1684197391.1642892,
    "t_depend": 1684197391.1761882,
    "t_run": 1684197391.1908138,
    "t_cleanup": 1684197391.5554903,
    "t_inactive": 1684197391.5576413,
    "state": "INACTIVE",
    "name": "ring_c",
    "ntasks": 56,
    "ncores": 56,
    "duration": 0.0,
    "nnodes": 1,
    "ranks": "0",
    "nodelist": "flux-sample-0",
    "success": true,
    "exception_occurred": false,
    "result": "COMPLETED",
    "expiration": 4837797391.0,
    "waitstatus": 0,
    "returncode": 0,
    "runtime": 0.36467647552490234,
    "exception": {
        "occurred": false,
        "severity": "",
        "type": "",
        "note": ""
    }
}