{
    "id": 1808785211392,
    "userid": 1234,
    "urgency": 16,
    "priority": 16,
    "t_submit": 1684197392.2073867,
    "t_depend": 1684197392.2195761,
    "t_run": 1684197392.2341416,
    "t_cleanup": 1684197392.828648,
    "t_inactive": 1684197392.832898,
    "state": "INACTIVE",
    "name": "ring_c",
    "ntasks": 56,
    "ncores": 56,
    "duration": 0.0,
    "nnodes": 1,
    "ranks": "0",
    "nodelist": "flux-sample-0",
    "success": true,
    "exception_occurred": false,
    "result": "COMPLETED",
    "expiration": 4837797392.0,
    "waitstatus": 0,
    "returncode": 0,
    "runtime": 0.5945065021514893,
    "exception": {
        "occurred": false,
        "severity": "",
        "type": "",
        "note": ""
    }
}