{
    "id": 1750819930112,
    "userid": 1234,
    "urgency": 16,
    "priority": 16,
    "t_submit": 1684197388.7516448,
    "t_depend": 1684197388.7634113,
    "t_run": 1684197388.7777324,
    "t_cleanup": 1684197389.3741918,
    "t_inactive": 1684197389.3764548,
    "state": "INACTIVE",
    "name": "ring_c",
    "ntasks": 56,
    "ncores": 56,
    "duration": 0.0,
    "nnodes": 1,
    "ranks": "0",
    "nodelist": "flux-sample-0",
    "success": true,
    "exception_occurred": false,
    "result": "COMPLETED",
    "expiration": 4837797388.0,
    "waitstatus": 0,
    "returncode": 0,
    "runtime": 0.5964593887329102,
    "exception": {
        "occurred": false,
        "severity": "",
        "type": "",
        "note": ""
    }
}