{
    "id": 1820999024640,
    "userid": 1234,
    "urgency": 16,
    "priority": 16,
    "t_submit": 1684197392.9353633,
    "t_depend": 1684197392.947404,
    "t_run": 1684197392.9621048,
    "t_cleanup": 1684197393.4061694,
    "t_inactive": 1684197393.408494,
    "state": "INACTIVE",
    "name": "ring_c",
    "ntasks": 56,
    "ncores": 56,
    "duration": 0.0,
    "nnodes": 1,
    "ranks": "0",
    "nodelist": "flux-sample-0",
    "success": true,
    "exception_occurred": false,
    "result": "COMPLETED",
    "expiration": 4837797392.0,
    "waitstatus": 0,
    "returncode": 0,
    "runtime": 0.4440646171569824,
    "exception": {
        "occurred": false,
        "severity": "",
        "type": "",
        "note": ""
    }
}