{
    "id": 1860408705024,
    "userid": 1234,
    "urgency": 16,
    "priority": 16,
    "t_submit": 1684197395.2841768,
    "t_depend": 1684197395.296278,
    "t_run": 1684197395.3111076,
    "t_cleanup": 1684197395.7339387,
    "t_inactive": 1684197395.7362187,
    "state": "INACTIVE",
    "name": "ring_c",
    "ntasks": 56,
    "ncores": 56,
    "duration": 0.0,
    "nnodes": 1,
    "ranks": "0",
    "nodelist": "flux-sample-0",
    "success": true,
    "exception_occurred": false,
    "result": "COMPLETED",
    "expiration": 4837797395.0,
    "waitstatus": 0,
    "returncode": 0,
    "runtime": 0.42283105850219727,
    "exception": {
        "occurred": false,
        "severity": "",
        "type": "",
        "note": ""
    }
}