{
    "id": 1680942825472,
    "userid": 1234,
    "urgency": 16,
    "priority": 16,
    "t_submit": 1684197384.5865762,
    "t_depend": 1684197384.6002498,
    "t_run": 1684197384.6149414,
    "t_cleanup": 1684197385.1032994,
    "t_inactive": 1684197385.1053813,
    "state": "INACTIVE",
    "name": "ring_c",
    "ntasks": 56,
    "ncores": 56,
    "duration": 0.0,
    "nnodes": 1,
    "ranks": "0",
    "nodelist": "flux-sample-0",
    "success": true,
    "exception_occurred": false,
    "result": "COMPLETED",
    "expiration": 4837797384.0,
    "waitstatus": 0,
    "returncode": 0,
    "runtime": 0.4883580207824707,
    "exception": {
        "occurred": false,
        "severity": "",
        "type": "",
        "note": ""
    }
}