{
    "id": 1719480090624,
    "userid": 1234,
    "urgency": 16,
    "priority": 16,
    "t_submit": 1684197386.883568,
    "t_depend": 1684197386.8956707,
    "t_run": 1684197386.9103746,
    "t_cleanup": 1684197387.3236425,
    "t_inactive": 1684197387.3257601,
    "state": "INACTIVE",
    "name": "ring_c",
    "ntasks": 56,
    "ncores": 56,
    "duration": 0.0,
    "nnodes": 1,
    "ranks": "0",
    "nodelist": "flux-sample-0",
    "success": true,
    "exception_occurred": false,
    "result": "COMPLETED",
    "expiration": 4837797386.0,
    "waitstatus": 0,
    "returncode": 0,
    "runtime": 0.4132678508758545,
    "exception": {
        "occurred": false,
        "severity": "",
        "type": "",
        "note": ""
    }
}