{
    "id": 1763100852224,
    "userid": 1234,
    "urgency": 16,
    "priority": 16,
    "t_submit": 1684197389.4838004,
    "t_depend": 1684197389.495998,
    "t_run": 1684197389.5106928,
    "t_cleanup": 1684197389.929409,
    "t_inactive": 1684197389.9314685,
    "state": "INACTIVE",
    "name": "ring_c",
    "ntasks": 56,
    "ncores": 56,
    "duration": 0.0,
    "nnodes": 1,
    "ranks": "0",
    "nodelist": "flux-sample-0",
    "success": true,
    "exception_occurred": false,
    "result": "COMPLETED",
    "expiration": 4837797389.0,
    "waitstatus": 0,
    "returncode": 0,
    "runtime": 0.4187161922454834,
    "exception": {
        "occurred": false,
        "severity": "",
        "type": "",
        "note": ""
    }
}