{
    "id": 1691395031040,
    "userid": 1234,
    "urgency": 16,
    "priority": 16,
    "t_submit": 1684197385.2096279,
    "t_depend": 1684197385.2216587,
    "t_run": 1684197385.235898,
    "t_cleanup": 1684197385.706679,
    "t_inactive": 1684197385.7099094,
    "state": "INACTIVE",
    "name": "ring_c",
    "ntasks": 56,
    "ncores": 56,
    "duration": 0.0,
    "nnodes": 1,
    "ranks": "0",
    "nodelist": "flux-sample-0",
    "success": true,
    "exception_occurred": false,
    "result": "COMPLETED",
    "expiration": 4837797385.0,
    "waitstatus": 0,
    "returncode": 0,
    "runtime": 0.4707810878753662,
    "exception": {
        "occurred": false,
        "severity": "",
        "type": "",
        "note": ""
    }
}