{
    "id": 1781069250560,
    "userid": 1234,
    "urgency": 16,
    "priority": 16,
    "t_submit": 1684197390.555255,
    "t_depend": 1684197390.5672116,
    "t_run": 1684197390.5815804,
    "t_cleanup": 1684197391.0563653,
    "t_inactive": 1684197391.0588279,
    "state": "INACTIVE",
    "name": "ring_c",
    "ntasks": 56,
    "ncores": 56,
    "duration": 0.0,
    "nnodes": 1,
    "ranks": "0",
    "nodelist": "flux-sample-0",
    "success": true,
    "exception_occurred": false,
    "result": "COMPLETED",
    "expiration": 4837797390.0,
    "waitstatus": 0,
    "returncode": 0,
    "runtime": 0.47478485107421875,
    "exception": {
        "occurred": false,
        "severity": "",
        "type": "",
        "note": ""
    }
}