{
    "id": 1838715764736,
    "userid": 1234,
    "urgency": 16,
    "priority": 16,
    "t_submit": 1684197393.9906497,
    "t_depend": 1684197394.0025833,
    "t_run": 1684197394.0171132,
    "t_cleanup": 1684197394.3871622,
    "t_inactive": 1684197394.3895442,
    "state": "INACTIVE",
    "name": "ring_c",
    "ntasks": 56,
    "ncores": 56,
    "duration": 0.0,
    "nnodes": 1,
    "ranks": "0",
    "nodelist": "flux-sample-0",
    "success": true,
    "exception_occurred": false,
    "result": "COMPLETED",
    "expiration": 4837797394.0,
    "waitstatus": 0,
    "returncode": 0,
    "runtime": 0.37004899978637695,
    "exception": {
        "occurred": false,
        "severity": "",
        "type": "",
        "note": ""
    }
}