{
    "id": 1804691570688,
    "userid": 1234,
    "urgency": 16,
    "priority": 16,
    "t_submit": 1684197590.3310444,
    "t_depend": 1684197590.342572,
    "t_run": 1684197590.3575025,
    "t_cleanup": 1684197590.6519487,
    "t_inactive": 1684197590.6539295,
    "state": "INACTIVE",
    "name": "hello_cxx",
    "ntasks": 336,
    "ncores": 336,
    "duration": 0.0,
    "nnodes": 6,
    "ranks": "[0-5]",
    "nodelist": "flux-sample-[2-7]",
    "success": true,
    "exception_occurred": false,
    "result": "COMPLETED",
    "expiration": 4837797590.0,
    "waitstatus": 0,
    "returncode": 0,
    "runtime": 0.2944462299346924,
    "exception": {
        "occurred": false,
        "severity": "",
        "type": "",
        "note": ""
    }
}