{
    "id": 1723573731328,
    "userid": 1234,
    "urgency": 16,
    "priority": 16,
    "t_submit": 1684197585.4955916,
    "t_depend": 1684197585.5068858,
    "t_run": 1684197585.5218701,
    "t_cleanup": 1684197585.8061125,
    "t_inactive": 1684197585.8077383,
    "state": "INACTIVE",
    "name": "hello_cxx",
    "ntasks": 336,
    "ncores": 336,
    "duration": 0.0,
    "nnodes": 6,
    "ranks": "[0-5]",
    "nodelist": "flux-sample-[2-7]",
    "success": true,
    "exception_occurred": false,
    "result": "COMPLETED",
    "expiration": 4837797585.0,
    "waitstatus": 0,
    "returncode": 0,
    "runtime": 0.2842423915863037,
    "exception": {
        "occurred": false,
        "severity": "",
        "type": "",
        "note": ""
    }
}