{
    "id": 1709866745856,
    "userid": 1234,
    "urgency": 16,
    "priority": 16,
    "t_submit": 1684197584.6788914,
    "t_depend": 1684197584.6902268,
    "t_run": 1684197584.7050512,
    "t_cleanup": 1684197584.9838483,
    "t_inactive": 1684197584.985724,
    "state": "INACTIVE",
    "name": "hello_cxx",
    "ntasks": 336,
    "ncores": 336,
    "duration": 0.0,
    "nnodes": 6,
    "ranks": "[0-5]",
    "nodelist": "flux-sample-[2-7]",
    "success": true,
    "exception_occurred": false,
    "result": "COMPLETED",
    "expiration": 4837797584.0,
    "waitstatus": 0,
    "returncode": 0,
    "runtime": 0.2787971496582031,
    "exception": {
        "occurred": false,
        "severity": "",
        "type": "",
        "note": ""
    }
}