{
    "id": 1791538233344,
    "userid": 1234,
    "urgency": 16,
    "priority": 16,
    "t_submit": 1684197589.547307,
    "t_depend": 1684197589.558858,
    "t_run": 1684197589.574019,
    "t_cleanup": 1684197589.821366,
    "t_inactive": 1684197589.8229256,
    "state": "INACTIVE",
    "name": "hello_cxx",
    "ntasks": 336,
    "ncores": 336,
    "duration": 0.0,
    "nnodes": 6,
    "ranks": "[0-5]",
    "nodelist": "flux-sample-[2-7]",
    "success": true,
    "exception_occurred": false,
    "result": "COMPLETED",
    "expiration": 4837797589.0,
    "waitstatus": 0,
    "returncode": 0,
    "runtime": 0.24734711647033691,
    "exception": {
        "occurred": false,
        "severity": "",
        "type": "",
        "note": ""
    }
}