{
    "id": 1696428195840,
    "userid": 1234,
    "urgency": 16,
    "priority": 16,
    "t_submit": 1684197583.87836,
    "t_depend": 1684197583.8899498,
    "t_run": 1684197583.904416,
    "t_cleanup": 1684197584.1743855,
    "t_inactive": 1684197584.1761339,
    "state": "INACTIVE",
    "name": "hello_cxx",
    "ntasks": 336,
    "ncores": 336,
    "duration": 0.0,
    "nnodes": 6,
    "ranks": "[0-5]",
    "nodelist": "flux-sample-[2-7]",
    "success": true,
    "exception_occurred": false,
    "result": "COMPLETED",
    "expiration": 4837797583.0,
    "waitstatus": 0,
    "returncode": 0,
    "runtime": 0.26996946334838867,
    "exception": {
        "occurred": false,
        "severity": "",
        "type": "",
        "note": ""
    }
}