{
    "id": 1797863243776,
    "userid": 1234,
    "urgency": 16,
    "priority": 16,
    "t_submit": 1684197589.924114,
    "t_depend": 1684197589.9354553,
    "t_run": 1684197589.9501128,
    "t_cleanup": 1684197590.2276273,
    "t_inactive": 1684197590.2293673,
    "state": "INACTIVE",
    "name": "hello_cxx",
    "ntasks": 336,
    "ncores": 336,
    "duration": 0.0,
    "nnodes": 6,
    "ranks": "[0-5]",
    "nodelist": "flux-sample-[2-7]",
    "success": true,
    "exception_occurred": false,
    "result": "COMPLETED",
    "expiration": 4837797589.0,
    "waitstatus": 0,
    "returncode": 0,
    "runtime": 0.2775144577026367,
    "exception": {
        "occurred": false,
        "severity": "",
        "type": "",
        "note": ""
    }
}