{
    "id": 1784592465920,
    "userid": 1234,
    "urgency": 16,
    "priority": 16,
    "t_submit": 1684197589.1330597,
    "t_depend": 1684197589.144659,
    "t_run": 1684197589.159372,
    "t_cleanup": 1684197589.4439452,
    "t_inactive": 1684197589.4456627,
    "state": "INACTIVE",
    "name": "hello_cxx",
    "ntasks": 336,
    "ncores": 336,
    "duration": 0.0,
    "nnodes": 6,
    "ranks": "[0-5]",
    "nodelist": "flux-sample-[2-7]",
    "success": true,
    "exception_occurred": false,
    "result": "COMPLETED",
    "expiration": 4837797589.0,
    "waitstatus": 0,
    "returncode": 0,
    "runtime": 0.2845730781555176,
    "exception": {
        "occurred": false,
        "severity": "",
        "type": "",
        "note": ""
    }
}