{
    "id": 1703155859456,
    "userid": 1234,
    "urgency": 16,
    "priority": 16,
    "t_submit": 1684197584.2793415,
    "t_depend": 1684197584.2907605,
    "t_run": 1684197584.3053255,
    "t_cleanup": 1684197584.5752833,
    "t_inactive": 1684197584.5769594,
    "state": "INACTIVE",
    "name": "hello_cxx",
    "ntasks": 336,
    "ncores": 336,
    "duration": 0.0,
    "nnodes": 6,
    "ranks": "[0-5]",
    "nodelist": "flux-sample-[2-7]",
    "success": true,
    "exception_occurred": false,
    "result": "COMPLETED",
    "expiration": 4837797584.0,
    "waitstatus": 0,
    "returncode": 0,
    "runtime": 0.2699577808380127,
    "exception": {
        "occurred": false,
        "severity": "",
        "type": "",
        "note": ""
    }
}