{
    "id": 1777864802304,
    "userid": 1234,
    "urgency": 16,
    "priority": 16,
    "t_submit": 1684197588.7319999,
    "t_depend": 1684197588.7434144,
    "t_run": 1684197588.7582262,
    "t_cleanup": 1684197589.0309246,
    "t_inactive": 1684197589.0329723,
    "state": "INACTIVE",
    "name": "hello_cxx",
    "ntasks": 336,
    "ncores": 336,
    "duration": 0.0,
    "nnodes": 6,
    "ranks": "[0-5]",
    "nodelist": "flux-sample-[2-7]",
    "success": true,
    "exception_occurred": false,
    "result": "COMPLETED",
    "expiration": 4837797588.0,
    "waitstatus": 0,
    "returncode": 0,
    "runtime": 0.27269840240478516,
    "exception": {
        "occurred": false,
        "severity": "",
        "type": "",
        "note": ""
    }
}