{
    "id": 1737079390208,
    "userid": 1234,
    "urgency": 16,
    "priority": 16,
    "t_submit": 1684197586.3006718,
    "t_depend": 1684197586.3121061,
    "t_run": 1684197586.3266196,
    "t_cleanup": 1684197586.6079009,
    "t_inactive": 1684197586.609879,
    "state": "INACTIVE",
    "name": "hello_cxx",
    "ntasks": 336,
    "ncores": 336,
    "duration": 0.0,
    "nnodes": 6,
    "ranks": "[0-5]",
    "nodelist": "flux-sample-[2-7]",
    "success": true,
    "exception_occurred": false,
    "result": "COMPLETED",
    "expiration": 4837797586.0,
    "waitstatus": 0,
    "returncode": 0,
    "runtime": 0.2812812328338623,
    "exception": {
        "occurred": false,
        "severity": "",
        "type": "",
        "note": ""
    }
}