{
    "id": 3420320694272,
    "userid": 1234,
    "urgency": 16,
    "priority": 16,
    "t_submit": 1684197119.2608998,
    "t_depend": 1684197119.2726886,
    "t_run": 1684197119.2895386,
    "t_cleanup": 1684197120.0239654,
    "t_inactive": 1684197120.0292275,
    "state": "INACTIVE",
    "name": "ring_mpifh",
    "ntasks": 448,
    "ncores": 448,
    "duration": 0.0,
    "nnodes": 8,
    "ranks": "[0-7]",
    "nodelist": "flux-sample-[0-7]",
    "success": true,
    "exception_occurred": false,
    "result": "COMPLETED",
    "expiration": 4837797119.0,
    "waitstatus": 0,
    "returncode": 0,
    "runtime": 0.734426736831665,
    "exception": {
        "occurred": false,
        "severity": "",
        "type": "",
        "note": ""
    }
}