{
    "id": 3315580534784,
    "userid": 1234,
    "urgency": 16,
    "priority": 16,
    "t_submit": 1684197113.0174785,
    "t_depend": 1684197113.0299456,
    "t_run": 1684197113.047106,
    "t_cleanup": 1684197113.7129946,
    "t_inactive": 1684197113.7173688,
    "state": "INACTIVE",
    "name": "ring_mpifh",
    "ntasks": 448,
    "ncores": 448,
    "duration": 0.0,
    "nnodes": 8,
    "ranks": "[0-7]",
    "nodelist": "flux-sample-[0-7]",
    "success": true,
    "exception_occurred": false,
    "result": "COMPLETED",
    "expiration": 4837797113.0,
    "waitstatus": 0,
    "returncode": 0,
    "runtime": 0.6658885478973389,
    "exception": {
        "occurred": false,
        "severity": "",
        "type": "",
        "note": ""
    }
}