{
    "id": 3549723361280,
    "userid": 1234,
    "urgency": 16,
    "priority": 16,
    "t_submit": 1684197126.9740496,
    "t_depend": 1684197126.9861612,
    "t_run": 1684197127.0030665,
    "t_cleanup": 1684197127.5507812,
    "t_inactive": 1684197127.5571904,
    "state": "INACTIVE",
    "name": "ring_mpifh",
    "ntasks": 448,
    "ncores": 448,
    "duration": 0.0,
    "nnodes": 8,
    "ranks": "[0-7]",
    "nodelist": "flux-sample-[0-7]",
    "success": true,
    "exception_occurred": false,
    "result": "COMPLETED",
    "expiration": 4837797126.0,
    "waitstatus": 0,
    "returncode": 0,
    "runtime": 0.5477147102355957,
    "exception": {
        "occurred": false,
        "severity": "",
        "type": "",
        "note": ""
    }
}