{
    "id": 3507008569344,
    "userid": 1234,
    "urgency": 16,
    "priority": 16,
    "t_submit": 1684197124.4275703,
    "t_depend": 1684197124.4396293,
    "t_run": 1684197124.4564316,
    "t_cleanup": 1684197125.2138367,
    "t_inactive": 1684197125.216088,
    "state": "INACTIVE",
    "name": "ring_mpifh",
    "ntasks": 448,
    "ncores": 448,
    "duration": 0.0,
    "nnodes": 8,
    "ranks": "[0-7]",
    "nodelist": "flux-sample-[0-7]",
    "success": true,
    "exception_occurred": false,
    "result": "COMPLETED",
    "expiration": 4837797124.0,
    "waitstatus": 0,
    "returncode": 0,
    "runtime": 0.7574050426483154,
    "exception": {
        "occurred": false,
        "severity": "",
        "type": "",
        "note": ""
    }
}