{
    "id": 3461777195008,
    "userid": 1234,
    "urgency": 16,
    "priority": 16,
    "t_submit": 1684197121.7319403,
    "t_depend": 1684197121.743769,
    "t_run": 1684197121.7606933,
    "t_cleanup": 1684197122.4945402,
    "t_inactive": 1684197122.4968414,
    "state": "INACTIVE",
    "name": "ring_mpifh",
    "ntasks": 448,
    "ncores": 448,
    "duration": 0.0,
    "nnodes": 8,
    "ranks": "[0-7]",
    "nodelist": "flux-sample-[0-7]",
    "success": true,
    "exception_occurred": false,
    "result": "COMPLETED",
    "expiration": 4837797121.0,
    "waitstatus": 0,
    "returncode": 0,
    "runtime": 0.73384690284729,
    "exception": {
        "occurred": false,
        "severity": "",
        "type": "",
        "note": ""
    }
}