{
    "id": 3284676902912,
    "userid": 1234,
    "urgency": 16,
    "priority": 16,
    "t_submit": 1684197111.1757634,
    "t_depend": 1684197111.1878297,
    "t_run": 1684197111.2048914,
    "t_cleanup": 1684197111.9807556,
    "t_inactive": 1684197111.9862268,
    "state": "INACTIVE",
    "name": "ring_mpifh",
    "ntasks": 448,
    "ncores": 448,
    "duration": 0.0,
    "nnodes": 8,
    "ranks": "[0-7]",
    "nodelist": "flux-sample-[0-7]",
    "success": true,
    "exception_occurred": false,
    "result": "COMPLETED",
    "expiration": 4837797111.0,
    "waitstatus": 0,
    "returncode": 0,
    "runtime": 0.7758641242980957,
    "exception": {
        "occurred": false,
        "severity": "",
        "type": "",
        "note": ""
    }
}