{
    "id": 3358312103936,
    "userid": 1234,
    "urgency": 16,
    "priority": 16,
    "t_submit": 1684197115.5648634,
    "t_depend": 1684197115.5768526,
    "t_run": 1684197115.5937152,
    "t_cleanup": 1684197116.5251384,
    "t_inactive": 1684197116.5272627,
    "state": "INACTIVE",
    "name": "ring_mpifh",
    "ntasks": 448,
    "ncores": 448,
    "duration": 0.0,
    "nnodes": 8,
    "ranks": "[0-7]",
    "nodelist": "flux-sample-[0-7]",
    "success": true,
    "exception_occurred": false,
    "result": "COMPLETED",
    "expiration": 4837797115.0,
    "waitstatus": 0,
    "returncode": 0,
    "runtime": 0.9314231872558594,
    "exception": {
        "occurred": false,
        "severity": "",
        "type": "",
        "note": ""
    }
}