{
    "id": 3447113908224,
    "userid": 1234,
    "urgency": 16,
    "priority": 16,
    "t_submit": 1684197120.8575234,
    "t_depend": 1684197120.869725,
    "t_run": 1684197120.8861694,
    "t_cleanup": 1684197121.6231458,
    "t_inactive": 1684197121.625711,
    "state": "INACTIVE",
    "name": "ring_mpifh",
    "ntasks": 448,
    "ncores": 448,
    "duration": 0.0,
    "nnodes": 8,
    "ranks": "[0-7]",
    "nodelist": "flux-sample-[0-7]",
    "success": true,
    "exception_occurred": false,
    "result": "COMPLETED",
    "expiration": 4837797120.0,
    "waitstatus": 0,
    "returncode": 0,
    "runtime": 0.7369763851165771,
    "exception": {
        "occurred": false,
        "severity": "",
        "type": "",
        "note": ""
    }
}