{
    "id": 3329069416448,
    "userid": 1234,
    "urgency": 16,
    "priority": 16,
    "t_submit": 1684197113.8218322,
    "t_depend": 1684197113.8336914,
    "t_run": 1684197113.8509386,
    "t_cleanup": 1684197114.46859,
    "t_inactive": 1684197114.4709435,
    "state": "INACTIVE",
    "name": "ring_mpifh",
    "ntasks": 448,
    "ncores": 448,
    "duration": 0.0,
    "nnodes": 8,
    "ranks": "[0-7]",
    "nodelist": "flux-sample-[0-7]",
    "success": true,
    "exception_occurred": false,
    "result": "COMPLETED",
    "expiration": 4837797113.0,
    "waitstatus": 0,
    "returncode": 0,
    "runtime": 0.6176514625549316,
    "exception": {
        "occurred": false,
        "severity": "",
        "type": "",
        "note": ""
    }
}