{
    "id": 3299960946688,
    "userid": 1234,
    "urgency": 16,
    "priority": 16,
    "t_submit": 1684197112.087402,
    "t_depend": 1684197112.099493,
    "t_run": 1684197112.116327,
    "t_cleanup": 1684197112.9101164,
    "t_inactive": 1684197112.912378,
    "state": "INACTIVE",
    "name": "ring_mpifh",
    "ntasks": 448,
    "ncores": 448,
    "duration": 0.0,
    "nnodes": 8,
    "ranks": "[0-7]",
    "nodelist": "flux-sample-[0-7]",
    "success": true,
    "exception_occurred": false,
    "result": "COMPLETED",
    "expiration": 4837797112.0,
    "waitstatus": 0,
    "returncode": 0,
    "runtime": 0.7937893867492676,
    "exception": {
        "occurred": false,
        "severity": "",
        "type": "",
        "note": ""
    }
}