{
    "id": 3491925852160,
    "userid": 1234,
    "urgency": 16,
    "priority": 16,
    "t_submit": 1684197123.5284543,
    "t_depend": 1684197123.5406883,
    "t_run": 1684197123.5577965,
    "t_cleanup": 1684197124.3196664,
    "t_inactive": 1684197124.3217163,
    "state": "INACTIVE",
    "name": "ring_mpifh",
    "ntasks": 448,
    "ncores": 448,
    "duration": 0.0,
    "nnodes": 8,
    "ranks": "[0-7]",
    "nodelist": "flux-sample-[0-7]",
    "success": true,
    "exception_occurred": false,
    "result": "COMPLETED",
    "expiration": 4837797123.0,
    "waitstatus": 0,
    "returncode": 0,
    "runtime": 0.7618699073791504,
    "exception": {
        "occurred": false,
        "severity": "",
        "type": "",
        "note": ""
    }
}