{
    "id": 3522024177664,
    "userid": 1234,
    "urgency": 16,
    "priority": 16,
    "t_submit": 1684197125.3229837,
    "t_depend": 1684197125.3347883,
    "t_run": 1684197125.3514638,
    "t_cleanup": 1684197126.1533463,
    "t_inactive": 1684197126.1561418,
    "state": "INACTIVE",
    "name": "ring_mpifh",
    "ntasks": 448,
    "ncores": 448,
    "duration": 0.0,
    "nnodes": 8,
    "ranks": "[0-7]",
    "nodelist": "flux-sample-[0-7]",
    "success": true,
    "exception_occurred": false,
    "result": "COMPLETED",
    "expiration": 4837797125.0,
    "waitstatus": 0,
    "returncode": 0,
    "runtime": 0.8018825054168701,
    "exception": {
        "occurred": false,
        "severity": "",
        "type": "",
        "note": ""
    }
}