{
    "id": 3376196616192,
    "userid": 1234,
    "urgency": 16,
    "priority": 16,
    "t_submit": 1684197116.6310844,
    "t_depend": 1684197116.6429484,
    "t_run": 1684197116.6595244,
    "t_cleanup": 1684197117.2495105,
    "t_inactive": 1684197117.2518747,
    "state": "INACTIVE",
    "name": "ring_mpifh",
    "ntasks": 448,
    "ncores": 448,
    "duration": 0.0,
    "nnodes": 8,
    "ranks": "[0-7]",
    "nodelist": "flux-sample-[0-7]",
    "success": true,
    "exception_occurred": false,
    "result": "COMPLETED",
    "expiration": 4837797116.0,
    "waitstatus": 0,
    "returncode": 0,
    "runtime": 0.5899860858917236,
    "exception": {
        "occurred": false,
        "severity": "",
        "type": "",
        "note": ""
    }
}