{
    "id": 21968606724096,
    "userid": 1000,
    "urgency": 16,
    "priority": 16,
    "t_submit": 1689053858.845839,
    "t_depend": 1689053858.845839,
    "t_run": 1689053858.8896136,
    "t_cleanup": 1689053939.5107887,
    "t_inactive": 1689053939.5123599,
    "state": "INACTIVE",
    "name": "lmp",
    "ntasks": 768,
    "duration": 0.0,
    "nnodes": 12,
    "ranks": "[0-11]",
    "nodelist": "flux-sample-[0-11]",
    "success": true,
    "exception_occurred": false,
    "result": "COMPLETED",
    "expiration": 4842653858.0,
    "waitstatus": 0,
    "returncode": 0,
    "runtime": 80.62117505073547,
    "exception": {
        "occurred": false,
        "severity": "",
        "type": "",
        "note": ""
    }
}