{
    "id": 19256871747584,
    "userid": 1000,
    "urgency": 16,
    "priority": 16,
    "t_submit": 1689053697.2129729,
    "t_depend": 1689053697.2129729,
    "t_run": 1689053697.2567255,
    "t_cleanup": 1689053777.7797158,
    "t_inactive": 1689053777.7812889,
    "state": "INACTIVE",
    "name": "lmp",
    "ntasks": 768,
    "duration": 0.0,
    "nnodes": 12,
    "ranks": "[0-11]",
    "nodelist": "flux-sample-[0-11]",
    "success": true,
    "exception_occurred": false,
    "result": "COMPLETED",
    "expiration": 4842653697.0,
    "waitstatus": 0,
    "returncode": 0,
    "runtime": 80.5229902267456,
    "exception": {
        "occurred": false,
        "severity": "",
        "type": "",
        "note": ""
    }
}