{
    "id": 5694220664832,
    "userid": 1000,
    "urgency": 16,
    "priority": 16,
    "t_submit": 1689052888.8166485,
    "t_depend": 1689052888.8166485,
    "t_run": 1689052888.8602848,
    "t_cleanup": 1689052969.2818198,
    "t_inactive": 1689052969.283362,
    "state": "INACTIVE",
    "name": "lmp",
    "ntasks": 768,
    "duration": 0.0,
    "nnodes": 12,
    "ranks": "[0-11]",
    "nodelist": "flux-sample-[0-11]",
    "success": true,
    "exception_occurred": false,
    "result": "COMPLETED",
    "expiration": 4842652888.0,
    "waitstatus": 0,
    "returncode": 0,
    "runtime": 80.4215350151062,
    "exception": {
        "occurred": false,
        "severity": "",
        "type": "",
        "note": ""
    }
}