{
    "id": 20613561319424,
    "userid": 1000,
    "urgency": 16,
    "priority": 16,
    "t_submit": 1689053778.078852,
    "t_depend": 1689053778.078852,
    "t_run": 1689053778.1226392,
    "t_cleanup": 1689053858.544124,
    "t_inactive": 1689053858.5456793,
    "state": "INACTIVE",
    "name": "lmp",
    "ntasks": 768,
    "duration": 0.0,
    "nnodes": 12,
    "ranks": "[0-11]",
    "nodelist": "flux-sample-[0-11]",
    "success": true,
    "exception_occurred": false,
    "result": "COMPLETED",
    "expiration": 4842653778.0,
    "waitstatus": 0,
    "returncode": 0,
    "runtime": 80.42148470878601,
    "exception": {
        "occurred": false,
        "severity": "",
        "type": "",
        "note": ""
    }
}