{
    "id": 30120001667072,
    "userid": 1000,
    "urgency": 16,
    "priority": 16,
    "t_submit": 1689054344.7060685,
    "t_depend": 1689054344.7060685,
    "t_run": 1689054344.7499826,
    "t_cleanup": 1689054425.1332104,
    "t_inactive": 1689054425.134865,
    "state": "INACTIVE",
    "name": "lmp",
    "ntasks": 768,
    "duration": 0.0,
    "nnodes": 12,
    "ranks": "[0-11]",
    "nodelist": "flux-sample-[0-11]",
    "success": true,
    "exception_occurred": false,
    "result": "COMPLETED",
    "expiration": 4842654344.0,
    "waitstatus": 0,
    "returncode": 0,
    "runtime": 80.3832278251648,
    "exception": {
        "occurred": false,
        "severity": "",
        "type": "",
        "note": ""
    }
}