{
    "id": 9763702177792,
    "userid": 1000,
    "urgency": 16,
    "priority": 16,
    "t_submit": 1689053131.3765423,
    "t_depend": 1689053131.3765423,
    "t_run": 1689053131.4202454,
    "t_cleanup": 1689053211.8078432,
    "t_inactive": 1689053211.8093834,
    "state": "INACTIVE",
    "name": "lmp",
    "ntasks": 768,
    "duration": 0.0,
    "nnodes": 12,
    "ranks": "[0-11]",
    "nodelist": "flux-sample-[0-11]",
    "success": true,
    "exception_occurred": false,
    "result": "COMPLETED",
    "expiration": 4842653131.0,
    "waitstatus": 0,
    "returncode": 0,
    "runtime": 80.38759779930115,
    "exception": {
        "occurred": false,
        "severity": "",
        "type": "",
        "note": ""
    }
}