{
    "id": 13833838002176,
    "userid": 1000,
    "urgency": 16,
    "priority": 16,
    "t_submit": 1689053373.9753644,
    "t_depend": 1689053373.9753644,
    "t_run": 1689053374.0190678,
    "t_cleanup": 1689053454.554524,
    "t_inactive": 1689053454.5560493,
    "state": "INACTIVE",
    "name": "lmp",
    "ntasks": 768,
    "duration": 0.0,
    "nnodes": 12,
    "ranks": "[0-11]",
    "nodelist": "flux-sample-[0-11]",
    "success": true,
    "exception_occurred": false,
    "result": "COMPLETED",
    "expiration": 4842653373.0,
    "waitstatus": 0,
    "returncode": 0,
    "runtime": 80.53545618057251,
    "exception": {
        "occurred": false,
        "severity": "",
        "type": "",
        "note": ""
    }
}