{
    "id": 24684234014720,
    "userid": 1000,
    "urgency": 16,
    "priority": 16,
    "t_submit": 1689054020.7099128,
    "t_depend": 1689054020.7099128,
    "t_run": 1689054020.7537594,
    "t_cleanup": 1689054101.0997667,
    "t_inactive": 1689054101.1013424,
    "state": "INACTIVE",
    "name": "lmp",
    "ntasks": 768,
    "duration": 0.0,
    "nnodes": 12,
    "ranks": "[0-11]",
    "nodelist": "flux-sample-[0-11]",
    "success": true,
    "exception_occurred": false,
    "result": "COMPLETED",
    "expiration": 4842654020.0,
    "waitstatus": 0,
    "returncode": 0,
    "runtime": 80.34600734710693,
    "exception": {
        "occurred": false,
        "severity": "",
        "type": "",
        "note": ""
    }
}