{
    "id": 11118160379904,
    "userid": 1000,
    "urgency": 16,
    "priority": 16,
    "t_submit": 1689053212.1084547,
    "t_depend": 1689053212.1084547,
    "t_run": 1689053212.152153,
    "t_cleanup": 1689053292.721867,
    "t_inactive": 1689053292.7233567,
    "state": "INACTIVE",
    "name": "lmp",
    "ntasks": 768,
    "duration": 0.0,
    "nnodes": 12,
    "ranks": "[0-11]",
    "nodelist": "flux-sample-[0-11]",
    "success": true,
    "exception_occurred": false,
    "result": "COMPLETED",
    "expiration": 4842653212.0,
    "waitstatus": 0,
    "returncode": 0,
    "runtime": 80.56971406936646,
    "exception": {
        "occurred": false,
        "severity": "",
        "type": "",
        "note": ""
    }
}