{
    "id": 15190745677824,
    "userid": 1000,
    "urgency": 16,
    "priority": 16,
    "t_submit": 1689053454.8535423,
    "t_depend": 1689053454.8535423,
    "t_run": 1689053454.897235,
    "t_cleanup": 1689053535.2880785,
    "t_inactive": 1689053535.2897198,
    "state": "INACTIVE",
    "name": "lmp",
    "ntasks": 768,
    "duration": 0.0,
    "nnodes": 12,
    "ranks": "[0-11]",
    "nodelist": "flux-sample-[0-11]",
    "success": true,
    "exception_occurred": false,
    "result": "COMPLETED",
    "expiration": 4842653454.0,
    "waitstatus": 0,
    "returncode": 0,
    "runtime": 80.39084362983704,
    "exception": {
        "occurred": false,
        "severity": "",
        "type": "",
        "note": ""
    }
}