{
    "id": 7049215737856,
    "userid": 1000,
    "urgency": 16,
    "priority": 16,
    "t_submit": 1689052969.580254,
    "t_depend": 1689052969.580254,
    "t_run": 1689052969.6238112,
    "t_cleanup": 1689053050.3184168,
    "t_inactive": 1689053050.3199284,
    "state": "INACTIVE",
    "name": "lmp",
    "ntasks": 768,
    "duration": 0.0,
    "nnodes": 12,
    "ranks": "[0-11]",
    "nodelist": "flux-sample-[0-11]",
    "success": true,
    "exception_occurred": false,
    "result": "COMPLETED",
    "expiration": 4842652969.0,
    "waitstatus": 0,
    "returncode": 0,
    "runtime": 80.69460558891296,
    "exception": {
        "occurred": false,
        "severity": "",
        "type": "",
        "note": ""
    }
}