{
    "id": 24927470092288,
    "userid": 1000,
    "urgency": 16,
    "priority": 16,
    "t_submit": 1689460899.5933392,
    "t_depend": 1689460899.5933392,
    "t_run": 1689460899.6375241,
    "t_cleanup": 1689460985.3810494,
    "t_inactive": 1689460985.3826246,
    "state": "INACTIVE",
    "name": "lmp",
    "ntasks": 768,
    "duration": 0.0,
    "nnodes": 12,
    "ranks": "[0-11]",
    "nodelist": "flux-sample-[0-11]",
    "success": true,
    "exception_occurred": false,
    "result": "COMPLETED",
    "expiration": 4843060899.0,
    "waitstatus": 0,
    "returncode": 0,
    "runtime": 85.74352526664734,
    "exception": {
        "occurred": false,
        "severity": "",
        "type": "",
        "note": ""
    }
}