{
    "id": 11944085946368,
    "userid": 1000,
    "urgency": 16,
    "priority": 16,
    "t_submit": 1689460125.723009,
    "t_depend": 1689460125.723009,
    "t_run": 1689460125.7670913,
    "t_cleanup": 1689460211.7602334,
    "t_inactive": 1689460211.7617795,
    "state": "INACTIVE",
    "name": "lmp",
    "ntasks": 768,
    "duration": 0.0,
    "nnodes": 12,
    "ranks": "[0-11]",
    "nodelist": "flux-sample-[0-11]",
    "success": true,
    "exception_occurred": false,
    "result": "COMPLETED",
    "expiration": 4843060125.0,
    "waitstatus": 0,
    "returncode": 0,
    "runtime": 85.99314212799072,
    "exception": {
        "occurred": false,
        "severity": "",
        "type": "",
        "note": ""
    }
}