{
    "id": 16275258474496,
    "userid": 1000,
    "urgency": 16,
    "priority": 16,
    "t_submit": 1689460383.8810055,
    "t_depend": 1689460383.8810055,
    "t_run": 1689460383.9251122,
    "t_cleanup": 1689460469.5504491,
    "t_inactive": 1689460469.5519729,
    "state": "INACTIVE",
    "name": "lmp",
    "ntasks": 768,
    "duration": 0.0,
    "nnodes": 12,
    "ranks": "[0-11]",
    "nodelist": "flux-sample-[0-11]",
    "success": true,
    "exception_occurred": false,
    "result": "COMPLETED",
    "expiration": 4843060383.0,
    "waitstatus": 0,
    "returncode": 0,
    "runtime": 85.62533688545227,
    "exception": {
        "occurred": false,
        "severity": "",
        "type": "",
        "note": ""
    }
}