{
    "id": 19162197917696,
    "userid": 1000,
    "urgency": 16,
    "priority": 16,
    "t_submit": 1689460555.9559064,
    "t_depend": 1689460555.9559064,
    "t_run": 1689460556.0001633,
    "t_cleanup": 1689460641.4814441,
    "t_inactive": 1689460641.4829948,
    "state": "INACTIVE",
    "name": "lmp",
    "ntasks": 768,
    "duration": 0.0,
    "nnodes": 12,
    "ranks": "[0-11]",
    "nodelist": "flux-sample-[0-11]",
    "success": true,
    "exception_occurred": false,
    "result": "COMPLETED",
    "expiration": 4843060555.0,
    "waitstatus": 0,
    "returncode": 0,
    "runtime": 85.48128080368042,
    "exception": {
        "occurred": false,
        "severity": "",
        "type": "",
        "note": ""
    }
}