{
    "id": 22036319567872,
    "userid": 1000,
    "urgency": 16,
    "priority": 16,
    "t_submit": 1689460727.2675023,
    "t_depend": 1689460727.2675023,
    "t_run": 1689460727.3117225,
    "t_cleanup": 1689460813.2147195,
    "t_inactive": 1689460813.21625,
    "state": "INACTIVE",
    "name": "lmp",
    "ntasks": 768,
    "duration": 0.0,
    "nnodes": 12,
    "ranks": "[0-11]",
    "nodelist": "flux-sample-[0-11]",
    "success": true,
    "exception_occurred": false,
    "result": "COMPLETED",
    "expiration": 4843060727.0,
    "waitstatus": 0,
    "returncode": 0,
    "runtime": 85.90299701690674,
    "exception": {
        "occurred": false,
        "severity": "",
        "type": "",
        "note": ""
    }
}