{
    "id": 4744227586048,
    "userid": 1000,
    "urgency": 16,
    "priority": 16,
    "t_submit": 1689459696.577638,
    "t_depend": 1689459696.577638,
    "t_run": 1689459696.6217086,
    "t_cleanup": 1689459782.0583093,
    "t_inactive": 1689459782.0597284,
    "state": "INACTIVE",
    "name": "lmp",
    "ntasks": 768,
    "duration": 0.0,
    "nnodes": 12,
    "ranks": "[0-11]",
    "nodelist": "flux-sample-[0-11]",
    "success": true,
    "exception_occurred": false,
    "result": "COMPLETED",
    "expiration": 4843059696.0,
    "waitstatus": 0,
    "returncode": 0,
    "runtime": 85.43660068511963,
    "exception": {
        "occurred": false,
        "severity": "",
        "type": "",
        "note": ""
    }
}