{
    "id": 6183360397312,
    "userid": 1000,
    "urgency": 16,
    "priority": 16,
    "t_submit": 1689459782.3568738,
    "t_depend": 1689459782.3568738,
    "t_run": 1689459782.400902,
    "t_cleanup": 1689459867.971681,
    "t_inactive": 1689459867.97318,
    "state": "INACTIVE",
    "name": "lmp",
    "ntasks": 768,
    "duration": 0.0,
    "nnodes": 12,
    "ranks": "[0-11]",
    "nodelist": "flux-sample-[0-11]",
    "success": true,
    "exception_occurred": false,
    "result": "COMPLETED",
    "expiration": 4843059782.0,
    "waitstatus": 0,
    "returncode": 0,
    "runtime": 85.5707790851593,
    "exception": {
        "occurred": false,
        "severity": "",
        "type": "",
        "note": ""
    }
}