{
    "id": 29253827559424,
    "userid": 1000,
    "urgency": 16,
    "priority": 16,
    "t_submit": 1689461157.4644883,
    "t_depend": 1689461157.4644883,
    "t_run": 1689461157.508743,
    "t_cleanup": 1689461242.9702582,
    "t_inactive": 1689461242.9718165,
    "state": "INACTIVE",
    "name": "lmp",
    "ntasks": 768,
    "duration": 0.0,
    "nnodes": 12,
    "ranks": "[0-11]",
    "nodelist": "flux-sample-[0-11]",
    "success": true,
    "exception_occurred": false,
    "result": "COMPLETED",
    "expiration": 4843061157.0,
    "waitstatus": 0,
    "returncode": 0,
    "runtime": 85.46151518821716,
    "exception": {
        "occurred": false,
        "severity": "",
        "type": "",
        "note": ""
    }
}