{
    "id": 7626452631552,
    "userid": 1000,
    "urgency": 16,
    "priority": 16,
    "t_submit": 1689459868.3720152,
    "t_depend": 1689459868.3720152,
    "t_run": 1689459868.4161217,
    "t_cleanup": 1689459954.0125897,
    "t_inactive": 1689459954.0141375,
    "state": "INACTIVE",
    "name": "lmp",
    "ntasks": 768,
    "duration": 0.0,
    "nnodes": 12,
    "ranks": "[0-11]",
    "nodelist": "flux-sample-[0-11]",
    "success": true,
    "exception_occurred": false,
    "result": "COMPLETED",
    "expiration": 4843059868.0,
    "waitstatus": 0,
    "returncode": 0,
    "runtime": 85.59646797180176,
    "exception": {
        "occurred": false,
        "severity": "",
        "type": "",
        "note": ""
    }
}