{
    "id": 9068320129024,
    "userid": 1000,
    "urgency": 16,
    "priority": 16,
    "t_submit": 1689459954.3136945,
    "t_depend": 1689459954.3136945,
    "t_run": 1689459954.3578665,
    "t_cleanup": 1689460039.7784686,
    "t_inactive": 1689460039.7799797,
    "state": "INACTIVE",
    "name": "lmp",
    "ntasks": 768,
    "duration": 0.0,
    "nnodes": 12,
    "ranks": "[0-11]",
    "nodelist": "flux-sample-[0-11]",
    "success": true,
    "exception_occurred": false,
    "result": "COMPLETED",
    "expiration": 4843059954.0,
    "waitstatus": 0,
    "returncode": 0,
    "runtime": 85.42060208320618,
    "exception": {
        "occurred": false,
        "severity": "",
        "type": "",
        "note": ""
    }
}