{
    "id": 10507167727616,
    "userid": 1000,
    "urgency": 16,
    "priority": 16,
    "t_submit": 1689460040.0763571,
    "t_depend": 1689460040.0763571,
    "t_run": 1689460040.1204567,
    "t_cleanup": 1689460125.4238832,
    "t_inactive": 1689460125.4259694,
    "state": "INACTIVE",
    "name": "lmp",
    "ntasks": 768,
    "duration": 0.0,
    "nnodes": 12,
    "ranks": "[0-11]",
    "nodelist": "flux-sample-[0-11]",
    "success": true,
    "exception_occurred": false,
    "result": "COMPLETED",
    "expiration": 4843060040.0,
    "waitstatus": 0,
    "returncode": 0,
    "runtime": 85.30342650413513,
    "exception": {
        "occurred": false,
        "severity": "",
        "type": "",
        "note": ""
    }
}