{
    "id": 14834615713792,
    "userid": 1000,
    "urgency": 16,
    "priority": 16,
    "t_submit": 1689460298.0115364,
    "t_depend": 1689460298.0115364,
    "t_run": 1689460298.0558407,
    "t_cleanup": 1689460383.582561,
    "t_inactive": 1689460383.5840392,
    "state": "INACTIVE",
    "name": "lmp",
    "ntasks": 768,
    "duration": 0.0,
    "nnodes": 12,
    "ranks": "[0-11]",
    "nodelist": "flux-sample-[0-11]",
    "success": true,
    "exception_occurred": false,
    "result": "COMPLETED",
    "expiration": 4843060298.0,
    "waitstatus": 0,
    "returncode": 0,
    "runtime": 85.52672028541565,
    "exception": {
        "occurred": false,
        "severity": "",
        "type": "",
        "note": ""
    }
}