{
    "id": 3300464263168,
    "userid": 1000,
    "urgency": 16,
    "priority": 16,
    "t_submit": 1689459610.522619,
    "t_depend": 1689459610.522619,
    "t_run": 1689459610.5666947,
    "t_cleanup": 1689459696.2788744,
    "t_inactive": 1689459696.2803419,
    "state": "INACTIVE",
    "name": "lmp",
    "ntasks": 768,
    "duration": 0.0,
    "nnodes": 12,
    "ranks": "[0-11]",
    "nodelist": "flux-sample-[0-11]",
    "success": true,
    "exception_occurred": false,
    "result": "COMPLETED",
    "expiration": 4843059610.0,
    "waitstatus": 0,
    "returncode": 0,
    "runtime": 85.71217966079712,
    "exception": {
        "occurred": false,
        "severity": "",
        "type": "",
        "note": ""
    }
}