{
    "id": 13392597221376,
    "userid": 1000,
    "urgency": 16,
    "priority": 16,
    "t_submit": 1689460212.0615103,
    "t_depend": 1689460212.0615103,
    "t_run": 1689460212.1056218,
    "t_cleanup": 1689460297.7121758,
    "t_inactive": 1689460297.7137322,
    "state": "INACTIVE",
    "name": "lmp",
    "ntasks": 768,
    "duration": 0.0,
    "nnodes": 12,
    "ranks": "[0-11]",
    "nodelist": "flux-sample-[0-11]",
    "success": true,
    "exception_occurred": false,
    "result": "COMPLETED",
    "expiration": 4843060212.0,
    "waitstatus": 0,
    "returncode": 0,
    "runtime": 85.60655403137207,
    "exception": {
        "occurred": false,
        "severity": "",
        "type": "",
        "note": ""
    }
}