{
    "id": 30693413355520,
    "userid": 1000,
    "urgency": 16,
    "priority": 16,
    "t_submit": 1689461243.2698512,
    "t_depend": 1689461243.2698512,
    "t_run": 1689461243.3141255,
    "t_cleanup": 1689461328.3867347,
    "t_inactive": 1689461328.3883646,
    "state": "INACTIVE",
    "name": "lmp",
    "ntasks": 768,
    "duration": 0.0,
    "nnodes": 12,
    "ranks": "[0-11]",
    "nodelist": "flux-sample-[0-11]",
    "success": true,
    "exception_occurred": false,
    "result": "COMPLETED",
    "expiration": 4843061243.0,
    "waitstatus": 0,
    "returncode": 0,
    "runtime": 85.07260918617249,
    "exception": {
        "occurred": false,
        "severity": "",
        "type": "",
        "note": ""
    }
}