{
    "times": {
        "1s": [
            17.436624765396118,
            16.0823233127594,
            17.342456102371216,
            16.36092710494995,
            15.96769666671753,
            17.107712984085083,
            17.179240942001343,
            17.205883026123047,
            17.273085117340088,
            17.52469754219055,
            17.481939554214478,
            17.6170015335083,
            17.703935384750366,
            17.7993106842041,
            19.294015407562256,
            17.461463689804077,
            16.560887813568115,
            16.37584137916565,
            17.85919451713562,
            18.50167989730835
        ],
        "2s": [
            17.628484964370728,
            16.804733753204346,
            18.592148780822754,
            17.00818181037903,
            17.0288302898407,
            18.038342475891113,
            19.46170401573181,
            19.481461763381958,
            17.20391058921814,
            17.219027519226074,
            17.20418643951416,
            16.980103254318237,
            16.882787942886353,
            18.1341335773468,
            17.085850715637207,
            17.066184997558594,
            18.494197130203247,
            16.98522973060608,
            18.908230781555176,
            16.99929451942444
        ],
        "3s": [
            19.692771673202515,
            19.598649501800537,
            18.93942093849182,
            18.53557252883911,
            18.540205001831055,
            17.97214961051941,
            18.251803398132324,
            18.36354112625122,
            18.24363374710083,
            18.87622618675232,
            18.367980003356934,
            17.913289546966553,
            18.01783275604248,
            18.14353370666504,
            17.732419967651367,
            19.503730535507202,
            18.291877031326294,
            18.81815767288208,
            17.82930612564087,
            18.916564226150513
        ],
        "4s": [
            19.72832155227661,
            19.202006578445435,
            19.336303234100342,
            16.394009113311768,
            19.95462989807129,
            18.789156436920166,
            18.957781553268433,
            18.98891806602478,
            19.22665047645569,
            19.545347452163696,
            19.103747606277466,
            19.162689924240112,
            19.097215175628662,
            19.26033043861389,
            19.14906597137451,
            19.97177243232727,
            20.116061687469482,
            20.488099336624146,
            20.499547719955444,
            20.849324464797974
        ],
        "5s": [
            20.278568029403687,
            20.014159679412842,
            21.519559144973755,
            20.061675786972046,
            20.40276265144348,
            21.101428747177124,
            19.91469144821167,
            20.053503036499023,
            20.145241498947144,
            19.957279920578003,
            20.845454931259155,
            22.08173894882202,
            21.96729588508606,
            20.13535499572754,
            20.047690629959106,
            20.26398777961731,
            20.106692790985107,
            20.947466135025024,
            20.195903301239014,
            20.34339141845703
        ],
        "6s": [
            21.354381561279297,
            20.99197506904602,
            21.212753534317017,
            21.101993322372437,
            22.034584045410156,
            22.620891571044922,
            22.681305408477783,
            21.446144104003906,
            20.93909764289856,
            21.207929134368896,
            21.484041452407837,
            21.141955614089966,
            21.369666814804077,
            16.790995597839355,
            21.050840854644775,
            21.303953886032104,
            16.1766254901886,
            20.902769804000854,
            21.201005935668945,
            22.79348611831665
        ],
        "7s": [
            22.11067509651184,
            22.18041229248047,
            22.212910413742065,
            22.0548312664032,
            22.01282000541687,
            21.848294734954834,
            22.892763376235962,
            22.039825916290283,
            21.96305537223816,
            22.037344217300415,
            22.04149580001831,
            22.14128017425537,
            22.28452777862549,
            22.26193332672119,
            23.52913212776184,
            22.160551071166992,
            22.92043685913086,
            23.112737894058228,
            23.863860845565796,
            22.071727514266968
        ],
        "8s": [
            22.89544701576233,
            18.470966815948486,
            23.3416805267334,
            23.567712545394897,
            23.030256032943726,
            23.140624523162842,
            22.976510524749756,
            22.934547901153564,
            22.93069291114807,
            22.90229606628418,
            24.239381790161133,
            23.125755786895752,
            23.056220769882202,
            23.28473925590515,
            23.017351388931274,
            23.295754432678223,
            23.001290321350098,
            23.604963779449463,
            23.124865293502808,
            24.54782485961914
        ],
        "9s": [
            23.807623624801636,
            24.158473253250122,
            24.4688458442688,
            24.114030122756958,
            24.216670274734497,
            24.344584226608276,
            24.17711615562439,
            25.04445791244507,
            23.973232746124268,
            23.971288919448853,
            24.005350589752197,
            24.349028825759888,
            24.03793168067932,
            24.489373445510864,
            24.191245079040527,
            23.954890966415405,
            24.467695951461792,
            24.906612396240234,
            24.180043697357178,
            25.761817693710327
        ],
        "10s": [
            25.79315710067749,
            24.90509033203125,
            25.365744829177856,
            25.06696319580078,
            25.405877828598022,
            24.940717458724976,
            25.2322039604187,
            25.03825855255127,
            25.152981519699097,
            25.274891138076782,
            25.793639421463013,
            25.20840334892273,
            25.490177392959595,
            26.60333228111267,
            25.05143904685974,
            27.379042863845825,
            25.377353191375732,
            25.235268592834473,
            26.55372929573059,
            25.064945697784424
        ],
        "no-timeout-set": [
            45.40097117424011,
            46.6874635219574,
            45.09168291091919,
            46.72263216972351,
            46.623785734176636,
            45.32091784477234,
            44.9454288482666,
            45.215556144714355,
            46.21315574645996,
            44.86591458320618,
            46.57782030105591,
            45.06356644630432,
            44.84793257713318,
            45.31823706626892,
            45.23159599304199,
            45.35082769393921,
            45.240209102630615,
            45.30774927139282,
            45.58618664741516,
            46.484570026397705
        ]
    },
    "means": {
        "1s": 17.306795871257783,
        "2s": 17.66035125255585,
        "3s": 18.527433264255524,
        "4s": 19.39104895591736,
        "5s": 20.519192337989807,
        "6s": 20.990319848060608,
        "7s": 22.387030804157256,
        "8s": 23.024444127082823,
        "9s": 24.33101567029953,
        "10s": 25.49666085243225,
        "no-timeout-set": 45.60481019020081
    },
    "stds": {
        "1s": 0.7939284127626859,
        "2s": 0.8843985250780364,
        "3s": 0.5832096234153068,
        "4s": 0.9157484320102519,
        "5s": 0.6681559238880974,
        "6s": 1.6492910133636656,
        "7s": 0.562962532509885,
        "8s": 1.1582943075903043,
        "9s": 0.45719333264675643,