{
    "times": {
        "1s": [
            22.029410362243652,
            17.422698974609375,
            17.261155366897583,
            17.143266201019287,
            17.97473978996277,
            18.849013090133667,
            17.290609121322632,
            16.776467323303223,
            18.740275859832764,
            17.959293365478516,
            16.883217096328735,
            17.519246578216553,
            17.180986166000366,
            17.491010189056396,
            17.565584182739258,
            17.95164203643799,
            18.008667945861816,
            17.812593698501587,
            17.248987197875977,
            17.644551753997803
        ],
        "2s": [
            18.596336841583252,
            17.632615327835083,
            17.460541248321533,
            20.232151985168457,
            19.853891849517822,
            16.890814781188965,
            18.13219928741455,
            17.016050815582275,
            17.281887769699097,
            17.677714109420776,
            17.443898916244507,
            17.40880298614502,
            16.76414179801941,
            16.9491446018219,
            17.413849115371704,
            18.1182963848114,
            17.620810508728027,
            17.431861639022827,
            17.884654998779297,
            20.696473836898804
        ],
        "3s": [
            17.04720163345337,
            17.383788108825684,
            16.835031032562256,
            19.88476276397705,
            18.217657327651978,
            19.7119243144989,
            17.587941884994507,
            16.71783709526062,
            18.792073726654053,
            17.6996853351593,
            19.648887634277344,
            16.961471796035767,
            17.124931812286377,
            17.074153900146484,
            18.509533882141113,
            18.455689907073975,
            16.59528613090515,
            17.814114093780518,
            18.98349905014038,
            16.748390674591064
        ],
        "4s": [
            17.663974046707153,
            17.430582761764526,
            16.304426193237305,
            17.103585720062256,
            19.86763334274292,
            16.981414556503296,
            20.668037176132202,
            16.53397274017334,
            20.57912278175354,
            20.368720769882202,
            16.728788375854492,
            19.674009799957275,
            17.29320526123047,
            16.82522702217102,
            17.738983869552612,
            17.712846755981445,
            20.307147979736328,
            17.308896780014038,
            19.22250986099243,
            18.370909929275513
        ],
        "5s": [
            17.35124707221985,
            16.96691131591797,
            16.306901216506958,
            21.780060529708862,
            17.910898447036743,
            21.647729873657227,
            17.304630279541016,
            21.676038026809692,
            18.104768753051758,
            17.43694233894348,
            17.73513674736023,
            21.516638040542603,
            21.808874368667603,
            18.5070743560791,
            17.35928463935852,
            19.10271906852722,
            18.165189504623413,
            17.56858229637146,
            18.626447916030884,
            17.836616277694702
        ],
        "6s": [
            16.925435781478882,
            16.81850266456604,
            22.916943550109863,
            17.005752086639404,
            17.55222988128662,
            23.389814615249634,
            17.144184350967407,
            22.440959453582764,
            17.376677989959717,
            23.197473287582397,
            23.0584659576416,
            16.997472524642944,
            23.318528413772583,
            17.830422401428223,
            17.201132774353027,
            17.5642249584198,
            17.433002710342407,
            17.512468099594116,
            18.65117049217224,
            16.837152004241943
        ],
        "7s": [
            17.66278338432312,
            16.556696891784668,
            16.550922393798828,
            17.618700981140137,
            17.14527130126953,
            17.64941096305847,
            16.934936046600342,
            23.949616193771362,
            18.40946078300476,
            17.42918372154236,
            17.6495201587677,
            17.621562004089355,
            17.523635149002075,
            17.077820777893066,
            16.628141403198242,
            17.665637493133545,
            17.447249174118042,
            17.70616054534912,
            17.269293785095215,
            16.829667568206787
        ],
        "8s": [
            25.50148868560791,
            18.53565263748169,
            26.080174207687378,
            17.98676347732544,
            23.950050830841064,
            17.279725790023804,
            24.504974603652954,
            16.693101167678833,
            17.220218181610107,
            24.095500707626343,
            18.95861268043518,
            18.54400897026062,
            16.880282878875732,
            18.073399305343628,
            25.019020795822144,
            24.29874014854431,
            17.516752243041992,
            19.060341119766235,
            24.76997947692871,
            17.818264484405518
        ],
        "9s": [
            17.07549214363098,
            17.426897287368774,
            17.839213609695435,
            18.71520709991455,
            17.48039197921753,
            25.15603804588318,
            25.217333793640137,
            27.070291996002197,
            25.38437271118164,
            18.362404108047485,
            25.155118465423584,
            26.807697296142578,
            17.51312232017517,
            17.756546020507812,
            17.580029249191284,
            25.53502893447876,
            25.849034786224365,
            17.386731147766113,
            17.429872035980225,
            19.230665922164917
        ],
        "10s": [
            26.816309452056885,
            16.775686740875244,
            17.080952167510986,
            26.746928215026855,
            18.89898443222046,
            27.66933822631836,
            17.09767723083496,
            26.45280146598816,
            18.736039400100708,
            17.474616765975952,
            19.14504361152649,
            26.45289182662964,
            17.309619903564453,
            17.382831573486328,
            19.408654928207397,
            17.708014726638794,
            17.41393232345581,
            18.681479454040527,
            18.281429767608643,
            17.469415187835693
        ],
        "no-timeout-set": [
            17.62263298034668,
            16.746500253677368,
            17.602363348007202,
            17.48449683189392,
            46.670706272125244,
            19.672982454299927,
            18.700488567352295,
            17.380563259124756,
            17.43824529647827,
            18.02112340927124,
            47.089085817337036,
            17.455397129058838,
            16.61508083343506,
            16.45020341873169,
            17.25136113166809,
            47.147114992141724,
            17.72149658203125,
            47.37858247756958,
            17.256356239318848,
            17.351145267486572
        ]
    },
    "means": {
        "1s": 17.837670814990997,
        "2s": 17.925306940078734,
        "3s": 17.889693105220793,
        "4s": 18.234199786186217,
        "5s": 18.735634553432465,
        "6s": 19.058600699901582,
        "7s": 17.666283535957337,
        "8s": 20.63935261964798,
        "9s": 20.998574447631835,
        "10s": 20.150132369995116,
        "no-timeout-set": 23.45279632806778
    },
    "stds": {
        "1s": 1.1219927125248694,
        "2s": 1.1079552627907137,
        "3s": 1.0734153904093953,
        "4s": 1.5036064295925928,
        "5s": 1.8484658887276781,
        "6s": 2.7191554294805926,
        "7s": 1.5513431505004942,
        "8s": 3.5457245500787336,