{
    "id": 629665693696,
    "userid": 1000,
    "urgency": 16,
    "priority": 16,
    "t_submit": 1684112158.6743462,
    "t_depend": 1684112158.6858382,
    "t_run": 1684112158.7144046,
    "t_cleanup": 1684112158.9543548,
    "t_inactive": 1684112158.9557798,
    "state": "INACTIVE",
    "name": "hostname",
    "ntasks": 392,
    "ncores": 392,
    "duration": 0.0,
    "nnodes": 7,
    "ranks": "[0-6]",
    "nodelist": "flux-sample-[1-7]",
    "success": true,
    "exception_occurred": false,
    "result": "COMPLETED",
    "expiration": 4837712158.0,
    "waitstatus": 0,
    "returncode": 0,
    "runtime": 0.23995018005371094,
    "exception": {
        "occurred": false,
        "severity": "",
        "type": "",
        "note": ""
    }
}