{
    "id": 562456166400,
    "userid": 1000,
    "urgency": 16,
    "priority": 16,
    "t_submit": 1684112154.6685944,
    "t_depend": 1684112154.679928,
    "t_run": 1684112154.7086742,
    "t_cleanup": 1684112154.9516122,
    "t_inactive": 1684112154.952987,
    "state": "INACTIVE",
    "name": "hostname",
    "ntasks": 392,
    "ncores": 392,
    "duration": 0.0,
    "nnodes": 7,
    "ranks": "[0-6]",
    "nodelist": "flux-sample-[1-7]",
    "success": true,
    "exception_occurred": false,
    "result": "COMPLETED",
    "expiration": 4837712154.0,
    "waitstatus": 0,
    "returncode": 0,
    "runtime": 0.24293804168701172,
    "exception": {
        "occurred": false,
        "severity": "",
        "type": "",
        "note": ""
    }
}