{
    "id": 542323507200,
    "userid": 1000,
    "urgency": 16,
    "priority": 16,
    "t_submit": 1684112153.4692464,
    "t_depend": 1684112153.4806159,
    "t_run": 1684112153.5092304,
    "t_cleanup": 1684112153.7435582,
    "t_inactive": 1684112153.7448635,
    "state": "INACTIVE",
    "name": "hostname",
    "ntasks": 392,
    "ncores": 392,
    "duration": 0.0,
    "nnodes": 7,
    "ranks": "[0-6]",
    "nodelist": "flux-sample-[1-7]",
    "success": true,
    "exception_occurred": false,
    "result": "COMPLETED",
    "expiration": 4837712153.0,
    "waitstatus": 0,
    "returncode": 0,
    "runtime": 0.2343277931213379,
    "exception": {
        "occurred": false,
        "severity": "",
        "type": "",
        "note": ""
    }
}