{
    "id": 616227143680,
    "userid": 1000,
    "urgency": 16,
    "priority": 16,
    "t_submit": 1684112157.8742204,
    "t_depend": 1684112157.885724,
    "t_run": 1684112157.9141707,
    "t_cleanup": 1684112158.147893,
    "t_inactive": 1684112158.1492438,
    "state": "INACTIVE",
    "name": "hostname",
    "ntasks": 392,
    "ncores": 392,
    "duration": 0.0,
    "nnodes": 7,
    "ranks": "[0-6]",
    "nodelist": "flux-sample-[1-7]",
    "success": true,
    "exception_occurred": false,
    "result": "COMPLETED",
    "expiration": 4837712157.0,
    "waitstatus": 0,
    "returncode": 0,
    "runtime": 0.23372220993041992,
    "exception": {
        "occurred": false,
        "severity": "",
        "type": "",
        "note": ""
    }
}