{
    "id": 528834625536,
    "userid": 1000,
    "urgency": 16,
    "priority": 16,
    "t_submit": 1684112152.6647904,
    "t_depend": 1684112152.676302,
    "t_run": 1684112152.704868,
    "t_cleanup": 1684112152.936421,
    "t_inactive": 1684112152.9377112,
    "state": "INACTIVE",
    "name": "hostname",
    "ntasks": 392,
    "ncores": 392,
    "duration": 0.0,
    "nnodes": 7,
    "ranks": "[0-6]",
    "nodelist": "flux-sample-[1-7]",
    "success": true,
    "exception_occurred": false,
    "result": "COMPLETED",
    "expiration": 4837712152.0,
    "waitstatus": 0,
    "returncode": 0,
    "runtime": 0.2315528392791748,
    "exception": {
        "occurred": false,
        "severity": "",
        "type": "",
        "note": ""
    }
}