{
    "id": 649982902272,
    "userid": 1000,
    "urgency": 16,
    "priority": 16,
    "t_submit": 1684112159.8858564,
    "t_depend": 1684112159.8973591,
    "t_run": 1684112159.9257767,
    "t_cleanup": 1684112160.169601,
    "t_inactive": 1684112160.1711266,
    "state": "INACTIVE",
    "name": "hostname",
    "ntasks": 392,
    "ncores": 392,
    "duration": 0.0,
    "nnodes": 7,
    "ranks": "[0-6]",
    "nodelist": "flux-sample-[1-7]",
    "success": true,
    "exception_occurred": false,
    "result": "COMPLETED",
    "expiration": 4837712159.0,
    "waitstatus": 0,
    "returncode": 0,
    "runtime": 0.24382424354553223,
    "exception": {
        "occurred": false,
        "severity": "",
        "type": "",
        "note": ""
    }
}