{
    "id": 643221684224,
    "userid": 1000,
    "urgency": 16,
    "priority": 16,
    "t_submit": 1684112159.4829617,
    "t_depend": 1684112159.494425,
    "t_run": 1684112159.5234396,
    "t_cleanup": 1684112159.759273,
    "t_inactive": 1684112159.7606316,
    "state": "INACTIVE",
    "name": "hostname",
    "ntasks": 392,
    "ncores": 392,
    "duration": 0.0,
    "nnodes": 7,
    "ranks": "[0-6]",
    "nodelist": "flux-sample-[1-7]",
    "success": true,
    "exception_occurred": false,
    "result": "COMPLETED",
    "expiration": 4837712159.0,
    "waitstatus": 0,
    "returncode": 0,
    "runtime": 0.23583340644836426,
    "exception": {
        "occurred": false,
        "severity": "",
        "type": "",
        "note": ""
    }
}