{
    "id": 575877939200,
    "userid": 1000,
    "urgency": 16,
    "priority": 16,
    "t_submit": 1684112155.4690423,
    "t_depend": 1684112155.4804041,
    "t_run": 1684112155.5091043,
    "t_cleanup": 1684112155.7420797,
    "t_inactive": 1684112155.7434163,
    "state": "INACTIVE",
    "name": "hostname",
    "ntasks": 392,
    "ncores": 392,
    "duration": 0.0,
    "nnodes": 7,
    "ranks": "[0-6]",
    "nodelist": "flux-sample-[1-7]",
    "success": true,
    "exception_occurred": false,
    "result": "COMPLETED",
    "expiration": 4837712155.0,
    "waitstatus": 0,
    "returncode": 0,
    "runtime": 0.23297548294067383,
    "exception": {
        "occurred": false,
        "severity": "",
        "type": "",
        "note": ""
    }
}