{
    "id": 1585144922112,
    "userid": 1234,
    "urgency": 16,
    "priority": 16,
    "t_submit": 1684197318.8559825,
    "t_depend": 1684197318.8673089,
    "t_run": 1684197318.8819869,
    "t_cleanup": 1684197319.1552312,
    "t_inactive": 1684197319.1569986,
    "state": "INACTIVE",
    "name": "hello_c",
    "ntasks": 392,
    "ncores": 392,
    "duration": 0.0,
    "nnodes": 7,
    "ranks": "[0-6]",
    "nodelist": "flux-sample-[1-7]",
    "success": true,
    "exception_occurred": false,
    "result": "COMPLETED",
    "expiration": 4837797318.0,
    "waitstatus": 0,
    "returncode": 0,
    "runtime": 0.27324438095092773,
    "exception": {
        "occurred": false,
        "severity": "",
        "type": "",
        "note": ""
    }
}