{
    "id": 1521005625344,
    "userid": 1234,
    "urgency": 16,
    "priority": 16,
    "t_submit": 1684197315.0333939,
    "t_depend": 1684197315.0446882,
    "t_run": 1684197315.059724,
    "t_cleanup": 1684197315.3324723,
    "t_inactive": 1684197315.3341734,
    "state": "INACTIVE",
    "name": "hello_c",
    "ntasks": 392,
    "ncores": 392,
    "duration": 0.0,
    "nnodes": 7,
    "ranks": "[0-6]",
    "nodelist": "flux-sample-[1-7]",
    "success": true,
    "exception_occurred": false,
    "result": "COMPLETED",
    "expiration": 4837797315.0,
    "waitstatus": 0,
    "returncode": 0,
    "runtime": 0.2727482318878174,
    "exception": {
        "occurred": false,
        "severity": "",
        "type": "",
        "note": ""
    }
}