{
    "id": 1550130872320,
    "userid": 1234,
    "urgency": 16,
    "priority": 16,
    "t_submit": 1684197316.768832,
    "t_depend": 1684197316.7803261,
    "t_run": 1684197316.7951002,
    "t_cleanup": 1684197317.0901656,
    "t_inactive": 1684197317.0917666,
    "state": "INACTIVE",
    "name": "hello_c",
    "ntasks": 392,
    "ncores": 392,
    "duration": 0.0,
    "nnodes": 7,
    "ranks": "[0-6]",
    "nodelist": "flux-sample-[1-7]",
    "success": true,
    "exception_occurred": false,
    "result": "COMPLETED",
    "expiration": 4837797316.0,
    "waitstatus": 0,
    "returncode": 0,
    "runtime": 0.29506540298461914,
    "exception": {
        "occurred": false,
        "severity": "",
        "type": "",
        "note": ""
    }
}