{
    "id": 1564139847680,
    "userid": 1234,
    "urgency": 16,
    "priority": 16,
    "t_submit": 1684197317.6043694,
    "t_depend": 1684197317.6159222,
    "t_run": 1684197317.6306825,
    "t_cleanup": 1684197317.911346,
    "t_inactive": 1684197317.9130025,
    "state": "INACTIVE",
    "name": "hello_c",
    "ntasks": 392,
    "ncores": 392,
    "duration": 0.0,
    "nnodes": 7,
    "ranks": "[0-6]",
    "nodelist": "flux-sample-[1-7]",
    "success": true,
    "exception_occurred": false,
    "result": "COMPLETED",
    "expiration": 4837797317.0,
    "waitstatus": 0,
    "returncode": 0,
    "runtime": 0.28066349029541016,
    "exception": {
        "occurred": false,
        "severity": "",
        "type": "",
        "note": ""
    }
}