{
    "id": 1571052060672,
    "userid": 1234,
    "urgency": 16,
    "priority": 16,
    "t_submit": 1684197318.0154998,
    "t_depend": 1684197318.0269687,
    "t_run": 1684197318.0418537,
    "t_cleanup": 1684197318.3482525,
    "t_inactive": 1684197318.3499115,
    "state": "INACTIVE",
    "name": "hello_c",
    "ntasks": 392,
    "ncores": 392,
    "duration": 0.0,
    "nnodes": 7,
    "ranks": "[0-6]",
    "nodelist": "flux-sample-[1-7]",
    "success": true,
    "exception_occurred": false,
    "result": "COMPLETED",
    "expiration": 4837797318.0,
    "waitstatus": 0,
    "returncode": 0,
    "runtime": 0.306398868560791,
    "exception": {
        "occurred": false,
        "severity": "",
        "type": "",
        "note": ""
    }
}