{
    "id": 1598684135424,
    "userid": 1234,
    "urgency": 16,
    "priority": 16,
    "t_submit": 1684197319.6626408,
    "t_depend": 1684197319.674035,
    "t_run": 1684197319.6887493,
    "t_cleanup": 1684197319.9695876,
    "t_inactive": 1684197319.971061,
    "state": "INACTIVE",
    "name": "hello_c",
    "ntasks": 392,
    "ncores": 392,
    "duration": 0.0,
    "nnodes": 7,
    "ranks": "[0-6]",
    "nodelist": "flux-sample-[1-7]",
    "success": true,
    "exception_occurred": false,
    "result": "COMPLETED",
    "expiration": 4837797319.0,
    "waitstatus": 0,
    "returncode": 0,
    "runtime": 0.2808382511138916,
    "exception": {
        "occurred": false,
        "severity": "",
        "type": "",
        "note": ""
    }
}