{
    "id": 1626668531712,
    "userid": 1234,
    "urgency": 16,
    "priority": 16,
    "t_submit": 1684197321.3307648,
    "t_depend": 1684197321.3420181,
    "t_run": 1684197321.3571417,
    "t_cleanup": 1684197321.6563222,
    "t_inactive": 1684197321.658017,
    "state": "INACTIVE",
    "name": "hello_c",
    "ntasks": 392,
    "ncores": 392,
    "duration": 0.0,
    "nnodes": 7,
    "ranks": "[0-6]",
    "nodelist": "flux-sample-[1-7]",
    "success": true,
    "exception_occurred": false,
    "result": "COMPLETED",
    "expiration": 4837797321.0,
    "waitstatus": 0,
    "returncode": 0,
    "runtime": 0.2991805076599121,
    "exception": {
        "occurred": false,
        "severity": "",
        "type": "",
        "note": ""
    }
}