{
    "id": 1527783620608,
    "userid": 1234,
    "urgency": 16,
    "priority": 16,
    "t_submit": 1684197315.4370902,
    "t_depend": 1684197315.448419,
    "t_run": 1684197315.4630406,
    "t_cleanup": 1684197315.7602496,
    "t_inactive": 1684197315.7619257,
    "state": "INACTIVE",
    "name": "hello_c",
    "ntasks": 392,
    "ncores": 392,
    "duration": 0.0,
    "nnodes": 7,
    "ranks": "[0-6]",
    "nodelist": "flux-sample-[1-7]",
    "success": true,
    "exception_occurred": false,
    "result": "COMPLETED",
    "expiration": 4837797315.0,
    "waitstatus": 0,
    "returncode": 0,
    "runtime": 0.2972090244293213,
    "exception": {
        "occurred": false,
        "severity": "",
        "type": "",
        "note": ""
    }
}