{
    "id": 1557277966336,
    "userid": 1234,
    "urgency": 16,
    "priority": 16,
    "t_submit": 1684197317.194483,
    "t_depend": 1684197317.2057586,
    "t_run": 1684197317.220725,
    "t_cleanup": 1684197317.5015817,
    "t_inactive": 1684197317.503101,
    "state": "INACTIVE",
    "name": "hello_c",
    "ntasks": 392,
    "ncores": 392,
    "duration": 0.0,
    "nnodes": 7,
    "ranks": "[0-6]",
    "nodelist": "flux-sample-[1-7]",
    "success": true,
    "exception_occurred": false,
    "result": "COMPLETED",
    "expiration": 4837797317.0,
    "waitstatus": 0,
    "returncode": 0,
    "runtime": 0.2808566093444824,
    "exception": {
        "occurred": false,
        "severity": "",
        "type": "",
        "note": ""
    }
}