{
    "id": 1542631456768,
    "userid": 1234,
    "urgency": 16,
    "priority": 16,
    "t_submit": 1684197316.3216207,
    "t_depend": 1684197316.3328464,
    "t_run": 1684197316.3481386,
    "t_cleanup": 1684197316.6645055,
    "t_inactive": 1684197316.666228,
    "state": "INACTIVE",
    "name": "hello_c",
    "ntasks": 392,
    "ncores": 392,
    "duration": 0.0,
    "nnodes": 7,
    "ranks": "[0-6]",
    "nodelist": "flux-sample-[1-7]",
    "success": true,
    "exception_occurred": false,
    "result": "COMPLETED",
    "expiration": 4837797316.0,
    "waitstatus": 0,
    "returncode": 0,
    "runtime": 0.31636691093444824,
    "exception": {
        "occurred": false,
        "severity": "",
        "type": "",
        "note": ""
    }
}