{
    "id": 1591922917376,
    "userid": 1234,
    "urgency": 16,
    "priority": 16,
    "t_submit": 1684197319.2599409,
    "t_depend": 1684197319.2712538,
    "t_run": 1684197319.286354,
    "t_cleanup": 1684197319.558866,
    "t_inactive": 1684197319.560402,
    "state": "INACTIVE",
    "name": "hello_c",
    "ntasks": 392,
    "ncores": 392,
    "duration": 0.0,
    "nnodes": 7,
    "ranks": "[0-6]",
    "nodelist": "flux-sample-[1-7]",
    "success": true,
    "exception_occurred": false,
    "result": "COMPLETED",
    "expiration": 4837797319.0,
    "waitstatus": 0,
    "returncode": 0,
    "runtime": 0.27251195907592773,
    "exception": {
        "occurred": false,
        "severity": "",
        "type": "",
        "note": ""
    }
}