{
    "id": 1605562793984,
    "userid": 1234,
    "urgency": 16,
    "priority": 16,
    "t_submit": 1684197320.0724158,
    "t_depend": 1684197320.083636,
    "t_run": 1684197320.0983672,
    "t_cleanup": 1684197320.3887656,
    "t_inactive": 1684197320.39028,
    "state": "INACTIVE",
    "name": "hello_c",
    "ntasks": 392,
    "ncores": 392,
    "duration": 0.0,
    "nnodes": 7,
    "ranks": "[0-6]",
    "nodelist": "flux-sample-[1-7]",
    "success": true,
    "exception_occurred": false,
    "result": "COMPLETED",
    "expiration": 4837797320.0,
    "waitstatus": 0,
    "returncode": 0,
    "runtime": 0.29039835929870605,
    "exception": {
        "occurred": false,
        "severity": "",
        "type": "",
        "note": ""
    }
}