{
    "id": 375222435840,
    "userid": 1234,
    "urgency": 16,
    "priority": 16,
    "t_submit": 1684197752.5857592,
    "t_depend": 1684197752.5970447,
    "t_run": 1684197752.6112072,
    "t_cleanup": 1684197753.7306888,
    "t_inactive": 1684197753.7321875,
    "state": "INACTIVE",
    "name": "connectivity_c",
    "ntasks": 280,
    "ncores": 280,
    "duration": 0.0,
    "nnodes": 5,
    "ranks": "[0-4]",
    "nodelist": "flux-sample-[3-7]",
    "success": true,
    "exception_occurred": false,
    "result": "COMPLETED",
    "expiration": 4837797752.0,
    "waitstatus": 0,
    "returncode": 0,
    "runtime": 1.1194815635681152,
    "exception": {
        "occurred": false,
        "severity": "",
        "type": "",
        "note": ""
    }
}