{
    "id": 650133897216,
    "userid": 1234,
    "urgency": 16,
    "priority": 16,
    "t_submit": 1684197768.9723694,
    "t_depend": 1684197768.983524,
    "t_run": 1684197768.9975493,
    "t_cleanup": 1684197770.1349127,
    "t_inactive": 1684197770.1363149,
    "state": "INACTIVE",
    "name": "connectivity_c",
    "ntasks": 280,
    "ncores": 280,
    "duration": 0.0,
    "nnodes": 5,
    "ranks": "[0-4]",
    "nodelist": "flux-sample-[3-7]",
    "success": true,
    "exception_occurred": false,
    "result": "COMPLETED",
    "expiration": 4837797768.0,
    "waitstatus": 0,
    "returncode": 0,
    "runtime": 1.1373634338378906,
    "exception": {
        "occurred": false,
        "severity": "",
        "type": "",
        "note": ""
    }
}