{
    "id": 310563045376,
    "userid": 1234,
    "urgency": 16,
    "priority": 16,
    "t_submit": 1684197748.7314634,
    "t_depend": 1684197748.742801,
    "t_run": 1684197748.7567744,
    "t_cleanup": 1684197749.898227,
    "t_inactive": 1684197749.8995898,
    "state": "INACTIVE",
    "name": "connectivity_c",
    "ntasks": 280,
    "ncores": 280,
    "duration": 0.0,
    "nnodes": 5,
    "ranks": "[0-4]",
    "nodelist": "flux-sample-[3-7]",
    "success": true,
    "exception_occurred": false,
    "result": "COMPLETED",
    "expiration": 4837797748.0,
    "waitstatus": 0,
    "returncode": 0,
    "runtime": 1.1414525508880615,
    "exception": {
        "occurred": false,
        "severity": "",
        "type": "",
        "note": ""
    }
}