{
    "id": 416930594816,
    "userid": 1234,
    "urgency": 16,
    "priority": 16,
    "t_submit": 1684197755.0716305,
    "t_depend": 1684197755.0828426,
    "t_run": 1684197755.0967283,
    "t_cleanup": 1684197756.2267413,
    "t_inactive": 1684197756.2282574,
    "state": "INACTIVE",
    "name": "connectivity_c",
    "ntasks": 280,
    "ncores": 280,
    "duration": 0.0,
    "nnodes": 5,
    "ranks": "[0-4]",
    "nodelist": "flux-sample-[3-7]",
    "success": true,
    "exception_occurred": false,
    "result": "COMPLETED",
    "expiration": 4837797755.0,
    "waitstatus": 0,
    "returncode": 0,
    "runtime": 1.1300129890441895,
    "exception": {
        "occurred": false,
        "severity": "",
        "type": "",
        "note": ""
    }
}