{
    "id": 331870109696,
    "userid": 1234,
    "urgency": 16,
    "priority": 16,
    "t_submit": 1684197750.0018232,
    "t_depend": 1684197750.012922,
    "t_run": 1684197750.0269089,
    "t_cleanup": 1684197751.1986666,
    "t_inactive": 1684197751.20007,
    "state": "INACTIVE",
    "name": "connectivity_c",
    "ntasks": 280,
    "ncores": 280,
    "duration": 0.0,
    "nnodes": 5,
    "ranks": "[0-4]",
    "nodelist": "flux-sample-[3-7]",
    "success": true,
    "exception_occurred": false,
    "result": "COMPLETED",
    "expiration": 4837797750.0,
    "waitstatus": 0,
    "returncode": 0,
    "runtime": 1.171757698059082,
    "exception": {
        "occurred": false,
        "severity": "",
        "type": "",
        "note": ""
    }
}