{
    "id": 438136995840,
    "userid": 1234,
    "urgency": 16,
    "priority": 16,
    "t_submit": 1684197756.3354506,
    "t_depend": 1684197756.346772,
    "t_run": 1684197756.3607225,
    "t_cleanup": 1684197757.4968886,
    "t_inactive": 1684197757.4983642,
    "state": "INACTIVE",
    "name": "connectivity_c",
    "ntasks": 280,
    "ncores": 280,
    "duration": 0.0,
    "nnodes": 5,
    "ranks": "[0-4]",
    "nodelist": "flux-sample-[3-7]",
    "success": true,
    "exception_occurred": false,
    "result": "COMPLETED",
    "expiration": 4837797756.0,
    "waitstatus": 0,
    "returncode": 0,
    "runtime": 1.1361660957336426,
    "exception": {
        "occurred": false,
        "severity": "",
        "type": "",
        "note": ""
    }
}