{
    "id": 481388658688,
    "userid": 1234,
    "urgency": 16,
    "priority": 16,
    "t_submit": 1684197758.9142625,
    "t_depend": 1684197758.9254005,
    "t_run": 1684197758.939263,
    "t_cleanup": 1684197759.995998,
    "t_inactive": 1684197759.9973266,
    "state": "INACTIVE",
    "name": "connectivity_c",
    "ntasks": 280,
    "ncores": 280,
    "duration": 0.0,
    "nnodes": 5,
    "ranks": "[0-4]",
    "nodelist": "flux-sample-[3-7]",
    "success": true,
    "exception_occurred": false,
    "result": "COMPLETED",
    "expiration": 4837797758.0,
    "waitstatus": 0,
    "returncode": 0,
    "runtime": 1.0567348003387451,
    "exception": {
        "occurred": false,
        "severity": "",
        "type": "",
        "note": ""
    }
}