{
    "id": 544118669312,
    "userid": 1234,
    "urgency": 16,
    "priority": 16,
    "t_submit": 1684197762.6531444,
    "t_depend": 1684197762.6643858,
    "t_run": 1684197762.6783073,
    "t_cleanup": 1684197763.8421092,
    "t_inactive": 1684197763.8435524,
    "state": "INACTIVE",
    "name": "connectivity_c",
    "ntasks": 280,
    "ncores": 280,
    "duration": 0.0,
    "nnodes": 5,
    "ranks": "[0-4]",
    "nodelist": "flux-sample-[3-7]",
    "success": true,
    "exception_occurred": false,
    "result": "COMPLETED",
    "expiration": 4837797762.0,
    "waitstatus": 0,
    "returncode": 0,
    "runtime": 1.163801908493042,
    "exception": {
        "occurred": false,
        "severity": "",
        "type": "",
        "note": ""
    }
}