{
    "id": 290279391232,
    "userid": 1234,
    "urgency": 16,
    "priority": 16,
    "t_submit": 1684197747.5231268,
    "t_depend": 1684197747.5344021,
    "t_run": 1684197747.5485675,
    "t_cleanup": 1684197748.6283183,
    "t_inactive": 1684197748.629757,
    "state": "INACTIVE",
    "name": "connectivity_c",
    "ntasks": 280,
    "ncores": 280,
    "duration": 0.0,
    "nnodes": 5,
    "ranks": "[0-4]",
    "nodelist": "flux-sample-[3-7]",
    "success": true,
    "exception_occurred": false,
    "result": "COMPLETED",
    "expiration": 4837797747.0,
    "waitstatus": 0,
    "returncode": 0,
    "runtime": 1.0797507762908936,
    "exception": {
        "occurred": false,
        "severity": "",
        "type": "",
        "note": ""
    }
}