{
    "id": 607955976192,
    "userid": 1234,
    "urgency": 16,
    "priority": 16,
    "t_submit": 1684197766.4575865,
    "t_depend": 1684197766.468823,
    "t_run": 1684197766.4827437,
    "t_cleanup": 1684197767.597976,
    "t_inactive": 1684197767.599446,
    "state": "INACTIVE",
    "name": "connectivity_c",
    "ntasks": 280,
    "ncores": 280,
    "duration": 0.0,
    "nnodes": 5,
    "ranks": "[0-4]",
    "nodelist": "flux-sample-[3-7]",
    "success": true,
    "exception_occurred": false,
    "result": "COMPLETED",
    "expiration": 4837797766.0,
    "waitstatus": 0,
    "returncode": 0,
    "runtime": 1.115232229232788,
    "exception": {
        "occurred": false,
        "severity": "",
        "type": "",
        "note": ""
    }
}