{
    "id": 459410505728,
    "userid": 1234,
    "urgency": 16,
    "priority": 16,
    "t_submit": 1684197757.6035342,
    "t_depend": 1684197757.6147752,
    "t_run": 1684197757.6289248,
    "t_cleanup": 1684197758.8097749,
    "t_inactive": 1684197758.8111584,
    "state": "INACTIVE",
    "name": "connectivity_c",
    "ntasks": 280,
    "ncores": 280,
    "duration": 0.0,
    "nnodes": 5,
    "ranks": "[0-4]",
    "nodelist": "flux-sample-[3-7]",
    "success": true,
    "exception_occurred": false,
    "result": "COMPLETED",
    "expiration": 4837797757.0,
    "waitstatus": 0,
    "returncode": 0,
    "runtime": 1.1808500289916992,
    "exception": {
        "occurred": false,
        "severity": "",
        "type": "",
        "note": ""
    }
}