{
    "id": 269123321856,
    "userid": 1234,
    "urgency": 16,
    "priority": 16,
    "t_submit": 1684197746.2621455,
    "t_depend": 1684197746.27348,
    "t_run": 1684197746.2877817,
    "t_cleanup": 1684197747.4182658,
    "t_inactive": 1684197747.4197247,
    "state": "INACTIVE",
    "name": "connectivity_c",
    "ntasks": 280,
    "ncores": 280,
    "duration": 0.0,
    "nnodes": 5,
    "ranks": "[0-4]",
    "nodelist": "flux-sample-[3-7]",
    "success": true,
    "exception_occurred": false,
    "result": "COMPLETED",
    "expiration": 4837797746.0,
    "waitstatus": 0,
    "returncode": 0,
    "runtime": 1.1304841041564941,
    "exception": {
        "occurred": false,
        "severity": "",
        "type": "",
        "note": ""
    }
}