{
    "id": 3281103355904,
    "userid": 1234,
    "urgency": 16,
    "priority": 16,
    "t_submit": 1684197925.7898726,
    "t_depend": 1684197925.8018236,
    "t_run": 1684197925.8174722,
    "t_cleanup": 1684197926.0253885,
    "t_inactive": 1684197926.027766,
    "state": "INACTIVE",
    "name": "ring_mpifh",
    "ntasks": 280,
    "ncores": 280,
    "duration": 0.0,
    "nnodes": 5,
    "ranks": "[0-4]",
    "nodelist": "flux-sample-[3-7]",
    "success": true,
    "exception_occurred": false,
    "result": "COMPLETED",
    "expiration": 4837797925.0,
    "waitstatus": 0,
    "returncode": 0,
    "runtime": 0.207916259765625,
    "exception": {
        "occurred": false,
        "severity": "",
        "type": "",
        "note": ""
    }
}