{
    "id": 3344772890624,
    "userid": 1234,
    "urgency": 16,
    "priority": 16,
    "t_submit": 1684197929.5854099,
    "t_depend": 1684197929.5972872,
    "t_run": 1684197929.61317,
    "t_cleanup": 1684197929.8090787,
    "t_inactive": 1684197929.8116324,
    "state": "INACTIVE",
    "name": "ring_mpifh",
    "ntasks": 280,
    "ncores": 280,
    "duration": 0.0,
    "nnodes": 5,
    "ranks": "[0-4]",
    "nodelist": "flux-sample-[3-7]",
    "success": true,
    "exception_occurred": false,
    "result": "COMPLETED",
    "expiration": 4837797929.0,
    "waitstatus": 0,
    "returncode": 0,
    "runtime": 0.195908784866333,
    "exception": {
        "occurred": false,
        "severity": "",
        "type": "",
        "note": ""
    }
}