{
    "id": 3321368674304,
    "userid": 1234,
    "urgency": 16,
    "priority": 16,
    "t_submit": 1684197928.1901898,
    "t_depend": 1684197928.202035,
    "t_run": 1684197928.2179015,
    "t_cleanup": 1684197928.421084,
    "t_inactive": 1684197928.4236999,
    "state": "INACTIVE",
    "name": "ring_mpifh",
    "ntasks": 280,
    "ncores": 280,
    "duration": 0.0,
    "nnodes": 5,
    "ranks": "[0-4]",
    "nodelist": "flux-sample-[3-7]",
    "success": true,
    "exception_occurred": false,
    "result": "COMPLETED",
    "expiration": 4837797928.0,
    "waitstatus": 0,
    "returncode": 0,
    "runtime": 0.20318245887756348,
    "exception": {
        "occurred": false,
        "severity": "",
        "type": "",
        "note": ""
    }
}