{
    "id": 3292528640000,
    "userid": 1234,
    "urgency": 16,
    "priority": 16,
    "t_submit": 1684197926.4713511,
    "t_depend": 1684197926.4835887,
    "t_run": 1684197926.4995773,
    "t_cleanup": 1684197926.7059376,
    "t_inactive": 1684197926.7081413,
    "state": "INACTIVE",
    "name": "ring_mpifh",
    "ntasks": 280,
    "ncores": 280,
    "duration": 0.0,
    "nnodes": 5,
    "ranks": "[0-4]",
    "nodelist": "flux-sample-[3-7]",
    "success": true,
    "exception_occurred": false,
    "result": "COMPLETED",
    "expiration": 4837797926.0,
    "waitstatus": 0,
    "returncode": 0,
    "runtime": 0.2063603401184082,
    "exception": {
        "occurred": false,
        "severity": "",
        "type": "",
        "note": ""
    }
}