{
    "id": 3310010499072,
    "userid": 1234,
    "urgency": 16,
    "priority": 16,
    "t_submit": 1684197927.5125709,
    "t_depend": 1684197927.5245163,
    "t_run": 1684197927.5402842,
    "t_cleanup": 1684197927.7396228,
    "t_inactive": 1684197927.74184,
    "state": "INACTIVE",
    "name": "ring_mpifh",
    "ntasks": 280,
    "ncores": 280,
    "duration": 0.0,
    "nnodes": 5,
    "ranks": "[0-4]",
    "nodelist": "flux-sample-[3-7]",
    "success": true,
    "exception_occurred": false,
    "result": "COMPLETED",
    "expiration": 4837797927.0,
    "waitstatus": 0,
    "returncode": 0,
    "runtime": 0.19933867454528809,
    "exception": {
        "occurred": false,
        "severity": "",
        "type": "",
        "note": ""
    }
}