{
    "id": 3327056150528,
    "userid": 1234,
    "urgency": 16,
    "priority": 16,
    "t_submit": 1684197928.5289168,
    "t_depend": 1684197928.540947,
    "t_run": 1684197928.5570269,
    "t_cleanup": 1684197928.781605,
    "t_inactive": 1684197928.7838488,
    "state": "INACTIVE",
    "name": "ring_mpifh",
    "ntasks": 280,
    "ncores": 280,
    "duration": 0.0,
    "nnodes": 5,
    "ranks": "[0-4]",
    "nodelist": "flux-sample-[3-7]",
    "success": true,
    "exception_occurred": false,
    "result": "COMPLETED",
    "expiration": 4837797928.0,
    "waitstatus": 0,
    "returncode": 0,
    "runtime": 0.2245781421661377,
    "exception": {
        "occurred": false,
        "severity": "",
        "type": "",
        "note": ""
    }
}