{
    "id": 3356147843072,
    "userid": 1234,
    "urgency": 16,
    "priority": 16,
    "t_submit": 1684197930.2631583,
    "t_depend": 1684197930.2765234,
    "t_run": 1684197930.2926676,
    "t_cleanup": 1684197930.4865606,
    "t_inactive": 1684197930.488955,
    "state": "INACTIVE",
    "name": "ring_mpifh",
    "ntasks": 280,
    "ncores": 280,
    "duration": 0.0,
    "nnodes": 5,
    "ranks": "[0-4]",
    "nodelist": "flux-sample-[3-7]",
    "success": true,
    "exception_occurred": false,
    "result": "COMPLETED",
    "expiration": 4837797930.0,
    "waitstatus": 0,
    "returncode": 0,
    "runtime": 0.1938929557800293,
    "exception": {
        "occurred": false,
        "severity": "",
        "type": "",
        "note": ""
    }
}