{
    "id": 3378562203648,
    "userid": 1234,
    "urgency": 16,
    "priority": 16,
    "t_submit": 1684197931.599004,
    "t_depend": 1684197931.6110966,
    "t_run": 1684197931.6274893,
    "t_cleanup": 1684197931.8526013,
    "t_inactive": 1684197931.8549676,
    "state": "INACTIVE",
    "name": "ring_mpifh",
    "ntasks": 280,
    "ncores": 280,
    "duration": 0.0,
    "nnodes": 5,
    "ranks": "[0-4]",
    "nodelist": "flux-sample-[3-7]",
    "success": true,
    "exception_occurred": false,
    "result": "COMPLETED",
    "expiration": 4837797931.0,
    "waitstatus": 0,
    "returncode": 0,
    "runtime": 0.2251119613647461,
    "exception": {
        "occurred": false,
        "severity": "",
        "type": "",
        "note": ""
    }
}