{
    "id": 3315630866432,
    "userid": 1234,
    "urgency": 16,
    "priority": 16,
    "t_submit": 1684197927.8477974,
    "t_depend": 1684197927.8596997,
    "t_run": 1684197927.8754742,
    "t_cleanup": 1684197928.0847712,
    "t_inactive": 1684197928.0869443,
    "state": "INACTIVE",
    "name": "ring_mpifh",
    "ntasks": 280,
    "ncores": 280,
    "duration": 0.0,
    "nnodes": 5,
    "ranks": "[0-4]",
    "nodelist": "flux-sample-[3-7]",
    "success": true,
    "exception_occurred": false,
    "result": "COMPLETED",
    "expiration": 4837797927.0,
    "waitstatus": 0,
    "returncode": 0,
    "runtime": 0.20929694175720215,
    "exception": {
        "occurred": false,
        "severity": "",
        "type": "",
        "note": ""
    }
}