{
    "id": 3350309371904,
    "userid": 1234,
    "urgency": 16,
    "priority": 16,
    "t_submit": 1684197929.9148016,
    "t_depend": 1684197929.9268334,
    "t_run": 1684197929.9426696,
    "t_cleanup": 1684197930.1555674,
    "t_inactive": 1684197930.1578085,
    "state": "INACTIVE",
    "name": "ring_mpifh",
    "ntasks": 280,
    "ncores": 280,
    "duration": 0.0,
    "nnodes": 5,
    "ranks": "[0-4]",
    "nodelist": "flux-sample-[3-7]",
    "success": true,
    "exception_occurred": false,
    "result": "COMPLETED",
    "expiration": 4837797929.0,
    "waitstatus": 0,
    "returncode": 0,
    "runtime": 0.21289777755737305,
    "exception": {
        "occurred": false,
        "severity": "",
        "type": "",
        "note": ""
    }
}