{
    "id": 3333095948288,
    "userid": 1234,
    "urgency": 16,
    "priority": 16,
    "t_submit": 1684197928.8885353,
    "t_depend": 1684197928.9005032,
    "t_run": 1684197928.9163322,
    "t_cleanup": 1684197929.1343498,
    "t_inactive": 1684197929.1366327,
    "state": "INACTIVE",
    "name": "ring_mpifh",
    "ntasks": 280,
    "ncores": 280,
    "duration": 0.0,
    "nnodes": 5,
    "ranks": "[0-4]",
    "nodelist": "flux-sample-[3-7]",
    "success": true,
    "exception_occurred": false,
    "result": "COMPLETED",
    "expiration": 4837797928.0,
    "waitstatus": 0,
    "returncode": 0,
    "runtime": 0.218017578125,
    "exception": {
        "occurred": false,
        "severity": "",
        "type": "",
        "note": ""
    }
}