{
    "id": 3298266447872,
    "userid": 1234,
    "urgency": 16,
    "priority": 16,
    "t_submit": 1684197926.812488,
    "t_depend": 1684197926.824522,
    "t_run": 1684197926.8401744,
    "t_cleanup": 1684197927.0580008,
    "t_inactive": 1684197927.0602314,
    "state": "INACTIVE",
    "name": "ring_mpifh",
    "ntasks": 280,
    "ncores": 280,
    "duration": 0.0,
    "nnodes": 5,
    "ranks": "[0-4]",
    "nodelist": "flux-sample-[3-7]",
    "success": true,
    "exception_occurred": false,
    "result": "COMPLETED",
    "expiration": 4837797926.0,
    "waitstatus": 0,
    "returncode": 0,
    "runtime": 0.21782636642456055,
    "exception": {
        "occurred": false,
        "severity": "",
        "type": "",
        "note": ""
    }
}