{
    "id": 2733662797824,
    "userid": 1234,
    "urgency": 16,
    "priority": 16,
    "t_submit": 1684197645.7015996,
    "t_depend": 1684197645.7135618,
    "t_run": 1684197645.7287848,
    "t_cleanup": 1684197645.943676,
    "t_inactive": 1684197645.9455836,
    "state": "INACTIVE",
    "name": "ring_c",
    "ntasks": 336,
    "ncores": 336,
    "duration": 0.0,
    "nnodes": 6,
    "ranks": "[0-5]",
    "nodelist": "flux-sample-[2-7]",
    "success": true,
    "exception_occurred": false,
    "result": "COMPLETED",
    "expiration": 4837797645.0,
    "waitstatus": 0,
    "returncode": 0,
    "runtime": 0.2148911952972412,
    "exception": {
        "occurred": false,
        "severity": "",
        "type": "",
        "note": ""
    }
}