{
    "id": 2797332332544,
    "userid": 1234,
    "urgency": 16,
    "priority": 16,
    "t_submit": 1684197649.4972434,
    "t_depend": 1684197649.509134,
    "t_run": 1684197649.5245917,
    "t_cleanup": 1684197649.7325869,
    "t_inactive": 1684197649.734734,
    "state": "INACTIVE",
    "name": "ring_c",
    "ntasks": 336,
    "ncores": 336,
    "duration": 0.0,
    "nnodes": 6,
    "ranks": "[0-5]",
    "nodelist": "flux-sample-[2-7]",
    "success": true,
    "exception_occurred": false,
    "result": "COMPLETED",
    "expiration": 4837797649.0,
    "waitstatus": 0,
    "returncode": 0,
    "runtime": 0.20799517631530762,
    "exception": {
        "occurred": false,
        "severity": "",
        "type": "",
        "note": ""
    }
}