{
    "id": 2814696751104,
    "userid": 1234,
    "urgency": 16,
    "priority": 16,
    "t_submit": 1684197650.5321057,
    "t_depend": 1684197650.5441782,
    "t_run": 1684197650.5597746,
    "t_cleanup": 1684197650.7745638,
    "t_inactive": 1684197650.7825994,
    "state": "INACTIVE",
    "name": "ring_c",
    "ntasks": 336,
    "ncores": 336,
    "duration": 0.0,
    "nnodes": 6,
    "ranks": "[0-5]",
    "nodelist": "flux-sample-[2-7]",
    "success": true,
    "exception_occurred": false,
    "result": "COMPLETED",
    "expiration": 4837797650.0,
    "waitstatus": 0,
    "returncode": 0,
    "runtime": 0.21478915214538574,
    "exception": {
        "occurred": false,
        "severity": "",
        "type": "",
        "note": ""
    }
}