{
    "id": 2826088480768,
    "userid": 1234,
    "urgency": 16,
    "priority": 16,
    "t_submit": 1684197651.2108917,
    "t_depend": 1684197651.2226763,
    "t_run": 1684197651.2387352,
    "t_cleanup": 1684197651.4511793,
    "t_inactive": 1684197651.4531634,
    "state": "INACTIVE",
    "name": "ring_c",
    "ntasks": 336,
    "ncores": 336,
    "duration": 0.0,
    "nnodes": 6,
    "ranks": "[0-5]",
    "nodelist": "flux-sample-[2-7]",
    "success": true,
    "exception_occurred": false,
    "result": "COMPLETED",
    "expiration": 4837797651.0,
    "waitstatus": 0,
    "returncode": 0,
    "runtime": 0.21244406700134277,
    "exception": {
        "occurred": false,
        "severity": "",
        "type": "",
        "note": ""
    }
}