{
    "id": 2745171968000,
    "userid": 1234,
    "urgency": 16,
    "priority": 16,
    "t_submit": 1684197646.3881931,
    "t_depend": 1684197646.4000726,
    "t_run": 1684197646.4156387,
    "t_cleanup": 1684197646.6297686,
    "t_inactive": 1684197646.6316328,
    "state": "INACTIVE",
    "name": "ring_c",
    "ntasks": 336,
    "ncores": 336,
    "duration": 0.0,
    "nnodes": 6,
    "ranks": "[0-5]",
    "nodelist": "flux-sample-[2-7]",
    "success": true,
    "exception_occurred": false,
    "result": "COMPLETED",
    "expiration": 4837797646.0,
    "waitstatus": 0,
    "returncode": 0,
    "runtime": 0.21412992477416992,
    "exception": {
        "occurred": false,
        "severity": "",
        "type": "",
        "note": ""
    }
}