{
    "id": 2780051800064,
    "userid": 1234,
    "urgency": 16,
    "priority": 16,
    "t_submit": 1684197648.4667046,
    "t_depend": 1684197648.4785633,
    "t_run": 1684197648.494187,
    "t_cleanup": 1684197648.7083154,
    "t_inactive": 1684197648.7103598,
    "state": "INACTIVE",
    "name": "ring_c",
    "ntasks": 336,
    "ncores": 336,
    "duration": 0.0,
    "nnodes": 6,
    "ranks": "[0-5]",
    "nodelist": "flux-sample-[2-7]",
    "success": true,
    "exception_occurred": false,
    "result": "COMPLETED",
    "expiration": 4837797648.0,
    "waitstatus": 0,
    "returncode": 0,
    "runtime": 0.2141282558441162,
    "exception": {
        "occurred": false,
        "severity": "",
        "type": "",
        "note": ""
    }
}