{
    "id": 2756681138176,
    "userid": 1234,
    "urgency": 16,
    "priority": 16,
    "t_submit": 1684197647.0739052,
    "t_depend": 1684197647.085632,
    "t_run": 1684197647.1012006,
    "t_cleanup": 1684197647.3102791,
    "t_inactive": 1684197647.3124235,
    "state": "INACTIVE",
    "name": "ring_c",
    "ntasks": 336,
    "ncores": 336,
    "duration": 0.0,
    "nnodes": 6,
    "ranks": "[0-5]",
    "nodelist": "flux-sample-[2-7]",
    "success": true,
    "exception_occurred": false,
    "result": "COMPLETED",
    "expiration": 4837797647.0,
    "waitstatus": 0,
    "returncode": 0,
    "runtime": 0.20907855033874512,
    "exception": {
        "occurred": false,
        "severity": "",
        "type": "",
        "note": ""
    }
}