{
    "id": 2808791171072,
    "userid": 1234,
    "urgency": 16,
    "priority": 16,
    "t_submit": 1684197650.1799035,
    "t_depend": 1684197650.1918833,
    "t_run": 1684197650.2077527,
    "t_cleanup": 1684197650.4284484,
    "t_inactive": 1684197650.430637,
    "state": "INACTIVE",
    "name": "ring_c",
    "ntasks": 336,
    "ncores": 336,
    "duration": 0.0,
    "nnodes": 6,
    "ranks": "[0-5]",
    "nodelist": "flux-sample-[2-7]",
    "success": true,
    "exception_occurred": false,
    "result": "COMPLETED",
    "expiration": 4837797650.0,
    "waitstatus": 0,
    "returncode": 0,
    "runtime": 0.22069573402404785,
    "exception": {
        "occurred": false,
        "severity": "",
        "type": "",
        "note": ""
    }
}