{
    "id": 2750960107520,
    "userid": 1234,
    "urgency": 16,
    "priority": 16,
    "t_submit": 1684197646.7327921,
    "t_depend": 1684197646.7447107,
    "t_run": 1684197646.7599666,
    "t_cleanup": 1684197646.970747,
    "t_inactive": 1684197646.9728856,
    "state": "INACTIVE",
    "name": "ring_c",
    "ntasks": 336,
    "ncores": 336,
    "duration": 0.0,
    "nnodes": 6,
    "ranks": "[0-5]",
    "nodelist": "flux-sample-[2-7]",
    "success": true,
    "exception_occurred": false,
    "result": "COMPLETED",
    "expiration": 4837797646.0,
    "waitstatus": 0,
    "returncode": 0,
    "runtime": 0.21078038215637207,
    "exception": {
        "occurred": false,
        "severity": "",
        "type": "",
        "note": ""
    }
}