{
    "id": 2774431432704,
    "userid": 1234,
    "urgency": 16,
    "priority": 16,
    "t_submit": 1684197648.1314294,
    "t_depend": 1684197648.1432652,
    "t_run": 1684197648.1587048,
    "t_cleanup": 1684197648.3629391,
    "t_inactive": 1684197648.3648806,
    "state": "INACTIVE",
    "name": "ring_c",
    "ntasks": 336,
    "ncores": 336,
    "duration": 0.0,
    "nnodes": 6,
    "ranks": "[0-5]",
    "nodelist": "flux-sample-[2-7]",
    "success": true,
    "exception_occurred": false,
    "result": "COMPLETED",
    "expiration": 4837797648.0,
    "waitstatus": 0,
    "returncode": 0,
    "runtime": 0.20423436164855957,
    "exception": {
        "occurred": false,
        "severity": "",
        "type": "",
        "note": ""
    }
}