{
    "id": 2831859843072,
    "userid": 1234,
    "urgency": 16,
    "priority": 16,
    "t_submit": 1684197651.554793,
    "t_depend": 1684197651.566454,
    "t_run": 1684197651.5818706,
    "t_cleanup": 1684197651.7964208,
    "t_inactive": 1684197651.7985525,
    "state": "INACTIVE",
    "name": "ring_c",
    "ntasks": 336,
    "ncores": 336,
    "duration": 0.0,
    "nnodes": 6,
    "ranks": "[0-5]",
    "nodelist": "flux-sample-[2-7]",
    "success": true,
    "exception_occurred": false,
    "result": "COMPLETED",
    "expiration": 4837797651.0,
    "waitstatus": 0,
    "returncode": 0,
    "runtime": 0.21455025672912598,
    "exception": {
        "occurred": false,
        "severity": "",
        "type": "",
        "note": ""
    }
}