{
    "id": 2739467714560,
    "userid": 1234,
    "urgency": 16,
    "priority": 16,
    "t_submit": 1684197646.0475059,
    "t_depend": 1684197646.0593157,
    "t_run": 1684197646.0748618,
    "t_cleanup": 1684197646.285435,
    "t_inactive": 1684197646.2874463,
    "state": "INACTIVE",
    "name": "ring_c",
    "ntasks": 336,
    "ncores": 336,
    "duration": 0.0,
    "nnodes": 6,
    "ranks": "[0-5]",
    "nodelist": "flux-sample-[2-7]",
    "success": true,
    "exception_occurred": false,
    "result": "COMPLETED",
    "expiration": 4837797646.0,
    "waitstatus": 0,
    "returncode": 0,
    "runtime": 0.2105731964111328,
    "exception": {
        "occurred": false,
        "severity": "",
        "type": "",
        "note": ""
    }
}