{
    "id": 2727690108928,
    "userid": 1234,
    "urgency": 16,
    "priority": 16,
    "t_submit": 1684197645.346335,
    "t_depend": 1684197645.3581026,
    "t_run": 1684197645.3735535,
    "t_cleanup": 1684197645.597774,
    "t_inactive": 1684197645.5997329,
    "state": "INACTIVE",
    "name": "ring_c",
    "ntasks": 336,
    "ncores": 336,
    "duration": 0.0,
    "nnodes": 6,
    "ranks": "[0-5]",
    "nodelist": "flux-sample-[2-7]",
    "success": true,
    "exception_occurred": false,
    "result": "COMPLETED",
    "expiration": 4837797645.0,
    "waitstatus": 0,
    "returncode": 0,
    "runtime": 0.22422051429748535,
    "exception": {
        "occurred": false,
        "severity": "",
        "type": "",
        "note": ""
    }
}