{
    "id": 4846702821376,
    "userid": 1234,
    "urgency": 16,
    "priority": 16,
    "t_submit": 1684197204.280079,
    "t_depend": 1684197204.2921453,
    "t_run": 1684197204.3095248,
    "t_cleanup": 1684197206.128754,
    "t_inactive": 1684197206.132484,
    "state": "INACTIVE",
    "name": "connectivity_c",
    "ntasks": 448,
    "ncores": 448,
    "duration": 0.0,
    "nnodes": 8,
    "ranks": "[0-7]",
    "nodelist": "flux-sample-[0-7]",
    "success": true,
    "exception_occurred": false,
    "result": "COMPLETED",
    "expiration": 4837797204.0,
    "waitstatus": 0,
    "returncode": 0,
    "runtime": 1.8192291259765625,
    "exception": {
        "occurred": false,
        "severity": "",
        "type": "",
        "note": ""
    }
}