{
    "id": 5013116026880,
    "userid": 1234,
    "urgency": 16,
    "priority": 16,
    "t_submit": 1684197214.1985843,
    "t_depend": 1684197214.2107384,
    "t_run": 1684197214.2281861,
    "t_cleanup": 1684197216.0296862,
    "t_inactive": 1684197216.033006,
    "state": "INACTIVE",
    "name": "connectivity_c",
    "ntasks": 448,
    "ncores": 448,
    "duration": 0.0,
    "nnodes": 8,
    "ranks": "[0-7]",
    "nodelist": "flux-sample-[0-7]",
    "success": true,
    "exception_occurred": false,
    "result": "COMPLETED",
    "expiration": 4837797214.0,
    "waitstatus": 0,
    "returncode": 0,
    "runtime": 1.8015000820159912,
    "exception": {
        "occurred": false,
        "severity": "",
        "type": "",
        "note": ""
    }
}