{
    "id": 4472839340032,
    "userid": 1234,
    "urgency": 16,
    "priority": 16,
    "t_submit": 1684197181.9956837,
    "t_depend": 1684197182.0081418,
    "t_run": 1684197182.0258365,
    "t_cleanup": 1684197183.9367294,
    "t_inactive": 1684197183.940183,
    "state": "INACTIVE",
    "name": "connectivity_c",
    "ntasks": 448,
    "ncores": 448,
    "duration": 0.0,
    "nnodes": 8,
    "ranks": "[0-7]",
    "nodelist": "flux-sample-[0-7]",
    "success": true,
    "exception_occurred": false,
    "result": "COMPLETED",
    "expiration": 4837797182.0,
    "waitstatus": 0,
    "returncode": 0,
    "runtime": 1.9108929634094238,
    "exception": {
        "occurred": false,
        "severity": "",
        "type": "",
        "note": ""
    }
}