{
    "id": 4912184295424,
    "userid": 1234,
    "urgency": 16,
    "priority": 16,
    "t_submit": 1684197208.1831188,
    "t_depend": 1684197208.1952739,
    "t_run": 1684197208.2133381,
    "t_cleanup": 1684197210.0993483,
    "t_inactive": 1684197210.1031017,
    "state": "INACTIVE",
    "name": "connectivity_c",
    "ntasks": 448,
    "ncores": 448,
    "duration": 0.0,
    "nnodes": 8,
    "ranks": "[0-7]",
    "nodelist": "flux-sample-[0-7]",
    "success": true,
    "exception_occurred": false,
    "result": "COMPLETED",
    "expiration": 4837797208.0,
    "waitstatus": 0,
    "returncode": 0,
    "runtime": 1.8860101699829102,
    "exception": {
        "occurred": false,
        "severity": "",
        "type": "",
        "note": ""
    }
}