{
    "id": 4609355546624,
    "userid": 1234,
    "urgency": 16,
    "priority": 16,
    "t_submit": 1684197190.133045,
    "t_depend": 1684197190.145182,
    "t_run": 1684197190.1632168,
    "t_cleanup": 1684197191.9674146,
    "t_inactive": 1684197191.9703918,
    "state": "INACTIVE",
    "name": "connectivity_c",
    "ntasks": 448,
    "ncores": 448,
    "duration": 0.0,
    "nnodes": 8,
    "ranks": "[0-7]",
    "nodelist": "flux-sample-[0-7]",
    "success": true,
    "exception_occurred": false,
    "result": "COMPLETED",
    "expiration": 4837797190.0,
    "waitstatus": 0,
    "returncode": 0,
    "runtime": 1.8041977882385254,
    "exception": {
        "occurred": false,
        "severity": "",
        "type": "",
        "note": ""
    }
}