{
    "id": 4743271284736,
    "userid": 1234,
    "urgency": 16,
    "priority": 16,
    "t_submit": 1684197198.1145167,
    "t_depend": 1684197198.127028,
    "t_run": 1684197198.14523,
    "t_cleanup": 1684197200.1317618,
    "t_inactive": 1684197200.1348858,
    "state": "INACTIVE",
    "name": "connectivity_c",
    "ntasks": 448,
    "ncores": 448,
    "duration": 0.0,
    "nnodes": 8,
    "ranks": "[0-7]",
    "nodelist": "flux-sample-[0-7]",
    "success": true,
    "exception_occurred": false,
    "result": "COMPLETED",
    "expiration": 4837797198.0,
    "waitstatus": 0,
    "returncode": 0,
    "runtime": 1.9865317344665527,
    "exception": {
        "occurred": false,
        "severity": "",
        "type": "",
        "note": ""
    }
}