{
    "id": 4709666521088,
    "userid": 1234,
    "urgency": 16,
    "priority": 16,
    "t_submit": 1684197196.1115644,
    "t_depend": 1684197196.1239297,
    "t_run": 1684197196.1419694,
    "t_cleanup": 1684197198.003801,
    "t_inactive": 1684197198.01097,
    "state": "INACTIVE",
    "name": "connectivity_c",
    "ntasks": 448,
    "ncores": 448,
    "duration": 0.0,
    "nnodes": 8,
    "ranks": "[0-7]",
    "nodelist": "flux-sample-[0-7]",
    "success": true,
    "exception_occurred": false,
    "result": "COMPLETED",
    "expiration": 4837797196.0,
    "waitstatus": 0,
    "returncode": 0,
    "runtime": 1.8618316650390625,
    "exception": {
        "occurred": false,
        "severity": "",
        "type": "",
        "note": ""
    }
}