{
    "id": 4980249460736,
    "userid": 1234,
    "urgency": 16,
    "priority": 16,
    "t_submit": 1684197212.2402556,
    "t_depend": 1684197212.2523775,
    "t_run": 1684197212.2698817,
    "t_cleanup": 1684197214.0876198,
    "t_inactive": 1684197214.0905008,
    "state": "INACTIVE",
    "name": "connectivity_c",
    "ntasks": 448,
    "ncores": 448,
    "duration": 0.0,
    "nnodes": 8,
    "ranks": "[0-7]",
    "nodelist": "flux-sample-[0-7]",
    "success": true,
    "exception_occurred": false,
    "result": "COMPLETED",
    "expiration": 4837797212.0,
    "waitstatus": 0,
    "returncode": 0,
    "runtime": 1.8177380561828613,
    "exception": {
        "occurred": false,
        "severity": "",
        "type": "",
        "note": ""
    }
}