{
    "id": 4507249410048,
    "userid": 1234,
    "urgency": 16,
    "priority": 16,
    "t_submit": 1684197184.0470903,
    "t_depend": 1684197184.0591521,
    "t_run": 1684197184.0765975,
    "t_cleanup": 1684197185.9625697,
    "t_inactive": 1684197185.9667222,
    "state": "INACTIVE",
    "name": "connectivity_c",
    "ntasks": 448,
    "ncores": 448,
    "duration": 0.0,
    "nnodes": 8,
    "ranks": "[0-7]",
    "nodelist": "flux-sample-[0-7]",
    "success": true,
    "exception_occurred": false,
    "result": "COMPLETED",
    "expiration": 4837797184.0,
    "waitstatus": 0,
    "returncode": 0,
    "runtime": 1.885972261428833,
    "exception": {
        "occurred": false,
        "severity": "",
        "type": "",
        "note": ""
    }
}