{
    "id": 4675357114368,
    "userid": 1234,
    "urgency": 16,
    "priority": 16,
    "t_submit": 1684197194.067362,
    "t_depend": 1684197194.0795405,
    "t_run": 1684197194.0976865,
    "t_cleanup": 1684197195.9978833,
    "t_inactive": 1684197196.0017943,
    "state": "INACTIVE",
    "name": "connectivity_c",
    "ntasks": 448,
    "ncores": 448,
    "duration": 0.0,
    "nnodes": 8,
    "ranks": "[0-7]",
    "nodelist": "flux-sample-[0-7]",
    "success": true,
    "exception_occurred": false,
    "result": "COMPLETED",
    "expiration": 4837797194.0,
    "waitstatus": 0,
    "returncode": 0,
    "runtime": 1.9001967906951904,
    "exception": {
        "occurred": false,
        "severity": "",
        "type": "",
        "note": ""
    }
}