{
    "id": 4406435119104,
    "userid": 1234,
    "urgency": 16,
    "priority": 16,
    "t_submit": 1684197178.0382025,
    "t_depend": 1684197178.0506501,
    "t_run": 1684197178.0682156,
    "t_cleanup": 1684197179.8740144,
    "t_inactive": 1684197179.8769476,
    "state": "INACTIVE",
    "name": "connectivity_c",
    "ntasks": 448,
    "ncores": 448,
    "duration": 0.0,
    "nnodes": 8,
    "ranks": "[0-7]",
    "nodelist": "flux-sample-[0-7]",
    "success": true,
    "exception_occurred": false,
    "result": "COMPLETED",
    "expiration": 4837797178.0,
    "waitstatus": 0,
    "returncode": 0,
    "runtime": 1.8057987689971924,
    "exception": {
        "occurred": false,
        "severity": "",
        "type": "",
        "note": ""
    }
}