{
    "id": 4439100358656,
    "userid": 1234,
    "urgency": 16,
    "priority": 16,
    "t_submit": 1684197179.9845438,
    "t_depend": 1684197179.9967778,
    "t_run": 1684197180.0139627,
    "t_cleanup": 1684197181.8868678,
    "t_inactive": 1684197181.8904402,
    "state": "INACTIVE",
    "name": "connectivity_c",
    "ntasks": 448,
    "ncores": 448,
    "duration": 0.0,
    "nnodes": 8,
    "ranks": "[0-7]",
    "nodelist": "flux-sample-[0-7]",
    "success": true,
    "exception_occurred": false,
    "result": "COMPLETED",
    "expiration": 4837797180.0,
    "waitstatus": 0,
    "returncode": 0,
    "runtime": 1.8729050159454346,
    "exception": {
        "occurred": false,
        "severity": "",
        "type": "",
        "note": ""
    }
}