{
    "id": 4946174935040,
    "userid": 1234,
    "urgency": 16,
    "priority": 16,
    "t_submit": 1684197210.2091024,
    "t_depend": 1684197210.2214592,
    "t_run": 1684197210.2394671,
    "t_cleanup": 1684197212.13164,
    "t_inactive": 1684197212.1357734,
    "state": "INACTIVE",
    "name": "connectivity_c",
    "ntasks": 448,
    "ncores": 448,
    "duration": 0.0,
    "nnodes": 8,
    "ranks": "[0-7]",
    "nodelist": "flux-sample-[0-7]",
    "success": true,
    "exception_occurred": false,
    "result": "COMPLETED",
    "expiration": 4837797210.0,
    "waitstatus": 0,
    "returncode": 0,
    "runtime": 1.8921728134155273,
    "exception": {
        "occurred": false,
        "severity": "",
        "type": "",
        "note": ""
    }
}