{
    "id": 4778973200384,
    "userid": 1234,
    "urgency": 16,
    "priority": 16,
    "t_submit": 1684197200.242766,
    "t_depend": 1684197200.254813,
    "t_run": 1684197200.272812,
    "t_cleanup": 1684197202.180884,
    "t_inactive": 1684197202.1843998,
    "state": "INACTIVE",
    "name": "connectivity_c",
    "ntasks": 448,
    "ncores": 448,
    "duration": 0.0,
    "nnodes": 8,
    "ranks": "[0-7]",
    "nodelist": "flux-sample-[0-7]",
    "success": true,
    "exception_occurred": false,
    "result": "COMPLETED",
    "expiration": 4837797200.0,
    "waitstatus": 0,
    "returncode": 0,
    "runtime": 1.9080719947814941,
    "exception": {
        "occurred": false,
        "severity": "",
        "type": "",
        "note": ""
    }
}