{
    "id": 4541223272448,
    "userid": 1234,
    "urgency": 16,
    "priority": 16,
    "t_submit": 1684197186.0721009,
    "t_depend": 1684197186.084437,
    "t_run": 1684197186.1022148,
    "t_cleanup": 1684197188.0429287,
    "t_inactive": 1684197188.0456479,
    "state": "INACTIVE",
    "name": "connectivity_c",
    "ntasks": 448,
    "ncores": 448,
    "duration": 0.0,
    "nnodes": 8,
    "ranks": "[0-7]",
    "nodelist": "flux-sample-[0-7]",
    "success": true,
    "exception_occurred": false,
    "result": "COMPLETED",
    "expiration": 4837797186.0,
    "waitstatus": 0,
    "returncode": 0,
    "runtime": 1.940713882446289,
    "exception": {
        "occurred": false,
        "severity": "",
        "type": "",
        "note": ""
    }
}