{
    "times": [
        41.816160440444946,
        4.607889890670776,
        4.917612075805664,
        4.527430534362793,
        4.511271953582764,
        5.545771837234497,
        5.5583226680755615,
        4.46716046333313,
        5.518152236938477,
        5.636455774307251,
        5.497018098831177,
        4.486905574798584,
        4.5461249351501465,
        4.503478050231934,
        4.5614447593688965,
        6.729115724563599,
        4.553937673568726,
        5.513577461242676,
        5.579626560211182,
        4.5400025844573975,
        6.644660949707031
    ],
    "mean": 6.869624773661296,
    "std": 8.037643397726958
}