{
    "id": 5273313869824,
    "userid": 1000,
    "urgency": 16,
    "priority": 16,
    "t_submit": 1690229853.0772877,
    "t_depend": 1690229853.0772877,
    "t_run": 1690229853.0931082,
    "t_cleanup": 1690229876.1990232,
    "t_inactive": 1690229876.201056,
    "state": "INACTIVE",
    "name": "lmp",
    "ntasks": 24,
    "duration": 0.0,
    "nnodes": 6,
    "ranks": "[0-5]",
    "nodelist": "flux-sample-[2-7]",
    "success": true,
    "exception_occurred": false,
    "result": "COMPLETED",
    "expiration": 4843829853.0,
    "waitstatus": 0,
    "returncode": 0,
    "runtime": 23.105915069580078,
    "exception": {
        "occurred": false,
        "severity": "",
        "type": "",
        "note": ""
    }
}