{
    "id": 6854499368960,
    "userid": 1000,
    "urgency": 16,
    "priority": 16,
    "t_submit": 1690229947.3235903,
    "t_depend": 1690229947.3235903,
    "t_run": 1690229947.3393261,
    "t_cleanup": 1690229970.4155524,
    "t_inactive": 1690229970.4176998,
    "state": "INACTIVE",
    "name": "lmp",
    "ntasks": 24,
    "duration": 0.0,
    "nnodes": 6,
    "ranks": "[0-5]",
    "nodelist": "flux-sample-[2-7]",
    "success": true,
    "exception_occurred": false,
    "result": "COMPLETED",
    "expiration": 4843829947.0,
    "waitstatus": 0,
    "returncode": 0,
    "runtime": 23.076226234436035,
    "exception": {
        "occurred": false,
        "severity": "",
        "type": "",
        "note": ""
    }
}