{
    "id": 4095721078784,
    "userid": 1000,
    "urgency": 16,
    "priority": 16,
    "t_submit": 1690229782.887216,
    "t_depend": 1690229782.887216,
    "t_run": 1690229782.902879,
    "t_cleanup": 1690229805.7114668,
    "t_inactive": 1690229805.713441,
    "state": "INACTIVE",
    "name": "lmp",
    "ntasks": 24,
    "duration": 0.0,
    "nnodes": 6,
    "ranks": "[0-5]",
    "nodelist": "flux-sample-[2-7]",
    "success": true,
    "exception_occurred": false,
    "result": "COMPLETED",
    "expiration": 4843829782.0,
    "waitstatus": 0,
    "returncode": 0,
    "runtime": 22.808587789535522,
    "exception": {
        "occurred": false,
        "severity": "",
        "type": "",
        "note": ""
    }
}