{
    "id": 2116210917376,
    "userid": 1000,
    "urgency": 16,
    "priority": 16,
    "t_submit": 1690229664.8992558,
    "t_depend": 1690229664.8992558,
    "t_run": 1690229664.9148393,
    "t_cleanup": 1690229687.915269,
    "t_inactive": 1690229687.9172683,
    "state": "INACTIVE",
    "name": "lmp",
    "ntasks": 24,
    "duration": 0.0,
    "nnodes": 6,
    "ranks": "[0-5]",
    "nodelist": "flux-sample-[2-7]",
    "success": true,
    "exception_occurred": false,
    "result": "COMPLETED",
    "expiration": 4843829664.0,
    "waitstatus": 0,
    "returncode": 0,
    "runtime": 23.00042963027954,
    "exception": {
        "occurred": false,
        "severity": "",
        "type": "",
        "note": ""
    }
}