{
    "id": 3696305897472,
    "userid": 1000,
    "urgency": 16,
    "priority": 16,
    "t_submit": 1690229759.0797122,
    "t_depend": 1690229759.0797122,
    "t_run": 1690229759.0953395,
    "t_cleanup": 1690229782.5089085,
    "t_inactive": 1690229782.5109186,
    "state": "INACTIVE",
    "name": "lmp",
    "ntasks": 24,
    "duration": 0.0,
    "nnodes": 6,
    "ranks": "[0-5]",
    "nodelist": "flux-sample-[2-7]",
    "success": true,
    "exception_occurred": false,
    "result": "COMPLETED",
    "expiration": 4843829759.0,
    "waitstatus": 0,
    "returncode": 0,
    "runtime": 23.41356897354126,
    "exception": {
        "occurred": false,
        "severity": "",
        "type": "",
        "note": ""
    }
}