{
    "id": 5667561668608,
    "userid": 1000,
    "urgency": 16,
    "priority": 16,
    "t_submit": 1690229876.5763166,
    "t_depend": 1690229876.5763166,
    "t_run": 1690229876.5919876,
    "t_cleanup": 1690229899.623954,
    "t_inactive": 1690229899.625974,
    "state": "INACTIVE",
    "name": "lmp",
    "ntasks": 24,
    "duration": 0.0,
    "nnodes": 6,
    "ranks": "[0-5]",
    "nodelist": "flux-sample-[2-7]",
    "success": true,
    "exception_occurred": false,
    "result": "COMPLETED",
    "expiration": 4843829876.0,
    "waitstatus": 0,
    "returncode": 0,
    "runtime": 23.0319664478302,
    "exception": {
        "occurred": false,
        "severity": "",
        "type": "",
        "note": ""
    }
}