{
    "id": 1721896009728,
    "userid": 1000,
    "urgency": 16,
    "priority": 16,
    "t_submit": 1690229641.3964484,
    "t_depend": 1690229641.3964484,
    "t_run": 1690229641.4119475,
    "t_cleanup": 1690229664.5100775,
    "t_inactive": 1690229664.512003,
    "state": "INACTIVE",
    "name": "lmp",
    "ntasks": 24,
    "duration": 0.0,
    "nnodes": 6,
    "ranks": "[0-5]",
    "nodelist": "flux-sample-[2-7]",
    "success": true,
    "exception_occurred": false,
    "result": "COMPLETED",
    "expiration": 4843829641.0,
    "waitstatus": 0,
    "returncode": 0,
    "runtime": 23.098129987716675,
    "exception": {
        "occurred": false,
        "severity": "",
        "type": "",
        "note": ""
    }
}