{
    "id": 935279460352,
    "userid": 1000,
    "urgency": 16,
    "priority": 16,
    "t_submit": 1690229594.5095892,
    "t_depend": 1690229594.5095892,
    "t_run": 1690229594.5248165,
    "t_cleanup": 1690229617.6032934,
    "t_inactive": 1690229617.605243,
    "state": "INACTIVE",
    "name": "lmp",
    "ntasks": 24,
    "duration": 0.0,
    "nnodes": 6,
    "ranks": "[0-5]",
    "nodelist": "flux-sample-[2-7]",
    "success": true,
    "exception_occurred": false,
    "result": "COMPLETED",
    "expiration": 4843829594.0,
    "waitstatus": 0,
    "returncode": 0,
    "runtime": 23.078476905822754,
    "exception": {
        "occurred": false,
        "severity": "",
        "type": "",
        "note": ""
    }
}