{
    "times": [
        53.39202404022217,
        5.461520433425903,
        4.490822792053223,
        4.5679216384887695,
        5.4499757289886475,
        4.576322555541992,
        5.448617696762085,
        5.479691028594971,
        5.415487051010132,
        4.503992795944214,
        3.5389509201049805,
        5.4988627433776855,
        4.442140340805054,
        5.450133323669434,
        5.465569019317627,
        4.4433581829071045,
        3.6370019912719727,
        5.503047466278076,
        4.656650543212891,
        4.72374963760376,
        4.516978025436401
    ],
    "mean": 7.174419902619862,
    "std": 10.607429221134018
}