{
    "id": 1720352505856,
    "userid": 1234,
    "urgency": 16,
    "priority": 16,
    "t_submit": 1684197832.7617886,
    "t_depend": 1684197832.7732646,
    "t_run": 1684197832.7882528,
    "t_cleanup": 1684197833.1973107,
    "t_inactive": 1684197833.1990669,
    "state": "INACTIVE",
    "name": "hello_cxx",
    "ntasks": 280,
    "ncores": 280,
    "duration": 0.0,
    "nnodes": 5,
    "ranks": "[0-4]",
    "nodelist": "flux-sample-[3-7]",
    "success": true,
    "exception_occurred": false,
    "result": "COMPLETED",
    "expiration": 4837797832.0,
    "waitstatus": 0,
    "returncode": 0,
    "runtime": 0.4090578556060791,
    "exception": {
        "occurred": false,
        "severity": "",
        "type": "",
        "note": ""
    }
}