{
    "id": 1729445756928,
    "userid": 1234,
    "urgency": 16,
    "priority": 16,
    "t_submit": 1684197833.3041315,
    "t_depend": 1684197833.3154619,
    "t_run": 1684197833.3297164,
    "t_cleanup": 1684197833.784674,
    "t_inactive": 1684197833.7864237,
    "state": "INACTIVE",
    "name": "hello_cxx",
    "ntasks": 280,
    "ncores": 280,
    "duration": 0.0,
    "nnodes": 5,
    "ranks": "[0-4]",
    "nodelist": "flux-sample-[3-7]",
    "success": true,
    "exception_occurred": false,
    "result": "COMPLETED",
    "expiration": 4837797833.0,
    "waitstatus": 0,
    "returncode": 0,
    "runtime": 0.4549574851989746,
    "exception": {
        "occurred": false,
        "severity": "",
        "type": "",
        "note": ""
    }
}