{
    "id": 1739277205504,
    "userid": 1234,
    "urgency": 16,
    "priority": 16,
    "t_submit": 1684197833.889922,
    "t_depend": 1684197833.9012027,
    "t_run": 1684197833.9162674,
    "t_cleanup": 1684197834.3498433,
    "t_inactive": 1684197834.3529546,
    "state": "INACTIVE",
    "name": "hello_cxx",
    "ntasks": 280,
    "ncores": 280,
    "duration": 0.0,
    "nnodes": 5,
    "ranks": "[0-4]",
    "nodelist": "flux-sample-[3-7]",
    "success": true,
    "exception_occurred": false,
    "result": "COMPLETED",
    "expiration": 4837797833.0,
    "waitstatus": 0,
    "returncode": 0,
    "runtime": 0.4335758686065674,
    "exception": {
        "occurred": false,
        "severity": "",
        "type": "",
        "note": ""
    }
}