{
    "id": 1701025153024,
    "userid": 1234,
    "urgency": 16,
    "priority": 16,
    "t_submit": 1684197831.6096807,
    "t_depend": 1684197831.6210682,
    "t_run": 1684197831.6363919,
    "t_cleanup": 1684197832.0854173,
    "t_inactive": 1684197832.0870275,
    "state": "INACTIVE",
    "name": "hello_cxx",
    "ntasks": 280,
    "ncores": 280,
    "duration": 0.0,
    "nnodes": 5,
    "ranks": "[0-4]",
    "nodelist": "flux-sample-[3-7]",
    "success": true,
    "exception_occurred": false,
    "result": "COMPLETED",
    "expiration": 4837797831.0,
    "waitstatus": 0,
    "returncode": 0,
    "runtime": 0.44902539253234863,
    "exception": {
        "occurred": false,
        "severity": "",
        "type": "",
        "note": ""
    }
}