{
    "id": 1691613134848,
    "userid": 1234,
    "urgency": 16,
    "priority": 16,
    "t_submit": 1684197831.0490906,
    "t_depend": 1684197831.060424,
    "t_run": 1684197831.0751178,
    "t_cleanup": 1684197831.5068939,
    "t_inactive": 1684197831.5087514,
    "state": "INACTIVE",
    "name": "hello_cxx",
    "ntasks": 280,
    "ncores": 280,
    "duration": 0.0,
    "nnodes": 5,
    "ranks": "[0-4]",
    "nodelist": "flux-sample-[3-7]",
    "success": true,
    "exception_occurred": false,
    "result": "COMPLETED",
    "expiration": 4837797831.0,
    "waitstatus": 0,
    "returncode": 0,
    "runtime": 0.4317760467529297,
    "exception": {
        "occurred": false,
        "severity": "",
        "type": "",
        "note": ""
    }
}