{
    "id": 1826652946432,
    "userid": 1234,
    "urgency": 16,
    "priority": 16,
    "t_submit": 1684197839.097547,
    "t_depend": 1684197839.1089516,
    "t_run": 1684197839.1233208,
    "t_cleanup": 1684197839.5373576,
    "t_inactive": 1684197839.5393624,
    "state": "INACTIVE",
    "name": "hello_cxx",
    "ntasks": 280,
    "ncores": 280,
    "duration": 0.0,
    "nnodes": 5,
    "ranks": "[0-4]",
    "nodelist": "flux-sample-[3-7]",
    "success": true,
    "exception_occurred": false,
    "result": "COMPLETED",
    "expiration": 4837797839.0,
    "waitstatus": 0,
    "returncode": 0,
    "runtime": 0.41403675079345703,
    "exception": {
        "occurred": false,
        "severity": "",
        "type": "",
        "note": ""
    }
}