{
    "id": 1768486338560,
    "userid": 1234,
    "urgency": 16,
    "priority": 16,
    "t_submit": 1684197835.6311517,
    "t_depend": 1684197835.6427846,
    "t_run": 1684197835.6573544,
    "t_cleanup": 1684197836.0783594,
    "t_inactive": 1684197836.080017,
    "state": "INACTIVE",
    "name": "hello_cxx",
    "ntasks": 280,
    "ncores": 280,
    "duration": 0.0,
    "nnodes": 5,
    "ranks": "[0-4]",
    "nodelist": "flux-sample-[3-7]",
    "success": true,
    "exception_occurred": false,
    "result": "COMPLETED",
    "expiration": 4837797835.0,
    "waitstatus": 0,
    "returncode": 0,
    "runtime": 0.4210050106048584,
    "exception": {
        "occurred": false,
        "severity": "",
        "type": "",
        "note": ""
    }
}