{
    "id": 1663611961344,
    "userid": 1234,
    "urgency": 16,
    "priority": 16,
    "t_submit": 1684197829.3802285,
    "t_depend": 1684197829.3916068,
    "t_run": 1684197829.4065142,
    "t_cleanup": 1684197829.860695,
    "t_inactive": 1684197829.8624754,
    "state": "INACTIVE",
    "name": "hello_cxx",
    "ntasks": 280,
    "ncores": 280,
    "duration": 0.0,
    "nnodes": 5,
    "ranks": "[0-4]",
    "nodelist": "flux-sample-[3-7]",
    "success": true,
    "exception_occurred": false,
    "result": "COMPLETED",
    "expiration": 4837797829.0,
    "waitstatus": 0,
    "returncode": 0,
    "runtime": 0.4541807174682617,
    "exception": {
        "occurred": false,
        "severity": "",
        "type": "",
        "note": ""
    }
}