{
    "id": 1654166388736,
    "userid": 1234,
    "urgency": 16,
    "priority": 16,
    "t_submit": 1684197828.816475,
    "t_depend": 1684197828.8280463,
    "t_run": 1684197828.843031,
    "t_cleanup": 1684197829.274164,
    "t_inactive": 1684197829.2759516,
    "state": "INACTIVE",
    "name": "hello_cxx",
    "ntasks": 280,
    "ncores": 280,
    "duration": 0.0,
    "nnodes": 5,
    "ranks": "[0-4]",
    "nodelist": "flux-sample-[3-7]",
    "success": true,
    "exception_occurred": false,
    "result": "COMPLETED",
    "expiration": 4837797828.0,
    "waitstatus": 0,
    "returncode": 0,
    "runtime": 0.4311330318450928,
    "exception": {
        "occurred": false,
        "severity": "",
        "type": "",
        "note": ""
    }
}