{
    "id": 1807258484736,
    "userid": 1234,
    "urgency": 16,
    "priority": 16,
    "t_submit": 1684197837.9415903,
    "t_depend": 1684197837.9531732,
    "t_run": 1684197837.9676948,
    "t_cleanup": 1684197838.4028857,
    "t_inactive": 1684197838.4063342,
    "state": "INACTIVE",
    "name": "hello_cxx",
    "ntasks": 280,
    "ncores": 280,
    "duration": 0.0,
    "nnodes": 5,
    "ranks": "[0-4]",
    "nodelist": "flux-sample-[3-7]",
    "success": true,
    "exception_occurred": false,
    "result": "COMPLETED",
    "expiration": 4837797837.0,
    "waitstatus": 0,
    "returncode": 0,
    "runtime": 0.43519091606140137,
    "exception": {
        "occurred": false,
        "severity": "",
        "type": "",
        "note": ""
    }
}