{
    "id": 1797846466560,
    "userid": 1234,
    "urgency": 16,
    "priority": 16,
    "t_submit": 1684197837.380543,
    "t_depend": 1684197837.3920183,
    "t_run": 1684197837.4067426,
    "t_cleanup": 1684197837.8393364,
    "t_inactive": 1684197837.841162,
    "state": "INACTIVE",
    "name": "hello_cxx",
    "ntasks": 280,
    "ncores": 280,
    "duration": 0.0,
    "nnodes": 5,
    "ranks": "[0-4]",
    "nodelist": "flux-sample-[3-7]",
    "success": true,
    "exception_occurred": false,
    "result": "COMPLETED",
    "expiration": 4837797837.0,
    "waitstatus": 0,
    "returncode": 0,
    "runtime": 0.43259382247924805,
    "exception": {
        "occurred": false,
        "severity": "",
        "type": "",
        "note": ""
    }
}