{
    "id": 1759040765952,
    "userid": 1234,
    "urgency": 16,
    "priority": 16,
    "t_submit": 1684197835.0681126,
    "t_depend": 1684197835.07959,
    "t_run": 1684197835.094,
    "t_cleanup": 1684197835.527916,
    "t_inactive": 1684197835.5294743,
    "state": "INACTIVE",
    "name": "hello_cxx",
    "ntasks": 280,
    "ncores": 280,
    "duration": 0.0,
    "nnodes": 5,
    "ranks": "[0-4]",
    "nodelist": "flux-sample-[3-7]",
    "success": true,
    "exception_occurred": false,
    "result": "COMPLETED",
    "expiration": 4837797835.0,
    "waitstatus": 0,
    "returncode": 0,
    "runtime": 0.4339158535003662,
    "exception": {
        "occurred": false,
        "severity": "",
        "type": "",
        "note": ""
    }
}