{
    "id": 1787629142016,
    "userid": 1234,
    "urgency": 16,
    "priority": 16,
    "t_submit": 1684197836.7716575,
    "t_depend": 1684197836.7832017,
    "t_run": 1684197836.7985668,
    "t_cleanup": 1684197837.273981,
    "t_inactive": 1684197837.2759523,
    "state": "INACTIVE",
    "name": "hello_cxx",
    "ntasks": 280,
    "ncores": 280,
    "duration": 0.0,
    "nnodes": 5,
    "ranks": "[0-4]",
    "nodelist": "flux-sample-[3-7]",
    "success": true,
    "exception_occurred": false,
    "result": "COMPLETED",
    "expiration": 4837797836.0,
    "waitstatus": 0,
    "returncode": 0,
    "runtime": 0.4754142761230469,
    "exception": {
        "occurred": false,
        "severity": "",
        "type": "",
        "note": ""
    }
}