{
    "id": 2149413027840,
    "userid": 1234,
    "urgency": 16,
    "priority": 16,
    "t_submit": 1684197886.105979,
    "t_depend": 1684197886.118059,
    "t_run": 1684197886.1332042,
    "t_cleanup": 1684197886.6349573,
    "t_inactive": 1684197886.6370623,
    "state": "INACTIVE",
    "name": "ring_c",
    "ntasks": 168,
    "ncores": 168,
    "duration": 0.0,
    "nnodes": 3,
    "ranks": "[0-2]",
    "nodelist": "flux-sample-[0-2]",
    "success": true,
    "exception_occurred": false,
    "result": "COMPLETED",
    "expiration": 4837797886.0,
    "waitstatus": 0,
    "returncode": 0,
    "runtime": 0.5017530918121338,
    "exception": {
        "occurred": false,
        "severity": "",
        "type": "",
        "note": ""
    }
}