{
    "id": 2348004933632,
    "userid": 1234,
    "urgency": 16,
    "priority": 16,
    "t_submit": 1684197897.9428184,
    "t_depend": 1684197897.954601,
    "t_run": 1684197897.9698122,
    "t_cleanup": 1684197898.647392,
    "t_inactive": 1684197898.6498218,
    "state": "INACTIVE",
    "name": "ring_c",
    "ntasks": 168,
    "ncores": 168,
    "duration": 0.0,
    "nnodes": 3,
    "ranks": "[0-2]",
    "nodelist": "flux-sample-[0-2]",
    "success": true,
    "exception_occurred": false,
    "result": "COMPLETED",
    "expiration": 4837797897.0,
    "waitstatus": 0,
    "returncode": 0,
    "runtime": 0.6775798797607422,
    "exception": {
        "occurred": false,
        "severity": "",
        "type": "",
        "note": ""
    }
}