{
    "id": 2250176987136,
    "userid": 1234,
    "urgency": 16,
    "priority": 16,
    "t_submit": 1684197892.1120439,
    "t_depend": 1684197892.1238587,
    "t_run": 1684197892.1393337,
    "t_cleanup": 1684197892.5985985,
    "t_inactive": 1684197892.6006503,
    "state": "INACTIVE",
    "name": "ring_c",
    "ntasks": 168,
    "ncores": 168,
    "duration": 0.0,
    "nnodes": 3,
    "ranks": "[0-2]",
    "nodelist": "flux-sample-[0-2]",
    "success": true,
    "exception_occurred": false,
    "result": "COMPLETED",
    "expiration": 4837797892.0,
    "waitstatus": 0,
    "returncode": 0,
    "runtime": 0.45926475524902344,
    "exception": {
        "occurred": false,
        "severity": "",
        "type": "",
        "note": ""
    }
}