{
    "id": 2183303004160,
    "userid": 1234,
    "urgency": 16,
    "priority": 16,
    "t_submit": 1684197888.1264179,
    "t_depend": 1684197888.13851,
    "t_run": 1684197888.153762,
    "t_cleanup": 1684197888.8413148,
    "t_inactive": 1684197888.8434584,
    "state": "INACTIVE",
    "name": "ring_c",
    "ntasks": 168,
    "ncores": 168,
    "duration": 0.0,
    "nnodes": 3,
    "ranks": "[0-2]",
    "nodelist": "flux-sample-[0-2]",
    "success": true,
    "exception_occurred": false,
    "result": "COMPLETED",
    "expiration": 4837797888.0,
    "waitstatus": 0,
    "returncode": 0,
    "runtime": 0.6875526905059814,
    "exception": {
        "occurred": false,
        "severity": "",
        "type": "",
        "note": ""
    }
}