{
    "id": 2218031841280,
    "userid": 1234,
    "urgency": 16,
    "priority": 16,
    "t_submit": 1684197890.1960495,
    "t_depend": 1684197890.208039,
    "t_run": 1684197890.2234466,
    "t_cleanup": 1684197890.7978628,
    "t_inactive": 1684197890.8004515,
    "state": "INACTIVE",
    "name": "ring_c",
    "ntasks": 168,
    "ncores": 168,
    "duration": 0.0,
    "nnodes": 3,
    "ranks": "[0-2]",
    "nodelist": "flux-sample-[0-2]",
    "success": true,
    "exception_occurred": false,
    "result": "COMPLETED",
    "expiration": 4837797890.0,
    "waitstatus": 0,
    "returncode": 0,
    "runtime": 0.5744161605834961,
    "exception": {
        "occurred": false,
        "severity": "",
        "type": "",
        "note": ""
    }
}