{
    "id": 2134279979008,
    "userid": 1234,
    "urgency": 16,
    "priority": 16,
    "t_submit": 1684197885.2036278,
    "t_depend": 1684197885.2155023,
    "t_run": 1684197885.2308085,
    "t_cleanup": 1684197885.997987,
    "t_inactive": 1684197886.0002906,
    "state": "INACTIVE",
    "name": "ring_c",
    "ntasks": 168,
    "ncores": 168,
    "duration": 0.0,
    "nnodes": 3,
    "ranks": "[0-2]",
    "nodelist": "flux-sample-[0-2]",
    "success": true,
    "exception_occurred": false,
    "result": "COMPLETED",
    "expiration": 4837797885.0,
    "waitstatus": 0,
    "returncode": 0,
    "runtime": 0.7671785354614258,
    "exception": {
        "occurred": false,
        "severity": "",
        "type": "",
        "note": ""
    }
}