{
    "id": 2206287790080,
    "userid": 1234,
    "urgency": 16,
    "priority": 16,
    "t_submit": 1684197889.4962971,
    "t_depend": 1684197889.5085516,
    "t_run": 1684197889.5240426,
    "t_cleanup": 1684197890.0914567,
    "t_inactive": 1684197890.0994713,
    "state": "INACTIVE",
    "name": "ring_c",
    "ntasks": 168,
    "ncores": 168,
    "duration": 0.0,
    "nnodes": 3,
    "ranks": "[0-2]",
    "nodelist": "flux-sample-[0-2]",
    "success": true,
    "exception_occurred": false,
    "result": "COMPLETED",
    "expiration": 4837797889.0,
    "waitstatus": 0,
    "returncode": 0,
    "runtime": 0.5674140453338623,
    "exception": {
        "occurred": false,
        "severity": "",
        "type": "",
        "note": ""
    }
}