{
    "id": 2286768095232,
    "userid": 1234,
    "urgency": 16,
    "priority": 16,
    "t_submit": 1684197894.2926435,
    "t_depend": 1684197894.3044784,
    "t_run": 1684197894.3199635,
    "t_cleanup": 1684197894.8256342,
    "t_inactive": 1684197894.8278503,
    "state": "INACTIVE",
    "name": "ring_c",
    "ntasks": 168,
    "ncores": 168,
    "duration": 0.0,
    "nnodes": 3,
    "ranks": "[0-2]",
    "nodelist": "flux-sample-[0-2]",
    "success": true,
    "exception_occurred": false,
    "result": "COMPLETED",
    "expiration": 4837797894.0,
    "waitstatus": 0,
    "returncode": 0,
    "runtime": 0.5056707859039307,
    "exception": {
        "occurred": false,
        "severity": "",
        "type": "",
        "note": ""
    }
}