{
    "id": 2124163317760,
    "userid": 1234,
    "urgency": 16,
    "priority": 16,
    "t_submit": 1684197884.6006854,
    "t_depend": 1684197884.6125946,
    "t_run": 1684197884.6276245,
    "t_cleanup": 1684197885.0983577,
    "t_inactive": 1684197885.100485,
    "state": "INACTIVE",
    "name": "ring_c",
    "ntasks": 168,
    "ncores": 168,
    "duration": 0.0,
    "nnodes": 3,
    "ranks": "[0-2]",
    "nodelist": "flux-sample-[0-2]",
    "success": true,
    "exception_occurred": false,
    "result": "COMPLETED",
    "expiration": 4837797884.0,
    "waitstatus": 0,
    "returncode": 0,
    "runtime": 0.4707331657409668,
    "exception": {
        "occurred": false,
        "severity": "",
        "type": "",
        "note": ""
    }
}