{
    "id": 2229926887424,
    "userid": 1234,
    "urgency": 16,
    "priority": 16,
    "t_submit": 1684197890.9050138,
    "t_depend": 1684197890.9170594,
    "t_run": 1684197890.932545,
    "t_cleanup": 1684197891.3651295,
    "t_inactive": 1684197891.3674343,
    "state": "INACTIVE",
    "name": "ring_c",
    "ntasks": 168,
    "ncores": 168,
    "duration": 0.0,
    "nnodes": 3,
    "ranks": "[0-2]",
    "nodelist": "flux-sample-[0-2]",
    "success": true,
    "exception_occurred": false,
    "result": "COMPLETED",
    "expiration": 4837797890.0,
    "waitstatus": 0,
    "returncode": 0,
    "runtime": 0.4325845241546631,
    "exception": {
        "occurred": false,
        "severity": "",
        "type": "",
        "note": ""
    }
}