{
    "id": 2173152788480,
    "userid": 1234,
    "urgency": 16,
    "priority": 16,
    "t_submit": 1684197887.5209846,
    "t_depend": 1684197887.5330734,
    "t_run": 1684197887.5490212,
    "t_cleanup": 1684197888.019574,
    "t_inactive": 1684197888.0228329,
    "state": "INACTIVE",
    "name": "ring_c",
    "ntasks": 168,
    "ncores": 168,
    "duration": 0.0,
    "nnodes": 3,
    "ranks": "[0-2]",
    "nodelist": "flux-sample-[0-2]",
    "success": true,
    "exception_occurred": false,
    "result": "COMPLETED",
    "expiration": 4837797887.0,
    "waitstatus": 0,
    "returncode": 0,
    "runtime": 0.4705526828765869,
    "exception": {
        "occurred": false,
        "severity": "",
        "type": "",
        "note": ""
    }
}