{
    "id": 2297555845120,
    "userid": 1234,
    "urgency": 16,
    "priority": 16,
    "t_submit": 1684197894.9363832,
    "t_depend": 1684197894.9483626,
    "t_run": 1684197894.9634368,
    "t_cleanup": 1684197895.6317031,
    "t_inactive": 1684197895.6339393,
    "state": "INACTIVE",
    "name": "ring_c",
    "ntasks": 168,
    "ncores": 168,
    "duration": 0.0,
    "nnodes": 3,
    "ranks": "[0-2]",
    "nodelist": "flux-sample-[0-2]",
    "success": true,
    "exception_occurred": false,
    "result": "COMPLETED",
    "expiration": 4837797894.0,
    "waitstatus": 0,
    "returncode": 0,
    "runtime": 0.6682662963867188,
    "exception": {
        "occurred": false,
        "severity": "",
        "type": "",
        "note": ""
    }
}