{
    "id": 1935570632704,
    "userid": 1234,
    "urgency": 16,
    "priority": 16,
    "t_submit": 1684198066.840035,
    "t_depend": 1684198066.8516557,
    "t_run": 1684198066.8665562,
    "t_cleanup": 1684198067.114411,
    "t_inactive": 1684198067.1161985,
    "state": "INACTIVE",
    "name": "hello_usempi",
    "ntasks": 224,
    "ncores": 224,
    "duration": 0.0,
    "nnodes": 4,
    "ranks": "[0-3]",
    "nodelist": "flux-sample-[4-7]",
    "success": true,
    "exception_occurred": false,
    "result": "COMPLETED",
    "expiration": 4837798066.0,
    "waitstatus": 0,
    "returncode": 0,
    "runtime": 0.24785494804382324,
    "exception": {
        "occurred": false,
        "severity": "",
        "type": "",
        "note": ""
    }
}