{
    "id": 1960719679488,
    "userid": 1234,
    "urgency": 16,
    "priority": 16,
    "t_submit": 1684198068.3386326,
    "t_depend": 1684198068.3502135,
    "t_run": 1684198068.3648338,
    "t_cleanup": 1684198068.6073625,
    "t_inactive": 1684198068.6092632,
    "state": "INACTIVE",
    "name": "hello_usempi",
    "ntasks": 224,
    "ncores": 224,
    "duration": 0.0,
    "nnodes": 4,
    "ranks": "[0-3]",
    "nodelist": "flux-sample-[4-7]",
    "success": true,
    "exception_occurred": false,
    "result": "COMPLETED",
    "expiration": 4837798068.0,
    "waitstatus": 0,
    "returncode": 0,
    "runtime": 0.24252867698669434,
    "exception": {
        "occurred": false,
        "severity": "",
        "type": "",
        "note": ""
    }
}