{
    "id": 2055796162560,
    "userid": 1234,
    "urgency": 16,
    "priority": 16,
    "t_submit": 1684198074.0063372,
    "t_depend": 1684198074.0179656,
    "t_run": 1684198074.0330052,
    "t_cleanup": 1684198074.2674391,
    "t_inactive": 1684198074.2692788,
    "state": "INACTIVE",
    "name": "hello_usempi",
    "ntasks": 224,
    "ncores": 224,
    "duration": 0.0,
    "nnodes": 4,
    "ranks": "[0-3]",
    "nodelist": "flux-sample-[4-7]",
    "success": true,
    "exception_occurred": false,
    "result": "COMPLETED",
    "expiration": 4837798074.0,
    "waitstatus": 0,
    "returncode": 0,
    "runtime": 0.23443388938903809,
    "exception": {
        "occurred": false,
        "severity": "",
        "type": "",
        "note": ""
    }
}