{
    "id": 2037005680640,
    "userid": 1234,
    "urgency": 16,
    "priority": 16,
    "t_submit": 1684198072.8857,
    "t_depend": 1684198072.8974204,
    "t_run": 1684198072.9125428,
    "t_cleanup": 1684198073.1585798,
    "t_inactive": 1684198073.16049,
    "state": "INACTIVE",
    "name": "hello_usempi",
    "ntasks": 224,
    "ncores": 224,
    "duration": 0.0,
    "nnodes": 4,
    "ranks": "[0-3]",
    "nodelist": "flux-sample-[4-7]",
    "success": true,
    "exception_occurred": false,
    "result": "COMPLETED",
    "expiration": 4837798072.0,
    "waitstatus": 0,
    "returncode": 0,
    "runtime": 0.24603700637817383,
    "exception": {
        "occurred": false,
        "severity": "",
        "type": "",
        "note": ""
    }
}