{
    "id": 1998451638272,
    "userid": 1234,
    "urgency": 16,
    "priority": 16,
    "t_submit": 1684198070.5879838,
    "t_depend": 1684198070.599531,
    "t_run": 1684198070.614551,
    "t_cleanup": 1684198070.8649209,
    "t_inactive": 1684198070.866616,
    "state": "INACTIVE",
    "name": "hello_usempi",
    "ntasks": 224,
    "ncores": 224,
    "duration": 0.0,
    "nnodes": 4,
    "ranks": "[0-3]",
    "nodelist": "flux-sample-[4-7]",
    "success": true,
    "exception_occurred": false,
    "result": "COMPLETED",
    "expiration": 4837798070.0,
    "waitstatus": 0,
    "returncode": 0,
    "runtime": 0.2503697872161865,
    "exception": {
        "occurred": false,
        "severity": "",
        "type": "",
        "note": ""
    }
}