{
    "id": 2017510555648,
    "userid": 1234,
    "urgency": 16,
    "priority": 16,
    "t_submit": 1684198071.723694,
    "t_depend": 1684198071.7354882,
    "t_run": 1684198071.7505524,
    "t_cleanup": 1684198071.9979544,
    "t_inactive": 1684198071.9998052,
    "state": "INACTIVE",
    "name": "hello_usempi",
    "ntasks": 224,
    "ncores": 224,
    "duration": 0.0,
    "nnodes": 4,
    "ranks": "[0-3]",
    "nodelist": "flux-sample-[4-7]",
    "success": true,
    "exception_occurred": false,
    "result": "COMPLETED",
    "expiration": 4837798071.0,
    "waitstatus": 0,
    "returncode": 0,
    "runtime": 0.24740195274353027,
    "exception": {
        "occurred": false,
        "severity": "",
        "type": "",
        "note": ""
    }
}