{
    "id": 1973420032000,
    "userid": 1234,
    "urgency": 16,
    "priority": 16,
    "t_submit": 1684198069.095658,
    "t_depend": 1684198069.1074288,
    "t_run": 1684198069.1222713,
    "t_cleanup": 1684198069.3654013,
    "t_inactive": 1684198069.3674567,
    "state": "INACTIVE",
    "name": "hello_usempi",
    "ntasks": 224,
    "ncores": 224,
    "duration": 0.0,
    "nnodes": 4,
    "ranks": "[0-3]",
    "nodelist": "flux-sample-[4-7]",
    "success": true,
    "exception_occurred": false,
    "result": "COMPLETED",
    "expiration": 4837798069.0,
    "waitstatus": 0,
    "returncode": 0,
    "runtime": 0.24312996864318848,
    "exception": {
        "occurred": false,
        "severity": "",
        "type": "",
        "note": ""
    }
}