{
    "id": 1941929197568,
    "userid": 1234,
    "urgency": 16,
    "priority": 16,
    "t_submit": 1684198067.2187223,
    "t_depend": 1684198067.2301528,
    "t_run": 1684198067.244996,
    "t_cleanup": 1684198067.4799767,
    "t_inactive": 1684198067.4818091,
    "state": "INACTIVE",
    "name": "hello_usempi",
    "ntasks": 224,
    "ncores": 224,
    "duration": 0.0,
    "nnodes": 4,
    "ranks": "[0-3]",
    "nodelist": "flux-sample-[4-7]",
    "success": true,
    "exception_occurred": false,
    "result": "COMPLETED",
    "expiration": 4837798067.0,
    "waitstatus": 0,
    "returncode": 0,
    "runtime": 0.23498058319091797,
    "exception": {
        "occurred": false,
        "severity": "",
        "type": "",
        "note": ""
    }
}