{
    "id": 1979677933568,
    "userid": 1234,
    "urgency": 16,
    "priority": 16,
    "t_submit": 1684198069.4693217,
    "t_depend": 1684198069.481094,
    "t_run": 1684198069.4971473,
    "t_cleanup": 1684198069.7514904,
    "t_inactive": 1684198069.7536168,
    "state": "INACTIVE",
    "name": "hello_usempi",
    "ntasks": 224,
    "ncores": 224,
    "duration": 0.0,
    "nnodes": 4,
    "ranks": "[0-3]",
    "nodelist": "flux-sample-[4-7]",
    "success": true,
    "exception_occurred": false,
    "result": "COMPLETED",
    "expiration": 4837798069.0,
    "waitstatus": 0,
    "returncode": 0,
    "runtime": 0.25434303283691406,
    "exception": {
        "occurred": false,
        "severity": "",
        "type": "",
        "note": ""
    }
}