{
    "id": 2004860534784,
    "userid": 1234,
    "urgency": 16,
    "priority": 16,
    "t_submit": 1684198070.9696062,
    "t_depend": 1684198070.9812198,
    "t_run": 1684198070.9959373,
    "t_cleanup": 1684198071.2476556,
    "t_inactive": 1684198071.2495728,
    "state": "INACTIVE",
    "name": "hello_usempi",
    "ntasks": 224,
    "ncores": 224,
    "duration": 0.0,
    "nnodes": 4,
    "ranks": "[0-3]",
    "nodelist": "flux-sample-[4-7]",
    "success": true,
    "exception_occurred": false,
    "result": "COMPLETED",
    "expiration": 4837798070.0,
    "waitstatus": 0,
    "returncode": 0,
    "runtime": 0.25171828269958496,
    "exception": {
        "occurred": false,
        "severity": "",
        "type": "",
        "note": ""
    }
}