{
    "id": 2049521483776,
    "userid": 1234,
    "urgency": 16,
    "priority": 16,
    "t_submit": 1684198073.6320565,
    "t_depend": 1684198073.6438577,
    "t_run": 1684198073.6589694,
    "t_cleanup": 1684198073.901123,
    "t_inactive": 1684198073.9029515,
    "state": "INACTIVE",
    "name": "hello_usempi",
    "ntasks": 224,
    "ncores": 224,
    "duration": 0.0,
    "nnodes": 4,
    "ranks": "[0-3]",
    "nodelist": "flux-sample-[4-7]",
    "success": true,
    "exception_occurred": false,
    "result": "COMPLETED",
    "expiration": 4837798073.0,
    "waitstatus": 0,
    "returncode": 0,
    "runtime": 0.24215364456176758,
    "exception": {
        "occurred": false,
        "severity": "",
        "type": "",
        "note": ""
    }
}