{
    "id": 1992210513920,
    "userid": 1234,
    "urgency": 16,
    "priority": 16,
    "t_submit": 1684198070.2162435,
    "t_depend": 1684198070.2280588,
    "t_run": 1684198070.2433724,
    "t_cleanup": 1684198070.4824545,
    "t_inactive": 1684198070.4843574,
    "state": "INACTIVE",
    "name": "hello_usempi",
    "ntasks": 224,
    "ncores": 224,
    "duration": 0.0,
    "nnodes": 4,
    "ranks": "[0-3]",
    "nodelist": "flux-sample-[4-7]",
    "success": true,
    "exception_occurred": false,
    "result": "COMPLETED",
    "expiration": 4837798070.0,
    "waitstatus": 0,
    "returncode": 0,
    "runtime": 0.23908209800720215,
    "exception": {
        "occurred": false,
        "severity": "",
        "type": "",
        "note": ""
    }
}