{
    "id": 2043381022720,
    "userid": 1234,
    "urgency": 16,
    "priority": 16,
    "t_submit": 1684198073.265538,
    "t_depend": 1684198073.277351,
    "t_run": 1684198073.2925596,
    "t_cleanup": 1684198073.5268824,
    "t_inactive": 1684198073.5294504,
    "state": "INACTIVE",
    "name": "hello_usempi",
    "ntasks": 224,
    "ncores": 224,
    "duration": 0.0,
    "nnodes": 4,
    "ranks": "[0-3]",
    "nodelist": "flux-sample-[4-7]",
    "success": true,
    "exception_occurred": false,
    "result": "COMPLETED",
    "expiration": 4837798073.0,
    "waitstatus": 0,
    "returncode": 0,
    "runtime": 0.23432278633117676,
    "exception": {
        "occurred": false,
        "severity": "",
        "type": "",
        "note": ""
    }
}