{
    "id": 1705018130432,
    "userid": 1000,
    "urgency": 16,
    "priority": 16,
    "t_submit": 1684112410.0384157,
    "t_depend": 1684112410.0500782,
    "t_run": 1684112410.0697439,
    "t_cleanup": 1684112410.2714274,
    "t_inactive": 1684112410.2728748,
    "state": "INACTIVE",
    "name": "hostname",
    "ntasks": 168,
    "ncores": 168,
    "duration": 0.0,
    "nnodes": 3,
    "ranks": "[0-2]",
    "nodelist": "flux-sample-[5-7]",
    "success": true,
    "exception_occurred": false,
    "result": "COMPLETED",
    "expiration": 4837712410.0,
    "waitstatus": 0,
    "returncode": 0,
    "runtime": 0.20168352127075195,
    "exception": {
        "occurred": false,
        "severity": "",
        "type": "",
        "note": ""
    }
}