{
    "id": 1734730579968,
    "userid": 1000,
    "urgency": 16,
    "priority": 16,
    "t_submit": 1684112411.8100247,
    "t_depend": 1684112411.8216097,
    "t_run": 1684112411.8411574,
    "t_cleanup": 1684112412.0422528,
    "t_inactive": 1684112412.0438545,
    "state": "INACTIVE",
    "name": "hostname",
    "ntasks": 168,
    "ncores": 168,
    "duration": 0.0,
    "nnodes": 3,
    "ranks": "[0-2]",
    "nodelist": "flux-sample-[5-7]",
    "success": true,
    "exception_occurred": false,
    "result": "COMPLETED",
    "expiration": 4837712411.0,
    "waitstatus": 0,
    "returncode": 0,
    "runtime": 0.2010953426361084,
    "exception": {
        "occurred": false,
        "severity": "",
        "type": "",
        "note": ""
    }
}