{
    "id": 1711041150976,
    "userid": 1000,
    "urgency": 16,
    "priority": 16,
    "t_submit": 1684112410.3975673,
    "t_depend": 1684112410.409134,
    "t_run": 1684112410.4286559,
    "t_cleanup": 1684112410.626964,
    "t_inactive": 1684112410.6283429,
    "state": "INACTIVE",
    "name": "hostname",
    "ntasks": 168,
    "ncores": 168,
    "duration": 0.0,
    "nnodes": 3,
    "ranks": "[0-2]",
    "nodelist": "flux-sample-[5-7]",
    "success": true,
    "exception_occurred": false,
    "result": "COMPLETED",
    "expiration": 4837712410.0,
    "waitstatus": 0,
    "returncode": 0,
    "runtime": 0.19830822944641113,
    "exception": {
        "occurred": false,
        "severity": "",
        "type": "",
        "note": ""
    }
}