{
    "id": 1974493773824,
    "userid": 1000,
    "urgency": 16,
    "priority": 16,
    "t_submit": 1684026598.9834049,
    "t_depend": 1684026598.9948828,
    "t_run": 1684026599.0129285,
    "t_cleanup": 1684026606.949048,
    "t_inactive": 1684026606.950898,
    "state": "INACTIVE",
    "name": "lmp",
    "ntasks": 112,
    "ncores": 112,
    "duration": 0.0,
    "nnodes": 2,
    "ranks": "[0-1]",
    "nodelist": "flux-sample-[6-7]",
    "success": true,
    "exception_occurred": false,
    "result": "COMPLETED",
    "expiration": 4837626599.0,
    "waitstatus": 0,
    "returncode": 0,
    "runtime": 7.936119556427002,
    "exception": {
        "occurred": false,
        "severity": "",
        "type": "",
        "note": ""
    }
}