{
    "id": 2807885201408,
    "userid": 1000,
    "urgency": 16,
    "priority": 16,
    "t_submit": 1684026648.6578987,
    "t_depend": 1684026648.6693113,
    "t_run": 1684026648.6871352,
    "t_cleanup": 1684026656.6173563,
    "t_inactive": 1684026656.619326,
    "state": "INACTIVE",
    "name": "lmp",
    "ntasks": 112,
    "ncores": 112,
    "duration": 0.0,
    "nnodes": 2,
    "ranks": "[0-1]",
    "nodelist": "flux-sample-[6-7]",
    "success": true,
    "exception_occurred": false,
    "result": "COMPLETED",
    "expiration": 4837626648.0,
    "waitstatus": 0,
    "returncode": 0,
    "runtime": 7.930221080780029,
    "exception": {
        "occurred": false,
        "severity": "",
        "type": "",
        "note": ""
    }
}