{
    "id": 1835595202560,
    "userid": 1000,
    "urgency": 16,
    "priority": 16,
    "t_submit": 1684026590.7046757,
    "t_depend": 1684026590.7163067,
    "t_run": 1684026590.7344422,
    "t_cleanup": 1684026598.7058332,
    "t_inactive": 1684026598.7073658,
    "state": "INACTIVE",
    "name": "lmp",
    "ntasks": 112,
    "ncores": 112,
    "duration": 0.0,
    "nnodes": 2,
    "ranks": "[0-1]",
    "nodelist": "flux-sample-[6-7]",
    "success": true,
    "exception_occurred": false,
    "result": "COMPLETED",
    "expiration": 4837626590.0,
    "waitstatus": 0,
    "returncode": 0,
    "runtime": 7.971390962600708,
    "exception": {
        "occurred": false,
        "severity": "",
        "type": "",
        "note": ""
    }
}