{
    "id": 1282752380928,
    "userid": 1000,
    "urgency": 16,
    "priority": 16,
    "t_submit": 1684026557.7526054,
    "t_depend": 1684026557.7644045,
    "t_run": 1684026557.782128,
    "t_cleanup": 1684026565.7551582,
    "t_inactive": 1684026565.756969,
    "state": "INACTIVE",
    "name": "lmp",
    "ntasks": 112,
    "ncores": 112,
    "duration": 0.0,
    "nnodes": 2,
    "ranks": "[0-1]",
    "nodelist": "flux-sample-[6-7]",
    "success": true,
    "exception_occurred": false,
    "result": "COMPLETED",
    "expiration": 4837626557.0,
    "waitstatus": 0,
    "returncode": 0,
    "runtime": 7.973030090332031,
    "exception": {
        "occurred": false,
        "severity": "",
        "type": "",
        "note": ""
    }
}