{
    "id": 2668818857984,
    "userid": 1000,
    "urgency": 16,
    "priority": 16,
    "t_submit": 1684026640.368067,
    "t_depend": 1684026640.379888,
    "t_run": 1684026640.3974943,
    "t_cleanup": 1684026648.3799984,
    "t_inactive": 1684026648.381654,
    "state": "INACTIVE",
    "name": "lmp",
    "ntasks": 112,
    "ncores": 112,
    "duration": 0.0,
    "nnodes": 2,
    "ranks": "[0-1]",
    "nodelist": "flux-sample-[6-7]",
    "success": true,
    "exception_occurred": false,
    "result": "COMPLETED",
    "expiration": 4837626640.0,
    "waitstatus": 0,
    "returncode": 0,
    "runtime": 7.98250412940979,
    "exception": {
        "occurred": false,
        "severity": "",
        "type": "",
        "note": ""
    }
}