{
    "id": 3072696778752,
    "userid": 1234,
    "urgency": 16,
    "priority": 16,
    "t_submit": 1684197665.9095538,
    "t_depend": 1684197665.9214652,
    "t_run": 1684197665.9372857,
    "t_cleanup": 1684197666.4433825,
    "t_inactive": 1684197666.4454753,
    "state": "INACTIVE",
    "name": "ring_c",
    "ntasks": 336,
    "ncores": 336,
    "duration": 0.0,
    "nnodes": 6,
    "ranks": "[0-5]",
    "nodelist": "flux-sample-[2-7]",
    "success": true,
    "exception_occurred": false,
    "result": "COMPLETED",
    "expiration": 4837797665.0,
    "waitstatus": 0,
    "returncode": 0,
    "runtime": 0.5060968399047852,
    "exception": {
        "occurred": false,
        "severity": "",
        "type": "",
        "note": ""
    }
}