{
    "id": 3042447458304,
    "userid": 1234,
    "urgency": 16,
    "priority": 16,
    "t_submit": 1684197664.1064632,
    "t_depend": 1684197664.1183429,
    "t_run": 1684197664.1346867,
    "t_cleanup": 1684197664.7491322,
    "t_inactive": 1684197664.7511709,
    "state": "INACTIVE",
    "name": "ring_c",
    "ntasks": 336,
    "ncores": 336,
    "duration": 0.0,
    "nnodes": 6,
    "ranks": "[0-5]",
    "nodelist": "flux-sample-[2-7]",
    "success": true,
    "exception_occurred": false,
    "result": "COMPLETED",
    "expiration": 4837797664.0,
    "waitstatus": 0,
    "returncode": 0,
    "runtime": 0.6144454479217529,
    "exception": {
        "occurred": false,
        "severity": "",
        "type": "",
        "note": ""
    }
}