{
    "id": 3083450974208,
    "userid": 1234,
    "urgency": 16,
    "priority": 16,
    "t_submit": 1684197666.5509603,
    "t_depend": 1684197666.5628188,
    "t_run": 1684197666.5786774,
    "t_cleanup": 1684197667.1036544,
    "t_inactive": 1684197667.107331,
    "state": "INACTIVE",
    "name": "ring_c",
    "ntasks": 336,
    "ncores": 336,
    "duration": 0.0,
    "nnodes": 6,
    "ranks": "[0-5]",
    "nodelist": "flux-sample-[2-7]",
    "success": true,
    "exception_occurred": false,
    "result": "COMPLETED",
    "expiration": 4837797666.0,
    "waitstatus": 0,
    "returncode": 0,
    "runtime": 0.5249769687652588,
    "exception": {
        "occurred": false,
        "severity": "",
        "type": "",
        "note": ""
    }
}