{
    "id": 2954216079360,
    "userid": 1234,
    "urgency": 16,
    "priority": 16,
    "t_submit": 1684197658.8479936,
    "t_depend": 1684197658.8599267,
    "t_run": 1684197658.8757625,
    "t_cleanup": 1684197659.34488,
    "t_inactive": 1684197659.346906,
    "state": "INACTIVE",
    "name": "ring_c",
    "ntasks": 336,
    "ncores": 336,
    "duration": 0.0,
    "nnodes": 6,
    "ranks": "[0-5]",
    "nodelist": "flux-sample-[2-7]",
    "success": true,
    "exception_occurred": false,
    "result": "COMPLETED",
    "expiration": 4837797658.0,
    "waitstatus": 0,
    "returncode": 0,
    "runtime": 0.4691176414489746,
    "exception": {
        "occurred": false,
        "severity": "",
        "type": "",
        "note": ""
    }
}