{
    "id": 3094540713984,
    "userid": 1234,
    "urgency": 16,
    "priority": 16,
    "t_submit": 1684197667.2117376,
    "t_depend": 1684197667.2235525,
    "t_run": 1684197667.2393327,
    "t_cleanup": 1684197667.8639047,
    "t_inactive": 1684197667.8660321,
    "state": "INACTIVE",
    "name": "ring_c",
    "ntasks": 336,
    "ncores": 336,
    "duration": 0.0,
    "nnodes": 6,
    "ranks": "[0-5]",
    "nodelist": "flux-sample-[2-7]",
    "success": true,
    "exception_occurred": false,
    "result": "COMPLETED",
    "expiration": 4837797667.0,
    "waitstatus": 0,
    "returncode": 0,
    "runtime": 0.6245720386505127,
    "exception": {
        "occurred": false,
        "severity": "",
        "type": "",
        "note": ""
    }
}