{
    "id": 2976345227264,
    "userid": 1234,
    "urgency": 16,
    "priority": 16,
    "t_submit": 1684197660.1669853,
    "t_depend": 1684197660.1789598,
    "t_run": 1684197660.1946697,
    "t_cleanup": 1684197661.0054934,
    "t_inactive": 1684197661.0117066,
    "state": "INACTIVE",
    "name": "ring_c",
    "ntasks": 336,
    "ncores": 336,
    "duration": 0.0,
    "nnodes": 6,
    "ranks": "[0-5]",
    "nodelist": "flux-sample-[2-7]",
    "success": true,
    "exception_occurred": false,
    "result": "COMPLETED",
    "expiration": 4837797660.0,
    "waitstatus": 0,
    "returncode": 0,
    "runtime": 0.8108236789703369,
    "exception": {
        "occurred": false,
        "severity": "",
        "type": "",
        "note": ""
    }
}