{
    "id": 2899891453952,
    "userid": 1234,
    "urgency": 16,
    "priority": 16,
    "t_submit": 1684197655.6100621,
    "t_depend": 1684197655.6217911,
    "t_run": 1684197655.6378946,
    "t_cleanup": 1684197656.244733,
    "t_inactive": 1684197656.2468457,
    "state": "INACTIVE",
    "name": "ring_c",
    "ntasks": 336,
    "ncores": 336,
    "duration": 0.0,
    "nnodes": 6,
    "ranks": "[0-5]",
    "nodelist": "flux-sample-[2-7]",
    "success": true,
    "exception_occurred": false,
    "result": "COMPLETED",
    "expiration": 4837797655.0,
    "waitstatus": 0,
    "returncode": 0,
    "runtime": 0.6068384647369385,
    "exception": {
        "occurred": false,
        "severity": "",
        "type": "",
        "note": ""
    }
}