{
    "id": 2886570344448,
    "userid": 1234,
    "urgency": 16,
    "priority": 16,
    "t_submit": 1684197654.8155496,
    "t_depend": 1684197654.8279734,
    "t_run": 1684197654.844062,
    "t_cleanup": 1684197655.5051825,
    "t_inactive": 1684197655.507312,
    "state": "INACTIVE",
    "name": "ring_c",
    "ntasks": 336,
    "ncores": 336,
    "duration": 0.0,
    "nnodes": 6,
    "ranks": "[0-5]",
    "nodelist": "flux-sample-[2-7]",
    "success": true,
    "exception_occurred": false,
    "result": "COMPLETED",
    "expiration": 4837797654.0,
    "waitstatus": 0,
    "returncode": 0,
    "runtime": 0.6611204147338867,
    "exception": {
        "occurred": false,
        "severity": "",
        "type": "",
        "note": ""
    }
}