{
    "id": 3054996815872,
    "userid": 1234,
    "urgency": 16,
    "priority": 16,
    "t_submit": 1684197664.8553832,
    "t_depend": 1684197664.8685951,
    "t_run": 1684197664.8848712,
    "t_cleanup": 1684197665.8056443,
    "t_inactive": 1684197665.8077633,
    "state": "INACTIVE",
    "name": "ring_c",
    "ntasks": 336,
    "ncores": 336,
    "duration": 0.0,
    "nnodes": 6,
    "ranks": "[0-5]",
    "nodelist": "flux-sample-[2-7]",
    "success": true,
    "exception_occurred": false,
    "result": "COMPLETED",
    "expiration": 4837797664.0,
    "waitstatus": 0,
    "returncode": 0,
    "runtime": 0.9207730293273926,
    "exception": {
        "occurred": false,
        "severity": "",
        "type": "",
        "note": ""
    }
}