{
    "id": 2860297224192,
    "userid": 1234,
    "urgency": 16,
    "priority": 16,
    "t_submit": 1684197653.2500086,
    "t_depend": 1684197653.2617552,
    "t_run": 1684197653.27791,
    "t_cleanup": 1684197654.0008886,
    "t_inactive": 1684197654.002885,
    "state": "INACTIVE",
    "name": "ring_c",
    "ntasks": 336,
    "ncores": 336,
    "duration": 0.0,
    "nnodes": 6,
    "ranks": "[0-5]",
    "nodelist": "flux-sample-[2-7]",
    "success": true,
    "exception_occurred": false,
    "result": "COMPLETED",
    "expiration": 4837797653.0,
    "waitstatus": 0,
    "returncode": 0,
    "runtime": 0.7229785919189453,
    "exception": {
        "occurred": false,
        "severity": "",
        "type": "",
        "note": ""
    }
}