{
    "id": 2926701445120,
    "userid": 1234,
    "urgency": 16,
    "priority": 16,
    "t_submit": 1684197657.2074258,
    "t_depend": 1684197657.2193391,
    "t_run": 1684197657.2349725,
    "t_cleanup": 1684197658.0479853,
    "t_inactive": 1684197658.050286,
    "state": "INACTIVE",
    "name": "ring_c",
    "ntasks": 336,
    "ncores": 336,
    "duration": 0.0,
    "nnodes": 6,
    "ranks": "[0-5]",
    "nodelist": "flux-sample-[2-7]",
    "success": true,
    "exception_occurred": false,
    "result": "COMPLETED",
    "expiration": 4837797657.0,
    "waitstatus": 0,
    "returncode": 0,
    "runtime": 0.8130128383636475,
    "exception": {
        "occurred": false,
        "severity": "",
        "type": "",
        "note": ""
    }
}