{
    "id": 1746457853952,
    "userid": 1234,
    "urgency": 16,
    "priority": 16,
    "t_submit": 1684197328.4709365,
    "t_depend": 1684197328.4826174,
    "t_run": 1684197328.4974117,
    "t_cleanup": 1684197329.0070333,
    "t_inactive": 1684197329.0085368,
    "state": "INACTIVE",
    "name": "hello_c",
    "ntasks": 392,
    "ncores": 392,
    "duration": 0.0,
    "nnodes": 7,
    "ranks": "[0-6]",
    "nodelist": "flux-sample-[1-7]",
    "success": true,
    "exception_occurred": false,
    "result": "COMPLETED",
    "expiration": 4837797328.0,
    "waitstatus": 0,
    "returncode": 0,
    "runtime": 0.5096216201782227,
    "exception": {
        "occurred": false,
        "severity": "",
        "type": "",
        "note": ""
    }
}