{
    "id": 1684583481344,
    "userid": 1234,
    "urgency": 16,
    "priority": 16,
    "t_submit": 1684197324.7825015,
    "t_depend": 1684197324.7940552,
    "t_run": 1684197324.8090656,
    "t_cleanup": 1684197325.299148,
    "t_inactive": 1684197325.3008027,
    "state": "INACTIVE",
    "name": "hello_c",
    "ntasks": 392,
    "ncores": 392,
    "duration": 0.0,
    "nnodes": 7,
    "ranks": "[0-6]",
    "nodelist": "flux-sample-[1-7]",
    "success": true,
    "exception_occurred": false,
    "result": "COMPLETED",
    "expiration": 4837797324.0,
    "waitstatus": 0,
    "returncode": 0,
    "runtime": 0.4900825023651123,
    "exception": {
        "occurred": false,
        "severity": "",
        "type": "",
        "note": ""
    }
}