{
    "id": 1652740325376,
    "userid": 1234,
    "urgency": 16,
    "priority": 16,
    "t_submit": 1684197322.885354,
    "t_depend": 1684197322.8967607,
    "t_run": 1684197322.911465,
    "t_cleanup": 1684197323.4068844,
    "t_inactive": 1684197323.4083328,
    "state": "INACTIVE",
    "name": "hello_c",
    "ntasks": 392,
    "ncores": 392,
    "duration": 0.0,
    "nnodes": 7,
    "ranks": "[0-6]",
    "nodelist": "flux-sample-[1-7]",
    "success": true,
    "exception_occurred": false,
    "result": "COMPLETED",
    "expiration": 4837797322.0,
    "waitstatus": 0,
    "returncode": 0,
    "runtime": 0.4954195022583008,
    "exception": {
        "occurred": false,
        "severity": "",
        "type": "",
        "note": ""
    }
}