{
    "id": 1663242862592,
    "userid": 1234,
    "urgency": 16,
    "priority": 16,
    "t_submit": 1684197323.5112312,
    "t_depend": 1684197323.5225194,
    "t_run": 1684197323.537306,
    "t_cleanup": 1684197324.0658975,
    "t_inactive": 1684197324.0674136,
    "state": "INACTIVE",
    "name": "hello_c",
    "ntasks": 392,
    "ncores": 392,
    "duration": 0.0,
    "nnodes": 7,
    "ranks": "[0-6]",
    "nodelist": "flux-sample-[1-7]",
    "success": true,
    "exception_occurred": false,
    "result": "COMPLETED",
    "expiration": 4837797323.0,
    "waitstatus": 0,
    "returncode": 0,
    "runtime": 0.5285913944244385,
    "exception": {
        "occurred": false,
        "severity": "",
        "type": "",
        "note": ""
    }
}