{
    "id": 1674332602368,
    "userid": 1234,
    "urgency": 16,
    "priority": 16,
    "t_submit": 1684197324.171537,
    "t_depend": 1684197324.1827724,
    "t_run": 1684197324.1977985,
    "t_cleanup": 1684197324.6766686,
    "t_inactive": 1684197324.678634,
    "state": "INACTIVE",
    "name": "hello_c",
    "ntasks": 392,
    "ncores": 392,
    "duration": 0.0,
    "nnodes": 7,
    "ranks": "[0-6]",
    "nodelist": "flux-sample-[1-7]",
    "success": true,
    "exception_occurred": false,
    "result": "COMPLETED",
    "expiration": 4837797324.0,
    "waitstatus": 0,
    "returncode": 0,
    "runtime": 0.478870153427124,
    "exception": {
        "occurred": false,
        "severity": "",
        "type": "",
        "note": ""
    }
}