{
    "id": 1829521850368,
    "userid": 1234,
    "urgency": 16,
    "priority": 16,
    "t_submit": 1684197333.4220817,
    "t_depend": 1684197333.4335,
    "t_run": 1684197333.449018,
    "t_cleanup": 1684197333.909097,
    "t_inactive": 1684197333.9104784,
    "state": "INACTIVE",
    "name": "hello_c",
    "ntasks": 392,
    "ncores": 392,
    "duration": 0.0,
    "nnodes": 7,
    "ranks": "[0-6]",
    "nodelist": "flux-sample-[1-7]",
    "success": true,
    "exception_occurred": false,
    "result": "COMPLETED",
    "expiration": 4837797333.0,
    "waitstatus": 0,
    "returncode": 0,
    "runtime": 0.4600789546966553,
    "exception": {
        "occurred": false,
        "severity": "",
        "type": "",
        "note": ""
    }
}