{
    "id": 1757195272192,
    "userid": 1234,
    "urgency": 16,
    "priority": 16,
    "t_submit": 1684197329.1104803,
    "t_depend": 1684197329.121759,
    "t_run": 1684197329.1364334,
    "t_cleanup": 1684197329.5891674,
    "t_inactive": 1684197329.5905092,
    "state": "INACTIVE",
    "name": "hello_c",
    "ntasks": 392,
    "ncores": 392,
    "duration": 0.0,
    "nnodes": 7,
    "ranks": "[0-6]",
    "nodelist": "flux-sample-[1-7]",
    "success": true,
    "exception_occurred": false,
    "result": "COMPLETED",
    "expiration": 4837797329.0,
    "waitstatus": 0,
    "returncode": 0,
    "runtime": 0.45273399353027344,
    "exception": {
        "occurred": false,
        "severity": "",
        "type": "",
        "note": ""
    }
}