{
    "id": 1849335742464,
    "userid": 1234,
    "urgency": 16,
    "priority": 16,
    "t_submit": 1684197334.6027694,
    "t_depend": 1684197334.613933,
    "t_run": 1684197334.6287575,
    "t_cleanup": 1684197335.0649197,
    "t_inactive": 1684197335.0664186,
    "state": "INACTIVE",
    "name": "hello_c",
    "ntasks": 392,
    "ncores": 392,
    "duration": 0.0,
    "nnodes": 7,
    "ranks": "[0-6]",
    "nodelist": "flux-sample-[1-7]",
    "success": true,
    "exception_occurred": false,
    "result": "COMPLETED",
    "expiration": 4837797334.0,
    "waitstatus": 0,
    "returncode": 0,
    "runtime": 0.43616223335266113,
    "exception": {
        "occurred": false,
        "severity": "",
        "type": "",
        "note": ""
    }
}