{
    "id": 1736223752192,
    "userid": 1234,
    "urgency": 16,
    "priority": 16,
    "t_submit": 1684197327.861157,
    "t_depend": 1684197327.8723564,
    "t_run": 1684197327.8872771,
    "t_cleanup": 1684197328.3597326,
    "t_inactive": 1684197328.3611145,
    "state": "INACTIVE",
    "name": "hello_c",
    "ntasks": 392,
    "ncores": 392,
    "duration": 0.0,
    "nnodes": 7,
    "ranks": "[0-6]",
    "nodelist": "flux-sample-[1-7]",
    "success": true,
    "exception_occurred": false,
    "result": "COMPLETED",
    "expiration": 4837797327.0,
    "waitstatus": 0,
    "returncode": 0,
    "runtime": 0.4724555015563965,
    "exception": {
        "occurred": false,
        "severity": "",
        "type": "",
        "note": ""
    }
}