{
    "id": 1808869097472,
    "userid": 1234,
    "urgency": 16,
    "priority": 16,
    "t_submit": 1684197332.1912556,
    "t_depend": 1684197332.2024462,
    "t_run": 1684197332.2171378,
    "t_cleanup": 1684197332.730656,
    "t_inactive": 1684197332.7341888,
    "state": "INACTIVE",
    "name": "hello_c",
    "ntasks": 392,
    "ncores": 392,
    "duration": 0.0,
    "nnodes": 7,
    "ranks": "[0-6]",
    "nodelist": "flux-sample-[1-7]",
    "success": true,
    "exception_occurred": false,
    "result": "COMPLETED",
    "expiration": 4837797332.0,
    "waitstatus": 0,
    "returncode": 0,
    "runtime": 0.5135180950164795,
    "exception": {
        "occurred": false,
        "severity": "",
        "type": "",
        "note": ""
    }
}