{
    "id": 1786991607808,
    "userid": 1234,
    "urgency": 16,
    "priority": 16,
    "t_submit": 1684197330.8868074,
    "t_depend": 1684197330.8984404,
    "t_run": 1684197330.9135716,
    "t_cleanup": 1684197331.4301207,
    "t_inactive": 1684197331.4315822,
    "state": "INACTIVE",
    "name": "hello_c",
    "ntasks": 392,
    "ncores": 392,
    "duration": 0.0,
    "nnodes": 7,
    "ranks": "[0-6]",
    "nodelist": "flux-sample-[1-7]",
    "success": true,
    "exception_occurred": false,
    "result": "COMPLETED",
    "expiration": 4837797330.0,
    "waitstatus": 0,
    "returncode": 0,
    "runtime": 0.5165491104125977,
    "exception": {
        "occurred": false,
        "severity": "",
        "type": "",
        "note": ""
    }
}