{
    "id": 1777344708608,
    "userid": 1234,
    "urgency": 16,
    "priority": 16,
    "t_submit": 1684197330.3115823,
    "t_depend": 1684197330.322778,
    "t_run": 1684197330.3374686,
    "t_cleanup": 1684197330.7767653,
    "t_inactive": 1684197330.7785032,
    "state": "INACTIVE",
    "name": "hello_c",
    "ntasks": 392,
    "ncores": 392,
    "duration": 0.0,
    "nnodes": 7,
    "ranks": "[0-6]",
    "nodelist": "flux-sample-[1-7]",
    "success": true,
    "exception_occurred": false,
    "result": "COMPLETED",
    "expiration": 4837797330.0,
    "waitstatus": 0,
    "returncode": 0,
    "runtime": 0.4392967224121094,
    "exception": {
        "occurred": false,
        "severity": "",
        "type": "",
        "note": ""
    }
}