{
    "id": 1766942834688,
    "userid": 1234,
    "urgency": 16,
    "priority": 16,
    "t_submit": 1684197329.692035,
    "t_depend": 1684197329.7035232,
    "t_run": 1684197329.7184894,
    "t_cleanup": 1684197330.208169,
    "t_inactive": 1684197330.2097237,
    "state": "INACTIVE",
    "name": "hello_c",
    "ntasks": 392,
    "ncores": 392,
    "duration": 0.0,
    "nnodes": 7,
    "ranks": "[0-6]",
    "nodelist": "flux-sample-[1-7]",
    "success": true,
    "exception_occurred": false,
    "result": "COMPLETED",
    "expiration": 4837797329.0,
    "waitstatus": 0,
    "returncode": 0,
    "runtime": 0.48967957496643066,
    "exception": {
        "occurred": false,
        "severity": "",
        "type": "",
        "note": ""
    }
}