{
    "id": 1797980684288,
    "userid": 1234,
    "urgency": 16,
    "priority": 16,
    "t_submit": 1684197331.5416687,
    "t_depend": 1684197331.5529149,
    "t_run": 1684197331.567533,
    "t_cleanup": 1684197332.0878136,
    "t_inactive": 1684197332.0892818,
    "state": "INACTIVE",
    "name": "hello_c",
    "ntasks": 392,
    "ncores": 392,
    "duration": 0.0,
    "nnodes": 7,
    "ranks": "[0-6]",
    "nodelist": "flux-sample-[1-7]",
    "success": true,
    "exception_occurred": false,
    "result": "COMPLETED",
    "expiration": 4837797331.0,
    "waitstatus": 0,
    "returncode": 0,
    "runtime": 0.5202805995941162,
    "exception": {
        "occurred": false,
        "severity": "",
        "type": "",
        "note": ""
    }
}