{
    "id": 1716258865152,
    "userid": 1234,
    "urgency": 16,
    "priority": 16,
    "t_submit": 1684197326.671107,
    "t_depend": 1684197326.6823707,
    "t_run": 1684197326.6974657,
    "t_cleanup": 1684197327.1453056,
    "t_inactive": 1684197327.1469393,
    "state": "INACTIVE",
    "name": "hello_c",
    "ntasks": 392,
    "ncores": 392,
    "duration": 0.0,
    "nnodes": 7,
    "ranks": "[0-6]",
    "nodelist": "flux-sample-[1-7]",
    "success": true,
    "exception_occurred": false,
    "result": "COMPLETED",
    "expiration": 4837797326.0,
    "waitstatus": 0,
    "returncode": 0,
    "runtime": 0.44783997535705566,
    "exception": {
        "occurred": false,
        "severity": "",
        "type": "",
        "note": ""
    }
}