{
    "id": 1819673624576,
    "userid": 1234,
    "urgency": 16,
    "priority": 16,
    "t_submit": 1684197332.8349805,
    "t_depend": 1684197332.8463743,
    "t_run": 1684197332.861141,
    "t_cleanup": 1684197333.3174458,
    "t_inactive": 1684197333.3189707,
    "state": "INACTIVE",
    "name": "hello_c",
    "ntasks": 392,
    "ncores": 392,
    "duration": 0.0,
    "nnodes": 7,
    "ranks": "[0-6]",
    "nodelist": "flux-sample-[1-7]",
    "success": true,
    "exception_occurred": false,
    "result": "COMPLETED",
    "expiration": 4837797332.0,
    "waitstatus": 0,
    "returncode": 0,
    "runtime": 0.45630478858947754,
    "exception": {
        "occurred": false,
        "severity": "",
        "type": "",
        "note": ""
    }
}