{
    "id": 3261876666368,
    "userid": 1234,
    "urgency": 16,
    "priority": 16,
    "t_submit": 1684197677.1862752,
    "t_depend": 1684197677.198146,
    "t_run": 1684197677.2139616,
    "t_cleanup": 1684197677.7271032,
    "t_inactive": 1684197677.7292526,
    "state": "INACTIVE",
    "name": "ring_usempi",
    "ntasks": 336,
    "ncores": 336,
    "duration": 0.0,
    "nnodes": 6,
    "ranks": "[0-5]",
    "nodelist": "flux-sample-[2-7]",
    "success": true,
    "exception_occurred": false,
    "result": "COMPLETED",
    "expiration": 4837797677.0,
    "waitstatus": 0,
    "returncode": 0,
    "runtime": 0.5131416320800781,
    "exception": {
        "occurred": false,
        "severity": "",
        "type": "",
        "note": ""
    }
}