{
    "id": 3392185303040,
    "userid": 1234,
    "urgency": 16,
    "priority": 16,
    "t_submit": 1684197684.9533684,
    "t_depend": 1684197684.9653993,
    "t_run": 1684197684.9816055,
    "t_cleanup": 1684197685.8419163,
    "t_inactive": 1684197685.8439996,
    "state": "INACTIVE",
    "name": "ring_usempi",
    "ntasks": 336,
    "ncores": 336,
    "duration": 0.0,
    "nnodes": 6,
    "ranks": "[0-5]",
    "nodelist": "flux-sample-[2-7]",
    "success": true,
    "exception_occurred": false,
    "result": "COMPLETED",
    "expiration": 4837797684.0,
    "waitstatus": 0,
    "returncode": 0,
    "runtime": 0.8603107929229736,
    "exception": {
        "occurred": false,
        "severity": "",
        "type": "",
        "note": ""
    }
}