{
    "id": 3435067867136,
    "userid": 1234,
    "urgency": 16,
    "priority": 16,
    "t_submit": 1684197687.5086555,
    "t_depend": 1684197687.5207746,
    "t_run": 1684197687.5370252,
    "t_cleanup": 1684197688.1599905,
    "t_inactive": 1684197688.1622028,
    "state": "INACTIVE",
    "name": "ring_usempi",
    "ntasks": 336,
    "ncores": 336,
    "duration": 0.0,
    "nnodes": 6,
    "ranks": "[0-5]",
    "nodelist": "flux-sample-[2-7]",
    "success": true,
    "exception_occurred": false,
    "result": "COMPLETED",
    "expiration": 4837797687.0,
    "waitstatus": 0,
    "returncode": 0,
    "runtime": 0.6229653358459473,
    "exception": {
        "occurred": false,
        "severity": "",
        "type": "",
        "note": ""
    }
}