{
    "id": 3272697970688,
    "userid": 1234,
    "urgency": 16,
    "priority": 16,
    "t_submit": 1684197677.831336,
    "t_depend": 1684197677.8431299,
    "t_run": 1684197677.859074,
    "t_cleanup": 1684197678.4438531,
    "t_inactive": 1684197678.4460278,
    "state": "INACTIVE",
    "name": "ring_usempi",
    "ntasks": 336,
    "ncores": 336,
    "duration": 0.0,
    "nnodes": 6,
    "ranks": "[0-5]",
    "nodelist": "flux-sample-[2-7]",
    "success": true,
    "exception_occurred": false,
    "result": "COMPLETED",
    "expiration": 4837797677.0,
    "waitstatus": 0,
    "returncode": 0,
    "runtime": 0.5847790241241455,
    "exception": {
        "occurred": false,
        "severity": "",
        "type": "",
        "note": ""
    }
}