{
    "id": 3408828301312,
    "userid": 1234,
    "urgency": 16,
    "priority": 16,
    "t_submit": 1684197685.945137,
    "t_depend": 1684197685.9570518,
    "t_run": 1684197685.973281,
    "t_cleanup": 1684197686.605294,
    "t_inactive": 1684197686.6074517,
    "state": "INACTIVE",
    "name": "ring_usempi",
    "ntasks": 336,
    "ncores": 336,
    "duration": 0.0,
    "nnodes": 6,
    "ranks": "[0-5]",
    "nodelist": "flux-sample-[2-7]",
    "success": true,
    "exception_occurred": false,
    "result": "COMPLETED",
    "expiration": 4837797685.0,
    "waitstatus": 0,
    "returncode": 0,
    "runtime": 0.6320130825042725,
    "exception": {
        "occurred": false,
        "severity": "",
        "type": "",
        "note": ""
    }
}