{
    "id": 3421696425984,
    "userid": 1234,
    "urgency": 16,
    "priority": 16,
    "t_submit": 1684197686.7115386,
    "t_depend": 1684197686.7235532,
    "t_run": 1684197686.7395885,
    "t_cleanup": 1684197687.4033372,
    "t_inactive": 1684197687.4058158,
    "state": "INACTIVE",
    "name": "ring_usempi",
    "ntasks": 336,
    "ncores": 336,
    "duration": 0.0,
    "nnodes": 6,
    "ranks": "[0-5]",
    "nodelist": "flux-sample-[2-7]",
    "success": true,
    "exception_occurred": false,
    "result": "COMPLETED",
    "expiration": 4837797686.0,
    "waitstatus": 0,
    "returncode": 0,
    "runtime": 0.6637487411499023,
    "exception": {
        "occurred": false,
        "severity": "",
        "type": "",
        "note": ""
    }
}