{
    "id": 3284710457344,
    "userid": 1234,
    "urgency": 16,
    "priority": 16,
    "t_submit": 1684197678.547046,
    "t_depend": 1684197678.5592966,
    "t_run": 1684197678.575729,
    "t_cleanup": 1684197679.1501975,
    "t_inactive": 1684197679.1560054,
    "state": "INACTIVE",
    "name": "ring_usempi",
    "ntasks": 336,
    "ncores": 336,
    "duration": 0.0,
    "nnodes": 6,
    "ranks": "[0-5]",
    "nodelist": "flux-sample-[2-7]",
    "success": true,
    "exception_occurred": false,
    "result": "COMPLETED",
    "expiration": 4837797678.0,
    "waitstatus": 0,
    "returncode": 0,
    "runtime": 0.5744686126708984,
    "exception": {
        "occurred": false,
        "severity": "",
        "type": "",
        "note": ""
    }
}