{
    "id": 3231627345920,
    "userid": 1234,
    "urgency": 16,
    "priority": 16,
    "t_submit": 1684197675.3826363,
    "t_depend": 1684197675.3947387,
    "t_run": 1684197675.4106712,
    "t_cleanup": 1684197676.1158211,
    "t_inactive": 1684197676.117858,
    "state": "INACTIVE",
    "name": "ring_usempi",
    "ntasks": 336,
    "ncores": 336,
    "duration": 0.0,
    "nnodes": 6,
    "ranks": "[0-5]",
    "nodelist": "flux-sample-[2-7]",
    "success": true,
    "exception_occurred": false,
    "result": "COMPLETED",
    "expiration": 4837797675.0,
    "waitstatus": 0,
    "returncode": 0,
    "runtime": 0.7051498889923096,
    "exception": {
        "occurred": false,
        "severity": "",
        "type": "",
        "note": ""
    }
}