{
    "id": 3367002701824,
    "userid": 1234,
    "urgency": 16,
    "priority": 16,
    "t_submit": 1684197683.4519696,
    "t_depend": 1684197683.464285,
    "t_run": 1684197683.4812045,
    "t_cleanup": 1684197684.1259296,
    "t_inactive": 1684197684.127993,
    "state": "INACTIVE",
    "name": "ring_usempi",
    "ntasks": 336,
    "ncores": 336,
    "duration": 0.0,
    "nnodes": 6,
    "ranks": "[0-5]",
    "nodelist": "flux-sample-[2-7]",
    "success": true,
    "exception_occurred": false,
    "result": "COMPLETED",
    "expiration": 4837797683.0,
    "waitstatus": 0,
    "returncode": 0,
    "runtime": 0.6447250843048096,
    "exception": {
        "occurred": false,
        "severity": "",
        "type": "",
        "note": ""
    }
}