{
    "id": 3319976165376,
    "userid": 1234,
    "urgency": 16,
    "priority": 16,
    "t_submit": 1684197680.6489797,
    "t_depend": 1684197680.6609385,
    "t_run": 1684197680.6769655,
    "t_cleanup": 1684197681.3017528,
    "t_inactive": 1684197681.3104255,
    "state": "INACTIVE",
    "name": "ring_usempi",
    "ntasks": 336,
    "ncores": 336,
    "duration": 0.0,
    "nnodes": 6,
    "ranks": "[0-5]",
    "nodelist": "flux-sample-[2-7]",
    "success": true,
    "exception_occurred": false,
    "result": "COMPLETED",
    "expiration": 4837797680.0,
    "waitstatus": 0,
    "returncode": 0,
    "runtime": 0.6247873306274414,
    "exception": {
        "occurred": false,
        "severity": "",
        "type": "",
        "note": ""
    }
}