{
    "id": 3447768219648,
    "userid": 1234,
    "urgency": 16,
    "priority": 16,
    "t_submit": 1684197688.2658126,
    "t_depend": 1684197688.2776632,
    "t_run": 1684197688.2936666,
    "t_cleanup": 1684197688.9121175,
    "t_inactive": 1684197688.91477,
    "state": "INACTIVE",
    "name": "ring_usempi",
    "ntasks": 336,
    "ncores": 336,
    "duration": 0.0,
    "nnodes": 6,
    "ranks": "[0-5]",
    "nodelist": "flux-sample-[2-7]",
    "success": true,
    "exception_occurred": false,
    "result": "COMPLETED",
    "expiration": 4837797688.0,
    "waitstatus": 0,
    "returncode": 0,
    "runtime": 0.6184508800506592,
    "exception": {
        "occurred": false,
        "severity": "",
        "type": "",
        "note": ""
    }
}