{
    "id": 2100574552064,
    "userid": 1234,
    "urgency": 16,
    "priority": 16,
    "t_submit": 1684197409.5989408,
    "t_depend": 1684197409.6108766,
    "t_run": 1684197409.6256752,
    "t_cleanup": 1684197409.9881284,
    "t_inactive": 1684197409.9902291,
    "state": "INACTIVE",
    "name": "ring_usempi",
    "ntasks": 56,
    "ncores": 56,
    "duration": 0.0,
    "nnodes": 1,
    "ranks": "0",
    "nodelist": "flux-sample-0",
    "success": true,
    "exception_occurred": false,
    "result": "COMPLETED",
    "expiration": 4837797409.0,
    "waitstatus": 0,
    "returncode": 0,
    "runtime": 0.3624532222747803,
    "exception": {
        "occurred": false,
        "severity": "",
        "type": "",
        "note": ""
    }
}