{
    "id": 2170216775680,
    "userid": 1234,
    "urgency": 16,
    "priority": 16,
    "t_submit": 1684197413.7495303,
    "t_depend": 1684197413.7616239,
    "t_run": 1684197413.7766182,
    "t_cleanup": 1684197414.0840356,
    "t_inactive": 1684197414.0861378,
    "state": "INACTIVE",
    "name": "ring_usempi",
    "ntasks": 56,
    "ncores": 56,
    "duration": 0.0,
    "nnodes": 1,
    "ranks": "0",
    "nodelist": "flux-sample-0",
    "success": true,
    "exception_occurred": false,
    "result": "COMPLETED",
    "expiration": 4837797413.0,
    "waitstatus": 0,
    "returncode": 0,
    "runtime": 0.3074173927307129,
    "exception": {
        "occurred": false,
        "severity": "",
        "type": "",
        "note": ""
    }
}