{
    "id": 2150453215232,
    "userid": 1234,
    "urgency": 16,
    "priority": 16,
    "t_submit": 1684197412.5715268,
    "t_depend": 1684197412.583523,
    "t_run": 1684197412.598817,
    "t_cleanup": 1684197413.0881424,
    "t_inactive": 1684197413.0904562,
    "state": "INACTIVE",
    "name": "ring_usempi",
    "ntasks": 56,
    "ncores": 56,
    "duration": 0.0,
    "nnodes": 1,
    "ranks": "0",
    "nodelist": "flux-sample-0",
    "success": true,
    "exception_occurred": false,
    "result": "COMPLETED",
    "expiration": 4837797412.0,
    "waitstatus": 0,
    "returncode": 0,
    "runtime": 0.48932528495788574,
    "exception": {
        "occurred": false,
        "severity": "",
        "type": "",
        "note": ""
    }
}