{
    "id": 2134179315712,
    "userid": 1234,
    "urgency": 16,
    "priority": 16,
    "t_submit": 1684197411.6015651,
    "t_depend": 1684197411.6133208,
    "t_run": 1684197411.6283922,
    "t_cleanup": 1684197411.9962375,
    "t_inactive": 1684197411.9982548,
    "state": "INACTIVE",
    "name": "ring_usempi",
    "ntasks": 56,
    "ncores": 56,
    "duration": 0.0,
    "nnodes": 1,
    "ranks": "0",
    "nodelist": "flux-sample-0",
    "success": true,
    "exception_occurred": false,
    "result": "COMPLETED",
    "expiration": 4837797411.0,
    "waitstatus": 0,
    "returncode": 0,
    "runtime": 0.3678452968597412,
    "exception": {
        "occurred": false,
        "severity": "",
        "type": "",
        "note": ""
    }
}