{
    "id": 2049370488832,
    "userid": 1234,
    "urgency": 16,
    "priority": 16,
    "t_submit": 1684197406.547419,
    "t_depend": 1684197406.5592809,
    "t_run": 1684197406.5741603,
    "t_cleanup": 1684197407.0888667,
    "t_inactive": 1684197407.0913186,
    "state": "INACTIVE",
    "name": "ring_usempi",
    "ntasks": 56,
    "ncores": 56,
    "duration": 0.0,
    "nnodes": 1,
    "ranks": "0",
    "nodelist": "flux-sample-0",
    "success": true,
    "exception_occurred": false,
    "result": "COMPLETED",
    "expiration": 4837797406.0,
    "waitstatus": 0,
    "returncode": 0,
    "runtime": 0.5147063732147217,
    "exception": {
        "occurred": false,
        "severity": "",
        "type": "",
        "note": ""
    }
}