{
    "id": 2116898783232,
    "userid": 1234,
    "urgency": 16,
    "priority": 16,
    "t_submit": 1684197410.572292,
    "t_depend": 1684197410.5841277,
    "t_run": 1684197410.599367,
    "t_cleanup": 1684197410.955927,
    "t_inactive": 1684197410.9582946,
    "state": "INACTIVE",
    "name": "ring_usempi",
    "ntasks": 56,
    "ncores": 56,
    "duration": 0.0,
    "nnodes": 1,
    "ranks": "0",
    "nodelist": "flux-sample-0",
    "success": true,
    "exception_occurred": false,
    "result": "COMPLETED",
    "expiration": 4837797410.0,
    "waitstatus": 0,
    "returncode": 0,
    "runtime": 0.35655999183654785,
    "exception": {
        "occurred": false,
        "severity": "",
        "type": "",
        "note": ""
    }
}