{
    "id": 2041048989696,
    "userid": 1234,
    "urgency": 16,
    "priority": 16,
    "t_submit": 1684197406.0504944,
    "t_depend": 1684197406.062735,
    "t_run": 1684197406.077859,
    "t_cleanup": 1684197406.439821,
    "t_inactive": 1684197406.444163,
    "state": "INACTIVE",
    "name": "ring_usempi",
    "ntasks": 56,
    "ncores": 56,
    "duration": 0.0,
    "nnodes": 1,
    "ranks": "0",
    "nodelist": "flux-sample-0",
    "success": true,
    "exception_occurred": false,
    "result": "COMPLETED",
    "expiration": 4837797406.0,
    "waitstatus": 0,
    "returncode": 0,
    "runtime": 0.36196208000183105,
    "exception": {
        "occurred": false,
        "severity": "",
        "type": "",
        "note": ""
    }
}