{
    "id": 2002394284032,
    "userid": 1234,
    "urgency": 16,
    "priority": 16,
    "t_submit": 1684197403.7469826,
    "t_depend": 1684197403.7592828,
    "t_run": 1684197403.7744026,
    "t_cleanup": 1684197404.1699479,
    "t_inactive": 1684197404.1722007,
    "state": "INACTIVE",
    "name": "ring_usempi",
    "ntasks": 56,
    "ncores": 56,
    "duration": 0.0,
    "nnodes": 1,
    "ranks": "0",
    "nodelist": "flux-sample-0",
    "success": true,
    "exception_occurred": false,
    "result": "COMPLETED",
    "expiration": 4837797403.0,
    "waitstatus": 0,
    "returncode": 0,
    "runtime": 0.39554524421691895,
    "exception": {
        "occurred": false,
        "severity": "",
        "type": "",
        "note": ""
    }
}