{
    "id": 2082404827136,
    "userid": 1234,
    "urgency": 16,
    "priority": 16,
    "t_submit": 1684197408.5160341,
    "t_depend": 1684197408.5278761,
    "t_run": 1684197408.5426035,
    "t_cleanup": 1684197408.9576476,
    "t_inactive": 1684197408.9597201,
    "state": "INACTIVE",
    "name": "ring_usempi",
    "ntasks": 56,
    "ncores": 56,
    "duration": 0.0,
    "nnodes": 1,
    "ranks": "0",
    "nodelist": "flux-sample-0",
    "success": true,
    "exception_occurred": false,
    "result": "COMPLETED",
    "expiration": 4837797408.0,
    "waitstatus": 0,
    "returncode": 0,
    "runtime": 0.41504406929016113,
    "exception": {
        "occurred": false,
        "severity": "",
        "type": "",
        "note": ""
    }
}