{
    "id": 2125136396288,
    "userid": 1234,
    "urgency": 16,
    "priority": 16,
    "t_submit": 1684197411.0633934,
    "t_depend": 1684197411.075557,
    "t_run": 1684197411.0905845,
    "t_cleanup": 1684197411.4927216,
    "t_inactive": 1684197411.4950747,
    "state": "INACTIVE",
    "name": "ring_usempi",
    "ntasks": 56,
    "ncores": 56,
    "duration": 0.0,
    "nnodes": 1,
    "ranks": "0",
    "nodelist": "flux-sample-0",
    "success": true,
    "exception_occurred": false,
    "result": "COMPLETED",
    "expiration": 4837797411.0,
    "waitstatus": 0,
    "returncode": 0,
    "runtime": 0.40213704109191895,
    "exception": {
        "occurred": false,
        "severity": "",
        "type": "",
        "note": ""
    }
}