{
    "id": 2020278796288,
    "userid": 1234,
    "urgency": 16,
    "priority": 16,
    "t_submit": 1684197404.813341,
    "t_depend": 1684197404.8252702,
    "t_run": 1684197404.8398883,
    "t_cleanup": 1684197405.340218,
    "t_inactive": 1684197405.3423827,
    "state": "INACTIVE",
    "name": "ring_usempi",
    "ntasks": 56,
    "ncores": 56,
    "duration": 0.0,
    "nnodes": 1,
    "ranks": "0",
    "nodelist": "flux-sample-0",
    "success": true,
    "exception_occurred": false,
    "result": "COMPLETED",
    "expiration": 4837797404.0,
    "waitstatus": 0,
    "returncode": 0,
    "runtime": 0.5003297328948975,
    "exception": {
        "occurred": false,
        "severity": "",
        "type": "",
        "note": ""
    }
}