{
    "id": 2108896051200,
    "userid": 1234,
    "urgency": 16,
    "priority": 16,
    "t_submit": 1684197410.0951393,
    "t_depend": 1684197410.1070733,
    "t_run": 1684197410.1218443,
    "t_cleanup": 1684197410.463956,
    "t_inactive": 1684197410.4715004,
    "state": "INACTIVE",
    "name": "ring_usempi",
    "ntasks": 56,
    "ncores": 56,
    "duration": 0.0,
    "nnodes": 1,
    "ranks": "0",
    "nodelist": "flux-sample-0",
    "success": true,
    "exception_occurred": false,
    "result": "COMPLETED",
    "expiration": 4837797410.0,
    "waitstatus": 0,
    "returncode": 0,
    "runtime": 0.34211182594299316,
    "exception": {
        "occurred": false,
        "severity": "",
        "type": "",
        "note": ""
    }
}