{
    "id": 2073580011520,
    "userid": 1234,
    "urgency": 16,
    "priority": 16,
    "t_submit": 1684197407.9900463,
    "t_depend": 1684197408.002147,
    "t_run": 1684197408.0166578,
    "t_cleanup": 1684197408.4056375,
    "t_inactive": 1684197408.4077585,
    "state": "INACTIVE",
    "name": "ring_usempi",
    "ntasks": 56,
    "ncores": 56,
    "duration": 0.0,
    "nnodes": 1,
    "ranks": "0",
    "nodelist": "flux-sample-0",
    "success": true,
    "exception_occurred": false,
    "result": "COMPLETED",
    "expiration": 4837797408.0,
    "waitstatus": 0,
    "returncode": 0,
    "runtime": 0.3889796733856201,
    "exception": {
        "occurred": false,
        "severity": "",
        "type": "",
        "note": ""
    }
}