{
    "id": 3067462287360,
    "userid": 1000,
    "urgency": 16,
    "priority": 16,
    "t_submit": 1689457051.4586139,
    "t_depend": 1689457051.4586139,
    "t_run": 1689457051.5024955,
    "t_cleanup": 1689457137.084217,
    "t_inactive": 1689457137.085673,
    "state": "INACTIVE",
    "name": "lmp",
    "ntasks": 768,
    "duration": 0.0,
    "nnodes": 12,
    "ranks": "[0-11]",
    "nodelist": "flux-sample-[0-11]",
    "success": true,
    "exception_occurred": false,
    "result": "COMPLETED",
    "expiration": 4843057051.0,
    "waitstatus": 0,
    "returncode": 0,
    "runtime": 85.58172154426575,
    "exception": {
        "occurred": false,
        "severity": "",
        "type": "",
        "note": ""
    }
}