{
    "id": 13160249556992,
    "userid": 1000,
    "urgency": 16,
    "priority": 16,
    "t_submit": 1689457653.0350387,
    "t_depend": 1689457653.0350387,
    "t_run": 1689457653.0789983,
    "t_cleanup": 1689457738.7903612,
    "t_inactive": 1689457738.7919154,
    "state": "INACTIVE",
    "name": "lmp",
    "ntasks": 768,
    "duration": 0.0,
    "nnodes": 12,
    "ranks": "[0-11]",
    "nodelist": "flux-sample-[0-11]",
    "success": true,
    "exception_occurred": false,
    "result": "COMPLETED",
    "expiration": 4843057653.0,
    "waitstatus": 0,
    "returncode": 0,
    "runtime": 85.71136283874512,
    "exception": {
        "occurred": false,
        "severity": "",
        "type": "",
        "note": ""
    }
}