{
    "id": 23233575256064,
    "userid": 1000,
    "urgency": 16,
    "priority": 16,
    "t_submit": 1689458253.4523234,
    "t_depend": 1689458253.4523234,
    "t_run": 1689458253.4963722,
    "t_cleanup": 1689458338.985729,
    "t_inactive": 1689458338.9872913,
    "state": "INACTIVE",
    "name": "lmp",
    "ntasks": 768,
    "duration": 0.0,
    "nnodes": 12,
    "ranks": "[0-11]",
    "nodelist": "flux-sample-[0-11]",
    "success": true,
    "exception_occurred": false,
    "result": "COMPLETED",
    "expiration": 4843058253.0,
    "waitstatus": 0,
    "returncode": 0,
    "runtime": 85.48935675621033,
    "exception": {
        "occurred": false,
        "severity": "",
        "type": "",
        "note": ""
    }
}