{
    "id": 24673597259776,
    "userid": 1000,
    "urgency": 16,
    "priority": 16,
    "t_submit": 1689458339.2849877,
    "t_depend": 1689458339.2849877,
    "t_run": 1689458339.3292546,
    "t_cleanup": 1689458424.8024065,
    "t_inactive": 1689458424.8039615,
    "state": "INACTIVE",
    "name": "lmp",
    "ntasks": 768,
    "duration": 0.0,
    "nnodes": 12,
    "ranks": "[0-11]",
    "nodelist": "flux-sample-[0-11]",
    "success": true,
    "exception_occurred": false,
    "result": "COMPLETED",
    "expiration": 4843058339.0,
    "waitstatus": 0,
    "returncode": 0,
    "runtime": 85.47315192222595,
    "exception": {
        "occurred": false,
        "severity": "",
        "type": "",
        "note": ""
    }
}