{
    "id": 16044001329152,
    "userid": 1000,
    "urgency": 16,
    "priority": 16,
    "t_submit": 1689457824.920876,
    "t_depend": 1689457824.920876,
    "t_run": 1689457824.965052,
    "t_cleanup": 1689457910.396854,
    "t_inactive": 1689457910.3984277,
    "state": "INACTIVE",
    "name": "lmp",
    "ntasks": 768,
    "duration": 0.0,
    "nnodes": 12,
    "ranks": "[0-11]",
    "nodelist": "flux-sample-[0-11]",
    "success": true,
    "exception_occurred": false,
    "result": "COMPLETED",
    "expiration": 4843057824.0,
    "waitstatus": 0,
    "returncode": 0,
    "runtime": 85.43180203437805,
    "exception": {
        "occurred": false,
        "severity": "",
        "type": "",
        "note": ""
    }
}