{
    "id": 10282738909184,
    "userid": 1000,
    "urgency": 16,
    "priority": 16,
    "t_submit": 1689457481.5225306,
    "t_depend": 1689457481.5225306,
    "t_run": 1689457481.5664942,
    "t_cleanup": 1689457567.0776234,
    "t_inactive": 1689457567.0792086,
    "state": "INACTIVE",
    "name": "lmp",
    "ntasks": 768,
    "duration": 0.0,
    "nnodes": 12,
    "ranks": "[0-11]",
    "nodelist": "flux-sample-[0-11]",
    "success": true,
    "exception_occurred": false,
    "result": "COMPLETED",
    "expiration": 4843057481.0,
    "waitstatus": 0,
    "returncode": 0,
    "runtime": 85.51112914085388,
    "exception": {
        "occurred": false,
        "severity": "",
        "type": "",
        "note": ""
    }
}