{
    "id": 8824513626112,
    "userid": 1000,
    "urgency": 16,
    "priority": 16,
    "t_submit": 1689457394.6053493,
    "t_depend": 1689457394.6053493,
    "t_run": 1689457394.6491742,
    "t_cleanup": 1689457481.2259398,
    "t_inactive": 1689457481.2274323,
    "state": "INACTIVE",
    "name": "lmp",
    "ntasks": 768,
    "duration": 0.0,
    "nnodes": 12,
    "ranks": "[0-11]",
    "nodelist": "flux-sample-[0-11]",
    "success": true,
    "exception_occurred": false,
    "result": "COMPLETED",
    "expiration": 4843057394.0,
    "waitstatus": 0,
    "returncode": 0,
    "runtime": 86.57676553726196,
    "exception": {
        "occurred": false,
        "severity": "",
        "type": "",
        "note": ""
    }
}