{
    "id": 5953344765952,
    "userid": 1000,
    "urgency": 16,
    "priority": 16,
    "t_submit": 1689457223.4708142,
    "t_depend": 1689457223.4708142,
    "t_run": 1689457223.5146947,
    "t_cleanup": 1689457308.591536,
    "t_inactive": 1689457308.5931523,
    "state": "INACTIVE",
    "name": "lmp",
    "ntasks": 768,
    "duration": 0.0,
    "nnodes": 12,
    "ranks": "[0-11]",
    "nodelist": "flux-sample-[0-11]",
    "success": true,
    "exception_occurred": false,
    "result": "COMPLETED",
    "expiration": 4843057223.0,
    "waitstatus": 0,
    "returncode": 0,
    "runtime": 85.07684135437012,
    "exception": {
        "occurred": false,
        "severity": "",
        "type": "",
        "note": ""
    }
}