{
    "id": 18920287240192,
    "userid": 1000,
    "urgency": 16,
    "priority": 16,
    "t_submit": 1689457996.3601336,
    "t_depend": 1689457996.3601336,
    "t_run": 1689457996.4043398,
    "t_cleanup": 1689458081.7018569,
    "t_inactive": 1689458081.7033918,
    "state": "INACTIVE",
    "name": "lmp",
    "ntasks": 768,
    "duration": 0.0,
    "nnodes": 12,
    "ranks": "[0-11]",
    "nodelist": "flux-sample-[0-11]",
    "success": true,
    "exception_occurred": false,
    "result": "COMPLETED",
    "expiration": 4843057996.0,
    "waitstatus": 0,
    "returncode": 0,
    "runtime": 85.29751706123352,
    "exception": {
        "occurred": false,
        "severity": "",
        "type": "",
        "note": ""
    }
}