{
    "id": 7386521665536,
    "userid": 1000,
    "urgency": 16,
    "priority": 16,
    "t_submit": 1689457308.8942885,
    "t_depend": 1689457308.8942885,
    "t_run": 1689457308.9381943,
    "t_cleanup": 1689457394.305013,
    "t_inactive": 1689457394.3064947,
    "state": "INACTIVE",
    "name": "lmp",
    "ntasks": 768,
    "duration": 0.0,
    "nnodes": 12,
    "ranks": "[0-11]",
    "nodelist": "flux-sample-[0-11]",
    "success": true,
    "exception_occurred": false,
    "result": "COMPLETED",
    "expiration": 4843057308.0,
    "waitstatus": 0,
    "returncode": 0,
    "runtime": 85.36681866645813,
    "exception": {
        "occurred": false,
        "severity": "",
        "type": "",
        "note": ""
    }
}