{
    "id": 28988932096000,
    "userid": 1000,
    "urgency": 16,
    "priority": 16,
    "t_submit": 1689458596.4982789,
    "t_depend": 1689458596.4982789,
    "t_run": 1689458596.5425098,
    "t_cleanup": 1689458682.270132,
    "t_inactive": 1689458682.2717505,
    "state": "INACTIVE",
    "name": "lmp",
    "ntasks": 768,
    "duration": 0.0,
    "nnodes": 12,
    "ranks": "[0-11]",
    "nodelist": "flux-sample-[0-11]",
    "success": true,
    "exception_occurred": false,
    "result": "COMPLETED",
    "expiration": 4843058596.0,
    "waitstatus": 0,
    "returncode": 0,
    "runtime": 85.7276222705841,
    "exception": {
        "occurred": false,
        "severity": "",
        "type": "",
        "note": ""
    }
}