{
    "id": 21798301204480,
    "userid": 1000,
    "urgency": 16,
    "priority": 16,
    "t_submit": 1689458167.9039042,
    "t_depend": 1689458167.9039042,
    "t_run": 1689458167.948134,
    "t_cleanup": 1689458253.1524894,
    "t_inactive": 1689458253.1540062,
    "state": "INACTIVE",
    "name": "lmp",
    "ntasks": 768,
    "duration": 0.0,
    "nnodes": 12,
    "ranks": "[0-11]",
    "nodelist": "flux-sample-[0-11]",
    "success": true,
    "exception_occurred": false,
    "result": "COMPLETED",
    "expiration": 4843058167.0,
    "waitstatus": 0,
    "returncode": 0,
    "runtime": 85.20435547828674,
    "exception": {
        "occurred": false,
        "severity": "",
        "type": "",
        "note": ""
    }
}