{
    "id": 1428277952512,
    "userid": 1000,
    "urgency": 16,
    "priority": 16,
    "t_submit": 1684112393.5442045,
    "t_depend": 1684112393.5556893,
    "t_run": 1684112393.5755045,
    "t_cleanup": 1684112393.805562,
    "t_inactive": 1684112393.8069246,
    "state": "INACTIVE",
    "name": "hostname",
    "ntasks": 168,
    "ncores": 168,
    "duration": 0.0,
    "nnodes": 3,
    "ranks": "[0-2]",
    "nodelist": "flux-sample-[5-7]",
    "success": true,
    "exception_occurred": false,
    "result": "COMPLETED",
    "expiration": 4837712393.0,
    "waitstatus": 0,
    "returncode": 0,
    "runtime": 0.2300574779510498,
    "exception": {
        "occurred": false,
        "severity": "",
        "type": "",
        "note": ""
    }
}