{
    "id": 1363048136704,
    "userid": 1000,
    "urgency": 16,
    "priority": 16,
    "t_submit": 1684112389.6556687,
    "t_depend": 1684112389.6674366,
    "t_run": 1684112389.6898417,
    "t_cleanup": 1684112389.9641151,
    "t_inactive": 1684112389.9654264,
    "state": "INACTIVE",
    "name": "hostname",
    "ntasks": 168,
    "ncores": 168,
    "duration": 0.0,
    "nnodes": 3,
    "ranks": "[0-2]",
    "nodelist": "flux-sample-[5-7]",
    "success": true,
    "exception_occurred": false,
    "result": "COMPLETED",
    "expiration": 4837712389.0,
    "waitstatus": 0,
    "returncode": 0,
    "runtime": 0.2742733955383301,
    "exception": {
        "occurred": false,
        "severity": "",
        "type": "",
        "note": ""
    }
}