{
    "id": 1408866713600,
    "userid": 1000,
    "urgency": 16,
    "priority": 16,
    "t_submit": 1684112392.3870401,
    "t_depend": 1684112392.3984258,
    "t_run": 1684112392.4178147,
    "t_cleanup": 1684112392.6385617,
    "t_inactive": 1684112392.6398988,
    "state": "INACTIVE",
    "name": "hostname",
    "ntasks": 168,
    "ncores": 168,
    "duration": 0.0,
    "nnodes": 3,
    "ranks": "[0-2]",
    "nodelist": "flux-sample-[5-7]",
    "success": true,
    "exception_occurred": false,
    "result": "COMPLETED",
    "expiration": 4837712392.0,
    "waitstatus": 0,
    "returncode": 0,
    "runtime": 0.2207469940185547,
    "exception": {
        "occurred": false,
        "severity": "",
        "type": "",
        "note": ""
    }
}