{
    "id": 2639643279360,
    "userid": 1234,
    "urgency": 16,
    "priority": 16,
    "t_submit": 1684197072.7286623,
    "t_depend": 1684197072.7405114,
    "t_run": 1684197072.7562892,
    "t_cleanup": 1684197073.47013,
    "t_inactive": 1684197073.4743762,
    "state": "INACTIVE",
    "name": "ring_c",
    "ntasks": 448,
    "ncores": 448,
    "duration": 0.0,
    "nnodes": 8,
    "ranks": "[0-7]",
    "nodelist": "flux-sample-[0-7]",
    "success": true,
    "exception_occurred": false,
    "result": "COMPLETED",
    "expiration": 4837797072.0,
    "waitstatus": 0,
    "returncode": 0,
    "runtime": 0.7138407230377197,
    "exception": {
        "occurred": false,
        "severity": "",
        "type": "",
        "note": ""
    }
}