{
    "id": 2598757203968,
    "userid": 1234,
    "urgency": 16,
    "priority": 16,
    "t_submit": 1684197070.2921805,
    "t_depend": 1684197070.3038263,
    "t_run": 1684197070.3201134,
    "t_cleanup": 1684197070.9467583,
    "t_inactive": 1684197070.948703,
    "state": "INACTIVE",
    "name": "ring_c",
    "ntasks": 448,
    "ncores": 448,
    "duration": 0.0,
    "nnodes": 8,
    "ranks": "[0-7]",
    "nodelist": "flux-sample-[0-7]",
    "success": true,
    "exception_occurred": false,
    "result": "COMPLETED",
    "expiration": 4837797070.0,
    "waitstatus": 0,
    "returncode": 0,
    "runtime": 0.6266448497772217,
    "exception": {
        "occurred": false,
        "severity": "",
        "type": "",
        "note": ""
    }
}