{
    "id": 2707272237056,
    "userid": 1234,
    "urgency": 16,
    "priority": 16,
    "t_submit": 1684197076.759607,
    "t_depend": 1684197076.771464,
    "t_run": 1684197076.787197,
    "t_cleanup": 1684197077.3172345,
    "t_inactive": 1684197077.3192315,
    "state": "INACTIVE",
    "name": "ring_c",
    "ntasks": 448,
    "ncores": 448,
    "duration": 0.0,
    "nnodes": 8,
    "ranks": "[0-7]",
    "nodelist": "flux-sample-[0-7]",
    "success": true,
    "exception_occurred": false,
    "result": "COMPLETED",
    "expiration": 4837797076.0,
    "waitstatus": 0,
    "returncode": 0,
    "runtime": 0.5300374031066895,
    "exception": {
        "occurred": false,
        "severity": "",
        "type": "",
        "note": ""
    }
}