{
    "id": 2611558219776,
    "userid": 1234,
    "urgency": 16,
    "priority": 16,
    "t_submit": 1684197071.0549333,
    "t_depend": 1684197071.0666342,
    "t_run": 1684197071.0826988,
    "t_cleanup": 1684197071.9152029,
    "t_inactive": 1684197071.9176178,
    "state": "INACTIVE",
    "name": "ring_c",
    "ntasks": 448,
    "ncores": 448,
    "duration": 0.0,
    "nnodes": 8,
    "ranks": "[0-7]",
    "nodelist": "flux-sample-[0-7]",
    "success": true,
    "exception_occurred": false,
    "result": "COMPLETED",
    "expiration": 4837797071.0,
    "waitstatus": 0,
    "returncode": 0,
    "runtime": 0.8325040340423584,
    "exception": {
        "occurred": false,
        "severity": "",
        "type": "",
        "note": ""
    }
}