{
    "id": 2542788411392,
    "userid": 1234,
    "urgency": 16,
    "priority": 16,
    "t_submit": 1684197066.95602,
    "t_depend": 1684197066.967864,
    "t_run": 1684197066.9842021,
    "t_cleanup": 1684197067.8818514,
    "t_inactive": 1684197067.8852947,
    "state": "INACTIVE",
    "name": "ring_c",
    "ntasks": 448,
    "ncores": 448,
    "duration": 0.0,
    "nnodes": 8,
    "ranks": "[0-7]",
    "nodelist": "flux-sample-[0-7]",
    "success": true,
    "exception_occurred": false,
    "result": "COMPLETED",
    "expiration": 4837797066.0,
    "waitstatus": 0,
    "returncode": 0,
    "runtime": 0.8976492881774902,
    "exception": {
        "occurred": false,
        "severity": "",
        "type": "",
        "note": ""
    }
}