{
    "id": 2571477450752,
    "userid": 1234,
    "urgency": 16,
    "priority": 16,
    "t_submit": 1684197068.6659622,
    "t_depend": 1684197068.677661,
    "t_run": 1684197068.6938262,
    "t_cleanup": 1684197069.2639248,
    "t_inactive": 1684197069.2658842,
    "state": "INACTIVE",
    "name": "ring_c",
    "ntasks": 448,
    "ncores": 448,
    "duration": 0.0,
    "nnodes": 8,
    "ranks": "[0-7]",
    "nodelist": "flux-sample-[0-7]",
    "success": true,
    "exception_occurred": false,
    "result": "COMPLETED",
    "expiration": 4837797068.0,
    "waitstatus": 0,
    "returncode": 0,
    "runtime": 0.5700986385345459,
    "exception": {
        "occurred": false,
        "severity": "",
        "type": "",
        "note": ""
    }
}