{
    "id": 2477508263936,
    "userid": 1234,
    "urgency": 16,
    "priority": 16,
    "t_submit": 1684197063.0648267,
    "t_depend": 1684197063.0766354,
    "t_run": 1684197063.092887,
    "t_cleanup": 1684197063.6182666,
    "t_inactive": 1684197063.6220877,
    "state": "INACTIVE",
    "name": "ring_c",
    "ntasks": 448,
    "ncores": 448,
    "duration": 0.0,
    "nnodes": 8,
    "ranks": "[0-7]",
    "nodelist": "flux-sample-[0-7]",
    "success": true,
    "exception_occurred": false,
    "result": "COMPLETED",
    "expiration": 4837797063.0,
    "waitstatus": 0,
    "returncode": 0,
    "runtime": 0.5253796577453613,
    "exception": {
        "occurred": false,
        "severity": "",
        "type": "",
        "note": ""
    }
}