{
    "id": 2653853581312,
    "userid": 1234,
    "urgency": 16,
    "priority": 16,
    "t_submit": 1684197073.5762146,
    "t_depend": 1684197073.5882046,
    "t_run": 1684197073.605131,
    "t_cleanup": 1684197074.260432,
    "t_inactive": 1684197074.2626736,
    "state": "INACTIVE",
    "name": "ring_c",
    "ntasks": 448,
    "ncores": 448,
    "duration": 0.0,
    "nnodes": 8,
    "ranks": "[0-7]",
    "nodelist": "flux-sample-[0-7]",
    "success": true,
    "exception_occurred": false,
    "result": "COMPLETED",
    "expiration": 4837797073.0,
    "waitstatus": 0,
    "returncode": 0,
    "runtime": 0.6553010940551758,
    "exception": {
        "occurred": false,
        "severity": "",
        "type": "",
        "note": ""
    }
}