{
    "id": 2583305388032,
    "userid": 1234,
    "urgency": 16,
    "priority": 16,
    "t_submit": 1684197069.3707585,
    "t_depend": 1684197069.382525,
    "t_run": 1684197069.3983555,
    "t_cleanup": 1684197070.1855123,
    "t_inactive": 1684197070.1875925,
    "state": "INACTIVE",
    "name": "ring_c",
    "ntasks": 448,
    "ncores": 448,
    "duration": 0.0,
    "nnodes": 8,
    "ranks": "[0-7]",
    "nodelist": "flux-sample-[0-7]",
    "success": true,
    "exception_occurred": false,
    "result": "COMPLETED",
    "expiration": 4837797069.0,
    "waitstatus": 0,
    "returncode": 0,
    "runtime": 0.7871568202972412,
    "exception": {
        "occurred": false,
        "severity": "",
        "type": "",
        "note": ""
    }
}