{
    "id": 2560119275520,
    "userid": 1234,
    "urgency": 16,
    "priority": 16,
    "t_submit": 1684197067.9885144,
    "t_depend": 1684197068.000201,
    "t_run": 1684197068.0162714,
    "t_cleanup": 1684197068.5546632,
    "t_inactive": 1684197068.556647,
    "state": "INACTIVE",
    "name": "ring_c",
    "ntasks": 448,
    "ncores": 448,
    "duration": 0.0,
    "nnodes": 8,
    "ranks": "[0-7]",
    "nodelist": "flux-sample-[0-7]",
    "success": true,
    "exception_occurred": false,
    "result": "COMPLETED",
    "expiration": 4837797068.0,
    "waitstatus": 0,
    "returncode": 0,
    "runtime": 0.5383918285369873,
    "exception": {
        "occurred": false,
        "severity": "",
        "type": "",
        "note": ""
    }
}