{
    "id": 2718412308480,
    "userid": 1234,
    "urgency": 16,
    "priority": 16,
    "t_submit": 1684197077.4236999,
    "t_depend": 1684197077.4358277,
    "t_run": 1684197077.4523156,
    "t_cleanup": 1684197078.2212527,
    "t_inactive": 1684197078.2233353,
    "state": "INACTIVE",
    "name": "ring_c",
    "ntasks": 448,
    "ncores": 448,
    "duration": 0.0,
    "nnodes": 8,
    "ranks": "[0-7]",
    "nodelist": "flux-sample-[0-7]",
    "success": true,
    "exception_occurred": false,
    "result": "COMPLETED",
    "expiration": 4837797077.0,
    "waitstatus": 0,
    "returncode": 0,
    "runtime": 0.7689371109008789,
    "exception": {
        "occurred": false,
        "severity": "",
        "type": "",
        "note": ""
    }
}