{
    "id": 2733646020608,
    "userid": 1234,
    "urgency": 16,
    "priority": 16,
    "t_submit": 1684197078.331598,
    "t_depend": 1684197078.3431995,
    "t_run": 1684197078.3594408,
    "t_cleanup": 1684197079.06619,
    "t_inactive": 1684197079.0682378,
    "state": "INACTIVE",
    "name": "ring_c",
    "ntasks": 448,
    "ncores": 448,
    "duration": 0.0,
    "nnodes": 8,
    "ranks": "[0-7]",
    "nodelist": "flux-sample-[0-7]",
    "success": true,
    "exception_occurred": false,
    "result": "COMPLETED",
    "expiration": 4837797078.0,
    "waitstatus": 0,
    "returncode": 0,
    "runtime": 0.7067492008209229,
    "exception": {
        "occurred": false,
        "severity": "",
        "type": "",
        "note": ""
    }
}