{
    "id": 2516112637952,
    "userid": 1234,
    "urgency": 16,
    "priority": 16,
    "t_submit": 1684197065.3659935,
    "t_depend": 1684197065.3777807,
    "t_run": 1684197065.3941736,
    "t_cleanup": 1684197066.0577881,
    "t_inactive": 1684197066.059861,
    "state": "INACTIVE",
    "name": "ring_c",
    "ntasks": 448,
    "ncores": 448,
    "duration": 0.0,
    "nnodes": 8,
    "ranks": "[0-7]",
    "nodelist": "flux-sample-[0-7]",
    "success": true,
    "exception_occurred": false,
    "result": "COMPLETED",
    "expiration": 4837797065.0,
    "waitstatus": 0,
    "returncode": 0,
    "runtime": 0.6636145114898682,
    "exception": {
        "occurred": false,
        "severity": "",
        "type": "",
        "note": ""
    }
}