{
    "id": 2667090804736,
    "userid": 1234,
    "urgency": 16,
    "priority": 16,
    "t_submit": 1684197074.364549,
    "t_depend": 1684197074.3762627,
    "t_run": 1684197074.3925796,
    "t_cleanup": 1684197075.0649054,
    "t_inactive": 1684197075.0669277,
    "state": "INACTIVE",
    "name": "ring_c",
    "ntasks": 448,
    "ncores": 448,
    "duration": 0.0,
    "nnodes": 8,
    "ranks": "[0-7]",
    "nodelist": "flux-sample-[0-7]",
    "success": true,
    "exception_occurred": false,
    "result": "COMPLETED",
    "expiration": 4837797074.0,
    "waitstatus": 0,
    "returncode": 0,
    "runtime": 0.672325849533081,
    "exception": {
        "occurred": false,
        "severity": "",
        "type": "",
        "note": ""
    }
}