{
    "id": 2680630018048,
    "userid": 1234,
    "urgency": 16,
    "priority": 16,
    "t_submit": 1684197075.1720839,
    "t_depend": 1684197075.1837683,
    "t_run": 1684197075.1999705,
    "t_cleanup": 1684197075.858674,
    "t_inactive": 1684197075.86108,
    "state": "INACTIVE",
    "name": "ring_c",
    "ntasks": 448,
    "ncores": 448,
    "duration": 0.0,
    "nnodes": 8,
    "ranks": "[0-7]",
    "nodelist": "flux-sample-[0-7]",
    "success": true,
    "exception_occurred": false,
    "result": "COMPLETED",
    "expiration": 4837797075.0,
    "waitstatus": 0,
    "returncode": 0,
    "runtime": 0.6587035655975342,
    "exception": {
        "occurred": false,
        "severity": "",
        "type": "",
        "note": ""
    }
}