{
    "id": 2529517633536,
    "userid": 1234,
    "urgency": 16,
    "priority": 16,
    "t_submit": 1684197066.1646798,
    "t_depend": 1684197066.176384,
    "t_run": 1684197066.1930404,
    "t_cleanup": 1684197066.849653,
    "t_inactive": 1684197066.8518395,
    "state": "INACTIVE",
    "name": "ring_c",
    "ntasks": 448,
    "ncores": 448,
    "duration": 0.0,
    "nnodes": 8,
    "ranks": "[0-7]",
    "nodelist": "flux-sample-[0-7]",
    "success": true,
    "exception_occurred": false,
    "result": "COMPLETED",
    "expiration": 4837797066.0,
    "waitstatus": 0,
    "returncode": 0,
    "runtime": 0.6566126346588135,
    "exception": {
        "occurred": false,
        "severity": "",
        "type": "",
        "note": ""
    }
}