{
    "id": 2065275289600,
    "userid": 1234,
    "urgency": 16,
    "priority": 16,
    "t_submit": 1684197038.4942365,
    "t_depend": 1684197038.5059059,
    "t_run": 1684197038.5217388,
    "t_cleanup": 1684197038.8640509,
    "t_inactive": 1684197038.865848,
    "state": "INACTIVE",
    "name": "hello_usempi",
    "ntasks": 448,
    "ncores": 448,
    "duration": 0.0,
    "nnodes": 8,
    "ranks": "[0-7]",
    "nodelist": "flux-sample-[0-7]",
    "success": true,
    "exception_occurred": false,
    "result": "COMPLETED",
    "expiration": 4837797038.0,
    "waitstatus": 0,
    "returncode": 0,
    "runtime": 0.3423120975494385,
    "exception": {
        "occurred": false,
        "severity": "",
        "type": "",
        "note": ""
    }
}