{
    "id": 1973302591488,
    "userid": 1234,
    "urgency": 16,
    "priority": 16,
    "t_submit": 1684197033.012194,
    "t_depend": 1684197033.0235844,
    "t_run": 1684197033.0392237,
    "t_cleanup": 1684197033.364111,
    "t_inactive": 1684197033.366004,
    "state": "INACTIVE",
    "name": "hello_usempi",
    "ntasks": 448,
    "ncores": 448,
    "duration": 0.0,
    "nnodes": 8,
    "ranks": "[0-7]",
    "nodelist": "flux-sample-[0-7]",
    "success": true,
    "exception_occurred": false,
    "result": "COMPLETED",
    "expiration": 4837797033.0,
    "waitstatus": 0,
    "returncode": 0,
    "runtime": 0.3248872756958008,
    "exception": {
        "occurred": false,
        "severity": "",
        "type": "",
        "note": ""
    }
}