{
    "id": 2103309238272,
    "userid": 1234,
    "urgency": 16,
    "priority": 16,
    "t_submit": 1684197040.7608914,
    "t_depend": 1684197040.7723773,
    "t_run": 1684197040.7883232,
    "t_cleanup": 1684197041.1146212,
    "t_inactive": 1684197041.1165497,
    "state": "INACTIVE",
    "name": "hello_usempi",
    "ntasks": 448,
    "ncores": 448,
    "duration": 0.0,
    "nnodes": 8,
    "ranks": "[0-7]",
    "nodelist": "flux-sample-[0-7]",
    "success": true,
    "exception_occurred": false,
    "result": "COMPLETED",
    "expiration": 4837797040.0,
    "waitstatus": 0,
    "returncode": 0,
    "runtime": 0.3262979984283447,
    "exception": {
        "occurred": false,
        "severity": "",
        "type": "",
        "note": ""
    }
}