{
    "id": 2080760659968,
    "userid": 1234,
    "urgency": 16,
    "priority": 16,
    "t_submit": 1684197039.4173295,
    "t_depend": 1684197039.4301412,
    "t_run": 1684197039.4460793,
    "t_cleanup": 1684197039.75961,
    "t_inactive": 1684197039.7616136,
    "state": "INACTIVE",
    "name": "hello_usempi",
    "ntasks": 448,
    "ncores": 448,
    "duration": 0.0,
    "nnodes": 8,
    "ranks": "[0-7]",
    "nodelist": "flux-sample-[0-7]",
    "success": true,
    "exception_occurred": false,
    "result": "COMPLETED",
    "expiration": 4837797039.0,
    "waitstatus": 0,
    "returncode": 0,
    "runtime": 0.31353068351745605,
    "exception": {
        "occurred": false,
        "severity": "",
        "type": "",
        "note": ""
    }
}