{
    "id": 2027140677632,
    "userid": 1234,
    "urgency": 16,
    "priority": 16,
    "t_submit": 1684197036.2212791,
    "t_depend": 1684197036.2327394,
    "t_run": 1684197036.2484546,
    "t_cleanup": 1684197036.5580418,
    "t_inactive": 1684197036.5599282,
    "state": "INACTIVE",
    "name": "hello_usempi",
    "ntasks": 448,
    "ncores": 448,
    "duration": 0.0,
    "nnodes": 8,
    "ranks": "[0-7]",
    "nodelist": "flux-sample-[0-7]",
    "success": true,
    "exception_occurred": false,
    "result": "COMPLETED",
    "expiration": 4837797036.0,
    "waitstatus": 0,
    "returncode": 0,
    "runtime": 0.3095872402191162,
    "exception": {
        "occurred": false,
        "severity": "",
        "type": "",
        "note": ""
    }
}