{
    "id": 2041971736576,
    "userid": 1234,
    "urgency": 16,
    "priority": 16,
    "t_submit": 1684197037.1046097,
    "t_depend": 1684197037.1163917,
    "t_run": 1684197037.1325815,
    "t_cleanup": 1684197037.4640796,
    "t_inactive": 1684197037.4667192,
    "state": "INACTIVE",
    "name": "hello_usempi",
    "ntasks": 448,
    "ncores": 448,
    "duration": 0.0,
    "nnodes": 8,
    "ranks": "[0-7]",
    "nodelist": "flux-sample-[0-7]",
    "success": true,
    "exception_occurred": false,
    "result": "COMPLETED",
    "expiration": 4837797037.0,
    "waitstatus": 0,
    "returncode": 0,
    "runtime": 0.3314981460571289,
    "exception": {
        "occurred": false,
        "severity": "",
        "type": "",
        "note": ""
    }
}