{
    "id": 2095658827776,
    "userid": 1234,
    "urgency": 16,
    "priority": 16,
    "t_submit": 1684197040.30501,
    "t_depend": 1684197040.3167427,
    "t_run": 1684197040.3326294,
    "t_cleanup": 1684197040.6535115,
    "t_inactive": 1684197040.6554542,
    "state": "INACTIVE",
    "name": "hello_usempi",
    "ntasks": 448,
    "ncores": 448,
    "duration": 0.0,
    "nnodes": 8,
    "ranks": "[0-7]",
    "nodelist": "flux-sample-[0-7]",
    "success": true,
    "exception_occurred": false,
    "result": "COMPLETED",
    "expiration": 4837797040.0,
    "waitstatus": 0,
    "returncode": 0,
    "runtime": 0.32088208198547363,
    "exception": {
        "occurred": false,
        "severity": "",
        "type": "",
        "note": ""
    }
}