{
    "id": 2049789919232,
    "userid": 1234,
    "urgency": 16,
    "priority": 16,
    "t_submit": 1684197037.5708945,
    "t_depend": 1684197037.5826206,
    "t_run": 1684197037.5988727,
    "t_cleanup": 1684197037.9201374,
    "t_inactive": 1684197037.9219797,
    "state": "INACTIVE",
    "name": "hello_usempi",
    "ntasks": 448,
    "ncores": 448,
    "duration": 0.0,
    "nnodes": 8,
    "ranks": "[0-7]",
    "nodelist": "flux-sample-[0-7]",
    "success": true,
    "exception_occurred": false,
    "result": "COMPLETED",
    "expiration": 4837797037.0,
    "waitstatus": 0,
    "returncode": 0,
    "runtime": 0.32126474380493164,
    "exception": {
        "occurred": false,
        "severity": "",
        "type": "",
        "note": ""
    }
}