{
    "id": 2088293629952,
    "userid": 1234,
    "urgency": 16,
    "priority": 16,
    "t_submit": 1684197039.8659267,
    "t_depend": 1684197039.877571,
    "t_run": 1684197039.8933392,
    "t_cleanup": 1684197040.1980548,
    "t_inactive": 1684197040.1998782,
    "state": "INACTIVE",
    "name": "hello_usempi",
    "ntasks": 448,
    "ncores": 448,
    "duration": 0.0,
    "nnodes": 8,
    "ranks": "[0-7]",
    "nodelist": "flux-sample-[0-7]",
    "success": true,
    "exception_occurred": false,
    "result": "COMPLETED",
    "expiration": 4837797039.0,
    "waitstatus": 0,
    "returncode": 0,
    "runtime": 0.304715633392334,
    "exception": {
        "occurred": false,
        "severity": "",
        "type": "",
        "note": ""
    }
}