{
    "id": 2111043534848,
    "userid": 1234,
    "urgency": 16,
    "priority": 16,
    "t_submit": 1684197041.2217474,
    "t_depend": 1684197041.2332966,
    "t_run": 1684197041.2495487,
    "t_cleanup": 1684197041.5741467,
    "t_inactive": 1684197041.5773606,
    "state": "INACTIVE",
    "name": "hello_usempi",
    "ntasks": 448,
    "ncores": 448,
    "duration": 0.0,
    "nnodes": 8,
    "ranks": "[0-7]",
    "nodelist": "flux-sample-[0-7]",
    "success": true,
    "exception_occurred": false,
    "result": "COMPLETED",
    "expiration": 4837797041.0,
    "waitstatus": 0,
    "returncode": 0,
    "runtime": 0.3245980739593506,
    "exception": {
        "occurred": false,
        "severity": "",
        "type": "",
        "note": ""
    }
}