{
    "id": 2004340441088,
    "userid": 1234,
    "urgency": 16,
    "priority": 16,
    "t_submit": 1684197034.8622172,
    "t_depend": 1684197034.8737168,
    "t_run": 1684197034.8893783,
    "t_cleanup": 1684197035.2102191,
    "t_inactive": 1684197035.2121549,
    "state": "INACTIVE",
    "name": "hello_usempi",
    "ntasks": 448,
    "ncores": 448,
    "duration": 0.0,
    "nnodes": 8,
    "ranks": "[0-7]",
    "nodelist": "flux-sample-[0-7]",
    "success": true,
    "exception_occurred": false,
    "result": "COMPLETED",
    "expiration": 4837797034.0,
    "waitstatus": 0,
    "returncode": 0,
    "runtime": 0.32084083557128906,
    "exception": {
        "occurred": false,
        "severity": "",
        "type": "",
        "note": ""
    }
}