{
    "id": 778362159104,
    "userid": 1234,
    "urgency": 16,
    "priority": 16,
    "t_submit": 1684197557.973177,
    "t_depend": 1684197557.9844632,
    "t_run": 1684197557.9981756,
    "t_cleanup": 1684197558.3181865,
    "t_inactive": 1684197558.3199308,
    "state": "INACTIVE",
    "name": "connectivity_c",
    "ntasks": 112,
    "ncores": 112,
    "duration": 0.0,
    "nnodes": 2,
    "ranks": "[0-1]",
    "nodelist": "flux-sample-[0-1]",
    "success": true,
    "exception_occurred": false,
    "result": "COMPLETED",
    "expiration": 4837797557.0,
    "waitstatus": 0,
    "returncode": 0,
    "runtime": 0.3200109004974365,
    "exception": {
        "occurred": false,
        "severity": "",
        "type": "",
        "note": ""
    }
}