{
    "id": 747626299392,
    "userid": 1234,
    "urgency": 16,
    "priority": 16,
    "t_submit": 1684197556.140894,
    "t_depend": 1684197556.1524205,
    "t_run": 1684197556.1664407,
    "t_cleanup": 1684197556.5034401,
    "t_inactive": 1684197556.5050957,
    "state": "INACTIVE",
    "name": "connectivity_c",
    "ntasks": 112,
    "ncores": 112,
    "duration": 0.0,
    "nnodes": 2,
    "ranks": "[0-1]",
    "nodelist": "flux-sample-[0-1]",
    "success": true,
    "exception_occurred": false,
    "result": "COMPLETED",
    "expiration": 4837797556.0,
    "waitstatus": 0,
    "returncode": 0,
    "runtime": 0.33699941635131836,
    "exception": {
        "occurred": false,
        "severity": "",
        "type": "",
        "note": ""
    }
}