{
    "id": 848088268800,
    "userid": 1234,
    "urgency": 16,
    "priority": 16,
    "t_submit": 1684197562.129169,
    "t_depend": 1684197562.1408195,
    "t_run": 1684197562.154452,
    "t_cleanup": 1684197562.483363,
    "t_inactive": 1684197562.4850879,
    "state": "INACTIVE",
    "name": "connectivity_c",
    "ntasks": 112,
    "ncores": 112,
    "duration": 0.0,
    "nnodes": 2,
    "ranks": "[0-1]",
    "nodelist": "flux-sample-[0-1]",
    "success": true,
    "exception_occurred": false,
    "result": "COMPLETED",
    "expiration": 4837797562.0,
    "waitstatus": 0,
    "returncode": 0,
    "runtime": 0.32891082763671875,
    "exception": {
        "occurred": false,
        "severity": "",
        "type": "",
        "note": ""
    }
}