{
    "id": 817469849600,
    "userid": 1234,
    "urgency": 16,
    "priority": 16,
    "t_submit": 1684197560.3035254,
    "t_depend": 1684197560.315177,
    "t_run": 1684197560.329106,
    "t_cleanup": 1684197560.6447296,
    "t_inactive": 1684197560.6463792,
    "state": "INACTIVE",
    "name": "connectivity_c",
    "ntasks": 112,
    "ncores": 112,
    "duration": 0.0,
    "nnodes": 2,
    "ranks": "[0-1]",
    "nodelist": "flux-sample-[0-1]",
    "success": true,
    "exception_occurred": false,
    "result": "COMPLETED",
    "expiration": 4837797560.0,
    "waitstatus": 0,
    "returncode": 0,
    "runtime": 0.31562352180480957,
    "exception": {
        "occurred": false,
        "severity": "",
        "type": "",
        "note": ""
    }
}