{
    "id": 755528368128,
    "userid": 1234,
    "urgency": 16,
    "priority": 16,
    "t_submit": 1684197556.6123781,
    "t_depend": 1684197556.6237736,
    "t_run": 1684197556.6379519,
    "t_cleanup": 1684197556.9497104,
    "t_inactive": 1684197556.9512656,
    "state": "INACTIVE",
    "name": "connectivity_c",
    "ntasks": 112,
    "ncores": 112,
    "duration": 0.0,
    "nnodes": 2,
    "ranks": "[0-1]",
    "nodelist": "flux-sample-[0-1]",
    "success": true,
    "exception_occurred": false,
    "result": "COMPLETED",
    "expiration": 4837797556.0,
    "waitstatus": 0,
    "returncode": 0,
    "runtime": 0.31175851821899414,
    "exception": {
        "occurred": false,
        "severity": "",
        "type": "",
        "note": ""
    }
}