{
    "id": 825019596800,
    "userid": 1234,
    "urgency": 16,
    "priority": 16,
    "t_submit": 1684197560.7536838,
    "t_depend": 1684197560.7654538,
    "t_run": 1684197560.7794561,
    "t_cleanup": 1684197561.115863,
    "t_inactive": 1684197561.1174846,
    "state": "INACTIVE",
    "name": "connectivity_c",
    "ntasks": 112,
    "ncores": 112,
    "duration": 0.0,
    "nnodes": 2,
    "ranks": "[0-1]",
    "nodelist": "flux-sample-[0-1]",
    "success": true,
    "exception_occurred": false,
    "result": "COMPLETED",
    "expiration": 4837797560.0,
    "waitstatus": 0,
    "returncode": 0,
    "runtime": 0.336406946182251,
    "exception": {
        "occurred": false,
        "severity": "",
        "type": "",
        "note": ""
    }
}