{
    "id": 763027783680,
    "userid": 1234,
    "urgency": 16,
    "priority": 16,
    "t_submit": 1684197557.058527,
    "t_depend": 1684197557.0699067,
    "t_run": 1684197557.0835712,
    "t_cleanup": 1684197557.4090955,
    "t_inactive": 1684197557.4107382,
    "state": "INACTIVE",
    "name": "connectivity_c",
    "ntasks": 112,
    "ncores": 112,
    "duration": 0.0,
    "nnodes": 2,
    "ranks": "[0-1]",
    "nodelist": "flux-sample-[0-1]",
    "success": true,
    "exception_occurred": false,
    "result": "COMPLETED",
    "expiration": 4837797557.0,
    "waitstatus": 0,
    "returncode": 0,
    "runtime": 0.32552433013916016,
    "exception": {
        "occurred": false,
        "severity": "",
        "type": "",
        "note": ""
    }
}