{
    "id": 716152242176,
    "userid": 1234,
    "urgency": 16,
    "priority": 16,
    "t_submit": 1684197554.2650964,
    "t_depend": 1684197554.2768104,
    "t_run": 1684197554.2906024,
    "t_cleanup": 1684197554.6492143,
    "t_inactive": 1684197554.6507268,
    "state": "INACTIVE",
    "name": "connectivity_c",
    "ntasks": 112,
    "ncores": 112,
    "duration": 0.0,
    "nnodes": 2,
    "ranks": "[0-1]",
    "nodelist": "flux-sample-[0-1]",
    "success": true,
    "exception_occurred": false,
    "result": "COMPLETED",
    "expiration": 4837797554.0,
    "waitstatus": 0,
    "returncode": 0,
    "runtime": 0.3586118221282959,
    "exception": {
        "occurred": false,
        "severity": "",
        "type": "",
        "note": ""
    }
}