{
    "id": 731906048000,
    "userid": 1234,
    "urgency": 16,
    "priority": 16,
    "t_submit": 1684197555.2037027,
    "t_depend": 1684197555.2152686,
    "t_run": 1684197555.229155,
    "t_cleanup": 1684197555.5652974,
    "t_inactive": 1684197555.5668252,
    "state": "INACTIVE",
    "name": "connectivity_c",
    "ntasks": 112,
    "ncores": 112,
    "duration": 0.0,
    "nnodes": 2,
    "ranks": "[0-1]",
    "nodelist": "flux-sample-[0-1]",
    "success": true,
    "exception_occurred": false,
    "result": "COMPLETED",
    "expiration": 4837797555.0,
    "waitstatus": 0,
    "returncode": 0,
    "runtime": 0.33614230155944824,
    "exception": {
        "occurred": false,
        "severity": "",
        "type": "",
        "note": ""
    }
}