{
    "id": 801179172864,
    "userid": 1234,
    "urgency": 16,
    "priority": 16,
    "t_submit": 1684197559.3332844,
    "t_depend": 1684197559.3446722,
    "t_run": 1684197559.3586514,
    "t_cleanup": 1684197559.6863422,
    "t_inactive": 1684197559.688593,
    "state": "INACTIVE",
    "name": "connectivity_c",
    "ntasks": 112,
    "ncores": 112,
    "duration": 0.0,
    "nnodes": 2,
    "ranks": "[0-1]",
    "nodelist": "flux-sample-[0-1]",
    "success": true,
    "exception_occurred": false,
    "result": "COMPLETED",
    "expiration": 4837797559.0,
    "waitstatus": 0,
    "returncode": 0,
    "runtime": 0.32769083976745605,
    "exception": {
        "occurred": false,
        "severity": "",
        "type": "",
        "note": ""
    }
}