{
    "id": 785962237952,
    "userid": 1234,
    "urgency": 16,
    "priority": 16,
    "t_submit": 1684197558.4256845,
    "t_depend": 1684197558.4372196,
    "t_run": 1684197558.451342,
    "t_cleanup": 1684197558.7594442,
    "t_inactive": 1684197558.7611458,
    "state": "INACTIVE",
    "name": "connectivity_c",
    "ntasks": 112,
    "ncores": 112,
    "duration": 0.0,
    "nnodes": 2,
    "ranks": "[0-1]",
    "nodelist": "flux-sample-[0-1]",
    "success": true,
    "exception_occurred": false,
    "result": "COMPLETED",
    "expiration": 4837797558.0,
    "waitstatus": 0,
    "returncode": 0,
    "runtime": 0.3081021308898926,
    "exception": {
        "occurred": false,
        "severity": "",
        "type": "",
        "note": ""
    }
}