{
    "id": 724440186880,
    "userid": 1234,
    "urgency": 16,
    "priority": 16,
    "t_submit": 1684197554.7591665,
    "t_depend": 1684197554.7705376,
    "t_run": 1684197554.7842326,
    "t_cleanup": 1684197555.095237,
    "t_inactive": 1684197555.0967147,
    "state": "INACTIVE",
    "name": "connectivity_c",
    "ntasks": 112,
    "ncores": 112,
    "duration": 0.0,
    "nnodes": 2,
    "ranks": "[0-1]",
    "nodelist": "flux-sample-[0-1]",
    "success": true,
    "exception_occurred": false,
    "result": "COMPLETED",
    "expiration": 4837797554.0,
    "waitstatus": 0,
    "returncode": 0,
    "runtime": 0.3110044002532959,
    "exception": {
        "occurred": false,
        "severity": "",
        "type": "",
        "note": ""
    }
}