{
    "id": 708652826624,
    "userid": 1234,
    "urgency": 16,
    "priority": 16,
    "t_submit": 1684197553.8178298,
    "t_depend": 1684197553.8301067,
    "t_run": 1684197553.8437345,
    "t_cleanup": 1684197554.1570563,
    "t_inactive": 1684197554.1587212,
    "state": "INACTIVE",
    "name": "connectivity_c",
    "ntasks": 112,
    "ncores": 112,
    "duration": 0.0,
    "nnodes": 2,
    "ranks": "[0-1]",
    "nodelist": "flux-sample-[0-1]",
    "success": true,
    "exception_occurred": false,
    "result": "COMPLETED",
    "expiration": 4837797553.0,
    "waitstatus": 0,
    "returncode": 0,
    "runtime": 0.3133218288421631,
    "exception": {
        "occurred": false,
        "severity": "",
        "type": "",
        "note": ""
    }
}