{
    "id": 770694971392,
    "userid": 1234,
    "urgency": 16,
    "priority": 16,
    "t_submit": 1684197557.5158284,
    "t_depend": 1684197557.5274694,
    "t_run": 1684197557.5414984,
    "t_cleanup": 1684197557.8639483,
    "t_inactive": 1684197557.8655307,
    "state": "INACTIVE",
    "name": "connectivity_c",
    "ntasks": 112,
    "ncores": 112,
    "duration": 0.0,
    "nnodes": 2,
    "ranks": "[0-1]",
    "nodelist": "flux-sample-[0-1]",
    "success": true,
    "exception_occurred": false,
    "result": "COMPLETED",
    "expiration": 4837797557.0,
    "waitstatus": 0,
    "returncode": 0,
    "runtime": 0.3224499225616455,
    "exception": {
        "occurred": false,
        "severity": "",
        "type": "",
        "note": ""
    }
}