{
    "id": 808947023872,
    "userid": 1234,
    "urgency": 16,
    "priority": 16,
    "t_submit": 1684197559.7957733,
    "t_depend": 1684197559.8072767,
    "t_run": 1684197559.8214314,
    "t_cleanup": 1684197560.194277,
    "t_inactive": 1684197560.1958137,
    "state": "INACTIVE",
    "name": "connectivity_c",
    "ntasks": 112,
    "ncores": 112,
    "duration": 0.0,
    "nnodes": 2,
    "ranks": "[0-1]",
    "nodelist": "flux-sample-[0-1]",
    "success": true,
    "exception_occurred": false,
    "result": "COMPLETED",
    "expiration": 4837797559.0,
    "waitstatus": 0,
    "returncode": 0,
    "runtime": 0.3728456497192383,
    "exception": {
        "occurred": false,
        "severity": "",
        "type": "",
        "note": ""
    }
}