{
    "id": 2108963160064,
    "userid": 1234,
    "urgency": 16,
    "priority": 16,
    "t_submit": 1684197883.6952214,
    "t_depend": 1684197883.7072976,
    "t_run": 1684197883.7225726,
    "t_cleanup": 1684197883.90535,
    "t_inactive": 1684197883.9074967,
    "state": "INACTIVE",
    "name": "ring_c",
    "ntasks": 168,
    "ncores": 168,
    "duration": 0.0,
    "nnodes": 3,
    "ranks": "[0-2]",
    "nodelist": "flux-sample-[0-2]",
    "success": true,
    "exception_occurred": false,
    "result": "COMPLETED",
    "expiration": 4837797883.0,
    "waitstatus": 0,
    "returncode": 0,
    "runtime": 0.18277740478515625,
    "exception": {
        "occurred": false,
        "severity": "",
        "type": "",
        "note": ""
    }
}