{
    "id": 2048229638144,
    "userid": 1234,
    "urgency": 16,
    "priority": 16,
    "t_submit": 1684197880.0750823,
    "t_depend": 1684197880.0879653,
    "t_run": 1684197880.1026628,
    "t_cleanup": 1684197880.299166,
    "t_inactive": 1684197880.3015144,
    "state": "INACTIVE",
    "name": "ring_c",
    "ntasks": 168,
    "ncores": 168,
    "duration": 0.0,
    "nnodes": 3,
    "ranks": "[0-2]",
    "nodelist": "flux-sample-[0-2]",
    "success": true,
    "exception_occurred": false,
    "result": "COMPLETED",
    "expiration": 4837797880.0,
    "waitstatus": 0,
    "returncode": 0,
    "runtime": 0.1965031623840332,
    "exception": {
        "occurred": false,
        "severity": "",
        "type": "",
        "note": ""
    }
}