{
    "id": 2064922968064,
    "userid": 1234,
    "urgency": 16,
    "priority": 16,
    "t_submit": 1684197881.0702167,
    "t_depend": 1684197881.082159,
    "t_run": 1684197881.0970461,
    "t_cleanup": 1684197881.2980976,
    "t_inactive": 1684197881.3001199,
    "state": "INACTIVE",
    "name": "ring_c",
    "ntasks": 168,
    "ncores": 168,
    "duration": 0.0,
    "nnodes": 3,
    "ranks": "[0-2]",
    "nodelist": "flux-sample-[0-2]",
    "success": true,
    "exception_occurred": false,
    "result": "COMPLETED",
    "expiration": 4837797881.0,
    "waitstatus": 0,
    "returncode": 0,
    "runtime": 0.2010514736175537,
    "exception": {
        "occurred": false,
        "severity": "",
        "type": "",
        "note": ""
    }
}