{
    "id": 2053799673856,
    "userid": 1234,
    "urgency": 16,
    "priority": 16,
    "t_submit": 1684197880.406801,
    "t_depend": 1684197880.4189625,
    "t_run": 1684197880.434023,
    "t_cleanup": 1684197880.632193,
    "t_inactive": 1684197880.6344676,
    "state": "INACTIVE",
    "name": "ring_c",
    "ntasks": 168,
    "ncores": 168,
    "duration": 0.0,
    "nnodes": 3,
    "ranks": "[0-2]",
    "nodelist": "flux-sample-[0-2]",
    "success": true,
    "exception_occurred": false,
    "result": "COMPLETED",
    "expiration": 4837797880.0,
    "waitstatus": 0,
    "returncode": 0,
    "runtime": 0.19817018508911133,
    "exception": {
        "occurred": false,
        "severity": "",
        "type": "",
        "note": ""
    }
}