{
    "id": 2075962376192,
    "userid": 1234,
    "urgency": 16,
    "priority": 16,
    "t_submit": 1684197881.7276552,
    "t_depend": 1684197881.7396476,
    "t_run": 1684197881.7545924,
    "t_cleanup": 1684197881.961185,
    "t_inactive": 1684197881.9633505,
    "state": "INACTIVE",
    "name": "ring_c",
    "ntasks": 168,
    "ncores": 168,
    "duration": 0.0,
    "nnodes": 3,
    "ranks": "[0-2]",
    "nodelist": "flux-sample-[0-2]",
    "success": true,
    "exception_occurred": false,
    "result": "COMPLETED",
    "expiration": 4837797881.0,
    "waitstatus": 0,
    "returncode": 0,
    "runtime": 0.20659255981445312,
    "exception": {
        "occurred": false,
        "severity": "",
        "type": "",
        "note": ""
    }
}