{
    "id": 2103460233216,
    "userid": 1234,
    "urgency": 16,
    "priority": 16,
    "t_submit": 1684197883.366759,
    "t_depend": 1684197883.3787615,
    "t_run": 1684197883.3939004,
    "t_cleanup": 1684197883.5861099,
    "t_inactive": 1684197883.588282,
    "state": "INACTIVE",
    "name": "ring_c",
    "ntasks": 168,
    "ncores": 168,
    "duration": 0.0,
    "nnodes": 3,
    "ranks": "[0-2]",
    "nodelist": "flux-sample-[0-2]",
    "success": true,
    "exception_occurred": false,
    "result": "COMPLETED",
    "expiration": 4837797883.0,
    "waitstatus": 0,
    "returncode": 0,
    "runtime": 0.19220948219299316,
    "exception": {
        "occurred": false,
        "severity": "",
        "type": "",
        "note": ""
    }
}