{
    "id": 2031418867712,
    "userid": 1234,
    "urgency": 16,
    "priority": 16,
    "t_submit": 1684197879.0726006,
    "t_depend": 1684197879.0842206,
    "t_run": 1684197879.0992553,
    "t_cleanup": 1684197879.32186,
    "t_inactive": 1684197879.3238914,
    "state": "INACTIVE",
    "name": "ring_c",
    "ntasks": 168,
    "ncores": 168,
    "duration": 0.0,
    "nnodes": 3,
    "ranks": "[0-2]",
    "nodelist": "flux-sample-[0-2]",
    "success": true,
    "exception_occurred": false,
    "result": "COMPLETED",
    "expiration": 4837797879.0,
    "waitstatus": 0,
    "returncode": 0,
    "runtime": 0.22260475158691406,
    "exception": {
        "occurred": false,
        "severity": "",
        "type": "",
        "note": ""
    }
}