{
    "id": 2114264760320,
    "userid": 1234,
    "urgency": 16,
    "priority": 16,
    "t_submit": 1684197884.0114155,
    "t_depend": 1684197884.0247297,
    "t_run": 1684197884.040268,
    "t_cleanup": 1684197884.2357368,
    "t_inactive": 1684197884.2378292,
    "state": "INACTIVE",
    "name": "ring_c",
    "ntasks": 168,
    "ncores": 168,
    "duration": 0.0,
    "nnodes": 3,
    "ranks": "[0-2]",
    "nodelist": "flux-sample-[0-2]",
    "success": true,
    "exception_occurred": false,
    "result": "COMPLETED",
    "expiration": 4837797884.0,
    "waitstatus": 0,
    "returncode": 0,
    "runtime": 0.19546890258789062,
    "exception": {
        "occurred": false,
        "severity": "",
        "type": "",
        "note": ""
    }
}