{
    "id": 2081683406848,
    "userid": 1234,
    "urgency": 16,
    "priority": 16,
    "t_submit": 1684197882.0694213,
    "t_depend": 1684197882.0825517,
    "t_run": 1684197882.0975087,
    "t_cleanup": 1684197882.2847145,
    "t_inactive": 1684197882.2868793,
    "state": "INACTIVE",
    "name": "ring_c",
    "ntasks": 168,
    "ncores": 168,
    "duration": 0.0,
    "nnodes": 3,
    "ranks": "[0-2]",
    "nodelist": "flux-sample-[0-2]",
    "success": true,
    "exception_occurred": false,
    "result": "COMPLETED",
    "expiration": 4837797882.0,
    "waitstatus": 0,
    "returncode": 0,
    "runtime": 0.18720579147338867,
    "exception": {
        "occurred": false,
        "severity": "",
        "type": "",
        "note": ""
    }
}