{
    "id": 2070560112640,
    "userid": 1234,
    "urgency": 16,
    "priority": 16,
    "t_submit": 1684197881.4063706,
    "t_depend": 1684197881.4183588,
    "t_run": 1684197881.4334843,
    "t_cleanup": 1684197881.6198328,
    "t_inactive": 1684197881.6220288,
    "state": "INACTIVE",
    "name": "ring_c",
    "ntasks": 168,
    "ncores": 168,
    "duration": 0.0,
    "nnodes": 3,
    "ranks": "[0-2]",
    "nodelist": "flux-sample-[0-2]",
    "success": true,
    "exception_occurred": false,
    "result": "COMPLETED",
    "expiration": 4837797881.0,
    "waitstatus": 0,
    "returncode": 0,
    "runtime": 0.18634843826293945,
    "exception": {
        "occurred": false,
        "severity": "",
        "type": "",
        "note": ""
    }
}