{
    "id": 2059369709568,
    "userid": 1234,
    "urgency": 16,
    "priority": 16,
    "t_submit": 1684197880.739139,
    "t_depend": 1684197880.7510817,
    "t_run": 1684197880.766012,
    "t_cleanup": 1684197880.9563658,
    "t_inactive": 1684197880.9587977,
    "state": "INACTIVE",
    "name": "ring_c",
    "ntasks": 168,
    "ncores": 168,
    "duration": 0.0,
    "nnodes": 3,
    "ranks": "[0-2]",
    "nodelist": "flux-sample-[0-2]",
    "success": true,
    "exception_occurred": false,
    "result": "COMPLETED",
    "expiration": 4837797880.0,
    "waitstatus": 0,
    "returncode": 0,
    "runtime": 0.1903538703918457,
    "exception": {
        "occurred": false,
        "severity": "",
        "type": "",
        "note": ""
    }
}