{
    "id": 2025748168704,
    "userid": 1234,
    "urgency": 16,
    "priority": 16,
    "t_submit": 1684197878.7351162,
    "t_depend": 1684197878.7468674,
    "t_run": 1684197878.7616048,
    "t_cleanup": 1684197878.9665105,
    "t_inactive": 1684197878.9687085,
    "state": "INACTIVE",
    "name": "ring_c",
    "ntasks": 168,
    "ncores": 168,
    "duration": 0.0,
    "nnodes": 3,
    "ranks": "[0-2]",
    "nodelist": "flux-sample-[0-2]",
    "success": true,
    "exception_occurred": false,
    "result": "COMPLETED",
    "expiration": 4837797878.0,
    "waitstatus": 0,
    "returncode": 0,
    "runtime": 0.20490574836730957,
    "exception": {
        "occurred": false,
        "severity": "",
        "type": "",
        "note": ""
    }
}