{
    "id": 2009440714752,
    "userid": 1234,
    "urgency": 16,
    "priority": 16,
    "t_submit": 1684197877.7629614,
    "t_depend": 1684197877.7746277,
    "t_run": 1684197877.789269,
    "t_cleanup": 1684197877.989567,
    "t_inactive": 1684197877.9916902,
    "state": "INACTIVE",
    "name": "ring_c",
    "ntasks": 168,
    "ncores": 168,
    "duration": 0.0,
    "nnodes": 3,
    "ranks": "[0-2]",
    "nodelist": "flux-sample-[0-2]",
    "success": true,
    "exception_occurred": false,
    "result": "COMPLETED",
    "expiration": 4837797877.0,
    "waitstatus": 0,
    "returncode": 0,
    "runtime": 0.20029807090759277,
    "exception": {
        "occurred": false,
        "severity": "",
        "type": "",
        "note": ""
    }
}