{
    "id": 2092588597248,
    "userid": 1234,
    "urgency": 16,
    "priority": 16,
    "t_submit": 1684197882.7192285,
    "t_depend": 1684197882.7313178,
    "t_run": 1684197882.7461283,
    "t_cleanup": 1684197882.94091,
    "t_inactive": 1684197882.9429815,
    "state": "INACTIVE",
    "name": "ring_c",
    "ntasks": 168,
    "ncores": 168,
    "duration": 0.0,
    "nnodes": 3,
    "ranks": "[0-2]",
    "nodelist": "flux-sample-[0-2]",
    "success": true,
    "exception_occurred": false,
    "result": "COMPLETED",
    "expiration": 4837797882.0,
    "waitstatus": 0,
    "returncode": 0,
    "runtime": 0.19478178024291992,
    "exception": {
        "occurred": false,
        "severity": "",
        "type": "",
        "note": ""
    }
}