{
    "id": 2037358002176,
    "userid": 1234,
    "urgency": 16,
    "priority": 16,
    "t_submit": 1684197879.4267604,
    "t_depend": 1684197879.4385176,
    "t_run": 1684197879.45336,
    "t_cleanup": 1684197879.6420023,
    "t_inactive": 1684197879.6439917,
    "state": "INACTIVE",
    "name": "ring_c",
    "ntasks": 168,
    "ncores": 168,
    "duration": 0.0,
    "nnodes": 3,
    "ranks": "[0-2]",
    "nodelist": "flux-sample-[0-2]",
    "success": true,
    "exception_occurred": false,
    "result": "COMPLETED",
    "expiration": 4837797879.0,
    "waitstatus": 0,
    "returncode": 0,
    "runtime": 0.18864226341247559,
    "exception": {
        "occurred": false,
        "severity": "",
        "type": "",
        "note": ""
    }
}