{
    "id": 3016358887424,
    "userid": 1234,
    "urgency": 16,
    "priority": 16,
    "t_submit": 1684197910.009594,
    "t_depend": 1684197910.021531,
    "t_run": 1684197910.0376039,
    "t_cleanup": 1684197910.2404397,
    "t_inactive": 1684197910.2435136,
    "state": "INACTIVE",
    "name": "ring_usempi",
    "ntasks": 280,
    "ncores": 280,
    "duration": 0.0,
    "nnodes": 5,
    "ranks": "[0-4]",
    "nodelist": "flux-sample-[3-7]",
    "success": true,
    "exception_occurred": false,
    "result": "COMPLETED",
    "expiration": 4837797910.0,
    "waitstatus": 0,
    "returncode": 0,
    "runtime": 0.2028357982635498,
    "exception": {
        "occurred": false,
        "severity": "",
        "type": "",
        "note": ""
    }
}