{
    "id": 2930711199744,
    "userid": 1234,
    "urgency": 16,
    "priority": 16,
    "t_submit": 1684197904.9053526,
    "t_depend": 1684197904.9172738,
    "t_run": 1684197904.9327474,
    "t_cleanup": 1684197905.1348386,
    "t_inactive": 1684197905.1369913,
    "state": "INACTIVE",
    "name": "ring_usempi",
    "ntasks": 280,
    "ncores": 280,
    "duration": 0.0,
    "nnodes": 5,
    "ranks": "[0-4]",
    "nodelist": "flux-sample-[3-7]",
    "success": true,
    "exception_occurred": false,
    "result": "COMPLETED",
    "expiration": 4837797904.0,
    "waitstatus": 0,
    "returncode": 0,
    "runtime": 0.20209121704101562,
    "exception": {
        "occurred": false,
        "severity": "",
        "type": "",
        "note": ""
    }
}