{
    "id": 3010537193472,
    "userid": 1234,
    "urgency": 16,
    "priority": 16,
    "t_submit": 1684197909.6624477,
    "t_depend": 1684197909.6745565,
    "t_run": 1684197909.6906478,
    "t_cleanup": 1684197909.9005947,
    "t_inactive": 1684197909.9028041,
    "state": "INACTIVE",
    "name": "ring_usempi",
    "ntasks": 280,
    "ncores": 280,
    "duration": 0.0,
    "nnodes": 5,
    "ranks": "[0-4]",
    "nodelist": "flux-sample-[3-7]",
    "success": true,
    "exception_occurred": false,
    "result": "COMPLETED",
    "expiration": 4837797909.0,
    "waitstatus": 0,
    "returncode": 0,
    "runtime": 0.209946870803833,
    "exception": {
        "occurred": false,
        "severity": "",
        "type": "",
        "note": ""
    }
}