{
    "id": 2998541484032,
    "userid": 1234,
    "urgency": 16,
    "priority": 16,
    "t_submit": 1684197908.9482834,
    "t_depend": 1684197908.9603376,
    "t_run": 1684197908.975967,
    "t_cleanup": 1684197909.2111344,
    "t_inactive": 1684197909.2132075,
    "state": "INACTIVE",
    "name": "ring_usempi",
    "ntasks": 280,
    "ncores": 280,
    "duration": 0.0,
    "nnodes": 5,
    "ranks": "[0-4]",
    "nodelist": "flux-sample-[3-7]",
    "success": true,
    "exception_occurred": false,
    "result": "COMPLETED",
    "expiration": 4837797908.0,
    "waitstatus": 0,
    "returncode": 0,
    "runtime": 0.2351675033569336,
    "exception": {
        "occurred": false,
        "severity": "",
        "type": "",
        "note": ""
    }
}