{
    "id": 2941868048384,
    "userid": 1234,
    "urgency": 16,
    "priority": 16,
    "t_submit": 1684197905.5700586,
    "t_depend": 1684197905.5818057,
    "t_run": 1684197905.5975842,
    "t_cleanup": 1684197905.8020585,
    "t_inactive": 1684197905.8043146,
    "state": "INACTIVE",
    "name": "ring_usempi",
    "ntasks": 280,
    "ncores": 280,
    "duration": 0.0,
    "nnodes": 5,
    "ranks": "[0-4]",
    "nodelist": "flux-sample-[3-7]",
    "success": true,
    "exception_occurred": false,
    "result": "COMPLETED",
    "expiration": 4837797905.0,
    "waitstatus": 0,
    "returncode": 0,
    "runtime": 0.20447421073913574,
    "exception": {
        "occurred": false,
        "severity": "",
        "type": "",
        "note": ""
    }
}