{
    "id": 2992971448320,
    "userid": 1234,
    "urgency": 16,
    "priority": 16,
    "t_submit": 1684197908.615608,
    "t_depend": 1684197908.6274955,
    "t_run": 1684197908.6430645,
    "t_cleanup": 1684197908.8418908,
    "t_inactive": 1684197908.8440535,
    "state": "INACTIVE",
    "name": "ring_usempi",
    "ntasks": 280,
    "ncores": 280,
    "duration": 0.0,
    "nnodes": 5,
    "ranks": "[0-4]",
    "nodelist": "flux-sample-[3-7]",
    "success": true,
    "exception_occurred": false,
    "result": "COMPLETED",
    "expiration": 4837797908.0,
    "waitstatus": 0,
    "returncode": 0,
    "runtime": 0.19882631301879883,
    "exception": {
        "occurred": false,
        "severity": "",
        "type": "",
        "note": ""
    }
}