{
    "id": 2919504019456,
    "userid": 1234,
    "urgency": 16,
    "priority": 16,
    "t_submit": 1684197904.2370536,
    "t_depend": 1684197904.2507572,
    "t_run": 1684197904.2668035,
    "t_cleanup": 1684197904.4700384,
    "t_inactive": 1684197904.4722168,
    "state": "INACTIVE",
    "name": "ring_usempi",
    "ntasks": 280,
    "ncores": 280,
    "duration": 0.0,
    "nnodes": 5,
    "ranks": "[0-4]",
    "nodelist": "flux-sample-[3-7]",
    "success": true,
    "exception_occurred": false,
    "result": "COMPLETED",
    "expiration": 4837797904.0,
    "waitstatus": 0,
    "returncode": 0,
    "runtime": 0.20323491096496582,
    "exception": {
        "occurred": false,
        "severity": "",
        "type": "",
        "note": ""
    }
}