{
    "id": 2908061958144,
    "userid": 1234,
    "urgency": 16,
    "priority": 16,
    "t_submit": 1684197903.555357,
    "t_depend": 1684197903.5674222,
    "t_run": 1684197903.5829718,
    "t_cleanup": 1684197903.793363,
    "t_inactive": 1684197903.7955048,
    "state": "INACTIVE",
    "name": "ring_usempi",
    "ntasks": 280,
    "ncores": 280,
    "duration": 0.0,
    "nnodes": 5,
    "ranks": "[0-4]",
    "nodelist": "flux-sample-[3-7]",
    "success": true,
    "exception_occurred": false,
    "result": "COMPLETED",
    "expiration": 4837797903.0,
    "waitstatus": 0,
    "returncode": 0,
    "runtime": 0.21039128303527832,
    "exception": {
        "occurred": false,
        "severity": "",
        "type": "",
        "note": ""
    }
}