{
    "id": 2975925796864,
    "userid": 1234,
    "urgency": 16,
    "priority": 16,
    "t_submit": 1684197907.5997717,
    "t_depend": 1684197907.6115124,
    "t_run": 1684197907.627163,
    "t_cleanup": 1684197907.83177,
    "t_inactive": 1684197907.8340373,
    "state": "INACTIVE",
    "name": "ring_usempi",
    "ntasks": 280,
    "ncores": 280,
    "duration": 0.0,
    "nnodes": 5,
    "ranks": "[0-4]",
    "nodelist": "flux-sample-[3-7]",
    "success": true,
    "exception_occurred": false,
    "result": "COMPLETED",
    "expiration": 4837797907.0,
    "waitstatus": 0,
    "returncode": 0,
    "runtime": 0.2046070098876953,
    "exception": {
        "occurred": false,
        "severity": "",
        "type": "",
        "note": ""
    }
}