{
    "id": 2350269857792,
    "userid": 1234,
    "urgency": 16,
    "priority": 16,
    "t_submit": 1684197651.665593,
    "t_depend": 1684197651.6783206,
    "t_run": 1684197651.6933756,
    "t_cleanup": 1684197652.458251,
    "t_inactive": 1684197652.4604867,
    "state": "INACTIVE",
    "name": "ring_usempi",
    "ntasks": 112,
    "ncores": 112,
    "duration": 0.0,
    "nnodes": 2,
    "ranks": "[0-1]",
    "nodelist": "flux-sample-[0-1]",
    "success": true,
    "exception_occurred": false,
    "result": "COMPLETED",
    "expiration": 4837797651.0,
    "waitstatus": 0,
    "returncode": 0,
    "runtime": 0.7648754119873047,
    "exception": {
        "occurred": false,
        "severity": "",
        "type": "",
        "note": ""
    }
}