{
    "id": 2307857055744,
    "userid": 1234,
    "urgency": 16,
    "priority": 16,
    "t_submit": 1684197649.138208,
    "t_depend": 1684197649.1500533,
    "t_run": 1684197649.1650367,
    "t_cleanup": 1684197649.5886176,
    "t_inactive": 1684197649.590691,
    "state": "INACTIVE",
    "name": "ring_usempi",
    "ntasks": 112,
    "ncores": 112,
    "duration": 0.0,
    "nnodes": 2,
    "ranks": "[0-1]",
    "nodelist": "flux-sample-[0-1]",
    "success": true,
    "exception_occurred": false,
    "result": "COMPLETED",
    "expiration": 4837797649.0,
    "waitstatus": 0,
    "returncode": 0,
    "runtime": 0.4235808849334717,
    "exception": {
        "occurred": false,
        "severity": "",
        "type": "",
        "note": ""
    }
}