{
    "id": 2242325250048,
    "userid": 1234,
    "urgency": 16,
    "priority": 16,
    "t_submit": 1684197645.231895,
    "t_depend": 1684197645.2436368,
    "t_run": 1684197645.2583053,
    "t_cleanup": 1684197645.789405,
    "t_inactive": 1684197645.794487,
    "state": "INACTIVE",
    "name": "ring_usempi",
    "ntasks": 112,
    "ncores": 112,
    "duration": 0.0,
    "nnodes": 2,
    "ranks": "[0-1]",
    "nodelist": "flux-sample-[0-1]",
    "success": true,
    "exception_occurred": false,
    "result": "COMPLETED",
    "expiration": 4837797645.0,
    "waitstatus": 0,
    "returncode": 0,
    "runtime": 0.531099796295166,
    "exception": {
        "occurred": false,
        "severity": "",
        "type": "",
        "note": ""
    }
}