{
    "id": 2286164115456,
    "userid": 1234,
    "urgency": 16,
    "priority": 16,
    "t_submit": 1684197647.8451273,
    "t_depend": 1684197647.8568885,
    "t_run": 1684197647.871682,
    "t_cleanup": 1684197648.402723,
    "t_inactive": 1684197648.4047956,
    "state": "INACTIVE",
    "name": "ring_usempi",
    "ntasks": 112,
    "ncores": 112,
    "duration": 0.0,
    "nnodes": 2,
    "ranks": "[0-1]",
    "nodelist": "flux-sample-[0-1]",
    "success": true,
    "exception_occurred": false,
    "result": "COMPLETED",
    "expiration": 4837797647.0,
    "waitstatus": 0,
    "returncode": 0,
    "runtime": 0.531041145324707,
    "exception": {
        "occurred": false,
        "severity": "",
        "type": "",
        "note": ""
    }
}