{
    "id": 2327553507328,
    "userid": 1234,
    "urgency": 16,
    "priority": 16,
    "t_submit": 1684197650.312201,
    "t_depend": 1684197650.324028,
    "t_run": 1684197650.339058,
    "t_cleanup": 1684197650.8960764,
    "t_inactive": 1684197650.898237,
    "state": "INACTIVE",
    "name": "ring_usempi",
    "ntasks": 112,
    "ncores": 112,
    "duration": 0.0,
    "nnodes": 2,
    "ranks": "[0-1]",
    "nodelist": "flux-sample-[0-1]",
    "success": true,
    "exception_occurred": false,
    "result": "COMPLETED",
    "expiration": 4837797650.0,
    "waitstatus": 0,
    "returncode": 0,
    "runtime": 0.557018518447876,
    "exception": {
        "occurred": false,
        "severity": "",
        "type": "",
        "note": ""
    }
}