{
    "id": 2163237453824,
    "userid": 1234,
    "urgency": 16,
    "priority": 16,
    "t_submit": 1684197640.5178027,
    "t_depend": 1684197640.5296457,
    "t_run": 1684197640.5446427,
    "t_cleanup": 1684197640.9743903,
    "t_inactive": 1684197640.9765253,
    "state": "INACTIVE",
    "name": "ring_usempi",
    "ntasks": 112,
    "ncores": 112,
    "duration": 0.0,
    "nnodes": 2,
    "ranks": "[0-1]",
    "nodelist": "flux-sample-[0-1]",
    "success": true,
    "exception_occurred": false,
    "result": "COMPLETED",
    "expiration": 4837797640.0,
    "waitstatus": 0,
    "returncode": 0,
    "runtime": 0.4297475814819336,
    "exception": {
        "occurred": false,
        "severity": "",
        "type": "",
        "note": ""
    }
}