{
    "id": 2218484826112,
    "userid": 1234,
    "urgency": 16,
    "priority": 16,
    "t_submit": 1684197643.8107154,
    "t_depend": 1684197643.822529,
    "t_run": 1684197643.8374085,
    "t_cleanup": 1684197644.4032674,
    "t_inactive": 1684197644.405534,
    "state": "INACTIVE",
    "name": "ring_usempi",
    "ntasks": 112,
    "ncores": 112,
    "duration": 0.0,
    "nnodes": 2,
    "ranks": "[0-1]",
    "nodelist": "flux-sample-[0-1]",
    "success": true,
    "exception_occurred": false,
    "result": "COMPLETED",
    "expiration": 4837797643.0,
    "waitstatus": 0,
    "returncode": 0,
    "runtime": 0.5658588409423828,
    "exception": {
        "occurred": false,
        "severity": "",
        "type": "",
        "note": ""
    }
}