{
    "id": 2339163340800,
    "userid": 1234,
    "urgency": 16,
    "priority": 16,
    "t_submit": 1684197651.0037355,
    "t_depend": 1684197651.0159016,
    "t_run": 1684197651.0311308,
    "t_cleanup": 1684197651.5574963,
    "t_inactive": 1684197651.5595796,
    "state": "INACTIVE",
    "name": "ring_usempi",
    "ntasks": 112,
    "ncores": 112,
    "duration": 0.0,
    "nnodes": 2,
    "ranks": "[0-1]",
    "nodelist": "flux-sample-[0-1]",
    "success": true,
    "exception_occurred": false,
    "result": "COMPLETED",
    "expiration": 4837797651.0,
    "waitstatus": 0,
    "returncode": 0,
    "runtime": 0.5263655185699463,
    "exception": {
        "occurred": false,
        "severity": "",
        "type": "",
        "note": ""
    }
}