{
    "id": 2172683026432,
    "userid": 1234,
    "urgency": 16,
    "priority": 16,
    "t_submit": 1684197641.0807207,
    "t_depend": 1684197641.0925934,
    "t_run": 1684197641.1076312,
    "t_cleanup": 1684197641.5000553,
    "t_inactive": 1684197641.502278,
    "state": "INACTIVE",
    "name": "ring_usempi",
    "ntasks": 112,
    "ncores": 112,
    "duration": 0.0,
    "nnodes": 2,
    "ranks": "[0-1]",
    "nodelist": "flux-sample-[0-1]",
    "success": true,
    "exception_occurred": false,
    "result": "COMPLETED",
    "expiration": 4837797641.0,
    "waitstatus": 0,
    "returncode": 0,
    "runtime": 0.3924241065979004,
    "exception": {
        "occurred": false,
        "severity": "",
        "type": "",
        "note": ""
    }
}