{
    "id": 2365369352192,
    "userid": 1234,
    "urgency": 16,
    "priority": 16,
    "t_submit": 1684197652.565964,
    "t_depend": 1684197652.5778284,
    "t_run": 1684197652.5930905,
    "t_cleanup": 1684197653.1189947,
    "t_inactive": 1684197653.1212118,
    "state": "INACTIVE",
    "name": "ring_usempi",
    "ntasks": 112,
    "ncores": 112,
    "duration": 0.0,
    "nnodes": 2,
    "ranks": "[0-1]",
    "nodelist": "flux-sample-[0-1]",
    "success": true,
    "exception_occurred": false,
    "result": "COMPLETED",
    "expiration": 4837797652.0,
    "waitstatus": 0,
    "returncode": 0,
    "runtime": 0.5259041786193848,
    "exception": {
        "occurred": false,
        "severity": "",
        "type": "",
        "note": ""
    }
}