{
    "id": 2317168410624,
    "userid": 1234,
    "urgency": 16,
    "priority": 16,
    "t_submit": 1684197649.6933367,
    "t_depend": 1684197649.705215,
    "t_run": 1684197649.720275,
    "t_cleanup": 1684197650.2059023,
    "t_inactive": 1684197650.208223,
    "state": "INACTIVE",
    "name": "ring_usempi",
    "ntasks": 112,
    "ncores": 112,
    "duration": 0.0,
    "nnodes": 2,
    "ranks": "[0-1]",
    "nodelist": "flux-sample-[0-1]",
    "success": true,
    "exception_occurred": false,
    "result": "COMPLETED",
    "expiration": 4837797649.0,
    "waitstatus": 0,
    "returncode": 0,
    "runtime": 0.4856274127960205,
    "exception": {
        "occurred": false,
        "severity": "",
        "type": "",
        "note": ""
    }
}