{
    "id": 2192597581824,
    "userid": 1234,
    "urgency": 16,
    "priority": 16,
    "t_submit": 1684197642.2677991,
    "t_depend": 1684197642.2797878,
    "t_run": 1684197642.294717,
    "t_cleanup": 1684197642.8503206,
    "t_inactive": 1684197642.8525538,
    "state": "INACTIVE",
    "name": "ring_usempi",
    "ntasks": 112,
    "ncores": 112,
    "duration": 0.0,
    "nnodes": 2,
    "ranks": "[0-1]",
    "nodelist": "flux-sample-[0-1]",
    "success": true,
    "exception_occurred": false,
    "result": "COMPLETED",
    "expiration": 4837797642.0,
    "waitstatus": 0,
    "returncode": 0,
    "runtime": 0.5556035041809082,
    "exception": {
        "occurred": false,
        "severity": "",
        "type": "",
        "note": ""
    }
}