{
    "id": 4122900168704,
    "userid": 1234,
    "urgency": 16,
    "priority": 16,
    "t_submit": 1684197161.138002,
    "t_depend": 1684197161.1501381,
    "t_run": 1684197161.1678977,
    "t_cleanup": 1684197162.832943,
    "t_inactive": 1684197162.8364155,
    "state": "INACTIVE",
    "name": "connectivity_c",
    "ntasks": 448,
    "ncores": 448,
    "duration": 0.0,
    "nnodes": 8,
    "ranks": "[0-7]",
    "nodelist": "flux-sample-[0-7]",
    "success": true,
    "exception_occurred": false,
    "result": "COMPLETED",
    "expiration": 4837797161.0,
    "waitstatus": 0,
    "returncode": 0,
    "runtime": 1.6650452613830566,
    "exception": {
        "occurred": false,
        "severity": "",
        "type": "",
        "note": ""
    }
}