{
    "id": 4339577913344,
    "userid": 1234,
    "urgency": 16,
    "priority": 16,
    "t_submit": 1684197174.052568,
    "t_depend": 1684197174.0645778,
    "t_run": 1684197174.0824819,
    "t_cleanup": 1684197175.8192933,
    "t_inactive": 1684197175.8224015,
    "state": "INACTIVE",
    "name": "connectivity_c",
    "ntasks": 448,
    "ncores": 448,
    "duration": 0.0,
    "nnodes": 8,
    "ranks": "[0-7]",
    "nodelist": "flux-sample-[0-7]",
    "success": true,
    "exception_occurred": false,
    "result": "COMPLETED",
    "expiration": 4837797174.0,
    "waitstatus": 0,
    "returncode": 0,
    "runtime": 1.7368113994598389,
    "exception": {
        "occurred": false,
        "severity": "",
        "type": "",
        "note": ""
    }
}