{
    "id": 4030692589568,
    "userid": 1234,
    "urgency": 16,
    "priority": 16,
    "t_submit": 1684197155.6415644,
    "t_depend": 1684197155.6536422,
    "t_run": 1684197155.6710854,
    "t_cleanup": 1684197157.4002876,
    "t_inactive": 1684197157.4050062,
    "state": "INACTIVE",
    "name": "connectivity_c",
    "ntasks": 448,
    "ncores": 448,
    "duration": 0.0,
    "nnodes": 8,
    "ranks": "[0-7]",
    "nodelist": "flux-sample-[0-7]",
    "success": true,
    "exception_occurred": false,
    "result": "COMPLETED",
    "expiration": 4837797155.0,
    "waitstatus": 0,
    "returncode": 0,
    "runtime": 1.7292022705078125,
    "exception": {
        "occurred": false,
        "severity": "",
        "type": "",
        "note": ""
    }
}