{
    "id": 4277049229312,
    "userid": 1234,
    "urgency": 16,
    "priority": 16,
    "t_submit": 1684197170.3258805,
    "t_depend": 1684197170.3382452,
    "t_run": 1684197170.355678,
    "t_cleanup": 1684197172.068251,
    "t_inactive": 1684197172.0740507,
    "state": "INACTIVE",
    "name": "connectivity_c",
    "ntasks": 448,
    "ncores": 448,
    "duration": 0.0,
    "nnodes": 8,
    "ranks": "[0-7]",
    "nodelist": "flux-sample-[0-7]",
    "success": true,
    "exception_occurred": false,
    "result": "COMPLETED",
    "expiration": 4837797170.0,
    "waitstatus": 0,
    "returncode": 0,
    "runtime": 1.7125728130340576,
    "exception": {
        "occurred": false,
        "severity": "",
        "type": "",
        "note": ""
    }
}