{
    "id": 3768800247808,
    "userid": 1234,
    "urgency": 16,
    "priority": 16,
    "t_submit": 1684197140.0315633,
    "t_depend": 1684197140.044452,
    "t_run": 1684197140.0619733,
    "t_cleanup": 1684197142.7890782,
    "t_inactive": 1684197142.7915964,
    "state": "INACTIVE",
    "name": "connectivity_c",
    "ntasks": 448,
    "ncores": 448,
    "duration": 0.0,
    "nnodes": 8,
    "ranks": "[0-7]",
    "nodelist": "flux-sample-[0-7]",
    "success": true,
    "exception_occurred": false,
    "result": "COMPLETED",
    "expiration": 4837797140.0,
    "waitstatus": 0,
    "returncode": 0,
    "runtime": 2.727104902267456,
    "exception": {
        "occurred": false,
        "severity": "",
        "type": "",
        "note": ""
    }
}