{
    "id": 3905920434176,
    "userid": 1234,
    "urgency": 16,
    "priority": 16,
    "t_submit": 1684197148.2046769,
    "t_depend": 1684197148.2167132,
    "t_run": 1684197148.2343554,
    "t_cleanup": 1684197149.943299,
    "t_inactive": 1684197149.9456072,
    "state": "INACTIVE",
    "name": "connectivity_c",
    "ntasks": 448,
    "ncores": 448,
    "duration": 0.0,
    "nnodes": 8,
    "ranks": "[0-7]",
    "nodelist": "flux-sample-[0-7]",
    "success": true,
    "exception_occurred": false,
    "result": "COMPLETED",
    "expiration": 4837797148.0,
    "waitstatus": 0,
    "returncode": 0,
    "runtime": 1.7089436054229736,
    "exception": {
        "occurred": false,
        "severity": "",
        "type": "",
        "note": ""
    }
}