{
    "id": 4153183043584,
    "userid": 1234,
    "urgency": 16,
    "priority": 16,
    "t_submit": 1684197162.9429948,
    "t_depend": 1684197162.955473,
    "t_run": 1684197162.9740937,
    "t_cleanup": 1684197164.739771,
    "t_inactive": 1684197164.7425547,
    "state": "INACTIVE",
    "name": "connectivity_c",
    "ntasks": 448,
    "ncores": 448,
    "duration": 0.0,
    "nnodes": 8,
    "ranks": "[0-7]",
    "nodelist": "flux-sample-[0-7]",
    "success": true,
    "exception_occurred": false,
    "result": "COMPLETED",
    "expiration": 4837797162.0,
    "waitstatus": 0,
    "returncode": 0,
    "runtime": 1.7656772136688232,
    "exception": {
        "occurred": false,
        "severity": "",
        "type": "",
        "note": ""
    }
}