{
    "id": 4371051970560,
    "userid": 1234,
    "urgency": 16,
    "priority": 16,
    "t_submit": 1684197175.9293265,
    "t_depend": 1684197175.9416413,
    "t_run": 1684197175.9594862,
    "t_cleanup": 1684197177.6540701,
    "t_inactive": 1684197177.657805,
    "state": "INACTIVE",
    "name": "connectivity_c",
    "ntasks": 448,
    "ncores": 448,
    "duration": 0.0,
    "nnodes": 8,
    "ranks": "[0-7]",
    "nodelist": "flux-sample-[0-7]",
    "success": true,
    "exception_occurred": false,
    "result": "COMPLETED",
    "expiration": 4837797175.0,
    "waitstatus": 0,
    "returncode": 0,
    "runtime": 1.6945838928222656,
    "exception": {
        "occurred": false,
        "severity": "",
        "type": "",
        "note": ""
    }
}