{
    "id": 3968432340992,
    "userid": 1234,
    "urgency": 16,
    "priority": 16,
    "t_submit": 1684197151.931412,
    "t_depend": 1684197151.9436927,
    "t_run": 1684197151.9617882,
    "t_cleanup": 1684197153.6373136,
    "t_inactive": 1684197153.6399112,
    "state": "INACTIVE",
    "name": "connectivity_c",
    "ntasks": 448,
    "ncores": 448,
    "duration": 0.0,
    "nnodes": 8,
    "ranks": "[0-7]",
    "nodelist": "flux-sample-[0-7]",
    "success": true,
    "exception_occurred": false,
    "result": "COMPLETED",
    "expiration": 4837797151.0,
    "waitstatus": 0,
    "returncode": 0,
    "runtime": 1.675525426864624,
    "exception": {
        "occurred": false,
        "severity": "",
        "type": "",
        "note": ""
    }
}