{
    "id": 3816850194432,
    "userid": 1234,
    "urgency": 16,
    "priority": 16,
    "t_submit": 1684197142.8956618,
    "t_depend": 1684197142.9077086,
    "t_run": 1684197142.9255226,
    "t_cleanup": 1684197144.5335202,
    "t_inactive": 1684197144.5366123,
    "state": "INACTIVE",
    "name": "connectivity_c",
    "ntasks": 448,
    "ncores": 448,
    "duration": 0.0,
    "nnodes": 8,
    "ranks": "[0-7]",
    "nodelist": "flux-sample-[0-7]",
    "success": true,
    "exception_occurred": false,
    "result": "COMPLETED",
    "expiration": 4837797142.0,
    "waitstatus": 0,
    "returncode": 0,
    "runtime": 1.6079976558685303,
    "exception": {
        "occurred": false,
        "severity": "",
        "type": "",
        "note": ""
    }
}