{
    "id": 4185294635008,
    "userid": 1234,
    "urgency": 16,
    "priority": 16,
    "t_submit": 1684197164.8565505,
    "t_depend": 1684197164.8687513,
    "t_run": 1684197164.886473,
    "t_cleanup": 1684197166.6090922,
    "t_inactive": 1684197166.6124463,
    "state": "INACTIVE",
    "name": "connectivity_c",
    "ntasks": 448,
    "ncores": 448,
    "duration": 0.0,
    "nnodes": 8,
    "ranks": "[0-7]",
    "nodelist": "flux-sample-[0-7]",
    "success": true,
    "exception_occurred": false,
    "result": "COMPLETED",
    "expiration": 4837797164.0,
    "waitstatus": 0,
    "returncode": 0,
    "runtime": 1.7226192951202393,
    "exception": {
        "occurred": false,
        "severity": "",
        "type": "",
        "note": ""
    }
}