{
    "id": 3998916542464,
    "userid": 1234,
    "urgency": 16,
    "priority": 16,
    "t_submit": 1684197153.748069,
    "t_depend": 1684197153.760227,
    "t_run": 1684197153.7774682,
    "t_cleanup": 1684197155.5318592,
    "t_inactive": 1684197155.5346901,
    "state": "INACTIVE",
    "name": "connectivity_c",
    "ntasks": 448,
    "ncores": 448,
    "duration": 0.0,
    "nnodes": 8,
    "ranks": "[0-7]",
    "nodelist": "flux-sample-[0-7]",
    "success": true,
    "exception_occurred": false,
    "result": "COMPLETED",
    "expiration": 4837797153.0,
    "waitstatus": 0,
    "returncode": 0,
    "runtime": 1.7543909549713135,
    "exception": {
        "occurred": false,
        "severity": "",
        "type": "",
        "note": ""
    }
}