{
    "id": 4246883794944,
    "userid": 1234,
    "urgency": 16,
    "priority": 16,
    "t_submit": 1684197168.5279427,
    "t_depend": 1684197168.5401309,
    "t_run": 1684197168.5575845,
    "t_cleanup": 1684197170.2171705,
    "t_inactive": 1684197170.220981,
    "state": "INACTIVE",
    "name": "connectivity_c",
    "ntasks": 448,
    "ncores": 448,
    "duration": 0.0,
    "nnodes": 8,
    "ranks": "[0-7]",
    "nodelist": "flux-sample-[0-7]",
    "success": true,
    "exception_occurred": false,
    "result": "COMPLETED",
    "expiration": 4837797168.0,
    "waitstatus": 0,
    "returncode": 0,
    "runtime": 1.659585952758789,
    "exception": {
        "occurred": false,
        "severity": "",
        "type": "",
        "note": ""
    }
}