{
    "id": 3846193545216,
    "userid": 1234,
    "urgency": 16,
    "priority": 16,
    "t_submit": 1684197144.6453533,
    "t_depend": 1684197144.6576033,
    "t_run": 1684197144.6752048,
    "t_cleanup": 1684197146.3225386,
    "t_inactive": 1684197146.3248355,
    "state": "INACTIVE",
    "name": "connectivity_c",
    "ntasks": 448,
    "ncores": 448,
    "duration": 0.0,
    "nnodes": 8,
    "ranks": "[0-7]",
    "nodelist": "flux-sample-[0-7]",
    "success": true,
    "exception_occurred": false,
    "result": "COMPLETED",
    "expiration": 4837797144.0,
    "waitstatus": 0,
    "returncode": 0,
    "runtime": 1.6473338603973389,
    "exception": {
        "occurred": false,
        "severity": "",
        "type": "",
        "note": ""
    }
}