{
    "id": 7902186176512,
    "userid": 1000,
    "urgency": 16,
    "priority": 16,
    "t_submit": 1684111597.0178666,
    "t_depend": 1684111597.0295491,
    "t_run": 1684111597.052585,
    "t_cleanup": 1684111612.7480571,
    "t_inactive": 1684111612.750192,
    "state": "INACTIVE",
    "name": "lmp",
    "ntasks": 224,
    "ncores": 224,
    "duration": 0.0,
    "nnodes": 4,
    "ranks": "[0-3]",
    "nodelist": "flux-sample-[4-7]",
    "success": true,
    "exception_occurred": false,
    "result": "COMPLETED",
    "expiration": 4837711597.0,
    "waitstatus": 0,
    "returncode": 0,
    "runtime": 15.695472240447998,
    "exception": {
        "occurred": false,
        "severity": "",
        "type": "",
        "note": ""
    }
}