{
    "id": 3083786518528,
    "userid": 1000,
    "urgency": 16,
    "priority": 16,
    "t_submit": 1684026665.102329,
    "t_depend": 1684026665.1138413,
    "t_run": 1684026665.1321135,
    "t_cleanup": 1684026672.987499,
    "t_inactive": 1684026672.989285,
    "state": "INACTIVE",
    "name": "lmp",
    "ntasks": 112,
    "ncores": 112,
    "duration": 0.0,
    "nnodes": 2,
    "ranks": "[0-1]",
    "nodelist": "flux-sample-[6-7]",
    "success": true,
    "exception_occurred": false,
    "result": "COMPLETED",
    "expiration": 4837626665.0,
    "waitstatus": 0,
    "returncode": 0,
    "runtime": 7.8553855419158936,
    "exception": {
        "occurred": false,
        "severity": "",
        "type": "",
        "note": ""
    }
}