{
    "id": 3220755709952,
    "userid": 1000,
    "urgency": 16,
    "priority": 16,
    "t_submit": 1684026673.2664466,
    "t_depend": 1684026673.2780378,
    "t_run": 1684026673.296272,
    "t_cleanup": 1684026681.0900931,
    "t_inactive": 1684026681.0919793,
    "state": "INACTIVE",
    "name": "lmp",
    "ntasks": 112,
    "ncores": 112,
    "duration": 0.0,
    "nnodes": 2,
    "ranks": "[0-1]",
    "nodelist": "flux-sample-[6-7]",
    "success": true,
    "exception_occurred": false,
    "result": "COMPLETED",
    "expiration": 4837626673.0,
    "waitstatus": 0,
    "returncode": 0,
    "runtime": 7.793821096420288,
    "exception": {
        "occurred": false,
        "severity": "",
        "type": "",
        "note": ""
    }
}