{
    "id": 2529131757568,
    "userid": 1000,
    "urgency": 16,
    "priority": 16,
    "t_submit": 1684026632.0422091,
    "t_depend": 1684026632.0537977,
    "t_run": 1684026632.0716987,
    "t_cleanup": 1684026640.0935538,
    "t_inactive": 1684026640.0953424,
    "state": "INACTIVE",
    "name": "lmp",
    "ntasks": 112,
    "ncores": 112,
    "duration": 0.0,
    "nnodes": 2,
    "ranks": "[0-1]",
    "nodelist": "flux-sample-[6-7]",
    "success": true,
    "exception_occurred": false,
    "result": "COMPLETED",
    "expiration": 4837626632.0,
    "waitstatus": 0,
    "returncode": 0,
    "runtime": 8.021855115890503,
    "exception": {
        "occurred": false,
        "severity": "",
        "type": "",
        "note": ""
    }
}