{
    "id": 2390417735680,
    "userid": 1000,
    "urgency": 16,
    "priority": 16,
    "t_submit": 1684026623.774714,
    "t_depend": 1684026623.7863996,
    "t_run": 1684026623.80485,
    "t_cleanup": 1684026631.762574,
    "t_inactive": 1684026631.7641482,
    "state": "INACTIVE",
    "name": "lmp",
    "ntasks": 112,
    "ncores": 112,
    "duration": 0.0,
    "nnodes": 2,
    "ranks": "[0-1]",
    "nodelist": "flux-sample-[6-7]",
    "success": true,
    "exception_occurred": false,
    "result": "COMPLETED",
    "expiration": 4837626623.0,
    "waitstatus": 0,
    "returncode": 0,
    "runtime": 7.95772385597229,
    "exception": {
        "occurred": false,
        "severity": "",
        "type": "",
        "note": ""
    }
}