{
    "id": 1005928316928,
    "userid": 1000,
    "urgency": 16,
    "priority": 16,
    "t_submit": 1684026541.2527254,
    "t_depend": 1684026541.2641935,
    "t_run": 1684026541.282009,
    "t_cleanup": 1684026549.1093671,
    "t_inactive": 1684026549.1108997,
    "state": "INACTIVE",
    "name": "lmp",
    "ntasks": 112,
    "ncores": 112,
    "duration": 0.0,
    "nnodes": 2,
    "ranks": "[0-1]",
    "nodelist": "flux-sample-[6-7]",
    "success": true,
    "exception_occurred": false,
    "result": "COMPLETED",
    "expiration": 4837626541.0,
    "waitstatus": 0,
    "returncode": 0,
    "runtime": 7.827358245849609,
    "exception": {
        "occurred": false,
        "severity": "",
        "type": "",
        "note": ""
    }
}