{
    "id": 595675054080,
    "userid": 1000,
    "urgency": 16,
    "priority": 16,
    "t_submit": 1684026516.7992187,
    "t_depend": 1684026516.810603,
    "t_run": 1684026516.8306117,
    "t_cleanup": 1684026524.809077,
    "t_inactive": 1684026524.8104773,
    "state": "INACTIVE",
    "name": "lmp",
    "ntasks": 112,
    "ncores": 112,
    "duration": 0.0,
    "nnodes": 2,
    "ranks": "[0-1]",
    "nodelist": "flux-sample-[6-7]",
    "success": true,
    "exception_occurred": false,
    "result": "COMPLETED",
    "expiration": 4837626516.0,
    "waitstatus": 0,
    "returncode": 0,
    "runtime": 7.97846531867981,
    "exception": {
        "occurred": false,
        "severity": "",
        "type": "",
        "note": ""
    }
}