{
    "id": 869613436928,
    "userid": 1000,
    "urgency": 16,
    "priority": 16,
    "t_submit": 1684026533.12789,
    "t_depend": 1684026533.1397202,
    "t_run": 1684026533.1574595,
    "t_cleanup": 1684026540.9726555,
    "t_inactive": 1684026540.974252,
    "state": "INACTIVE",
    "name": "lmp",
    "ntasks": 112,
    "ncores": 112,
    "duration": 0.0,
    "nnodes": 2,
    "ranks": "[0-1]",
    "nodelist": "flux-sample-[6-7]",
    "success": true,
    "exception_occurred": false,
    "result": "COMPLETED",
    "expiration": 4837626533.0,
    "waitstatus": 0,
    "returncode": 0,
    "runtime": 7.8151960372924805,
    "exception": {
        "occurred": false,
        "severity": "",
        "type": "",
        "note": ""
    }
}