{
    "id": 1697317388288,
    "userid": 1000,
    "urgency": 16,
    "priority": 16,
    "t_submit": 1684026582.4628062,
    "t_depend": 1684026582.4745228,
    "t_run": 1684026582.4922783,
    "t_cleanup": 1684026590.4297926,
    "t_inactive": 1684026590.431412,
    "state": "INACTIVE",
    "name": "lmp",
    "ntasks": 112,
    "ncores": 112,
    "duration": 0.0,
    "nnodes": 2,
    "ranks": "[0-1]",
    "nodelist": "flux-sample-[6-7]",
    "success": true,
    "exception_occurred": false,
    "result": "COMPLETED",
    "expiration": 4837626582.0,
    "waitstatus": 0,
    "returncode": 0,
    "runtime": 7.937514305114746,
    "exception": {
        "occurred": false,
        "severity": "",
        "type": "",
        "note": ""
    }
}