{
    "id": 1560767627264,
    "userid": 1000,
    "urgency": 16,
    "priority": 16,
    "t_submit": 1684026574.3238883,
    "t_depend": 1684026574.3356435,
    "t_run": 1684026574.3536723,
    "t_cleanup": 1684026582.1859097,
    "t_inactive": 1684026582.1874192,
    "state": "INACTIVE",
    "name": "lmp",
    "ntasks": 112,
    "ncores": 112,
    "duration": 0.0,
    "nnodes": 2,
    "ranks": "[0-1]",
    "nodelist": "flux-sample-[6-7]",
    "success": true,
    "exception_occurred": false,
    "result": "COMPLETED",
    "expiration": 4837626574.0,
    "waitstatus": 0,
    "returncode": 0,
    "runtime": 7.832237482070923,
    "exception": {
        "occurred": false,
        "severity": "",
        "type": "",
        "note": ""
    }
}