{
    "id": 2652863725568,
    "userid": 1234,
    "urgency": 16,
    "priority": 16,
    "t_submit": 1684197669.7022429,
    "t_depend": 1684197669.714152,
    "t_run": 1684197669.7295327,
    "t_cleanup": 1684197670.15708,
    "t_inactive": 1684197670.1594903,
    "state": "INACTIVE",
    "name": "ring_mpifh",
    "ntasks": 112,
    "ncores": 112,
    "duration": 0.0,
    "nnodes": 2,
    "ranks": "[0-1]",
    "nodelist": "flux-sample-[0-1]",
    "success": true,
    "exception_occurred": false,
    "result": "COMPLETED",
    "expiration": 4837797669.0,
    "waitstatus": 0,
    "returncode": 0,
    "runtime": 0.4275472164154053,
    "exception": {
        "occurred": false,
        "severity": "",
        "type": "",
        "note": ""
    }
}