{
    "id": 2693263261696,
    "userid": 1234,
    "urgency": 16,
    "priority": 16,
    "t_submit": 1684197672.1099224,
    "t_depend": 1684197672.122204,
    "t_run": 1684197672.1374087,
    "t_cleanup": 1684197672.5066257,
    "t_inactive": 1684197672.5090327,
    "state": "INACTIVE",
    "name": "ring_mpifh",
    "ntasks": 112,
    "ncores": 112,
    "duration": 0.0,
    "nnodes": 2,
    "ranks": "[0-1]",
    "nodelist": "flux-sample-[0-1]",
    "success": true,
    "exception_occurred": false,
    "result": "COMPLETED",
    "expiration": 4837797672.0,
    "waitstatus": 0,
    "returncode": 0,
    "runtime": 0.3692169189453125,
    "exception": {
        "occurred": false,
        "severity": "",
        "type": "",
        "note": ""
    }
}