{
    "id": 2539382636544,
    "userid": 1234,
    "urgency": 16,
    "priority": 16,
    "t_submit": 1684197662.937576,
    "t_depend": 1684197662.9498446,
    "t_run": 1684197662.9651077,
    "t_cleanup": 1684197663.4966135,
    "t_inactive": 1684197663.4989533,
    "state": "INACTIVE",
    "name": "ring_mpifh",
    "ntasks": 112,
    "ncores": 112,
    "duration": 0.0,
    "nnodes": 2,
    "ranks": "[0-1]",
    "nodelist": "flux-sample-[0-1]",
    "success": true,
    "exception_occurred": false,
    "result": "COMPLETED",
    "expiration": 4837797662.0,
    "waitstatus": 0,
    "returncode": 0,
    "runtime": 0.531505823135376,
    "exception": {
        "occurred": false,
        "severity": "",
        "type": "",
        "note": ""
    }
}