{
    "id": 2673298374656,
    "userid": 1234,
    "urgency": 16,
    "priority": 16,
    "t_submit": 1684197670.919671,
    "t_depend": 1684197670.932019,
    "t_run": 1684197670.9473803,
    "t_cleanup": 1684197671.4127774,
    "t_inactive": 1684197671.4151998,
    "state": "INACTIVE",
    "name": "ring_mpifh",
    "ntasks": 112,
    "ncores": 112,
    "duration": 0.0,
    "nnodes": 2,
    "ranks": "[0-1]",
    "nodelist": "flux-sample-[0-1]",
    "success": true,
    "exception_occurred": false,
    "result": "COMPLETED",
    "expiration": 4837797670.0,
    "waitstatus": 0,
    "returncode": 0,
    "runtime": 0.4653971195220947,
    "exception": {
        "occurred": false,
        "severity": "",
        "type": "",
        "note": ""
    }
}