{
    "id": 2631070121984,
    "userid": 1234,
    "urgency": 16,
    "priority": 16,
    "t_submit": 1684197668.4027457,
    "t_depend": 1684197668.414703,
    "t_run": 1684197668.430501,
    "t_cleanup": 1684197669.0520384,
    "t_inactive": 1684197669.0542452,
    "state": "INACTIVE",
    "name": "ring_mpifh",
    "ntasks": 112,
    "ncores": 112,
    "duration": 0.0,
    "nnodes": 2,
    "ranks": "[0-1]",
    "nodelist": "flux-sample-[0-1]",
    "success": true,
    "exception_occurred": false,
    "result": "COMPLETED",
    "expiration": 4837797668.0,
    "waitstatus": 0,
    "returncode": 0,
    "runtime": 0.621537446975708,
    "exception": {
        "occurred": false,
        "severity": "",
        "type": "",
        "note": ""
    }
}