{
    "id": 2596844601344,
    "userid": 1234,
    "urgency": 16,
    "priority": 16,
    "t_submit": 1684197666.3632796,
    "t_depend": 1684197666.375406,
    "t_run": 1684197666.3912108,
    "t_cleanup": 1684197666.8154128,
    "t_inactive": 1684197666.8175938,
    "state": "INACTIVE",
    "name": "ring_mpifh",
    "ntasks": 112,
    "ncores": 112,
    "duration": 0.0,
    "nnodes": 2,
    "ranks": "[0-1]",
    "nodelist": "flux-sample-[0-1]",
    "success": true,
    "exception_occurred": false,
    "result": "COMPLETED",
    "expiration": 4837797666.0,
    "waitstatus": 0,
    "returncode": 0,
    "runtime": 0.42420196533203125,
    "exception": {
        "occurred": false,
        "severity": "",
        "type": "",
        "note": ""
    }
}