{
    "id": 2643787251712,
    "userid": 1234,
    "urgency": 16,
    "priority": 16,
    "t_submit": 1684197669.1606905,
    "t_depend": 1684197669.1727242,
    "t_run": 1684197669.1880205,
    "t_cleanup": 1684197669.594048,
    "t_inactive": 1684197669.6024277,
    "state": "INACTIVE",
    "name": "ring_mpifh",
    "ntasks": 112,
    "ncores": 112,
    "duration": 0.0,
    "nnodes": 2,
    "ranks": "[0-1]",
    "nodelist": "flux-sample-[0-1]",
    "success": true,
    "exception_occurred": false,
    "result": "COMPLETED",
    "expiration": 4837797669.0,
    "waitstatus": 0,
    "returncode": 0,
    "runtime": 0.40602755546569824,
    "exception": {
        "occurred": false,
        "severity": "",
        "type": "",
        "note": ""
    }
}