{
    "id": 2584161026048,
    "userid": 1234,
    "urgency": 16,
    "priority": 16,
    "t_submit": 1684197665.6071591,
    "t_depend": 1684197665.6210732,
    "t_run": 1684197665.6365185,
    "t_cleanup": 1684197666.2540953,
    "t_inactive": 1684197666.2564292,
    "state": "INACTIVE",
    "name": "ring_mpifh",
    "ntasks": 112,
    "ncores": 112,
    "duration": 0.0,
    "nnodes": 2,
    "ranks": "[0-1]",
    "nodelist": "flux-sample-[0-1]",
    "success": true,
    "exception_occurred": false,
    "result": "COMPLETED",
    "expiration": 4837797665.0,
    "waitstatus": 0,
    "returncode": 0,
    "runtime": 0.6175768375396729,
    "exception": {
        "occurred": false,
        "severity": "",
        "type": "",
        "note": ""
    }
}