{
    "id": 2683381481472,
    "userid": 1234,
    "urgency": 16,
    "priority": 16,
    "t_submit": 1684197671.521328,
    "t_depend": 1684197671.5332408,
    "t_run": 1684197671.548618,
    "t_cleanup": 1684197672.0005894,
    "t_inactive": 1684197672.0032449,
    "state": "INACTIVE",
    "name": "ring_mpifh",
    "ntasks": 112,
    "ncores": 112,
    "duration": 0.0,
    "nnodes": 2,
    "ranks": "[0-1]",
    "nodelist": "flux-sample-[0-1]",
    "success": true,
    "exception_occurred": false,
    "result": "COMPLETED",
    "expiration": 4837797671.0,
    "waitstatus": 0,
    "returncode": 0,
    "runtime": 0.45197129249572754,
    "exception": {
        "occurred": false,
        "severity": "",
        "type": "",
        "note": ""
    }
}