{
    "id": 2528846544896,
    "userid": 1234,
    "urgency": 16,
    "priority": 16,
    "t_submit": 1684197662.3103423,
    "t_depend": 1684197662.322557,
    "t_run": 1684197662.3380086,
    "t_cleanup": 1684197662.8302746,
    "t_inactive": 1684197662.8326113,
    "state": "INACTIVE",
    "name": "ring_mpifh",
    "ntasks": 112,
    "ncores": 112,
    "duration": 0.0,
    "nnodes": 2,
    "ranks": "[0-1]",
    "nodelist": "flux-sample-[0-1]",
    "success": true,
    "exception_occurred": false,
    "result": "COMPLETED",
    "expiration": 4837797662.0,
    "waitstatus": 0,
    "returncode": 0,
    "runtime": 0.4922659397125244,
    "exception": {
        "occurred": false,
        "severity": "",
        "type": "",
        "note": ""
    }
}