{
    "id": 753062117376,
    "userid": 1234,
    "urgency": 16,
    "priority": 16,
    "t_submit": 1684197329.2806559,
    "t_depend": 1684197329.291978,
    "t_run": 1684197329.3049364,
    "t_cleanup": 1684197329.4801416,
    "t_inactive": 1684197329.4815912,
    "state": "INACTIVE",
    "name": "connectivity_c",
    "ntasks": 56,
    "ncores": 56,
    "duration": 0.0,
    "nnodes": 1,
    "ranks": "0",
    "nodelist": "flux-sample-0",
    "success": true,
    "exception_occurred": false,
    "result": "COMPLETED",
    "expiration": 4837797329.0,
    "waitstatus": 0,
    "returncode": 0,
    "runtime": 0.17520523071289062,
    "exception": {
        "occurred": false,
        "severity": "",
        "type": "",
        "note": ""
    }
}