{
    "id": 798427709440,
    "userid": 1234,
    "urgency": 16,
    "priority": 16,
    "t_submit": 1684197331.9852343,
    "t_depend": 1684197331.9966338,
    "t_run": 1684197332.010284,
    "t_cleanup": 1684197332.1774783,
    "t_inactive": 1684197332.1789765,
    "state": "INACTIVE",
    "name": "connectivity_c",
    "ntasks": 56,
    "ncores": 56,
    "duration": 0.0,
    "nnodes": 1,
    "ranks": "0",
    "nodelist": "flux-sample-0",
    "success": true,
    "exception_occurred": false,
    "result": "COMPLETED",
    "expiration": 4837797332.0,
    "waitstatus": 0,
    "returncode": 0,
    "runtime": 0.16719436645507812,
    "exception": {
        "occurred": false,
        "severity": "",
        "type": "",
        "note": ""
    }
}