{
    "id": 717477642240,
    "userid": 1234,
    "urgency": 16,
    "priority": 16,
    "t_submit": 1684197327.1604385,
    "t_depend": 1684197327.1717541,
    "t_run": 1684197327.1849625,
    "t_cleanup": 1684197327.353031,
    "t_inactive": 1684197327.354389,
    "state": "INACTIVE",
    "name": "connectivity_c",
    "ntasks": 56,
    "ncores": 56,
    "duration": 0.0,
    "nnodes": 1,
    "ranks": "0",
    "nodelist": "flux-sample-0",
    "success": true,
    "exception_occurred": false,
    "result": "COMPLETED",
    "expiration": 4837797327.0,
    "waitstatus": 0,
    "returncode": 0,
    "runtime": 0.16806840896606445,
    "exception": {
        "occurred": false,
        "severity": "",
        "type": "",
        "note": ""
    }
}