{
    "id": 732593913856,
    "userid": 1234,
    "urgency": 16,
    "priority": 16,
    "t_submit": 1684197328.0604653,
    "t_depend": 1684197328.0716653,
    "t_run": 1684197328.0846448,
    "t_cleanup": 1684197328.2531254,
    "t_inactive": 1684197328.2544823,
    "state": "INACTIVE",
    "name": "connectivity_c",
    "ntasks": 56,
    "ncores": 56,
    "duration": 0.0,
    "nnodes": 1,
    "ranks": "0",
    "nodelist": "flux-sample-0",
    "success": true,
    "exception_occurred": false,
    "result": "COMPLETED",
    "expiration": 4837797328.0,
    "waitstatus": 0,
    "returncode": 0,
    "runtime": 0.16848063468933105,
    "exception": {
        "occurred": false,
        "severity": "",
        "type": "",
        "note": ""
    }
}