{
    "id": 747676631040,
    "userid": 1234,
    "urgency": 16,
    "priority": 16,
    "t_submit": 1684197328.9602096,
    "t_depend": 1684197328.9716945,
    "t_run": 1684197328.9848242,
    "t_cleanup": 1684197329.174396,
    "t_inactive": 1684197329.1759484,
    "state": "INACTIVE",
    "name": "connectivity_c",
    "ntasks": 56,
    "ncores": 56,
    "duration": 0.0,
    "nnodes": 1,
    "ranks": "0",
    "nodelist": "flux-sample-0",
    "success": true,
    "exception_occurred": false,
    "result": "COMPLETED",
    "expiration": 4837797328.0,
    "waitstatus": 0,
    "returncode": 0,
    "runtime": 0.18957185745239258,
    "exception": {
        "occurred": false,
        "severity": "",
        "type": "",
        "note": ""
    }
}