{
    "id": 788227162112,
    "userid": 1234,
    "urgency": 16,
    "priority": 16,
    "t_submit": 1684197331.3768485,
    "t_depend": 1684197331.388195,
    "t_run": 1684197331.4013748,
    "t_cleanup": 1684197331.5684302,
    "t_inactive": 1684197331.5698953,
    "state": "INACTIVE",
    "name": "connectivity_c",
    "ntasks": 56,
    "ncores": 56,
    "duration": 0.0,
    "nnodes": 1,
    "ranks": "0",
    "nodelist": "flux-sample-0",
    "success": true,
    "exception_occurred": false,
    "result": "COMPLETED",
    "expiration": 4837797331.0,
    "waitstatus": 0,
    "returncode": 0,
    "runtime": 0.16705536842346191,
    "exception": {
        "occurred": false,
        "severity": "",
        "type": "",
        "note": ""
    }
}