{
    "id": 727560749056,
    "userid": 1234,
    "urgency": 16,
    "priority": 16,
    "t_submit": 1684197327.7611485,
    "t_depend": 1684197327.7724316,
    "t_run": 1684197327.785543,
    "t_cleanup": 1684197327.9561925,
    "t_inactive": 1684197327.957729,
    "state": "INACTIVE",
    "name": "connectivity_c",
    "ntasks": 56,
    "ncores": 56,
    "duration": 0.0,
    "nnodes": 1,
    "ranks": "0",
    "nodelist": "flux-sample-0",
    "success": true,
    "exception_occurred": false,
    "result": "COMPLETED",
    "expiration": 4837797327.0,
    "waitstatus": 0,
    "returncode": 0,
    "runtime": 0.17064952850341797,
    "exception": {
        "occurred": false,
        "severity": "",
        "type": "",
        "note": ""
    }
}