{
    "id": 768111280128,
    "userid": 1234,
    "urgency": 16,
    "priority": 16,
    "t_submit": 1684197330.177737,
    "t_depend": 1684197330.189155,
    "t_run": 1684197330.2024384,
    "t_cleanup": 1684197330.3686802,
    "t_inactive": 1684197330.3702967,
    "state": "INACTIVE",
    "name": "connectivity_c",
    "ntasks": 56,
    "ncores": 56,
    "duration": 0.0,
    "nnodes": 1,
    "ranks": "0",
    "nodelist": "flux-sample-0",
    "success": true,
    "exception_occurred": false,
    "result": "COMPLETED",
    "expiration": 4837797330.0,
    "waitstatus": 0,
    "returncode": 0,
    "runtime": 0.16624188423156738,
    "exception": {
        "occurred": false,
        "severity": "",
        "type": "",
        "note": ""
    }
}