{
    "id": 742593134592,
    "userid": 1234,
    "urgency": 16,
    "priority": 16,
    "t_submit": 1684197328.6570752,
    "t_depend": 1684197328.6686327,
    "t_run": 1684197328.6818767,
    "t_cleanup": 1684197328.8562646,
    "t_inactive": 1684197328.8576884,
    "state": "INACTIVE",
    "name": "connectivity_c",
    "ntasks": 56,
    "ncores": 56,
    "duration": 0.0,
    "nnodes": 1,
    "ranks": "0",
    "nodelist": "flux-sample-0",
    "success": true,
    "exception_occurred": false,
    "result": "COMPLETED",
    "expiration": 4837797328.0,
    "waitstatus": 0,
    "returncode": 0,
    "runtime": 0.17438793182373047,
    "exception": {
        "occurred": false,
        "severity": "",
        "type": "",
        "note": ""
    }
}