{
    "id": 783294660608,
    "userid": 1234,
    "urgency": 16,
    "priority": 16,
    "t_submit": 1684197331.0824444,
    "t_depend": 1684197331.093647,
    "t_run": 1684197331.1069438,
    "t_cleanup": 1684197331.2714546,
    "t_inactive": 1684197331.2728503,
    "state": "INACTIVE",
    "name": "connectivity_c",
    "ntasks": 56,
    "ncores": 56,
    "duration": 0.0,
    "nnodes": 1,
    "ranks": "0",
    "nodelist": "flux-sample-0",
    "success": true,
    "exception_occurred": false,
    "result": "COMPLETED",
    "expiration": 4837797331.0,
    "waitstatus": 0,
    "returncode": 0,
    "runtime": 0.16451072692871094,
    "exception": {
        "occurred": false,
        "severity": "",
        "type": "",
        "note": ""
    }
}