{
    "id": 803393765376,
    "userid": 1234,
    "urgency": 16,
    "priority": 16,
    "t_submit": 1684197332.2813,
    "t_depend": 1684197332.2925315,
    "t_run": 1684197332.3057375,
    "t_cleanup": 1684197332.4760404,
    "t_inactive": 1684197332.4775066,
    "state": "INACTIVE",
    "name": "connectivity_c",
    "ntasks": 56,
    "ncores": 56,
    "duration": 0.0,
    "nnodes": 1,
    "ranks": "0",
    "nodelist": "flux-sample-0",
    "success": true,
    "exception_occurred": false,
    "result": "COMPLETED",
    "expiration": 4837797332.0,
    "waitstatus": 0,
    "returncode": 0,
    "runtime": 0.1703028678894043,
    "exception": {
        "occurred": false,
        "severity": "",
        "type": "",
        "note": ""
    }
}