{
    "id": 758145613824,
    "userid": 1234,
    "urgency": 16,
    "priority": 16,
    "t_submit": 1684197329.5840182,
    "t_depend": 1684197329.595526,
    "t_run": 1684197329.608908,
    "t_cleanup": 1684197329.773957,
    "t_inactive": 1684197329.7754393,
    "state": "INACTIVE",
    "name": "connectivity_c",
    "ntasks": 56,
    "ncores": 56,
    "duration": 0.0,
    "nnodes": 1,
    "ranks": "0",
    "nodelist": "flux-sample-0",
    "success": true,
    "exception_occurred": false,
    "result": "COMPLETED",
    "expiration": 4837797329.0,
    "waitstatus": 0,
    "returncode": 0,
    "runtime": 0.16504907608032227,
    "exception": {
        "occurred": false,
        "severity": "",
        "type": "",
        "note": ""
    }
}