{
    "id": 808410152960,
    "userid": 1234,
    "urgency": 16,
    "priority": 16,
    "t_submit": 1684197332.5804226,
    "t_depend": 1684197332.5918975,
    "t_run": 1684197332.6052587,
    "t_cleanup": 1684197332.7791061,
    "t_inactive": 1684197332.780584,
    "state": "INACTIVE",
    "name": "connectivity_c",
    "ntasks": 56,
    "ncores": 56,
    "duration": 0.0,
    "nnodes": 1,
    "ranks": "0",
    "nodelist": "flux-sample-0",
    "success": true,
    "exception_occurred": false,
    "result": "COMPLETED",
    "expiration": 4837797332.0,
    "waitstatus": 0,
    "returncode": 0,
    "runtime": 0.17384743690490723,
    "exception": {
        "occurred": false,
        "severity": "",
        "type": "",
        "note": ""
    }
}