{
    "id": 1473643544576,
    "userid": 1234,
    "urgency": 16,
    "priority": 16,
    "t_submit": 1684197372.2313402,
    "t_depend": 1684197372.243148,
    "t_run": 1684197372.257295,
    "t_cleanup": 1684197372.5932088,
    "t_inactive": 1684197372.5982718,
    "state": "INACTIVE",
    "name": "hello_usempi",
    "ntasks": 56,
    "ncores": 56,
    "duration": 0.0,
    "nnodes": 1,
    "ranks": "0",
    "nodelist": "flux-sample-0",
    "success": true,
    "exception_occurred": false,
    "result": "COMPLETED",
    "expiration": 4837797372.0,
    "waitstatus": 0,
    "returncode": 0,
    "runtime": 0.33591389656066895,
    "exception": {
        "occurred": false,
        "severity": "",
        "type": "",
        "note": ""
    }
}