{
    "id": 1441297072128,
    "userid": 1234,
    "urgency": 16,
    "priority": 16,
    "t_submit": 1684197370.302852,
    "t_depend": 1684197370.3148031,
    "t_run": 1684197370.329441,
    "t_cleanup": 1684197370.6785731,
    "t_inactive": 1684197370.680679,
    "state": "INACTIVE",
    "name": "hello_usempi",
    "ntasks": 56,
    "ncores": 56,
    "duration": 0.0,
    "nnodes": 1,
    "ranks": "0",
    "nodelist": "flux-sample-0",
    "success": true,
    "exception_occurred": false,
    "result": "COMPLETED",
    "expiration": 4837797370.0,
    "waitstatus": 0,
    "returncode": 0,
    "runtime": 0.34913206100463867,
    "exception": {
        "occurred": false,
        "severity": "",
        "type": "",
        "note": ""
    }
}