{
    "id": 1465808584704,
    "userid": 1234,
    "urgency": 16,
    "priority": 16,
    "t_submit": 1684197371.7636619,
    "t_depend": 1684197371.7755997,
    "t_run": 1684197371.7897654,
    "t_cleanup": 1684197372.1247005,
    "t_inactive": 1684197372.126675,
    "state": "INACTIVE",
    "name": "hello_usempi",
    "ntasks": 56,
    "ncores": 56,
    "duration": 0.0,
    "nnodes": 1,
    "ranks": "0",
    "nodelist": "flux-sample-0",
    "success": true,
    "exception_occurred": false,
    "result": "COMPLETED",
    "expiration": 4837797371.0,
    "waitstatus": 0,
    "returncode": 0,
    "runtime": 0.33493518829345703,
    "exception": {
        "occurred": false,
        "severity": "",
        "type": "",
        "note": ""
    }
}