{
    "id": 1409168703488,
    "userid": 1234,
    "urgency": 16,
    "priority": 16,
    "t_submit": 1684197368.3880553,
    "t_depend": 1684197368.3998847,
    "t_run": 1684197368.4162116,
    "t_cleanup": 1684197368.7588115,
    "t_inactive": 1684197368.7607796,
    "state": "INACTIVE",
    "name": "hello_usempi",
    "ntasks": 56,
    "ncores": 56,
    "duration": 0.0,
    "nnodes": 1,
    "ranks": "0",
    "nodelist": "flux-sample-0",
    "success": true,
    "exception_occurred": false,
    "result": "COMPLETED",
    "expiration": 4837797368.0,
    "waitstatus": 0,
    "returncode": 0,
    "runtime": 0.34259986877441406,
    "exception": {
        "occurred": false,
        "severity": "",
        "type": "",
        "note": ""
    }
}