{
    "id": 1505755136000,
    "userid": 1234,
    "urgency": 16,
    "priority": 16,
    "t_submit": 1684197374.1451788,
    "t_depend": 1684197374.1570022,
    "t_run": 1684197374.1714218,
    "t_cleanup": 1684197374.5468867,
    "t_inactive": 1684197374.5557904,
    "state": "INACTIVE",
    "name": "hello_usempi",
    "ntasks": 56,
    "ncores": 56,
    "duration": 0.0,
    "nnodes": 1,
    "ranks": "0",
    "nodelist": "flux-sample-0",
    "success": true,
    "exception_occurred": false,
    "result": "COMPLETED",
    "expiration": 4837797374.0,
    "waitstatus": 0,
    "returncode": 0,
    "runtime": 0.37546491622924805,
    "exception": {
        "occurred": false,
        "severity": "",
        "type": "",
        "note": ""
    }
}