{
    "id": 1531558494208,
    "userid": 1234,
    "urgency": 16,
    "priority": 16,
    "t_submit": 1684197375.6828885,
    "t_depend": 1684197375.694465,
    "t_run": 1684197375.7086072,
    "t_cleanup": 1684197376.078946,
    "t_inactive": 1684197376.080801,
    "state": "INACTIVE",
    "name": "hello_usempi",
    "ntasks": 56,
    "ncores": 56,
    "duration": 0.0,
    "nnodes": 1,
    "ranks": "0",
    "nodelist": "flux-sample-0",
    "success": true,
    "exception_occurred": false,
    "result": "COMPLETED",
    "expiration": 4837797375.0,
    "waitstatus": 0,
    "returncode": 0,
    "runtime": 0.37033891677856445,
    "exception": {
        "occurred": false,
        "severity": "",
        "type": "",
        "note": ""
    }
}