{
    "id": 1540047765504,
    "userid": 1234,
    "urgency": 16,
    "priority": 16,
    "t_submit": 1684197376.1884975,
    "t_depend": 1684197376.2001526,
    "t_run": 1684197376.2142756,
    "t_cleanup": 1684197376.622102,
    "t_inactive": 1684197376.6252952,
    "state": "INACTIVE",
    "name": "hello_usempi",
    "ntasks": 56,
    "ncores": 56,
    "duration": 0.0,
    "nnodes": 1,
    "ranks": "0",
    "nodelist": "flux-sample-0",
    "success": true,
    "exception_occurred": false,
    "result": "COMPLETED",
    "expiration": 4837797376.0,
    "waitstatus": 0,
    "returncode": 0,
    "runtime": 0.40782642364501953,
    "exception": {
        "occurred": false,
        "severity": "",
        "type": "",
        "note": ""
    }
}