{
    "id": 1549107462144,
    "userid": 1234,
    "urgency": 16,
    "priority": 16,
    "t_submit": 1684197376.7288172,
    "t_depend": 1684197376.7407377,
    "t_run": 1684197376.75499,
    "t_cleanup": 1684197377.1698985,
    "t_inactive": 1684197377.1718886,
    "state": "INACTIVE",
    "name": "hello_usempi",
    "ntasks": 56,
    "ncores": 56,
    "duration": 0.0,
    "nnodes": 1,
    "ranks": "0",
    "nodelist": "flux-sample-0",
    "success": true,
    "exception_occurred": false,
    "result": "COMPLETED",
    "expiration": 4837797376.0,
    "waitstatus": 0,
    "returncode": 0,
    "runtime": 0.41490840911865234,
    "exception": {
        "occurred": false,
        "severity": "",
        "type": "",
        "note": ""
    }
}