{
    "id": 1417171435520,
    "userid": 1234,
    "urgency": 16,
    "priority": 16,
    "t_submit": 1684197368.8651621,
    "t_depend": 1684197368.8770583,
    "t_run": 1684197368.891303,
    "t_cleanup": 1684197369.2728543,
    "t_inactive": 1684197369.2750797,
    "state": "INACTIVE",
    "name": "hello_usempi",
    "ntasks": 56,
    "ncores": 56,
    "duration": 0.0,
    "nnodes": 1,
    "ranks": "0",
    "nodelist": "flux-sample-0",
    "success": true,
    "exception_occurred": false,
    "result": "COMPLETED",
    "expiration": 4837797368.0,
    "waitstatus": 0,
    "returncode": 0,
    "runtime": 0.38155126571655273,
    "exception": {
        "occurred": false,
        "severity": "",
        "type": "",
        "note": ""
    }
}