{
    "id": 1457268981760,
    "userid": 1234,
    "urgency": 16,
    "priority": 16,
    "t_submit": 1684197371.25529,
    "t_depend": 1684197371.2673488,
    "t_run": 1684197371.281861,
    "t_cleanup": 1684197371.6541965,
    "t_inactive": 1684197371.6562803,
    "state": "INACTIVE",
    "name": "hello_usempi",
    "ntasks": 56,
    "ncores": 56,
    "duration": 0.0,
    "nnodes": 1,
    "ranks": "0",
    "nodelist": "flux-sample-0",
    "success": true,
    "exception_occurred": false,
    "result": "COMPLETED",
    "expiration": 4837797371.0,
    "waitstatus": 0,
    "returncode": 0,
    "runtime": 0.37233543395996094,
    "exception": {
        "occurred": false,
        "severity": "",
        "type": "",
        "note": ""
    }
}