{
    "id": 1522448465920,
    "userid": 1234,
    "urgency": 16,
    "priority": 16,
    "t_submit": 1684197375.1402078,
    "t_depend": 1684197375.1519055,
    "t_run": 1684197375.1662283,
    "t_cleanup": 1684197375.5789688,
    "t_inactive": 1684197375.5809011,
    "state": "INACTIVE",
    "name": "hello_usempi",
    "ntasks": 56,
    "ncores": 56,
    "duration": 0.0,
    "nnodes": 1,
    "ranks": "0",
    "nodelist": "flux-sample-0",
    "success": true,
    "exception_occurred": false,
    "result": "COMPLETED",
    "expiration": 4837797375.0,
    "waitstatus": 0,
    "returncode": 0,
    "runtime": 0.41274046897888184,
    "exception": {
        "occurred": false,
        "severity": "",
        "type": "",
        "note": ""
    }
}