{
    "id": 1433562775552,
    "userid": 1234,
    "urgency": 16,
    "priority": 16,
    "t_submit": 1684197369.842112,
    "t_depend": 1684197369.8535762,
    "t_run": 1684197369.867527,
    "t_cleanup": 1684197370.1928072,
    "t_inactive": 1684197370.1948583,
    "state": "INACTIVE",
    "name": "hello_usempi",
    "ntasks": 56,
    "ncores": 56,
    "duration": 0.0,
    "nnodes": 1,
    "ranks": "0",
    "nodelist": "flux-sample-0",
    "success": true,
    "exception_occurred": false,
    "result": "COMPLETED",
    "expiration": 4837797369.0,
    "waitstatus": 0,
    "returncode": 0,
    "runtime": 0.32528018951416016,
    "exception": {
        "occurred": false,
        "severity": "",
        "type": "",
        "note": ""
    }
}