{
    "id": 1489397350400,
    "userid": 1234,
    "urgency": 16,
    "priority": 16,
    "t_submit": 1684197373.1702144,
    "t_depend": 1684197373.1820664,
    "t_run": 1684197373.1963303,
    "t_cleanup": 1684197373.571105,
    "t_inactive": 1684197373.5730624,
    "state": "INACTIVE",
    "name": "hello_usempi",
    "ntasks": 56,
    "ncores": 56,
    "duration": 0.0,
    "nnodes": 1,
    "ranks": "0",
    "nodelist": "flux-sample-0",
    "success": true,
    "exception_occurred": false,
    "result": "COMPLETED",
    "expiration": 4837797373.0,
    "waitstatus": 0,
    "returncode": 0,
    "runtime": 0.374774694442749,
    "exception": {
        "occurred": false,
        "severity": "",
        "type": "",
        "note": ""
    }
}