{
    "id": 2600032272384,
    "userid": 1234,
    "urgency": 16,
    "priority": 16,
    "t_submit": 1684197379.348261,
    "t_depend": 1684197379.3600159,
    "t_run": 1684197379.3756409,
    "t_cleanup": 1684197379.6664932,
    "t_inactive": 1684197379.6685522,
    "state": "INACTIVE",
    "name": "hello_usempi",
    "ntasks": 392,
    "ncores": 392,
    "duration": 0.0,
    "nnodes": 7,
    "ranks": "[0-6]",
    "nodelist": "flux-sample-[1-7]",
    "success": true,
    "exception_occurred": false,
    "result": "COMPLETED",
    "expiration": 4837797379.0,
    "waitstatus": 0,
    "returncode": 0,
    "runtime": 0.29085230827331543,
    "exception": {
        "occurred": false,
        "severity": "",
        "type": "",
        "note": ""
    }
}