{
    "id": 2592868401152,
    "userid": 1234,
    "urgency": 16,
    "priority": 16,
    "t_submit": 1684197378.9207642,
    "t_depend": 1684197378.9322565,
    "t_run": 1684197378.9477541,
    "t_cleanup": 1684197379.2445807,
    "t_inactive": 1684197379.2469206,
    "state": "INACTIVE",
    "name": "hello_usempi",
    "ntasks": 392,
    "ncores": 392,
    "duration": 0.0,
    "nnodes": 7,
    "ranks": "[0-6]",
    "nodelist": "flux-sample-[1-7]",
    "success": true,
    "exception_occurred": false,
    "result": "COMPLETED",
    "expiration": 4837797378.0,
    "waitstatus": 0,
    "returncode": 0,
    "runtime": 0.2968266010284424,
    "exception": {
        "occurred": false,
        "severity": "",
        "type": "",
        "note": ""
    }
}