{
    "id": 2685864509440,
    "userid": 1234,
    "urgency": 16,
    "priority": 16,
    "t_submit": 1684197384.4634652,
    "t_depend": 1684197384.47681,
    "t_run": 1684197384.4925287,
    "t_cleanup": 1684197384.7815437,
    "t_inactive": 1684197384.7835717,
    "state": "INACTIVE",
    "name": "hello_usempi",
    "ntasks": 392,
    "ncores": 392,
    "duration": 0.0,
    "nnodes": 7,
    "ranks": "[0-6]",
    "nodelist": "flux-sample-[1-7]",
    "success": true,
    "exception_occurred": false,
    "result": "COMPLETED",
    "expiration": 4837797384.0,
    "waitstatus": 0,
    "returncode": 0,
    "runtime": 0.2890150547027588,
    "exception": {
        "occurred": false,
        "severity": "",
        "type": "",
        "note": ""
    }
}