{
    "id": 2657460682752,
    "userid": 1234,
    "urgency": 16,
    "priority": 16,
    "t_submit": 1684197382.770864,
    "t_depend": 1684197382.78247,
    "t_run": 1684197382.7981026,
    "t_cleanup": 1684197383.0884154,
    "t_inactive": 1684197383.0904896,
    "state": "INACTIVE",
    "name": "hello_usempi",
    "ntasks": 392,
    "ncores": 392,
    "duration": 0.0,
    "nnodes": 7,
    "ranks": "[0-6]",
    "nodelist": "flux-sample-[1-7]",
    "success": true,
    "exception_occurred": false,
    "result": "COMPLETED",
    "expiration": 4837797382.0,
    "waitstatus": 0,
    "returncode": 0,
    "runtime": 0.2903127670288086,
    "exception": {
        "occurred": false,
        "severity": "",
        "type": "",
        "note": ""
    }
}