{
    "id": 2700225806336,
    "userid": 1234,
    "urgency": 16,
    "priority": 16,
    "t_submit": 1684197385.3196504,
    "t_depend": 1684197385.3312624,
    "t_run": 1684197385.3474994,
    "t_cleanup": 1684197385.6339138,
    "t_inactive": 1684197385.6358159,
    "state": "INACTIVE",
    "name": "hello_usempi",
    "ntasks": 392,
    "ncores": 392,
    "duration": 0.0,
    "nnodes": 7,
    "ranks": "[0-6]",
    "nodelist": "flux-sample-[1-7]",
    "success": true,
    "exception_occurred": false,
    "result": "COMPLETED",
    "expiration": 4837797385.0,
    "waitstatus": 0,
    "returncode": 0,
    "runtime": 0.28641438484191895,
    "exception": {
        "occurred": false,
        "severity": "",
        "type": "",
        "note": ""
    }
}