{
    "id": 2678901964800,
    "userid": 1234,
    "urgency": 16,
    "priority": 16,
    "t_submit": 1684197384.0484579,
    "t_depend": 1684197384.0603542,
    "t_run": 1684197384.0760725,
    "t_cleanup": 1684197384.3606303,
    "t_inactive": 1684197384.3626165,
    "state": "INACTIVE",
    "name": "hello_usempi",
    "ntasks": 392,
    "ncores": 392,
    "duration": 0.0,
    "nnodes": 7,
    "ranks": "[0-6]",
    "nodelist": "flux-sample-[1-7]",
    "success": true,
    "exception_occurred": false,
    "result": "COMPLETED",
    "expiration": 4837797384.0,
    "waitstatus": 0,
    "returncode": 0,
    "runtime": 0.2845578193664551,
    "exception": {
        "occurred": false,
        "severity": "",
        "type": "",
        "note": ""
    }
}