{
    "id": 2628436099072,
    "userid": 1234,
    "urgency": 16,
    "priority": 16,
    "t_submit": 1684197381.0406704,
    "t_depend": 1684197381.0521204,
    "t_run": 1684197381.0678866,
    "t_cleanup": 1684197381.3667378,
    "t_inactive": 1684197381.368638,
    "state": "INACTIVE",
    "name": "hello_usempi",
    "ntasks": 392,
    "ncores": 392,
    "duration": 0.0,
    "nnodes": 7,
    "ranks": "[0-6]",
    "nodelist": "flux-sample-[1-7]",
    "success": true,
    "exception_occurred": false,
    "result": "COMPLETED",
    "expiration": 4837797381.0,
    "waitstatus": 0,
    "returncode": 0,
    "runtime": 0.29885125160217285,
    "exception": {
        "occurred": false,
        "severity": "",
        "type": "",
        "note": ""
    }
}