{
    "id": 2650229702656,
    "userid": 1234,
    "urgency": 16,
    "priority": 16,
    "t_submit": 1684197382.3394308,
    "t_depend": 1684197382.3509564,
    "t_run": 1684197382.3664804,
    "t_cleanup": 1684197382.6680825,
    "t_inactive": 1684197382.670193,
    "state": "INACTIVE",
    "name": "hello_usempi",
    "ntasks": 392,
    "ncores": 392,
    "duration": 0.0,
    "nnodes": 7,
    "ranks": "[0-6]",
    "nodelist": "flux-sample-[1-7]",
    "success": true,
    "exception_occurred": false,
    "result": "COMPLETED",
    "expiration": 4837797382.0,
    "waitstatus": 0,
    "returncode": 0,
    "runtime": 0.3016021251678467,
    "exception": {
        "occurred": false,
        "severity": "",
        "type": "",
        "note": ""
    }
}