{
    "id": 2714352222208,
    "userid": 1234,
    "urgency": 16,
    "priority": 16,
    "t_submit": 1684197386.1616786,
    "t_depend": 1684197386.1735682,
    "t_run": 1684197386.1894271,
    "t_cleanup": 1684197386.476137,
    "t_inactive": 1684197386.4790566,
    "state": "INACTIVE",
    "name": "hello_usempi",
    "ntasks": 392,
    "ncores": 392,
    "duration": 0.0,
    "nnodes": 7,
    "ranks": "[0-6]",
    "nodelist": "flux-sample-[1-7]",
    "success": true,
    "exception_occurred": false,
    "result": "COMPLETED",
    "expiration": 4837797386.0,
    "waitstatus": 0,
    "returncode": 0,
    "runtime": 0.2867097854614258,
    "exception": {
        "occurred": false,
        "severity": "",
        "type": "",
        "note": ""
    }
}