{
    "id": 2707238682624,
    "userid": 1234,
    "urgency": 16,
    "priority": 16,
    "t_submit": 1684197385.737993,
    "t_depend": 1684197385.7497175,
    "t_run": 1684197385.765185,
    "t_cleanup": 1684197386.0592523,
    "t_inactive": 1684197386.0612059,
    "state": "INACTIVE",
    "name": "hello_usempi",
    "ntasks": 392,
    "ncores": 392,
    "duration": 0.0,
    "nnodes": 7,
    "ranks": "[0-6]",
    "nodelist": "flux-sample-[1-7]",
    "success": true,
    "exception_occurred": false,
    "result": "COMPLETED",
    "expiration": 4837797385.0,
    "waitstatus": 0,
    "returncode": 0,
    "runtime": 0.2940671443939209,
    "exception": {
        "occurred": false,
        "severity": "",
        "type": "",
        "note": ""
    }
}