{
    "id": 2635650301952,
    "userid": 1234,
    "urgency": 16,
    "priority": 16,
    "t_submit": 1684197381.4706397,
    "t_depend": 1684197381.4820907,
    "t_run": 1684197381.4976268,
    "t_cleanup": 1684197381.8002656,
    "t_inactive": 1684197381.8021216,
    "state": "INACTIVE",
    "name": "hello_usempi",
    "ntasks": 392,
    "ncores": 392,
    "duration": 0.0,
    "nnodes": 7,
    "ranks": "[0-6]",
    "nodelist": "flux-sample-[1-7]",
    "success": true,
    "exception_occurred": false,
    "result": "COMPLETED",
    "expiration": 4837797381.0,
    "waitstatus": 0,
    "returncode": 0,
    "runtime": 0.3026387691497803,
    "exception": {
        "occurred": false,
        "severity": "",
        "type": "",
        "note": ""
    }
}