{
    "id": 2671570321408,
    "userid": 1234,
    "urgency": 16,
    "priority": 16,
    "t_submit": 1684197383.611551,
    "t_depend": 1684197383.6233075,
    "t_run": 1684197383.639124,
    "t_cleanup": 1684197383.943713,
    "t_inactive": 1684197383.9457576,
    "state": "INACTIVE",
    "name": "hello_usempi",
    "ntasks": 392,
    "ncores": 392,
    "duration": 0.0,
    "nnodes": 7,
    "ranks": "[0-6]",
    "nodelist": "flux-sample-[1-7]",
    "success": true,
    "exception_occurred": false,
    "result": "COMPLETED",
    "expiration": 4837797383.0,
    "waitstatus": 0,
    "returncode": 0,
    "runtime": 0.30458903312683105,
    "exception": {
        "occurred": false,
        "severity": "",
        "type": "",
        "note": ""
    }
}