{
    "id": 2614108356608,
    "userid": 1234,
    "urgency": 16,
    "priority": 16,
    "t_submit": 1684197380.1872346,
    "t_depend": 1684197380.1988177,
    "t_run": 1684197380.2141376,
    "t_cleanup": 1684197380.5069098,
    "t_inactive": 1684197380.5110915,
    "state": "INACTIVE",
    "name": "hello_usempi",
    "ntasks": 392,
    "ncores": 392,
    "duration": 0.0,
    "nnodes": 7,
    "ranks": "[0-6]",
    "nodelist": "flux-sample-[1-7]",
    "success": true,
    "exception_occurred": false,
    "result": "COMPLETED",
    "expiration": 4837797380.0,
    "waitstatus": 0,
    "returncode": 0,
    "runtime": 0.2927722930908203,
    "exception": {
        "occurred": false,
        "severity": "",
        "type": "",
        "note": ""
    }
}