{
    "id": 2664507113472,
    "userid": 1234,
    "urgency": 16,
    "priority": 16,
    "t_submit": 1684197383.1906497,
    "t_depend": 1684197383.202227,
    "t_run": 1684197383.2181203,
    "t_cleanup": 1684197383.509447,
    "t_inactive": 1684197383.5114148,
    "state": "INACTIVE",
    "name": "hello_usempi",
    "ntasks": 392,
    "ncores": 392,
    "duration": 0.0,
    "nnodes": 7,
    "ranks": "[0-6]",
    "nodelist": "flux-sample-[1-7]",
    "success": true,
    "exception_occurred": false,
    "result": "COMPLETED",
    "expiration": 4837797383.0,
    "waitstatus": 0,
    "returncode": 0,
    "runtime": 0.29132676124572754,
    "exception": {
        "occurred": false,
        "severity": "",
        "type": "",
        "note": ""
    }
}