{
    "id": 1726660739072,
    "userid": 1000,
    "urgency": 16,
    "priority": 16,
    "t_submit": 1690229206.1870291,
    "t_depend": 1690229206.1870291,
    "t_run": 1690229206.201851,
    "t_cleanup": 1690229220.903182,
    "t_inactive": 1690229220.9050398,
    "state": "INACTIVE",
    "name": "lmp",
    "ntasks": 16,
    "duration": 0.0,
    "nnodes": 4,
    "ranks": "[0-3]",
    "nodelist": "flux-sample-[4-7]",
    "success": true,
    "exception_occurred": false,
    "result": "COMPLETED",
    "expiration": 4843829206.0,
    "waitstatus": 0,
    "returncode": 0,
    "runtime": 14.70133113861084,
    "exception": {
        "occurred": false,
        "severity": "",
        "type": "",
        "note": ""
    }
}