{
    "id": 3993799491584,
    "userid": 1000,
    "urgency": 16,
    "priority": 16,
    "t_submit": 1690229341.3190098,
    "t_depend": 1690229341.3190098,
    "t_run": 1690229341.3340023,
    "t_cleanup": 1690229355.8841207,
    "t_inactive": 1690229355.8860245,
    "state": "INACTIVE",
    "name": "lmp",
    "ntasks": 16,
    "duration": 0.0,
    "nnodes": 4,
    "ranks": "[0-3]",
    "nodelist": "flux-sample-[4-7]",
    "success": true,
    "exception_occurred": false,
    "result": "COMPLETED",
    "expiration": 4843829341.0,
    "waitstatus": 0,
    "returncode": 0,
    "runtime": 14.550118446350098,
    "exception": {
        "occurred": false,
        "severity": "",
        "type": "",
        "note": ""
    }
}