{
    "id": 2729955033088,
    "userid": 1000,
    "urgency": 16,
    "priority": 16,
    "t_submit": 1690229265.9875848,
    "t_depend": 1690229265.9875848,
    "t_run": 1690229266.002446,
    "t_cleanup": 1690229280.9046419,
    "t_inactive": 1690229280.9065502,
    "state": "INACTIVE",
    "name": "lmp",
    "ntasks": 16,
    "duration": 0.0,
    "nnodes": 4,
    "ranks": "[0-3]",
    "nodelist": "flux-sample-[4-7]",
    "success": true,
    "exception_occurred": false,
    "result": "COMPLETED",
    "expiration": 4843829265.0,
    "waitstatus": 0,
    "returncode": 0,
    "runtime": 14.902195930480957,
    "exception": {
        "occurred": false,
        "severity": "",
        "type": "",
        "note": ""
    }
}