{
    "id": 4753320837120,
    "userid": 1000,
    "urgency": 16,
    "priority": 16,
    "t_submit": 1690229386.5900788,
    "t_depend": 1690229386.5900788,
    "t_run": 1690229386.605205,
    "t_cleanup": 1690229400.9385293,
    "t_inactive": 1690229400.9406471,
    "state": "INACTIVE",
    "name": "lmp",
    "ntasks": 16,
    "duration": 0.0,
    "nnodes": 4,
    "ranks": "[0-3]",
    "nodelist": "flux-sample-[4-7]",
    "success": true,
    "exception_occurred": false,
    "result": "COMPLETED",
    "expiration": 4843829386.0,
    "waitstatus": 0,
    "returncode": 0,
    "runtime": 14.333324193954468,
    "exception": {
        "occurred": false,
        "severity": "",
        "type": "",
        "note": ""
    }
}