{
    "id": 1980164472832,
    "userid": 1000,
    "urgency": 16,
    "priority": 16,
    "t_submit": 1690229221.296426,
    "t_depend": 1690229221.296426,
    "t_run": 1690229221.3110967,
    "t_cleanup": 1690229235.4318767,
    "t_inactive": 1690229235.4339743,
    "state": "INACTIVE",
    "name": "lmp",
    "ntasks": 16,
    "duration": 0.0,
    "nnodes": 4,
    "ranks": "[0-3]",
    "nodelist": "flux-sample-[4-7]",
    "success": true,
    "exception_occurred": false,
    "result": "COMPLETED",
    "expiration": 4843829221.0,
    "waitstatus": 0,
    "returncode": 0,
    "runtime": 14.120779991149902,
    "exception": {
        "occurred": false,
        "severity": "",
        "type": "",
        "note": ""
    }
}