{
    "id": 960109740032,
    "userid": 1000,
    "urgency": 16,
    "priority": 16,
    "t_submit": 1690229160.4966698,
    "t_depend": 1690229160.4966698,
    "t_run": 1690229160.511379,
    "t_cleanup": 1690229175.2936094,
    "t_inactive": 1690229175.2954502,
    "state": "INACTIVE",
    "name": "lmp",
    "ntasks": 16,
    "duration": 0.0,
    "nnodes": 4,
    "ranks": "[0-3]",
    "nodelist": "flux-sample-[4-7]",
    "success": true,
    "exception_occurred": false,
    "result": "COMPLETED",
    "expiration": 4843829160.0,
    "waitstatus": 0,
    "returncode": 0,
    "runtime": 14.782230377197266,
    "exception": {
        "occurred": false,
        "severity": "",
        "type": "",
        "note": ""
    }
}