{
    "id": 1465137496064,
    "userid": 1000,
    "urgency": 16,
    "priority": 16,
    "t_submit": 1690229190.598615,
    "t_depend": 1690229190.598615,
    "t_run": 1690229190.613397,
    "t_cleanup": 1690229205.7965488,
    "t_inactive": 1690229205.7983713,
    "state": "INACTIVE",
    "name": "lmp",
    "ntasks": 16,
    "duration": 0.0,
    "nnodes": 4,
    "ranks": "[0-3]",
    "nodelist": "flux-sample-[4-7]",
    "success": true,
    "exception_occurred": false,
    "result": "COMPLETED",
    "expiration": 4843829190.0,
    "waitstatus": 0,
    "returncode": 0,
    "runtime": 15.183151960372925,
    "exception": {
        "occurred": false,
        "severity": "",
        "type": "",
        "note": ""
    }
}