{
    "id": 1214989205504,
    "userid": 1000,
    "urgency": 16,
    "priority": 16,
    "t_submit": 1690229175.6884534,
    "t_depend": 1690229175.6884534,
    "t_run": 1690229175.703326,
    "t_cleanup": 1690229190.213714,
    "t_inactive": 1690229190.2155013,
    "state": "INACTIVE",
    "name": "lmp",
    "ntasks": 16,
    "duration": 0.0,
    "nnodes": 4,
    "ranks": "[0-3]",
    "nodelist": "flux-sample-[4-7]",
    "success": true,
    "exception_occurred": false,
    "result": "COMPLETED",
    "expiration": 4843829175.0,
    "waitstatus": 0,
    "returncode": 0,
    "runtime": 14.510387897491455,
    "exception": {
        "occurred": false,
        "severity": "",
        "type": "",
        "note": ""
    }
}