{
    "id": 5496165629952,
    "userid": 1000,
    "urgency": 16,
    "priority": 16,
    "t_submit": 1690229430.8670847,
    "t_depend": 1690229430.8670847,
    "t_run": 1690229430.8820722,
    "t_cleanup": 1690229444.9940248,
    "t_inactive": 1690229444.9961383,
    "state": "INACTIVE",
    "name": "lmp",
    "ntasks": 16,
    "duration": 0.0,
    "nnodes": 4,
    "ranks": "[0-3]",
    "nodelist": "flux-sample-[4-7]",
    "success": true,
    "exception_occurred": false,
    "result": "COMPLETED",
    "expiration": 4843829430.0,
    "waitstatus": 0,
    "returncode": 0,
    "runtime": 14.111952543258667,
    "exception": {
        "occurred": false,
        "severity": "",
        "type": "",
        "note": ""
    }
}