{
    "id": 3491925852160,
    "userid": 1000,
    "urgency": 16,
    "priority": 16,
    "t_submit": 1690229311.4042914,
    "t_depend": 1690229311.4042914,
    "t_run": 1690229311.4194286,
    "t_cleanup": 1690229325.903332,
    "t_inactive": 1690229325.9051833,
    "state": "INACTIVE",
    "name": "lmp",
    "ntasks": 16,
    "duration": 0.0,
    "nnodes": 4,
    "ranks": "[0-3]",
    "nodelist": "flux-sample-[4-7]",
    "success": true,
    "exception_occurred": false,
    "result": "COMPLETED",
    "expiration": 4843829311.0,
    "waitstatus": 0,
    "returncode": 0,
    "runtime": 14.483903408050537,
    "exception": {
        "occurred": false,
        "severity": "",
        "type": "",
        "note": ""
    }
}