{
    "id": 2986797432832,
    "userid": 1000,
    "urgency": 16,
    "priority": 16,
    "t_submit": 1690229281.2971022,
    "t_depend": 1690229281.2971022,
    "t_run": 1690229281.3120084,
    "t_cleanup": 1690229296.3342397,
    "t_inactive": 1690229296.3361442,
    "state": "INACTIVE",
    "name": "lmp",
    "ntasks": 16,
    "duration": 0.0,
    "nnodes": 4,
    "ranks": "[0-3]",
    "nodelist": "flux-sample-[4-7]",
    "success": true,
    "exception_occurred": false,
    "result": "COMPLETED",
    "expiration": 4843829281.0,
    "waitstatus": 0,
    "returncode": 0,
    "runtime": 15.022231340408325,
    "exception": {
        "occurred": false,
        "severity": "",
        "type": "",
        "note": ""
    }
}