{
    "id": 4497585733632,
    "userid": 1000,
    "urgency": 16,
    "priority": 16,
    "t_submit": 1690229371.3466012,
    "t_depend": 1690229371.3466012,
    "t_run": 1690229371.361487,
    "t_cleanup": 1690229386.2001991,
    "t_inactive": 1690229386.2021904,
    "state": "INACTIVE",
    "name": "lmp",
    "ntasks": 16,
    "duration": 0.0,
    "nnodes": 4,
    "ranks": "[0-3]",
    "nodelist": "flux-sample-[4-7]",
    "success": true,
    "exception_occurred": false,
    "result": "COMPLETED",
    "expiration": 4843829371.0,
    "waitstatus": 0,
    "returncode": 0,
    "runtime": 14.838712215423584,
    "exception": {
        "occurred": false,
        "severity": "",
        "type": "",
        "note": ""
    }
}