{
    "id": 4244652425216,
    "userid": 1000,
    "urgency": 16,
    "priority": 16,
    "t_submit": 1690229356.2711563,
    "t_depend": 1690229356.2711563,
    "t_run": 1690229356.2862027,
    "t_cleanup": 1690229370.9575279,
    "t_inactive": 1690229370.9595153,
    "state": "INACTIVE",
    "name": "lmp",
    "ntasks": 16,
    "duration": 0.0,
    "nnodes": 4,
    "ranks": "[0-3]",
    "nodelist": "flux-sample-[4-7]",
    "success": true,
    "exception_occurred": false,
    "result": "COMPLETED",
    "expiration": 4843829356.0,
    "waitstatus": 0,
    "returncode": 0,
    "runtime": 14.671325206756592,
    "exception": {
        "occurred": false,
        "severity": "",
        "type": "",
        "note": ""
    }
}