{
    "id": 1214754324480,
    "userid": 1234,
    "urgency": 16,
    "priority": 16,
    "t_submit": 1684197802.6254408,
    "t_depend": 1684197802.6367931,
    "t_run": 1684197802.6510663,
    "t_cleanup": 1684197802.8899446,
    "t_inactive": 1684197802.8917222,
    "state": "INACTIVE",
    "name": "hello_c",
    "ntasks": 280,
    "ncores": 280,
    "duration": 0.0,
    "nnodes": 5,
    "ranks": "[0-4]",
    "nodelist": "flux-sample-[3-7]",
    "success": true,
    "exception_occurred": false,
    "result": "COMPLETED",
    "expiration": 4837797802.0,
    "waitstatus": 0,
    "returncode": 0,
    "runtime": 0.2388782501220703,
    "exception": {
        "occurred": false,
        "severity": "",
        "type": "",
        "note": ""
    }
}