{
    "id": 1240591237120,
    "userid": 1234,
    "urgency": 16,
    "priority": 16,
    "t_submit": 1684197804.1659615,
    "t_depend": 1684197804.1774933,
    "t_run": 1684197804.1912715,
    "t_cleanup": 1684197804.4485886,
    "t_inactive": 1684197804.450439,
    "state": "INACTIVE",
    "name": "hello_c",
    "ntasks": 280,
    "ncores": 280,
    "duration": 0.0,
    "nnodes": 5,
    "ranks": "[0-4]",
    "nodelist": "flux-sample-[3-7]",
    "success": true,
    "exception_occurred": false,
    "result": "COMPLETED",
    "expiration": 4837797804.0,
    "waitstatus": 0,
    "returncode": 0,
    "runtime": 0.25731706619262695,
    "exception": {
        "occurred": false,
        "severity": "",
        "type": "",
        "note": ""
    }
}