{
    "id": 1194370007040,
    "userid": 1234,
    "urgency": 16,
    "priority": 16,
    "t_submit": 1684197801.4107082,
    "t_depend": 1684197801.4220164,
    "t_run": 1684197801.4363005,
    "t_cleanup": 1684197801.6948352,
    "t_inactive": 1684197801.6963968,
    "state": "INACTIVE",
    "name": "hello_c",
    "ntasks": 280,
    "ncores": 280,
    "duration": 0.0,
    "nnodes": 5,
    "ranks": "[0-4]",
    "nodelist": "flux-sample-[3-7]",
    "success": true,
    "exception_occurred": false,
    "result": "COMPLETED",
    "expiration": 4837797801.0,
    "waitstatus": 0,
    "returncode": 0,
    "runtime": 0.25853466987609863,
    "exception": {
        "occurred": false,
        "severity": "",
        "type": "",
        "note": ""
    }
}