{
    "id": 1279698927616,
    "userid": 1234,
    "urgency": 16,
    "priority": 16,
    "t_submit": 1684197806.4971027,
    "t_depend": 1684197806.5085135,
    "t_run": 1684197806.522537,
    "t_cleanup": 1684197806.7826347,
    "t_inactive": 1684197806.7842917,
    "state": "INACTIVE",
    "name": "hello_c",
    "ntasks": 280,
    "ncores": 280,
    "duration": 0.0,
    "nnodes": 5,
    "ranks": "[0-4]",
    "nodelist": "flux-sample-[3-7]",
    "success": true,
    "exception_occurred": false,
    "result": "COMPLETED",
    "expiration": 4837797806.0,
    "waitstatus": 0,
    "returncode": 0,
    "runtime": 0.2600977420806885,
    "exception": {
        "occurred": false,
        "severity": "",
        "type": "",
        "note": ""
    }
}