{
    "id": 1220928339968,
    "userid": 1234,
    "urgency": 16,
    "priority": 16,
    "t_submit": 1684197802.9939036,
    "t_depend": 1684197803.0054216,
    "t_run": 1684197803.0200362,
    "t_cleanup": 1684197803.283879,
    "t_inactive": 1684197803.2853825,
    "state": "INACTIVE",
    "name": "hello_c",
    "ntasks": 280,
    "ncores": 280,
    "duration": 0.0,
    "nnodes": 5,
    "ranks": "[0-4]",
    "nodelist": "flux-sample-[3-7]",
    "success": true,
    "exception_occurred": false,
    "result": "COMPLETED",
    "expiration": 4837797803.0,
    "waitstatus": 0,
    "returncode": 0,
    "runtime": 0.2638428211212158,
    "exception": {
        "occurred": false,
        "severity": "",
        "type": "",
        "note": ""
    }
}