{
    "id": 1286258819072,
    "userid": 1234,
    "urgency": 16,
    "priority": 16,
    "t_submit": 1684197806.8875127,
    "t_depend": 1684197806.8988905,
    "t_run": 1684197806.9129527,
    "t_cleanup": 1684197807.1691957,
    "t_inactive": 1684197807.1708853,
    "state": "INACTIVE",
    "name": "hello_c",
    "ntasks": 280,
    "ncores": 280,
    "duration": 0.0,
    "nnodes": 5,
    "ranks": "[0-4]",
    "nodelist": "flux-sample-[3-7]",
    "success": true,
    "exception_occurred": false,
    "result": "COMPLETED",
    "expiration": 4837797806.0,
    "waitstatus": 0,
    "returncode": 0,
    "runtime": 0.2562429904937744,
    "exception": {
        "occurred": false,
        "severity": "",
        "type": "",
        "note": ""
    }
}