{
    "id": 1272837046272,
    "userid": 1234,
    "urgency": 16,
    "priority": 16,
    "t_submit": 1684197806.0876007,
    "t_depend": 1684197806.0989609,
    "t_run": 1684197806.1129863,
    "t_cleanup": 1684197806.3922276,
    "t_inactive": 1684197806.394515,
    "state": "INACTIVE",
    "name": "hello_c",
    "ntasks": 280,
    "ncores": 280,
    "duration": 0.0,
    "nnodes": 5,
    "ranks": "[0-4]",
    "nodelist": "flux-sample-[3-7]",
    "success": true,
    "exception_occurred": false,
    "result": "COMPLETED",
    "expiration": 4837797806.0,
    "waitstatus": 0,
    "returncode": 0,
    "runtime": 0.27924132347106934,
    "exception": {
        "occurred": false,
        "severity": "",
        "type": "",
        "note": ""
    }
}