{
    "id": 1234215895040,
    "userid": 1234,
    "urgency": 16,
    "priority": 16,
    "t_submit": 1684197803.7856035,
    "t_depend": 1684197803.7970097,
    "t_run": 1684197803.8112733,
    "t_cleanup": 1684197804.0626106,
    "t_inactive": 1684197804.0640488,
    "state": "INACTIVE",
    "name": "hello_c",
    "ntasks": 280,
    "ncores": 280,
    "duration": 0.0,
    "nnodes": 5,
    "ranks": "[0-4]",
    "nodelist": "flux-sample-[3-7]",
    "success": true,
    "exception_occurred": false,
    "result": "COMPLETED",
    "expiration": 4837797803.0,
    "waitstatus": 0,
    "returncode": 0,
    "runtime": 0.25133728981018066,
    "exception": {
        "occurred": false,
        "severity": "",
        "type": "",
        "note": ""
    }
}