{
    "id": 1305586171904,
    "userid": 1234,
    "urgency": 16,
    "priority": 16,
    "t_submit": 1684197808.039463,
    "t_depend": 1684197808.0507927,
    "t_run": 1684197808.064955,
    "t_cleanup": 1684197808.3115985,
    "t_inactive": 1684197808.3132381,
    "state": "INACTIVE",
    "name": "hello_c",
    "ntasks": 280,
    "ncores": 280,
    "duration": 0.0,
    "nnodes": 5,
    "ranks": "[0-4]",
    "nodelist": "flux-sample-[3-7]",
    "success": true,
    "exception_occurred": false,
    "result": "COMPLETED",
    "expiration": 4837797808.0,
    "waitstatus": 0,
    "returncode": 0,
    "runtime": 0.2466435432434082,
    "exception": {
        "occurred": false,
        "severity": "",
        "type": "",
        "note": ""
    }
}