{
    "id": 1311911182336,
    "userid": 1234,
    "urgency": 16,
    "priority": 16,
    "t_submit": 1684197808.416485,
    "t_depend": 1684197808.4277358,
    "t_run": 1684197808.441801,
    "t_cleanup": 1684197808.7012393,
    "t_inactive": 1684197808.7030003,
    "state": "INACTIVE",
    "name": "hello_c",
    "ntasks": 280,
    "ncores": 280,
    "duration": 0.0,
    "nnodes": 5,
    "ranks": "[0-4]",
    "nodelist": "flux-sample-[3-7]",
    "success": true,
    "exception_occurred": false,
    "result": "COMPLETED",
    "expiration": 4837797808.0,
    "waitstatus": 0,
    "returncode": 0,
    "runtime": 0.25943827629089355,
    "exception": {
        "occurred": false,
        "severity": "",
        "type": "",
        "note": ""
    }
}