{
    "id": 1253576802304,
    "userid": 1234,
    "urgency": 16,
    "priority": 16,
    "t_submit": 1684197804.9394777,
    "t_depend": 1684197804.950717,
    "t_run": 1684197804.9646525,
    "t_cleanup": 1684197805.2322297,
    "t_inactive": 1684197805.2338262,
    "state": "INACTIVE",
    "name": "hello_c",
    "ntasks": 280,
    "ncores": 280,
    "duration": 0.0,
    "nnodes": 5,
    "ranks": "[0-4]",
    "nodelist": "flux-sample-[3-7]",
    "success": true,
    "exception_occurred": false,
    "result": "COMPLETED",
    "expiration": 4837797804.0,
    "waitstatus": 0,
    "returncode": 0,
    "runtime": 0.2675771713256836,
    "exception": {
        "occurred": false,
        "severity": "",
        "type": "",
        "note": ""
    }
}