{
    "id": 1247084019712,
    "userid": 1234,
    "urgency": 16,
    "priority": 16,
    "t_submit": 1684197804.552788,
    "t_depend": 1684197804.5642328,
    "t_run": 1684197804.5785513,
    "t_cleanup": 1684197804.829923,
    "t_inactive": 1684197804.8314843,
    "state": "INACTIVE",
    "name": "hello_c",
    "ntasks": 280,
    "ncores": 280,
    "duration": 0.0,
    "nnodes": 5,
    "ranks": "[0-4]",
    "nodelist": "flux-sample-[3-7]",
    "success": true,
    "exception_occurred": false,
    "result": "COMPLETED",
    "expiration": 4837797804.0,
    "waitstatus": 0,
    "returncode": 0,
    "runtime": 0.2513716220855713,
    "exception": {
        "occurred": false,
        "severity": "",
        "type": "",
        "note": ""
    }
}