{
    "id": 1227538563072,
    "userid": 1234,
    "urgency": 16,
    "priority": 16,
    "t_submit": 1684197803.3880463,
    "t_depend": 1684197803.3993723,
    "t_run": 1684197803.4134927,
    "t_cleanup": 1684197803.6815896,
    "t_inactive": 1684197803.6834137,
    "state": "INACTIVE",
    "name": "hello_c",
    "ntasks": 280,
    "ncores": 280,
    "duration": 0.0,
    "nnodes": 5,
    "ranks": "[0-4]",
    "nodelist": "flux-sample-[3-7]",
    "success": true,
    "exception_occurred": false,
    "result": "COMPLETED",
    "expiration": 4837797803.0,
    "waitstatus": 0,
    "returncode": 0,
    "runtime": 0.268096923828125,
    "exception": {
        "occurred": false,
        "severity": "",
        "type": "",
        "note": ""
    }
}