{
    "id": 388208001024,
    "userid": 1234,
    "urgency": 16,
    "priority": 16,
    "t_submit": 1684197307.5334527,
    "t_depend": 1684197307.544612,
    "t_run": 1684197307.5576997,
    "t_cleanup": 1684197307.9035733,
    "t_inactive": 1684197307.905076,
    "state": "INACTIVE",
    "name": "hello_c",
    "ntasks": 56,
    "ncores": 56,
    "duration": 0.0,
    "nnodes": 1,
    "ranks": "0",
    "nodelist": "flux-sample-0",
    "success": true,
    "exception_occurred": false,
    "result": "COMPLETED",
    "expiration": 4837797307.0,
    "waitstatus": 0,
    "returncode": 0,
    "runtime": 0.3458735942840576,
    "exception": {
        "occurred": false,
        "severity": "",
        "type": "",
        "note": ""
    }
}