{
    "id": 308029685760,
    "userid": 1234,
    "urgency": 16,
    "priority": 16,
    "t_submit": 1684197302.7548594,
    "t_depend": 1684197302.7662537,
    "t_run": 1684197302.778939,
    "t_cleanup": 1684197303.153443,
    "t_inactive": 1684197303.1548662,
    "state": "INACTIVE",
    "name": "hello_c",
    "ntasks": 56,
    "ncores": 56,
    "duration": 0.0,
    "nnodes": 1,
    "ranks": "0",
    "nodelist": "flux-sample-0",
    "success": true,
    "exception_occurred": false,
    "result": "COMPLETED",
    "expiration": 4837797302.0,
    "waitstatus": 0,
    "returncode": 0,
    "runtime": 0.37450408935546875,
    "exception": {
        "occurred": false,
        "severity": "",
        "type": "",
        "note": ""
    }
}