{
    "id": 372051542016,
    "userid": 1234,
    "urgency": 16,
    "priority": 16,
    "t_submit": 1684197306.5710175,
    "t_depend": 1684197306.5823195,
    "t_run": 1684197306.594989,
    "t_cleanup": 1684197306.977981,
    "t_inactive": 1684197306.9794755,
    "state": "INACTIVE",
    "name": "hello_c",
    "ntasks": 56,
    "ncores": 56,
    "duration": 0.0,
    "nnodes": 1,
    "ranks": "0",
    "nodelist": "flux-sample-0",
    "success": true,
    "exception_occurred": false,
    "result": "COMPLETED",
    "expiration": 4837797306.0,
    "waitstatus": 0,
    "returncode": 0,
    "runtime": 0.3829920291900635,
    "exception": {
        "occurred": false,
        "severity": "",
        "type": "",
        "note": ""
    }
}