{
    "id": 364199804928,
    "userid": 1234,
    "urgency": 16,
    "priority": 16,
    "t_submit": 1684197306.1028695,
    "t_depend": 1684197306.1140287,
    "t_run": 1684197306.1270819,
    "t_cleanup": 1684197306.4670105,
    "t_inactive": 1684197306.4686692,
    "state": "INACTIVE",
    "name": "hello_c",
    "ntasks": 56,
    "ncores": 56,
    "duration": 0.0,
    "nnodes": 1,
    "ranks": "0",
    "nodelist": "flux-sample-0",
    "success": true,
    "exception_occurred": false,
    "result": "COMPLETED",
    "expiration": 4837797306.0,
    "waitstatus": 0,
    "returncode": 0,
    "runtime": 0.33992862701416016,
    "exception": {
        "occurred": false,
        "severity": "",
        "type": "",
        "note": ""
    }
}