{
    "id": 404834222080,
    "userid": 1234,
    "urgency": 16,
    "priority": 16,
    "t_submit": 1684197308.525249,
    "t_depend": 1684197308.5363905,
    "t_run": 1684197308.5495822,
    "t_cleanup": 1684197308.8978834,
    "t_inactive": 1684197308.8994393,
    "state": "INACTIVE",
    "name": "hello_c",
    "ntasks": 56,
    "ncores": 56,
    "duration": 0.0,
    "nnodes": 1,
    "ranks": "0",
    "nodelist": "flux-sample-0",
    "success": true,
    "exception_occurred": false,
    "result": "COMPLETED",
    "expiration": 4837797308.0,
    "waitstatus": 0,
    "returncode": 0,
    "runtime": 0.3483011722564697,
    "exception": {
        "occurred": false,
        "severity": "",
        "type": "",
        "note": ""
    }
}