{
    "id": 380641476608,
    "userid": 1234,
    "urgency": 16,
    "priority": 16,
    "t_submit": 1684197307.0825074,
    "t_depend": 1684197307.0936801,
    "t_run": 1684197307.1069086,
    "t_cleanup": 1684197307.4295142,
    "t_inactive": 1684197307.4311373,
    "state": "INACTIVE",
    "name": "hello_c",
    "ntasks": 56,
    "ncores": 56,
    "duration": 0.0,
    "nnodes": 1,
    "ranks": "0",
    "nodelist": "flux-sample-0",
    "success": true,
    "exception_occurred": false,
    "result": "COMPLETED",
    "expiration": 4837797307.0,
    "waitstatus": 0,
    "returncode": 0,
    "runtime": 0.32260560989379883,
    "exception": {
        "occurred": false,
        "severity": "",
        "type": "",
        "note": ""
    }
}