{
    "id": 356146741248,
    "userid": 1234,
    "urgency": 16,
    "priority": 16,
    "t_submit": 1684197305.6227372,
    "t_depend": 1684197305.6339066,
    "t_run": 1684197305.646932,
    "t_cleanup": 1684197305.996841,
    "t_inactive": 1684197305.9984941,
    "state": "INACTIVE",
    "name": "hello_c",
    "ntasks": 56,
    "ncores": 56,
    "duration": 0.0,
    "nnodes": 1,
    "ranks": "0",
    "nodelist": "flux-sample-0",
    "success": true,
    "exception_occurred": false,
    "result": "COMPLETED",
    "expiration": 4837797305.0,
    "waitstatus": 0,
    "returncode": 0,
    "runtime": 0.34990906715393066,
    "exception": {
        "occurred": false,
        "severity": "",
        "type": "",
        "note": ""
    }
}