{
    "id": 291403464704,
    "userid": 1234,
    "urgency": 16,
    "priority": 16,
    "t_submit": 1684197301.7639098,
    "t_depend": 1684197301.7753026,
    "t_run": 1684197301.7883492,
    "t_cleanup": 1684197302.1434178,
    "t_inactive": 1684197302.1448724,
    "state": "INACTIVE",
    "name": "hello_c",
    "ntasks": 56,
    "ncores": 56,
    "duration": 0.0,
    "nnodes": 1,
    "ranks": "0",
    "nodelist": "flux-sample-0",
    "success": true,
    "exception_occurred": false,
    "result": "COMPLETED",
    "expiration": 4837797301.0,
    "waitstatus": 0,
    "returncode": 0,
    "runtime": 0.3550686836242676,
    "exception": {
        "occurred": false,
        "severity": "",
        "type": "",
        "note": ""
    }
}