{
    "id": 396143624192,
    "userid": 1234,
    "urgency": 16,
    "priority": 16,
    "t_submit": 1684197308.007062,
    "t_depend": 1684197308.018469,
    "t_run": 1684197308.0318148,
    "t_cleanup": 1684197308.4189348,
    "t_inactive": 1684197308.420613,
    "state": "INACTIVE",
    "name": "hello_c",
    "ntasks": 56,
    "ncores": 56,
    "duration": 0.0,
    "nnodes": 1,
    "ranks": "0",
    "nodelist": "flux-sample-0",
    "success": true,
    "exception_occurred": false,
    "result": "COMPLETED",
    "expiration": 4837797308.0,
    "waitstatus": 0,
    "returncode": 0,
    "runtime": 0.38712000846862793,
    "exception": {
        "occurred": false,
        "severity": "",
        "type": "",
        "note": ""
    }
}