{
    "id": 323783491584,
    "userid": 1234,
    "urgency": 16,
    "priority": 16,
    "t_submit": 1684197303.6940815,
    "t_depend": 1684197303.7056699,
    "t_run": 1684197303.718994,
    "t_cleanup": 1684197304.101847,
    "t_inactive": 1684197304.103398,
    "state": "INACTIVE",
    "name": "hello_c",
    "ntasks": 56,
    "ncores": 56,
    "duration": 0.0,
    "nnodes": 1,
    "ranks": "0",
    "nodelist": "flux-sample-0",
    "success": true,
    "exception_occurred": false,
    "result": "COMPLETED",
    "expiration": 4837797303.0,
    "waitstatus": 0,
    "returncode": 0,
    "runtime": 0.38285303115844727,
    "exception": {
        "occurred": false,
        "severity": "",
        "type": "",
        "note": ""
    }
}