{
    "id": 282981302272,
    "userid": 1234,
    "urgency": 16,
    "priority": 16,
    "t_submit": 1684197301.2617753,
    "t_depend": 1684197301.2729945,
    "t_run": 1684197301.2861915,
    "t_cleanup": 1684197301.6588945,
    "t_inactive": 1684197301.6604433,
    "state": "INACTIVE",
    "name": "hello_c",
    "ntasks": 56,
    "ncores": 56,
    "duration": 0.0,
    "nnodes": 1,
    "ranks": "0",
    "nodelist": "flux-sample-0",
    "success": true,
    "exception_occurred": false,
    "result": "COMPLETED",
    "expiration": 4837797301.0,
    "waitstatus": 0,
    "returncode": 0,
    "runtime": 0.37270307540893555,
    "exception": {
        "occurred": false,
        "severity": "",
        "type": "",
        "note": ""
    }
}