{
    "id": 919290773504,
    "userid": 1234,
    "urgency": 16,
    "priority": 16,
    "t_submit": 1684196970.187818,
    "t_depend": 1684196970.1990294,
    "t_run": 1684196970.213724,
    "t_cleanup": 1684196970.5388005,
    "t_inactive": 1684196970.5401416,
    "state": "INACTIVE",
    "name": "hello_c",
    "ntasks": 448,
    "ncores": 448,
    "duration": 0.0,
    "nnodes": 8,
    "ranks": "[0-7]",
    "nodelist": "flux-sample-[0-7]",
    "success": true,
    "exception_occurred": false,
    "result": "COMPLETED",
    "expiration": 4837796970.0,
    "waitstatus": 0,
    "returncode": 0,
    "runtime": 0.3250765800476074,
    "exception": {
        "occurred": false,
        "severity": "",
        "type": "",
        "note": ""
    }
}