{
    "id": 941721911296,
    "userid": 1234,
    "urgency": 16,
    "priority": 16,
    "t_submit": 1684196971.5252376,
    "t_depend": 1684196971.5363796,
    "t_run": 1684196971.551203,
    "t_cleanup": 1684196971.8968368,
    "t_inactive": 1684196971.8985624,
    "state": "INACTIVE",
    "name": "hello_c",
    "ntasks": 448,
    "ncores": 448,
    "duration": 0.0,
    "nnodes": 8,
    "ranks": "[0-7]",
    "nodelist": "flux-sample-[0-7]",
    "success": true,
    "exception_occurred": false,
    "result": "COMPLETED",
    "expiration": 4837796971.0,
    "waitstatus": 0,
    "returncode": 0,
    "runtime": 0.34563374519348145,
    "exception": {
        "occurred": false,
        "severity": "",
        "type": "",
        "note": ""
    }
}