{
    "id": 853624750080,
    "userid": 1234,
    "urgency": 16,
    "priority": 16,
    "t_submit": 1684196966.273803,
    "t_depend": 1684196966.2851543,
    "t_run": 1684196966.2998269,
    "t_cleanup": 1684196966.5918937,
    "t_inactive": 1684196966.5932443,
    "state": "INACTIVE",
    "name": "hello_c",
    "ntasks": 448,
    "ncores": 448,
    "duration": 0.0,
    "nnodes": 8,
    "ranks": "[0-7]",
    "nodelist": "flux-sample-[0-7]",
    "success": true,
    "exception_occurred": false,
    "result": "COMPLETED",
    "expiration": 4837796966.0,
    "waitstatus": 0,
    "returncode": 0,
    "runtime": 0.2920668125152588,
    "exception": {
        "occurred": false,
        "severity": "",
        "type": "",
        "note": ""
    }
}