{
    "id": 912160456704,
    "userid": 1234,
    "urgency": 16,
    "priority": 16,
    "t_submit": 1684196969.7626183,
    "t_depend": 1684196969.7738478,
    "t_run": 1684196969.7884533,
    "t_cleanup": 1684196970.0789719,
    "t_inactive": 1684196970.0803056,
    "state": "INACTIVE",
    "name": "hello_c",
    "ntasks": 448,
    "ncores": 448,
    "duration": 0.0,
    "nnodes": 8,
    "ranks": "[0-7]",
    "nodelist": "flux-sample-[0-7]",
    "success": true,
    "exception_occurred": false,
    "result": "COMPLETED",
    "expiration": 4837796969.0,
    "waitstatus": 0,
    "returncode": 0,
    "runtime": 0.29051852226257324,
    "exception": {
        "occurred": false,
        "severity": "",
        "type": "",
        "note": ""
    }
}