{
    "id": 838844022784,
    "userid": 1234,
    "urgency": 16,
    "priority": 16,
    "t_submit": 1684196965.3927727,
    "t_depend": 1684196965.4039764,
    "t_run": 1684196965.4186296,
    "t_cleanup": 1684196965.7208652,
    "t_inactive": 1684196965.722389,
    "state": "INACTIVE",
    "name": "hello_c",
    "ntasks": 448,
    "ncores": 448,
    "duration": 0.0,
    "nnodes": 8,
    "ranks": "[0-7]",
    "nodelist": "flux-sample-[0-7]",
    "success": true,
    "exception_occurred": false,
    "result": "COMPLETED",
    "expiration": 4837796965.0,
    "waitstatus": 0,
    "returncode": 0,
    "runtime": 0.30223560333251953,
    "exception": {
        "occurred": false,
        "severity": "",
        "type": "",
        "note": ""
    }
}