{
    "id": 881978245120,
    "userid": 1234,
    "urgency": 16,
    "priority": 16,
    "t_submit": 1684196967.9639654,
    "t_depend": 1684196967.975203,
    "t_run": 1684196967.9899573,
    "t_cleanup": 1684196968.3274748,
    "t_inactive": 1684196968.3291128,
    "state": "INACTIVE",
    "name": "hello_c",
    "ntasks": 448,
    "ncores": 448,
    "duration": 0.0,
    "nnodes": 8,
    "ranks": "[0-7]",
    "nodelist": "flux-sample-[0-7]",
    "success": true,
    "exception_occurred": false,
    "result": "COMPLETED",
    "expiration": 4837796967.0,
    "waitstatus": 0,
    "returncode": 0,
    "runtime": 0.33751749992370605,
    "exception": {
        "occurred": false,
        "severity": "",
        "type": "",
        "note": ""
    }
}