{
    "id": 860755066880,
    "userid": 1234,
    "urgency": 16,
    "priority": 16,
    "t_submit": 1684196966.6993265,
    "t_depend": 1684196966.710662,
    "t_run": 1684196966.7256718,
    "t_cleanup": 1684196967.008608,
    "t_inactive": 1684196967.0099688,
    "state": "INACTIVE",
    "name": "hello_c",
    "ntasks": 448,
    "ncores": 448,
    "duration": 0.0,
    "nnodes": 8,
    "ranks": "[0-7]",
    "nodelist": "flux-sample-[0-7]",
    "success": true,
    "exception_occurred": false,
    "result": "COMPLETED",
    "expiration": 4837796966.0,
    "waitstatus": 0,
    "returncode": 0,
    "runtime": 0.28293633460998535,
    "exception": {
        "occurred": false,
        "severity": "",
        "type": "",
        "note": ""
    }
}