{
    "id": 957173727232,
    "userid": 1234,
    "urgency": 16,
    "priority": 16,
    "t_submit": 1684196972.4460382,
    "t_depend": 1684196972.457323,
    "t_run": 1684196972.4719832,
    "t_cleanup": 1684196972.8103907,
    "t_inactive": 1684196972.8120167,
    "state": "INACTIVE",
    "name": "hello_c",
    "ntasks": 448,
    "ncores": 448,
    "duration": 0.0,
    "nnodes": 8,
    "ranks": "[0-7]",
    "nodelist": "flux-sample-[0-7]",
    "success": true,
    "exception_occurred": false,
    "result": "COMPLETED",
    "expiration": 4837796972.0,
    "waitstatus": 0,
    "returncode": 0,
    "runtime": 0.3384075164794922,
    "exception": {
        "occurred": false,
        "severity": "",
        "type": "",
        "note": ""
    }
}