{
    "id": 897480392704,
    "userid": 1234,
    "urgency": 16,
    "priority": 16,
    "t_submit": 1684196968.8882253,
    "t_depend": 1684196968.899537,
    "t_run": 1684196968.9144125,
    "t_cleanup": 1684196969.207014,
    "t_inactive": 1684196969.2083774,
    "state": "INACTIVE",
    "name": "hello_c",
    "ntasks": 448,
    "ncores": 448,
    "duration": 0.0,
    "nnodes": 8,
    "ranks": "[0-7]",
    "nodelist": "flux-sample-[0-7]",
    "success": true,
    "exception_occurred": false,
    "result": "COMPLETED",
    "expiration": 4837796968.0,
    "waitstatus": 0,
    "returncode": 0,
    "runtime": 0.2926015853881836,
    "exception": {
        "occurred": false,
        "severity": "",
        "type": "",
        "note": ""
    }
}