{
    "id": 904610709504,
    "userid": 1234,
    "urgency": 16,
    "priority": 16,
    "t_submit": 1684196969.3124838,
    "t_depend": 1684196969.3235598,
    "t_run": 1684196969.3380883,
    "t_cleanup": 1684196969.656468,
    "t_inactive": 1684196969.6578548,
    "state": "INACTIVE",
    "name": "hello_c",
    "ntasks": 448,
    "ncores": 448,
    "duration": 0.0,
    "nnodes": 8,
    "ranks": "[0-7]",
    "nodelist": "flux-sample-[0-7]",
    "success": true,
    "exception_occurred": false,
    "result": "COMPLETED",
    "expiration": 4837796969.0,
    "waitstatus": 0,
    "returncode": 0,
    "runtime": 0.31837964057922363,
    "exception": {
        "occurred": false,
        "severity": "",
        "type": "",
        "note": ""
    }
}