{
    "id": 1409588133888,
    "userid": 1234,
    "urgency": 16,
    "priority": 16,
    "t_submit": 1684197308.3922715,
    "t_depend": 1684197308.4036722,
    "t_run": 1684197308.418628,
    "t_cleanup": 1684197310.0236657,
    "t_inactive": 1684197310.0250738,
    "state": "INACTIVE",
    "name": "connectivity_c",
    "ntasks": 392,
    "ncores": 392,
    "duration": 0.0,
    "nnodes": 7,
    "ranks": "[0-6]",
    "nodelist": "flux-sample-[1-7]",
    "success": true,
    "exception_occurred": false,
    "result": "COMPLETED",
    "expiration": 4837797308.0,
    "waitstatus": 0,
    "returncode": 0,
    "runtime": 1.6050376892089844,
    "exception": {
        "occurred": false,
        "severity": "",
        "type": "",
        "note": ""
    }
}