{
    "id": 944657924096,
    "userid": 1234,
    "urgency": 16,
    "priority": 16,
    "t_submit": 1684197280.679985,
    "t_depend": 1684197280.6912055,
    "t_run": 1684197280.7068439,
    "t_cleanup": 1684197282.3405406,
    "t_inactive": 1684197282.3421314,
    "state": "INACTIVE",
    "name": "connectivity_c",
    "ntasks": 392,
    "ncores": 392,
    "duration": 0.0,
    "nnodes": 7,
    "ranks": "[0-6]",
    "nodelist": "flux-sample-[1-7]",
    "success": true,
    "exception_occurred": false,
    "result": "COMPLETED",
    "expiration": 4837797280.0,
    "waitstatus": 0,
    "returncode": 0,
    "runtime": 1.6336967945098877,
    "exception": {
        "occurred": false,
        "severity": "",
        "type": "",
        "note": ""
    }
}