{
    "id": 1132378193920,
    "userid": 1234,
    "urgency": 16,
    "priority": 16,
    "t_submit": 1684197291.8684359,
    "t_depend": 1684197291.8795762,
    "t_run": 1684197291.894043,
    "t_cleanup": 1684197293.6088781,
    "t_inactive": 1684197293.6108198,
    "state": "INACTIVE",
    "name": "connectivity_c",
    "ntasks": 392,
    "ncores": 392,
    "duration": 0.0,
    "nnodes": 7,
    "ranks": "[0-6]",
    "nodelist": "flux-sample-[1-7]",
    "success": true,
    "exception_occurred": false,
    "result": "COMPLETED",
    "expiration": 4837797291.0,
    "waitstatus": 0,
    "returncode": 0,
    "runtime": 1.7148351669311523,
    "exception": {
        "occurred": false,
        "severity": "",
        "type": "",
        "note": ""
    }
}