{
    "id": 886457761792,
    "userid": 1234,
    "urgency": 16,
    "priority": 16,
    "t_submit": 1684197277.2105584,
    "t_depend": 1684197277.2216585,
    "t_run": 1684197277.2367043,
    "t_cleanup": 1684197278.8327017,
    "t_inactive": 1684197278.834407,
    "state": "INACTIVE",
    "name": "connectivity_c",
    "ntasks": 392,
    "ncores": 392,
    "duration": 0.0,
    "nnodes": 7,
    "ranks": "[0-6]",
    "nodelist": "flux-sample-[1-7]",
    "success": true,
    "exception_occurred": false,
    "result": "COMPLETED",
    "expiration": 4837797277.0,
    "waitstatus": 0,
    "returncode": 0,
    "runtime": 1.5959973335266113,
    "exception": {
        "occurred": false,
        "severity": "",
        "type": "",
        "note": ""
    }
}