{
    "id": 1163315380224,
    "userid": 1234,
    "urgency": 16,
    "priority": 16,
    "t_submit": 1684197293.712656,
    "t_depend": 1684197293.7238345,
    "t_run": 1684197293.7389803,
    "t_cleanup": 1684197295.4988177,
    "t_inactive": 1684197295.5005367,
    "state": "INACTIVE",
    "name": "connectivity_c",
    "ntasks": 392,
    "ncores": 392,
    "duration": 0.0,
    "nnodes": 7,
    "ranks": "[0-6]",
    "nodelist": "flux-sample-[1-7]",
    "success": true,
    "exception_occurred": false,
    "result": "COMPLETED",
    "expiration": 4837797293.0,
    "waitstatus": 0,
    "returncode": 0,
    "runtime": 1.7598373889923096,
    "exception": {
        "occurred": false,
        "severity": "",
        "type": "",
        "note": ""
    }
}