{
    "id": 1471831605248,
    "userid": 1234,
    "urgency": 16,
    "priority": 16,
    "t_submit": 1684197312.102252,
    "t_depend": 1684197312.1135142,
    "t_run": 1684197312.1279957,
    "t_cleanup": 1684197313.85937,
    "t_inactive": 1684197313.8617632,
    "state": "INACTIVE",
    "name": "connectivity_c",
    "ntasks": 392,
    "ncores": 392,
    "duration": 0.0,
    "nnodes": 7,
    "ranks": "[0-6]",
    "nodelist": "flux-sample-[1-7]",
    "success": true,
    "exception_occurred": false,
    "result": "COMPLETED",
    "expiration": 4837797312.0,
    "waitstatus": 0,
    "returncode": 0,
    "runtime": 1.7313742637634277,
    "exception": {
        "occurred": false,
        "severity": "",
        "type": "",
        "note": ""
    }
}