{
    "id": 1379036823552,
    "userid": 1234,
    "urgency": 16,
    "priority": 16,
    "t_submit": 1684197306.5711236,
    "t_depend": 1684197306.582735,
    "t_run": 1684197306.597431,
    "t_cleanup": 1684197308.2868147,
    "t_inactive": 1684197308.2883828,
    "state": "INACTIVE",
    "name": "connectivity_c",
    "ntasks": 392,
    "ncores": 392,
    "duration": 0.0,
    "nnodes": 7,
    "ranks": "[0-6]",
    "nodelist": "flux-sample-[1-7]",
    "success": true,
    "exception_occurred": false,
    "result": "COMPLETED",
    "expiration": 4837797306.0,
    "waitstatus": 0,
    "returncode": 0,
    "runtime": 1.6893837451934814,
    "exception": {
        "occurred": false,
        "severity": "",
        "type": "",
        "note": ""
    }
}