{
    "id": 1259566268416,
    "userid": 1234,
    "urgency": 16,
    "priority": 16,
    "t_submit": 1684197299.449437,
    "t_depend": 1684197299.460782,
    "t_run": 1684197299.4754212,
    "t_cleanup": 1684197301.203645,
    "t_inactive": 1684197301.2056198,
    "state": "INACTIVE",
    "name": "connectivity_c",
    "ntasks": 392,
    "ncores": 392,
    "duration": 0.0,
    "nnodes": 7,
    "ranks": "[0-6]",
    "nodelist": "flux-sample-[1-7]",
    "success": true,
    "exception_occurred": false,
    "result": "COMPLETED",
    "expiration": 4837797299.0,
    "waitstatus": 0,
    "returncode": 0,
    "runtime": 1.7282238006591797,
    "exception": {
        "occurred": false,
        "severity": "",
        "type": "",
        "note": ""
    }
}