{
    "id": 1350012239872,
    "userid": 1234,
    "urgency": 16,
    "priority": 16,
    "t_submit": 1684197304.8405714,
    "t_depend": 1684197304.851912,
    "t_run": 1684197304.8671114,
    "t_cleanup": 1684197306.4650092,
    "t_inactive": 1684197306.4666846,
    "state": "INACTIVE",
    "name": "connectivity_c",
    "ntasks": 392,
    "ncores": 392,
    "duration": 0.0,
    "nnodes": 7,
    "ranks": "[0-6]",
    "nodelist": "flux-sample-[1-7]",
    "success": true,
    "exception_occurred": false,
    "result": "COMPLETED",
    "expiration": 4837797304.0,
    "waitstatus": 0,
    "returncode": 0,
    "runtime": 1.5978977680206299,
    "exception": {
        "occurred": false,
        "severity": "",
        "type": "",
        "note": ""
    }
}