{
    "id": 1438696603648,
    "userid": 1234,
    "urgency": 16,
    "priority": 16,
    "t_submit": 1684197310.1272485,
    "t_depend": 1684197310.138515,
    "t_run": 1684197310.1535854,
    "t_cleanup": 1684197311.9987698,
    "t_inactive": 1684197312.0007017,
    "state": "INACTIVE",
    "name": "connectivity_c",
    "ntasks": 392,
    "ncores": 392,
    "duration": 0.0,
    "nnodes": 7,
    "ranks": "[0-6]",
    "nodelist": "flux-sample-[1-7]",
    "success": true,
    "exception_occurred": false,
    "result": "COMPLETED",
    "expiration": 4837797310.0,
    "waitstatus": 0,
    "returncode": 0,
    "runtime": 1.845184326171875,
    "exception": {
        "occurred": false,
        "severity": "",
        "type": "",
        "note": ""
    }
}