{
    "id": 1290805444608,
    "userid": 1234,
    "urgency": 16,
    "priority": 16,
    "t_submit": 1684197301.3116868,
    "t_depend": 1684197301.323084,
    "t_run": 1684197301.3379822,
    "t_cleanup": 1684197303.058239,
    "t_inactive": 1684197303.0609763,
    "state": "INACTIVE",
    "name": "connectivity_c",
    "ntasks": 392,
    "ncores": 392,
    "duration": 0.0,
    "nnodes": 7,
    "ranks": "[0-6]",
    "nodelist": "flux-sample-[1-7]",
    "success": true,
    "exception_occurred": false,
    "result": "COMPLETED",
    "expiration": 4837797301.0,
    "waitstatus": 0,
    "returncode": 0,
    "runtime": 1.7202568054199219,
    "exception": {
        "occurred": false,
        "severity": "",
        "type": "",
        "note": ""
    }
}