{
    "id": 1037503037440,
    "userid": 1234,
    "urgency": 16,
    "priority": 16,
    "t_submit": 1684197286.2142718,
    "t_depend": 1684197286.2254555,
    "t_run": 1684197286.2403545,
    "t_cleanup": 1684197288.0155497,
    "t_inactive": 1684197288.0174575,
    "state": "INACTIVE",
    "name": "connectivity_c",
    "ntasks": 392,
    "ncores": 392,
    "duration": 0.0,
    "nnodes": 7,
    "ranks": "[0-6]",
    "nodelist": "flux-sample-[1-7]",
    "success": true,
    "exception_occurred": false,
    "result": "COMPLETED",
    "expiration": 4837797286.0,
    "waitstatus": 0,
    "returncode": 0,
    "runtime": 1.7751951217651367,
    "exception": {
        "occurred": false,
        "severity": "",
        "type": "",
        "note": ""
    }
}