{
    "id": 1099444518912,
    "userid": 1234,
    "urgency": 16,
    "priority": 16,
    "t_submit": 1684197289.9057038,
    "t_depend": 1684197289.9168532,
    "t_run": 1684197289.9315758,
    "t_cleanup": 1684197291.7641037,
    "t_inactive": 1684197291.7666416,
    "state": "INACTIVE",
    "name": "connectivity_c",
    "ntasks": 392,
    "ncores": 392,
    "duration": 0.0,
    "nnodes": 7,
    "ranks": "[0-6]",
    "nodelist": "flux-sample-[1-7]",
    "success": true,
    "exception_occurred": false,
    "result": "COMPLETED",
    "expiration": 4837797289.0,
    "waitstatus": 0,
    "returncode": 0,
    "runtime": 1.8325278759002686,
    "exception": {
        "occurred": false,
        "severity": "",
        "type": "",
        "note": ""
    }
}