{
    "id": 974252933120,
    "userid": 1234,
    "urgency": 16,
    "priority": 16,
    "t_submit": 1684197282.4441717,
    "t_depend": 1684197282.4556334,
    "t_run": 1684197282.4705796,
    "t_cleanup": 1684197284.296942,
    "t_inactive": 1684197284.2983913,
    "state": "INACTIVE",
    "name": "connectivity_c",
    "ntasks": 392,
    "ncores": 392,
    "duration": 0.0,
    "nnodes": 7,
    "ranks": "[0-6]",
    "nodelist": "flux-sample-[1-7]",
    "success": true,
    "exception_occurred": false,
    "result": "COMPLETED",
    "expiration": 4837797282.0,
    "waitstatus": 0,
    "returncode": 0,
    "runtime": 1.8263623714447021,
    "exception": {
        "occurred": false,
        "severity": "",
        "type": "",
        "note": ""
    }
}