{
    "id": 588494405632,
    "userid": 1234,
    "urgency": 16,
    "priority": 16,
    "t_submit": 1684197793.0674865,
    "t_depend": 1684197793.0787995,
    "t_run": 1684197793.093015,
    "t_cleanup": 1684197793.7675314,
    "t_inactive": 1684197793.7691574,
    "state": "INACTIVE",
    "name": "connectivity_c",
    "ntasks": 168,
    "ncores": 168,
    "duration": 0.0,
    "nnodes": 3,
    "ranks": "[0-2]",
    "nodelist": "flux-sample-[0-2]",
    "success": true,
    "exception_occurred": false,
    "result": "COMPLETED",
    "expiration": 4837797793.0,
    "waitstatus": 0,
    "returncode": 0,
    "runtime": 0.6745164394378662,
    "exception": {
        "occurred": false,
        "severity": "",
        "type": "",
        "note": ""
    }
}