{
    "id": 541300097024,
    "userid": 1234,
    "urgency": 16,
    "priority": 16,
    "t_submit": 1684197790.255032,
    "t_depend": 1684197790.266239,
    "t_run": 1684197790.2799056,
    "t_cleanup": 1684197791.1549356,
    "t_inactive": 1684197791.1564636,
    "state": "INACTIVE",
    "name": "connectivity_c",
    "ntasks": 168,
    "ncores": 168,
    "duration": 0.0,
    "nnodes": 3,
    "ranks": "[0-2]",
    "nodelist": "flux-sample-[0-2]",
    "success": true,
    "exception_occurred": false,
    "result": "COMPLETED",
    "expiration": 4837797790.0,
    "waitstatus": 0,
    "returncode": 0,
    "runtime": 0.8750300407409668,
    "exception": {
        "occurred": false,
        "severity": "",
        "type": "",
        "note": ""
    }
}