{
    "id": 432684400640,
    "userid": 1234,
    "urgency": 16,
    "priority": 16,
    "t_submit": 1684197783.7811947,
    "t_depend": 1684197783.7923877,
    "t_run": 1684197783.8059602,
    "t_cleanup": 1684197784.5238662,
    "t_inactive": 1684197784.5257936,
    "state": "INACTIVE",
    "name": "connectivity_c",
    "ntasks": 168,
    "ncores": 168,
    "duration": 0.0,
    "nnodes": 3,
    "ranks": "[0-2]",
    "nodelist": "flux-sample-[0-2]",
    "success": true,
    "exception_occurred": false,
    "result": "COMPLETED",
    "expiration": 4837797783.0,
    "waitstatus": 0,
    "returncode": 0,
    "runtime": 0.7179059982299805,
    "exception": {
        "occurred": false,
        "severity": "",
        "type": "",
        "note": ""
    }
}