{
    "id": 702663360512,
    "userid": 1234,
    "urgency": 16,
    "priority": 16,
    "t_submit": 1684197799.8728766,
    "t_depend": 1684197799.8841352,
    "t_run": 1684197799.8981042,
    "t_cleanup": 1684197800.6095371,
    "t_inactive": 1684197800.6128838,
    "state": "INACTIVE",
    "name": "connectivity_c",
    "ntasks": 168,
    "ncores": 168,
    "duration": 0.0,
    "nnodes": 3,
    "ranks": "[0-2]",
    "nodelist": "flux-sample-[0-2]",
    "success": true,
    "exception_occurred": false,
    "result": "COMPLETED",
    "expiration": 4837797799.0,
    "waitstatus": 0,
    "returncode": 0,
    "runtime": 0.711432933807373,
    "exception": {
        "occurred": false,
        "severity": "",
        "type": "",
        "note": ""
    }
}