{
    "id": 574854529024,
    "userid": 1234,
    "urgency": 16,
    "priority": 16,
    "t_submit": 1684197792.2550542,
    "t_depend": 1684197792.2662728,
    "t_run": 1684197792.27997,
    "t_cleanup": 1684197792.9574735,
    "t_inactive": 1684197792.9590836,
    "state": "INACTIVE",
    "name": "connectivity_c",
    "ntasks": 168,
    "ncores": 168,
    "duration": 0.0,
    "nnodes": 3,
    "ranks": "[0-2]",
    "nodelist": "flux-sample-[0-2]",
    "success": true,
    "exception_occurred": false,
    "result": "COMPLETED",
    "expiration": 4837797792.0,
    "waitstatus": 0,
    "returncode": 0,
    "runtime": 0.6775035858154297,
    "exception": {
        "occurred": false,
        "severity": "",
        "type": "",
        "note": ""
    }
}