{
    "id": 671273189376,
    "userid": 1234,
    "urgency": 16,
    "priority": 16,
    "t_submit": 1684197798.0020442,
    "t_depend": 1684197798.0134525,
    "t_run": 1684197798.027309,
    "t_cleanup": 1684197798.7426448,
    "t_inactive": 1684197798.744211,
    "state": "INACTIVE",
    "name": "connectivity_c",
    "ntasks": 168,
    "ncores": 168,
    "duration": 0.0,
    "nnodes": 3,
    "ranks": "[0-2]",
    "nodelist": "flux-sample-[0-2]",
    "success": true,
    "exception_occurred": false,
    "result": "COMPLETED",
    "expiration": 4837797798.0,
    "waitstatus": 0,
    "returncode": 0,
    "runtime": 0.7153358459472656,
    "exception": {
        "occurred": false,
        "severity": "",
        "type": "",
        "note": ""
    }
}