{
    "id": 446978588672,
    "userid": 1234,
    "urgency": 16,
    "priority": 16,
    "t_submit": 1684197784.6329856,
    "t_depend": 1684197784.6442134,
    "t_run": 1684197784.6579988,
    "t_cleanup": 1684197785.523767,
    "t_inactive": 1684197785.52541,
    "state": "INACTIVE",
    "name": "connectivity_c",
    "ntasks": 168,
    "ncores": 168,
    "duration": 0.0,
    "nnodes": 3,
    "ranks": "[0-2]",
    "nodelist": "flux-sample-[0-2]",
    "success": true,
    "exception_occurred": false,
    "result": "COMPLETED",
    "expiration": 4837797784.0,
    "waitstatus": 0,
    "returncode": 0,
    "runtime": 0.8657681941986084,
    "exception": {
        "occurred": false,
        "severity": "",
        "type": "",
        "note": ""
    }
}