{
    "id": 463755804672,
    "userid": 1234,
    "urgency": 16,
    "priority": 16,
    "t_submit": 1684197785.6327913,
    "t_depend": 1684197785.6440735,
    "t_run": 1684197785.6578047,
    "t_cleanup": 1684197786.3638248,
    "t_inactive": 1684197786.3658543,
    "state": "INACTIVE",
    "name": "connectivity_c",
    "ntasks": 168,
    "ncores": 168,
    "duration": 0.0,
    "nnodes": 3,
    "ranks": "[0-2]",
    "nodelist": "flux-sample-[0-2]",
    "success": true,
    "exception_occurred": false,
    "result": "COMPLETED",
    "expiration": 4837797785.0,
    "waitstatus": 0,
    "returncode": 0,
    "runtime": 0.7060201168060303,
    "exception": {
        "occurred": false,
        "severity": "",
        "type": "",
        "note": ""
    }
}