{
    "id": 494659436544,
    "userid": 1234,
    "urgency": 16,
    "priority": 16,
    "t_submit": 1684197787.475276,
    "t_depend": 1684197787.486739,
    "t_run": 1684197787.5003333,
    "t_cleanup": 1684197788.2965684,
    "t_inactive": 1684197788.298479,
    "state": "INACTIVE",
    "name": "connectivity_c",
    "ntasks": 168,
    "ncores": 168,
    "duration": 0.0,
    "nnodes": 3,
    "ranks": "[0-2]",
    "nodelist": "flux-sample-[0-2]",
    "success": true,
    "exception_occurred": false,
    "result": "COMPLETED",
    "expiration": 4837797787.0,
    "waitstatus": 0,
    "returncode": 0,
    "runtime": 0.7962350845336914,
    "exception": {
        "occurred": false,
        "severity": "",
        "type": "",
        "note": ""
    }
}