{
    "id": 558211530752,
    "userid": 1234,
    "urgency": 16,
    "priority": 16,
    "t_submit": 1684197791.2630818,
    "t_depend": 1684197791.2741754,
    "t_run": 1684197791.2877612,
    "t_cleanup": 1684197792.141605,
    "t_inactive": 1684197792.1435287,
    "state": "INACTIVE",
    "name": "connectivity_c",
    "ntasks": 168,
    "ncores": 168,
    "duration": 0.0,
    "nnodes": 3,
    "ranks": "[0-2]",
    "nodelist": "flux-sample-[0-2]",
    "success": true,
    "exception_occurred": false,
    "result": "COMPLETED",
    "expiration": 4837797791.0,
    "waitstatus": 0,
    "returncode": 0,
    "runtime": 0.8538436889648438,
    "exception": {
        "occurred": false,
        "severity": "",
        "type": "",
        "note": ""
    }
}