{
    "id": 524355108864,
    "userid": 1234,
    "urgency": 16,
    "priority": 16,
    "t_submit": 1684197789.2445228,
    "t_depend": 1684197789.2558343,
    "t_run": 1684197789.2695627,
    "t_cleanup": 1684197790.1477673,
    "t_inactive": 1684197790.1499298,
    "state": "INACTIVE",
    "name": "connectivity_c",
    "ntasks": 168,
    "ncores": 168,
    "duration": 0.0,
    "nnodes": 3,
    "ranks": "[0-2]",
    "nodelist": "flux-sample-[0-2]",
    "success": true,
    "exception_occurred": false,
    "result": "COMPLETED",
    "expiration": 4837797789.0,
    "waitstatus": 0,
    "returncode": 0,
    "runtime": 0.8782045841217041,
    "exception": {
        "occurred": false,
        "severity": "",
        "type": "",
        "note": ""
    }
}