{
    "id": 652432375808,
    "userid": 1234,
    "urgency": 16,
    "priority": 16,
    "t_submit": 1684197796.878745,
    "t_depend": 1684197796.8900456,
    "t_run": 1684197796.9037797,
    "t_cleanup": 1684197797.8925433,
    "t_inactive": 1684197797.8941545,
    "state": "INACTIVE",
    "name": "connectivity_c",
    "ntasks": 168,
    "ncores": 168,
    "duration": 0.0,
    "nnodes": 3,
    "ranks": "[0-2]",
    "nodelist": "flux-sample-[0-2]",
    "success": true,
    "exception_occurred": false,
    "result": "COMPLETED",
    "expiration": 4837797796.0,
    "waitstatus": 0,
    "returncode": 0,
    "runtime": 0.9887635707855225,
    "exception": {
        "occurred": false,
        "severity": "",
        "type": "",
        "note": ""
    }
}