{
    "id": 716907216896,
    "userid": 1234,
    "urgency": 16,
    "priority": 16,
    "t_submit": 1684197800.7221355,
    "t_depend": 1684197800.7335474,
    "t_run": 1684197800.7474067,
    "t_cleanup": 1684197801.571341,
    "t_inactive": 1684197801.5728793,
    "state": "INACTIVE",
    "name": "connectivity_c",
    "ntasks": 168,
    "ncores": 168,
    "duration": 0.0,
    "nnodes": 3,
    "ranks": "[0-2]",
    "nodelist": "flux-sample-[0-2]",
    "success": true,
    "exception_occurred": false,
    "result": "COMPLETED",
    "expiration": 4837797800.0,
    "waitstatus": 0,
    "returncode": 0,
    "runtime": 0.8239343166351318,
    "exception": {
        "occurred": false,
        "severity": "",
        "type": "",
        "note": ""
    }
}