{
    "id": 510279024640,
    "userid": 1234,
    "urgency": 16,
    "priority": 16,
    "t_submit": 1684197788.4056308,
    "t_depend": 1684197788.4170291,
    "t_run": 1684197788.4309897,
    "t_cleanup": 1684197789.1321397,
    "t_inactive": 1684197789.1336443,
    "state": "INACTIVE",
    "name": "connectivity_c",
    "ntasks": 168,
    "ncores": 168,
    "duration": 0.0,
    "nnodes": 3,
    "ranks": "[0-2]",
    "nodelist": "flux-sample-[0-2]",
    "success": true,
    "exception_occurred": false,
    "result": "COMPLETED",
    "expiration": 4837797788.0,
    "waitstatus": 0,
    "returncode": 0,
    "runtime": 0.7011499404907227,
    "exception": {
        "occurred": false,
        "severity": "",
        "type": "",
        "note": ""
    }
}