{
    "id": 2349632323584,
    "userid": 1234,
    "urgency": 16,
    "priority": 16,
    "t_submit": 1684197424.4435887,
    "t_depend": 1684197424.4573522,
    "t_run": 1684197424.4725785,
    "t_cleanup": 1684197424.8813035,
    "t_inactive": 1684197424.8836362,
    "state": "INACTIVE",
    "name": "ring_mpifh",
    "ntasks": 56,
    "ncores": 56,
    "duration": 0.0,
    "nnodes": 1,
    "ranks": "0",
    "nodelist": "flux-sample-0",
    "success": true,
    "exception_occurred": false,
    "result": "COMPLETED",
    "expiration": 4837797424.0,
    "waitstatus": 0,
    "returncode": 0,
    "runtime": 0.4087250232696533,
    "exception": {
        "occurred": false,
        "severity": "",
        "type": "",
        "note": ""
    }
}