{
    "id": 2339180118016,
    "userid": 1234,
    "urgency": 16,
    "priority": 16,
    "t_submit": 1684197423.8206103,
    "t_depend": 1684197423.8326733,
    "t_run": 1684197423.8477416,
    "t_cleanup": 1684197424.3341744,
    "t_inactive": 1684197424.3364334,
    "state": "INACTIVE",
    "name": "ring_mpifh",
    "ntasks": 56,
    "ncores": 56,
    "duration": 0.0,
    "nnodes": 1,
    "ranks": "0",
    "nodelist": "flux-sample-0",
    "success": true,
    "exception_occurred": false,
    "result": "COMPLETED",
    "expiration": 4837797423.0,
    "waitstatus": 0,
    "returncode": 0,
    "runtime": 0.4864327907562256,
    "exception": {
        "occurred": false,
        "severity": "",
        "type": "",
        "note": ""
    }
}