{
    "id": 2411087265792,
    "userid": 1234,
    "urgency": 16,
    "priority": 16,
    "t_submit": 1684197428.106634,
    "t_depend": 1684197428.1188152,
    "t_run": 1684197428.1339302,
    "t_cleanup": 1684197428.4920797,
    "t_inactive": 1684197428.5012615,
    "state": "INACTIVE",
    "name": "ring_mpifh",
    "ntasks": 56,
    "ncores": 56,
    "duration": 0.0,
    "nnodes": 1,
    "ranks": "0",
    "nodelist": "flux-sample-0",
    "success": true,
    "exception_occurred": false,
    "result": "COMPLETED",
    "expiration": 4837797428.0,
    "waitstatus": 0,
    "returncode": 0,
    "runtime": 0.35814952850341797,
    "exception": {
        "occurred": false,
        "severity": "",
        "type": "",
        "note": ""
    }
}