{
    "id": 2358792683520,
    "userid": 1234,
    "urgency": 16,
    "priority": 16,
    "t_submit": 1684197424.9896312,
    "t_depend": 1684197425.00153,
    "t_run": 1684197425.0165937,
    "t_cleanup": 1684197425.4468696,
    "t_inactive": 1684197425.4491556,
    "state": "INACTIVE",
    "name": "ring_mpifh",
    "ntasks": 56,
    "ncores": 56,
    "duration": 0.0,
    "nnodes": 1,
    "ranks": "0",
    "nodelist": "flux-sample-0",
    "success": true,
    "exception_occurred": false,
    "result": "COMPLETED",
    "expiration": 4837797425.0,
    "waitstatus": 0,
    "returncode": 0,
    "runtime": 0.43027591705322266,
    "exception": {
        "occurred": false,
        "severity": "",
        "type": "",
        "note": ""
    }
}