{
    "id": 2368238256128,
    "userid": 1234,
    "urgency": 16,
    "priority": 16,
    "t_submit": 1684197425.5526745,
    "t_depend": 1684197425.5645711,
    "t_run": 1684197425.5793107,
    "t_cleanup": 1684197425.899979,
    "t_inactive": 1684197425.9022636,
    "state": "INACTIVE",
    "name": "ring_mpifh",
    "ntasks": 56,
    "ncores": 56,
    "duration": 0.0,
    "nnodes": 1,
    "ranks": "0",
    "nodelist": "flux-sample-0",
    "success": true,
    "exception_occurred": false,
    "result": "COMPLETED",
    "expiration": 4837797425.0,
    "waitstatus": 0,
    "returncode": 0,
    "runtime": 0.32066845893859863,
    "exception": {
        "occurred": false,
        "severity": "",
        "type": "",
        "note": ""
    }
}