{
    "id": 2321329160192,
    "userid": 1234,
    "urgency": 16,
    "priority": 16,
    "t_submit": 1684197422.7574053,
    "t_depend": 1684197422.769604,
    "t_run": 1684197422.7846394,
    "t_cleanup": 1684197423.1836677,
    "t_inactive": 1684197423.1861467,
    "state": "INACTIVE",
    "name": "ring_mpifh",
    "ntasks": 56,
    "ncores": 56,
    "duration": 0.0,
    "nnodes": 1,
    "ranks": "0",
    "nodelist": "flux-sample-0",
    "success": true,
    "exception_occurred": false,
    "result": "COMPLETED",
    "expiration": 4837797422.0,
    "waitstatus": 0,
    "returncode": 0,
    "runtime": 0.39902830123901367,
    "exception": {
        "occurred": false,
        "severity": "",
        "type": "",
        "note": ""
    }
}