{
    "id": 2467441934336,
    "userid": 1234,
    "urgency": 16,
    "priority": 16,
    "t_submit": 1684197431.465605,
    "t_depend": 1684197431.477711,
    "t_run": 1684197431.4927747,
    "t_cleanup": 1684197431.8762233,
    "t_inactive": 1684197431.8784895,
    "state": "INACTIVE",
    "name": "ring_mpifh",
    "ntasks": 56,
    "ncores": 56,
    "duration": 0.0,
    "nnodes": 1,
    "ranks": "0",
    "nodelist": "flux-sample-0",
    "success": true,
    "exception_occurred": false,
    "result": "COMPLETED",
    "expiration": 4837797431.0,
    "waitstatus": 0,
    "returncode": 0,
    "runtime": 0.38344860076904297,
    "exception": {
        "occurred": false,
        "severity": "",
        "type": "",
        "note": ""
    }
}