{
    "id": 2303998296064,
    "userid": 1234,
    "urgency": 16,
    "priority": 16,
    "t_submit": 1684197421.7234883,
    "t_depend": 1684197421.7356753,
    "t_run": 1684197421.7513137,
    "t_cleanup": 1684197422.0867543,
    "t_inactive": 1684197422.089138,
    "state": "INACTIVE",
    "name": "ring_mpifh",
    "ntasks": 56,
    "ncores": 56,
    "duration": 0.0,
    "nnodes": 1,
    "ranks": "0",
    "nodelist": "flux-sample-0",
    "success": true,
    "exception_occurred": false,
    "result": "COMPLETED",
    "expiration": 4837797421.0,
    "waitstatus": 0,
    "returncode": 0,
    "runtime": 0.33544063568115234,
    "exception": {
        "occurred": false,
        "severity": "",
        "type": "",
        "note": ""
    }
}