{
    "id": 2401708802048,
    "userid": 1234,
    "urgency": 16,
    "priority": 16,
    "t_submit": 1684197427.547747,
    "t_depend": 1684197427.5597465,
    "t_run": 1684197427.57477,
    "t_cleanup": 1684197427.9955375,
    "t_inactive": 1684197427.9977732,
    "state": "INACTIVE",
    "name": "ring_mpifh",
    "ntasks": 56,
    "ncores": 56,
    "duration": 0.0,
    "nnodes": 1,
    "ranks": "0",
    "nodelist": "flux-sample-0",
    "success": true,
    "exception_occurred": false,
    "result": "COMPLETED",
    "expiration": 4837797427.0,
    "waitstatus": 0,
    "returncode": 0,
    "runtime": 0.42076754570007324,
    "exception": {
        "occurred": false,
        "severity": "",
        "type": "",
        "note": ""
    }
}