{
    "id": 2457660817408,
    "userid": 1234,
    "urgency": 16,
    "priority": 16,
    "t_submit": 1684197430.8832889,
    "t_depend": 1684197430.895493,
    "t_run": 1684197430.9106505,
    "t_cleanup": 1684197431.3602302,
    "t_inactive": 1684197431.3625367,
    "state": "INACTIVE",
    "name": "ring_mpifh",
    "ntasks": 56,
    "ncores": 56,
    "duration": 0.0,
    "nnodes": 1,
    "ranks": "0",
    "nodelist": "flux-sample-0",
    "success": true,
    "exception_occurred": false,
    "result": "COMPLETED",
    "expiration": 4837797430.0,
    "waitstatus": 0,
    "returncode": 0,
    "runtime": 0.44957971572875977,
    "exception": {
        "occurred": false,
        "severity": "",
        "type": "",
        "note": ""
    }
}