{
    "id": 2386173100032,
    "userid": 1234,
    "urgency": 16,
    "priority": 16,
    "t_submit": 1684197426.6214597,
    "t_depend": 1684197426.6333628,
    "t_run": 1684197426.6482308,
    "t_cleanup": 1684197426.9583404,
    "t_inactive": 1684197426.960566,
    "state": "INACTIVE",
    "name": "ring_mpifh",
    "ntasks": 56,
    "ncores": 56,
    "duration": 0.0,
    "nnodes": 1,
    "ranks": "0",
    "nodelist": "flux-sample-0",
    "success": true,
    "exception_occurred": false,
    "result": "COMPLETED",
    "expiration": 4837797426.0,
    "waitstatus": 0,
    "returncode": 0,
    "runtime": 0.31010961532592773,
    "exception": {
        "occurred": false,
        "severity": "",
        "type": "",
        "note": ""
    }
}