{
    "id": 2437779816448,
    "userid": 1234,
    "urgency": 16,
    "priority": 16,
    "t_submit": 1684197429.6982856,
    "t_depend": 1684197429.7104552,
    "t_run": 1684197429.72554,
    "t_cleanup": 1684197430.2117584,
    "t_inactive": 1684197430.2140775,
    "state": "INACTIVE",
    "name": "ring_mpifh",
    "ntasks": 56,
    "ncores": 56,
    "duration": 0.0,
    "nnodes": 1,
    "ranks": "0",
    "nodelist": "flux-sample-0",
    "success": true,
    "exception_occurred": false,
    "result": "COMPLETED",
    "expiration": 4837797429.0,
    "waitstatus": 0,
    "returncode": 0,
    "runtime": 0.4862184524536133,
    "exception": {
        "occurred": false,
        "severity": "",
        "type": "",
        "note": ""
    }
}