{
    "id": 2428971778048,
    "userid": 1234,
    "urgency": 16,
    "priority": 16,
    "t_submit": 1684197429.1730342,
    "t_depend": 1684197429.1852403,
    "t_run": 1684197429.200351,
    "t_cleanup": 1684197429.5850284,
    "t_inactive": 1684197429.5873985,
    "state": "INACTIVE",
    "name": "ring_mpifh",
    "ntasks": 56,
    "ncores": 56,
    "duration": 0.0,
    "nnodes": 1,
    "ranks": "0",
    "nodelist": "flux-sample-0",
    "success": true,
    "exception_occurred": false,
    "result": "COMPLETED",
    "expiration": 4837797429.0,
    "waitstatus": 0,
    "returncode": 0,
    "runtime": 0.3846774101257324,
    "exception": {
        "occurred": false,
        "severity": "",
        "type": "",
        "note": ""
    }
}