{
    "id": 2375855112192,
    "userid": 1234,
    "urgency": 16,
    "priority": 16,
    "t_submit": 1684197426.0064585,
    "t_depend": 1684197426.0184774,
    "t_run": 1684197426.0334463,
    "t_cleanup": 1684197426.5130754,
    "t_inactive": 1684197426.5171192,
    "state": "INACTIVE",
    "name": "ring_mpifh",
    "ntasks": 56,
    "ncores": 56,
    "duration": 0.0,
    "nnodes": 1,
    "ranks": "0",
    "nodelist": "flux-sample-0",
    "success": true,
    "exception_occurred": false,
    "result": "COMPLETED",
    "expiration": 4837797426.0,
    "waitstatus": 0,
    "returncode": 0,
    "runtime": 0.4796290397644043,
    "exception": {
        "occurred": false,
        "severity": "",
        "type": "",
        "note": ""
    }
}