{
    "id": 2393588629504,
    "userid": 1234,
    "urgency": 16,
    "priority": 16,
    "t_submit": 1684197427.0643072,
    "t_depend": 1684197427.0762575,
    "t_run": 1684197427.091199,
    "t_cleanup": 1684197427.4400814,
    "t_inactive": 1684197427.442317,
    "state": "INACTIVE",
    "name": "ring_mpifh",
    "ntasks": 56,
    "ncores": 56,
    "duration": 0.0,
    "nnodes": 1,
    "ranks": "0",
    "nodelist": "flux-sample-0",
    "success": true,
    "exception_occurred": false,
    "result": "COMPLETED",
    "expiration": 4837797427.0,
    "waitstatus": 0,
    "returncode": 0,
    "runtime": 0.34888243675231934,
    "exception": {
        "occurred": false,
        "severity": "",
        "type": "",
        "note": ""
    }
}