{
    "id": 2419341656064,
    "userid": 1234,
    "urgency": 16,
    "priority": 16,
    "t_submit": 1684197428.5985692,
    "t_depend": 1684197428.6106029,
    "t_run": 1684197428.6257412,
    "t_cleanup": 1684197429.066979,
    "t_inactive": 1684197429.0692234,
    "state": "INACTIVE",
    "name": "ring_mpifh",
    "ntasks": 56,
    "ncores": 56,
    "duration": 0.0,
    "nnodes": 1,
    "ranks": "0",
    "nodelist": "flux-sample-0",
    "success": true,
    "exception_occurred": false,
    "result": "COMPLETED",
    "expiration": 4837797428.0,
    "waitstatus": 0,
    "returncode": 0,
    "runtime": 0.4412376880645752,
    "exception": {
        "occurred": false,
        "severity": "",
        "type": "",
        "note": ""
    }
}