{
    "id": 161849802752,
    "userid": 1000,
    "urgency": 16,
    "priority": 16,
    "t_submit": 1684112111.5209656,
    "t_depend": 1684112111.5323856,
    "t_run": 1684112111.5632222,
    "t_cleanup": 1684112111.8221304,
    "t_inactive": 1684112111.8234465,
    "state": "INACTIVE",
    "name": "hostname",
    "ntasks": 448,
    "ncores": 448,
    "duration": 0.0,
    "nnodes": 8,
    "ranks": "[0-7]",
    "nodelist": "flux-sample-[0-7]",
    "success": true,
    "exception_occurred": false,
    "result": "COMPLETED",
    "expiration": 4837712111.0,
    "waitstatus": 0,
    "returncode": 0,
    "runtime": 0.2589082717895508,
    "exception": {
        "occurred": false,
        "severity": "",
        "type": "",
        "note": ""
    }
}