{
    "id": 239964520448,
    "userid": 1000,
    "urgency": 16,
    "priority": 16,
    "t_submit": 1684112116.1768205,
    "t_depend": 1684112116.1883852,
    "t_run": 1684112116.2189426,
    "t_cleanup": 1684112116.4686513,
    "t_inactive": 1684112116.470046,
    "state": "INACTIVE",
    "name": "hostname",
    "ntasks": 448,
    "ncores": 448,
    "duration": 0.0,
    "nnodes": 8,
    "ranks": "[0-7]",
    "nodelist": "flux-sample-[0-7]",
    "success": true,
    "exception_occurred": false,
    "result": "COMPLETED",
    "expiration": 4837712116.0,
    "waitstatus": 0,
    "returncode": 0,
    "runtime": 0.2497086524963379,
    "exception": {
        "occurred": false,
        "severity": "",
        "type": "",
        "note": ""
    }
}