{
    "id": 292628201472,
    "userid": 1000,
    "urgency": 16,
    "priority": 16,
    "t_submit": 1684111936.5599742,
    "t_depend": 1684111936.571499,
    "t_run": 1684111936.5982337,
    "t_cleanup": 1684111936.859016,
    "t_inactive": 1684111936.860415,
    "state": "INACTIVE",
    "name": "hostname",
    "ntasks": 336,
    "ncores": 336,
    "duration": 0.0,
    "nnodes": 6,
    "ranks": "[0-5]",
    "nodelist": "flux-sample-[2-7]",
    "success": true,
    "exception_occurred": false,
    "result": "COMPLETED",
    "expiration": 4837711936.0,
    "waitstatus": 0,
    "returncode": 0,
    "runtime": 0.26078224182128906,
    "exception": {
        "occurred": false,
        "severity": "",
        "type": "",
        "note": ""
    }
}