{
    "id": 248940331008,
    "userid": 1000,
    "urgency": 16,
    "priority": 16,
    "t_submit": 1684111933.9551437,
    "t_depend": 1684111933.966505,
    "t_run": 1684111933.9931962,
    "t_cleanup": 1684111934.2502863,
    "t_inactive": 1684111934.251739,
    "state": "INACTIVE",
    "name": "hostname",
    "ntasks": 336,
    "ncores": 336,
    "duration": 0.0,
    "nnodes": 6,
    "ranks": "[0-5]",
    "nodelist": "flux-sample-[2-7]",
    "success": true,
    "exception_occurred": false,
    "result": "COMPLETED",
    "expiration": 4837711933.0,
    "waitstatus": 0,
    "returncode": 0,
    "runtime": 0.25709009170532227,
    "exception": {
        "occurred": false,
        "severity": "",
        "type": "",
        "note": ""
    }
}