{
    "id": 241810014208,
    "userid": 1000,
    "urgency": 16,
    "priority": 16,
    "t_submit": 1684111933.5310075,
    "t_depend": 1684111933.542416,
    "t_run": 1684111933.569019,
    "t_cleanup": 1684111933.8249078,
    "t_inactive": 1684111933.8262718,
    "state": "INACTIVE",
    "name": "hostname",
    "ntasks": 336,
    "ncores": 336,
    "duration": 0.0,
    "nnodes": 6,
    "ranks": "[0-5]",
    "nodelist": "flux-sample-[2-7]",
    "success": true,
    "exception_occurred": false,
    "result": "COMPLETED",
    "expiration": 4837711933.0,
    "waitstatus": 0,
    "returncode": 0,
    "runtime": 0.2558887004852295,
    "exception": {
        "occurred": false,
        "severity": "",
        "type": "",
        "note": ""
    }
}