{
    "id": 335879864320,
    "userid": 1000,
    "urgency": 16,
    "priority": 16,
    "t_submit": 1684111939.1373487,
    "t_depend": 1684111939.1486557,
    "t_run": 1684111939.175198,
    "t_cleanup": 1684111939.4418695,
    "t_inactive": 1684111939.443238,
    "state": "INACTIVE",
    "name": "hostname",
    "ntasks": 336,
    "ncores": 336,
    "duration": 0.0,
    "nnodes": 6,
    "ranks": "[0-5]",
    "nodelist": "flux-sample-[2-7]",
    "success": true,
    "exception_occurred": false,
    "result": "COMPLETED",
    "expiration": 4837711939.0,
    "waitstatus": 0,
    "returncode": 0,
    "runtime": 0.26667141914367676,
    "exception": {
        "occurred": false,
        "severity": "",
        "type": "",
        "note": ""
    }
}