{
    "id": 350576705536,
    "userid": 1000,
    "urgency": 16,
    "priority": 16,
    "t_submit": 1684111940.0133154,
    "t_depend": 1684111940.0246654,
    "t_run": 1684111940.0511901,
    "t_cleanup": 1684111940.3111217,
    "t_inactive": 1684111940.3125603,
    "state": "INACTIVE",
    "name": "hostname",
    "ntasks": 336,
    "ncores": 336,
    "duration": 0.0,
    "nnodes": 6,
    "ranks": "[0-5]",
    "nodelist": "flux-sample-[2-7]",
    "success": true,
    "exception_occurred": false,
    "result": "COMPLETED",
    "expiration": 4837711940.0,
    "waitstatus": 0,
    "returncode": 0,
    "runtime": 0.2599315643310547,
    "exception": {
        "occurred": false,
        "severity": "",
        "type": "",
        "note": ""
    }
}