{
    "id": 321350795264,
    "userid": 1000,
    "urgency": 16,
    "priority": 16,
    "t_submit": 1684111938.2714727,
    "t_depend": 1684111938.2831478,
    "t_run": 1684111938.310076,
    "t_cleanup": 1684111938.5736024,
    "t_inactive": 1684111938.5749784,
    "state": "INACTIVE",
    "name": "hostname",
    "ntasks": 336,
    "ncores": 336,
    "duration": 0.0,
    "nnodes": 6,
    "ranks": "[0-5]",
    "nodelist": "flux-sample-[2-7]",
    "success": true,
    "exception_occurred": false,
    "result": "COMPLETED",
    "expiration": 4837711938.0,
    "waitstatus": 0,
    "returncode": 0,
    "runtime": 0.26352643966674805,
    "exception": {
        "occurred": false,
        "severity": "",
        "type": "",
        "note": ""
    }
}