{
    "id": 3186865733632,
    "userid": 1234,
    "urgency": 16,
    "priority": 16,
    "t_submit": 1684197672.714526,
    "t_depend": 1684197672.7262726,
    "t_run": 1684197672.741804,
    "t_cleanup": 1684197672.9542713,
    "t_inactive": 1684197672.9566197,
    "state": "INACTIVE",
    "name": "ring_usempi",
    "ntasks": 336,
    "ncores": 336,
    "duration": 0.0,
    "nnodes": 6,
    "ranks": "[0-5]",
    "nodelist": "flux-sample-[2-7]",
    "success": true,
    "exception_occurred": false,
    "result": "COMPLETED",
    "expiration": 4837797672.0,
    "waitstatus": 0,
    "returncode": 0,
    "runtime": 0.21246743202209473,
    "exception": {
        "occurred": false,
        "severity": "",
        "type": "",
        "note": ""
    }
}