{
    "id": 3146499751936,
    "userid": 1234,
    "urgency": 16,
    "priority": 16,
    "t_submit": 1684197670.308768,
    "t_depend": 1684197670.3204975,
    "t_run": 1684197670.3363876,
    "t_cleanup": 1684197670.5525362,
    "t_inactive": 1684197670.5545244,
    "state": "INACTIVE",
    "name": "ring_usempi",
    "ntasks": 336,
    "ncores": 336,
    "duration": 0.0,
    "nnodes": 6,
    "ranks": "[0-5]",
    "nodelist": "flux-sample-[2-7]",
    "success": true,
    "exception_occurred": false,
    "result": "COMPLETED",
    "expiration": 4837797670.0,
    "waitstatus": 0,
    "returncode": 0,
    "runtime": 0.21614861488342285,
    "exception": {
        "occurred": false,
        "severity": "",
        "type": "",
        "note": ""
    }
}