{
    "id": 3117374504960,
    "userid": 1234,
    "urgency": 16,
    "priority": 16,
    "t_submit": 1684197668.57293,
    "t_depend": 1684197668.5851057,
    "t_run": 1684197668.600477,
    "t_cleanup": 1684197668.819742,
    "t_inactive": 1684197668.8227623,
    "state": "INACTIVE",
    "name": "ring_usempi",
    "ntasks": 336,
    "ncores": 336,
    "duration": 0.0,
    "nnodes": 6,
    "ranks": "[0-5]",
    "nodelist": "flux-sample-[2-7]",
    "success": true,
    "exception_occurred": false,
    "result": "COMPLETED",
    "expiration": 4837797668.0,
    "waitstatus": 0,
    "returncode": 0,
    "runtime": 0.21926498413085938,
    "exception": {
        "occurred": false,
        "severity": "",
        "type": "",
        "note": ""
    }
}