{
    "id": 3135141576704,
    "userid": 1234,
    "urgency": 16,
    "priority": 16,
    "t_submit": 1684197669.6314435,
    "t_depend": 1684197669.6433578,
    "t_run": 1684197669.6589427,
    "t_cleanup": 1684197669.8713076,
    "t_inactive": 1684197669.8733506,
    "state": "INACTIVE",
    "name": "ring_usempi",
    "ntasks": 336,
    "ncores": 336,
    "duration": 0.0,
    "nnodes": 6,
    "ranks": "[0-5]",
    "nodelist": "flux-sample-[2-7]",
    "success": true,
    "exception_occurred": false,
    "result": "COMPLETED",
    "expiration": 4837797669.0,
    "waitstatus": 0,
    "returncode": 0,
    "runtime": 0.21236491203308105,
    "exception": {
        "occurred": false,
        "severity": "",
        "type": "",
        "note": ""
    }
}