{
    "id": 3129168887808,
    "userid": 1234,
    "urgency": 16,
    "priority": 16,
    "t_submit": 1684197669.2758002,
    "t_depend": 1684197669.2875369,
    "t_run": 1684197669.3035576,
    "t_cleanup": 1684197669.5283632,
    "t_inactive": 1684197669.531076,
    "state": "INACTIVE",
    "name": "ring_usempi",
    "ntasks": 336,
    "ncores": 336,
    "duration": 0.0,
    "nnodes": 6,
    "ranks": "[0-5]",
    "nodelist": "flux-sample-[2-7]",
    "success": true,
    "exception_occurred": false,
    "result": "COMPLETED",
    "expiration": 4837797669.0,
    "waitstatus": 0,
    "returncode": 0,
    "runtime": 0.22480559349060059,
    "exception": {
        "occurred": false,
        "severity": "",
        "type": "",
        "note": ""
    }
}