{
    "id": 3140912939008,
    "userid": 1234,
    "urgency": 16,
    "priority": 16,
    "t_submit": 1684197669.975659,
    "t_depend": 1684197669.9873152,
    "t_run": 1684197670.0033543,
    "t_cleanup": 1684197670.2041109,
    "t_inactive": 1684197670.2061777,
    "state": "INACTIVE",
    "name": "ring_usempi",
    "ntasks": 336,
    "ncores": 336,
    "duration": 0.0,
    "nnodes": 6,
    "ranks": "[0-5]",
    "nodelist": "flux-sample-[2-7]",
    "success": true,
    "exception_occurred": false,
    "result": "COMPLETED",
    "expiration": 4837797670.0,
    "waitstatus": 0,
    "returncode": 0,
    "runtime": 0.20075654983520508,
    "exception": {
        "occurred": false,
        "severity": "",
        "type": "",
        "note": ""
    }
}