{
    "id": 3210035068928,
    "userid": 1234,
    "urgency": 16,
    "priority": 16,
    "t_submit": 1684197674.0956523,
    "t_depend": 1684197674.1074796,
    "t_run": 1684197674.1239944,
    "t_cleanup": 1684197674.3326833,
    "t_inactive": 1684197674.3348699,
    "state": "INACTIVE",
    "name": "ring_usempi",
    "ntasks": 336,
    "ncores": 336,
    "duration": 0.0,
    "nnodes": 6,
    "ranks": "[0-5]",
    "nodelist": "flux-sample-[2-7]",
    "success": true,
    "exception_occurred": false,
    "result": "COMPLETED",
    "expiration": 4837797674.0,
    "waitstatus": 0,
    "returncode": 0,
    "runtime": 0.20868897438049316,
    "exception": {
        "occurred": false,
        "severity": "",
        "type": "",
        "note": ""
    }
}