{
    "id": 3204263706624,
    "userid": 1234,
    "urgency": 16,
    "priority": 16,
    "t_submit": 1684197673.7517147,
    "t_depend": 1684197673.7634625,
    "t_run": 1684197673.7792058,
    "t_cleanup": 1684197673.9917808,
    "t_inactive": 1684197673.9938796,
    "state": "INACTIVE",
    "name": "ring_usempi",
    "ntasks": 336,
    "ncores": 336,
    "duration": 0.0,
    "nnodes": 6,
    "ranks": "[0-5]",
    "nodelist": "flux-sample-[2-7]",
    "success": true,
    "exception_occurred": false,
    "result": "COMPLETED",
    "expiration": 4837797673.0,
    "waitstatus": 0,
    "returncode": 0,
    "runtime": 0.21257495880126953,
    "exception": {
        "occurred": false,
        "severity": "",
        "type": "",
        "note": ""
    }
}