{
    "times": {
        "1s": [
            17.746931552886963,
            17.77469825744629,
            17.17558765411377,
            16.624984741210938,
            17.30920100212097,
            18.91446852684021,
            17.37044858932495,
            18.024548053741455,
            16.365913152694702,
            16.944945573806763,
            17.195448637008667,
            18.26621413230896,
            17.433701276779175,
            19.646013498306274,
            16.75628972053528,
            18.312444925308228,
            17.99858522415161,
            17.137292623519897,
            17.34719729423523,
            17.108689785003662
        ],
        "2s": [
            18.132686853408813,
            19.004680633544922,
            17.650326013565063,
            17.90653395652771,
            17.54386305809021,
            17.13002586364746,
            16.608677864074707,
            17.093372583389282,
            18.493736743927002,
            17.527482986450195,
            17.093199729919434,
            18.61789035797119,
            17.68537211418152,
            17.04177737236023,
            20.303147077560425,
            19.904536724090576,
            16.764132022857666,
            17.20725727081299,
            17.564563035964966,
            19.86789584159851
        ],
        "3s": [
            18.005845546722412,
            16.91615915298462,
            17.02205801010132,
            17.532452821731567,
            18.10181188583374,
            17.03560733795166,
            16.908517122268677,
            17.914482831954956,
            18.622586488723755,
            16.66402006149292,
            16.56566023826599,
            16.4932599067688,
            17.093799591064453,
            19.516231536865234,
            17.29374122619629,
            18.813791751861572,
            17.466513872146606,
            17.53916835784912,
            18.182014226913452,
            17.439733743667603
        ],
        "4s": [
            17.46780514717102,
            17.07014012336731,
            18.473169326782227,
            17.224862575531006,
            19.552452325820923,
            18.384724855422974,
            18.317281484603882,
            17.063061475753784,
            21.464266061782837,
            20.960681200027466,
            16.872001886367798,
            17.85426139831543,
            21.44883966445923,
            17.51771330833435,
            16.92246389389038,
            17.41552424430847,
            18.453784465789795,
            17.26236605644226,
            17.178919553756714,
            17.203919649124146
        ],
        "5s": [
            17.19028067588806,
            21.287083864212036,
            16.665649890899658,
            17.288200855255127,
            33.70028614997864,
            16.79000735282898,
            16.837728023529053,
            21.084755420684814,
            16.5863094329834,
            16.95025324821472,
            16.836321115493774,
            21.183768272399902,
            17.763928174972534,
            21.296727180480957,
            16.847379684448242,
            20.6970694065094,
            22.320866107940674,
            16.839249849319458,
            21.075093984603882,
            17.257794618606567
        ],
        "6s": [
            18.377331256866455,
            22.36480474472046,
            17.634035110473633,
            17.73227858543396,
            17.37413239479065,
            16.61787748336792,
            17.749646186828613,
            16.86773920059204,
            17.554628372192383,
            22.705192804336548,
            17.059043645858765,
            22.259655952453613,
            16.65163779258728,
            17.182122230529785,
            16.427860736846924,
            17.093297004699707,
            17.2574462890625,
            17.099828481674194,
            17.992642641067505,
            16.55803155899048
        ],
        "7s": [
            16.850761651992798,
            23.121909379959106,
            17.57418155670166,
            23.29445505142212,
            17.3732967376709,
            17.204344272613525,
            23.2639102935791,
            17.360232830047607,
            17.942915439605713,
            16.71537137031555,
            17.051420211791992,
            16.9422287940979,
            16.432135581970215,
            17.067687034606934,
            22.183087587356567,
            15.732600927352905,
            16.352033376693726,
            16.24737548828125,
            16.62497568130493,
            15.624569177627563
        ],
        "8s": [
            15.440822124481201,
            23.193283796310425,
            16.286333799362183,
            17.907050371170044,
            16.390291690826416,
            16.3791925907135,
            16.027589082717896,
            17.0705087184906,
            15.642618417739868,
            15.551199913024902,
            23.935929775238037,
            16.88542628288269,
            16.042664051055908,
            15.676832437515259,
            15.670417308807373,
            23.520869970321655,
            16.294772386550903,
            15.570836782455444,
            15.44039011001587,
            15.611435890197754
        ],
        "9s": [
            16.83798909187317,
            17.5800359249115,
            16.08702301979065,
            15.612638711929321,
            16.069793224334717,
            16.210461616516113,
            16.165160179138184,
            15.350862264633179,
            15.660923719406128,
            16.437754154205322,
            16.113457918167114,
            15.481627225875854,
            16.06045699119568,
            15.523935079574585,
            16.06819462776184,
            16.057204246520996,
            16.10060715675354,
            16.25923442840576,
            16.265733242034912,
            16.31436014175415
        ],
        "10s": [
            15.474724769592285,
            16.128726720809937,
            16.69973635673523,
            15.848373413085938,
            15.543210983276367,
            15.553444862365723,
            15.684491634368896,
            16.023510694503784,
            15.433280944824219,
            15.99266529083252,
            16.150787353515625,
            16.222426414489746,
            16.141446590423584,
            15.582404136657715,
            17.75358533859253,
            15.61820650100708,
            16.455998182296753,
            16.686298608779907,
            26.05907130241394,
            16.260576486587524
        ],
        "no-timeout-set": [
            15.497004508972168,
            15.787323713302612,
            15.723821640014648,
            15.799737691879272,
            16.233948945999146,
            15.986854314804077,
            15.823917865753174,
            16.10596537590027,
            46.46524906158447,
            17.071067810058594,
            15.706021308898926,
            16.080390691757202,
            45.60440707206726,
            16.492554903030396,
            45.58200025558472,
            16.454246044158936,
            15.881916522979736,
            16.278003692626953,
            16.197225093841553,
            15.942095518112183
        ]
    },
    "means": {
        "1s": 17.5726802110672,
        "2s": 17.957057905197143,
        "3s": 17.556372785568236,
        "4s": 18.2054119348526,
        "5s": 19.324937665462492,
        "6s": 18.02796162366867,
        "7s": 18.047974622249605,
        "8s": 17.226923274993897,
        "9s": 16.112872648239136,
        "10s": 16.565648329257964,
        "no-timeout-set": 20.535687601566316
    },
    "stds": {
        "1s": 0.7908813294552842,
        "2s": 1.0833254144080495,
        "3s": 0.8005902393337214,
        "4s": 1.4940845491538157,
        "5s": 3.9842475947939513,
        "6s": 1.9684291556545201,
        "7s": 2.593766993471508,
        "8s": 2.7977112710794567,
        "9s": 0.4959064045907344,