{
    "times": {
        "1s": [
            16.779019832611084,
            16.424895763397217,
            16.32138419151306,
            16.226768016815186,
            17.805461168289185,
            16.504892826080322,
            19.7087299823761,
            16.247969388961792,
            18.049328088760376,
            16.546815872192383,
            16.542139291763306,
            16.91022562980652,
            15.777757406234741,
            17.85080313682556,
            16.328097820281982,
            16.43426752090454,
            17.291670560836792,
            17.70177936553955,
            18.725738525390625,
            17.497925519943237
        ],
        "2s": [
            17.813742637634277,
            17.374229669570923,
            18.07468008995056,
            17.465465784072876,
            17.44636583328247,
            18.195374011993408,
            17.461045265197754,
            19.83287501335144,
            16.619350910186768,
            19.48377537727356,
            17.311094760894775,
            18.43316340446472,
            16.785888671875,
            18.856505632400513,
            17.394051790237427,
            17.416117906570435,
            17.4080011844635,
            17.47924017906189,
            17.42577886581421,
            19.332382917404175
        ],
        "3s": [
            18.632394552230835,
            18.53454279899597,
            18.21399188041687,
            18.51917791366577,
            19.059821128845215,
            20.11619782447815,
            18.785065412521362,
            18.348986625671387,
            18.303323984146118,
            18.58327293395996,
            18.10084295272827,
            18.170990705490112,
            18.776371955871582,
            18.4711594581604,
            19.281424283981323,
            18.594501733779907,
            19.109046697616577,
            18.26837134361267,
            18.56786847114563,
            18.20407485961914
        ],
        "4s": [
            20.63115954399109,
            19.311845779418945,
            19.18073320388794,
            19.33205533027649,
            19.31527829170227,
            20.875866413116455,
            20.231862545013428,
            16.423481702804565,
            19.17951774597168,
            21.005752086639404,
            18.94837212562561,
            19.780335426330566,
            19.0933198928833,
            19.20905113220215,
            16.41865873336792,
            20.985326290130615,
            19.093178510665894,
            19.225558280944824,
            19.37673854827881,
            20.155903577804565
        ],
        "5s": [
            20.444056749343872,
            20.14929723739624,
            20.018919706344604,
            20.16541337966919,
            20.240545511245728,
            20.69067358970642,
            21.539987802505493,
            21.51117253303528,
            21.734544038772583,
            20.025895595550537,
            21.65294623374939,
            20.904046773910522,
            20.16993021965027,
            20.676836013793945,
            21.503494024276733,
            20.54793119430542,
            16.855456590652466,
            20.11850070953369,
            20.22306489944458,
            21.33961820602417
        ],
        "6s": [
            21.35264778137207,
            22.882580280303955,
            21.33682346343994,
            22.15839648246765,
            21.278356313705444,
            21.114890336990356,
            21.356192350387573,
            21.473525285720825,
            22.61575722694397,
            21.43855595588684,
            21.15339756011963,
            21.11488938331604,
            20.998214960098267,
            21.21107769012451,
            21.438116312026978,
            21.367182970046997,
            21.247395992279053,
            21.599368572235107,
            21.23461151123047,
            20.973837852478027
        ],
        "7s": [
            22.4452121257782,
            22.146581411361694,
            22.282126426696777,
            22.260902881622314,
            15.656197309494019,
            16.334861040115356,
            22.41484761238098,
            22.356733083724976,
            22.23022198677063,
            16.708595275878906,
            22.217700242996216,
            22.342763900756836,
            23.7397940158844,
            16.856992721557617,
            22.203014850616455,
            22.108136415481567,
            22.409337520599365,
            16.673968076705933,
            22.066015481948853,
            22.599018096923828
        ],
        "8s": [
            16.822032690048218,
            23.08811354637146,
            16.442002296447754,
            17.186455249786377,
            23.42465877532959,
            23.43225407600403,
            23.15066933631897,
            15.77212643623352,
            23.399720430374146,
            23.300272226333618,
            23.42751932144165,
            23.498122215270996,
            23.307302951812744,
            23.313557863235474,
            15.81053352355957,
            23.457406044006348,
            23.0043363571167,
            24.986146450042725,
            23.52905559539795,
            23.277095079421997
        ],
        "9s": [
            24.804203748703003,
            24.527804613113403,
            24.299912691116333,
            25.69706106185913,
            24.190060138702393,
            24.631892681121826,
            26.050756454467773,
            16.688156127929688,
            24.737783908843994,
            24.718634366989136,
            24.14082431793213,
            24.623664379119873,
            25.632044792175293,
            25.91155505180359,
            24.021672010421753,
            24.32056427001953,
            24.716029167175293,
            24.23507595062256,
            25.443161487579346,
            24.906453132629395
        ],
        "10s": [
            25.582063913345337,
            25.87407374382019,
            25.16280221939087,
            25.44463300704956,
            26.750627517700195,
            25.537181615829468,
            25.26724147796631,
            25.23876452445984,
            26.28863787651062,
            26.987538814544678,
            25.415000677108765,
            25.491657495498657,
            25.410115480422974,
            25.283697605133057,
            25.699883937835693,
            25.332019805908203,
            26.81121063232422,
            26.660308837890625,
            25.32440996170044,
            25.642674684524536
        ],
        "no-timeout-set": [
            45.50602149963379,
            45.02803111076355,
            45.40263390541077,
            45.29784107208252,
            45.60961437225342,
            45.32489252090454,
            45.4384822845459,
            46.74733209609985,
            45.49774479866028,
            45.384644746780396,
            46.21061134338379,
            45.63240599632263,
            46.86656355857849,
            45.470542669296265,
            45.49227261543274,
            45.33081769943237,
            46.7325279712677,
            45.39450669288635,
            46.430240869522095,
            46.87689805030823
        ]
    },
    "means": {
        "1s": 17.08378349542618,
        "2s": 17.880456495285035,
        "3s": 18.632071375846863,
        "4s": 19.388699758052827,
        "5s": 20.525616550445555,
        "6s": 21.467290914058687,
        "7s": 20.902651023864745,
        "8s": 21.68146902322769,
        "9s": 24.41486551761627,
        "10s": 25.760227191448212,
        "no-timeout-set": 45.78373129367829
    },
    "stds": {
        "1s": 0.9843869815782018,
        "2s": 0.8837344686108811,
        "3s": 0.4761866055747569,
        "4s": 1.2250676964830887,
        "5s": 1.0579254668817262,
        "6s": 0.5070866474403234,
        "7s": 2.6711457752406775,
        "8s": 3.1615615434746562,
        "9s": 1.9183300773999648,