{
    "id": 1062920519680,
    "userid": 1234,
    "urgency": 16,
    "priority": 16,
    "t_submit": 1684197821.3456137,
    "t_depend": 1684197821.357219,
    "t_run": 1684197821.3710337,
    "t_cleanup": 1684197821.5992594,
    "t_inactive": 1684197821.6011262,
    "state": "INACTIVE",
    "name": "hello_cxx",
    "ntasks": 168,
    "ncores": 168,
    "duration": 0.0,
    "nnodes": 3,
    "ranks": "[0-2]",
    "nodelist": "flux-sample-[0-2]",
    "success": true,
    "exception_occurred": false,
    "result": "COMPLETED",
    "expiration": 4837797821.0,
    "waitstatus": 0,
    "returncode": 0,
    "runtime": 0.2282257080078125,
    "exception": {
        "occurred": false,
        "severity": "",
        "type": "",
        "note": ""
    }
}