{
    "id": 1109628289024,
    "userid": 1234,
    "urgency": 16,
    "priority": 16,
    "t_submit": 1684197824.1296358,
    "t_depend": 1684197824.1410806,
    "t_run": 1684197824.1548364,
    "t_cleanup": 1684197824.3811889,
    "t_inactive": 1684197824.3829892,
    "state": "INACTIVE",
    "name": "hello_cxx",
    "ntasks": 168,
    "ncores": 168,
    "duration": 0.0,
    "nnodes": 3,
    "ranks": "[0-2]",
    "nodelist": "flux-sample-[0-2]",
    "success": true,
    "exception_occurred": false,
    "result": "COMPLETED",
    "expiration": 4837797824.0,
    "waitstatus": 0,
    "returncode": 0,
    "runtime": 0.22635245323181152,
    "exception": {
        "occurred": false,
        "severity": "",
        "type": "",
        "note": ""
    }
}