{
    "id": 1167761342464,
    "userid": 1234,
    "urgency": 16,
    "priority": 16,
    "t_submit": 1684197827.5953803,
    "t_depend": 1684197827.6070478,
    "t_run": 1684197827.6212687,
    "t_cleanup": 1684197827.845157,
    "t_inactive": 1684197827.847141,
    "state": "INACTIVE",
    "name": "hello_cxx",
    "ntasks": 168,
    "ncores": 168,
    "duration": 0.0,
    "nnodes": 3,
    "ranks": "[0-2]",
    "nodelist": "flux-sample-[0-2]",
    "success": true,
    "exception_occurred": false,
    "result": "COMPLETED",
    "expiration": 4837797827.0,
    "waitstatus": 0,
    "returncode": 0,
    "runtime": 0.22388815879821777,
    "exception": {
        "occurred": false,
        "severity": "",
        "type": "",
        "note": ""
    }
}