{
    "id": 1144290017280,
    "userid": 1234,
    "urgency": 16,
    "priority": 16,
    "t_submit": 1684197826.195904,
    "t_depend": 1684197826.2073941,
    "t_run": 1684197826.2217484,
    "t_cleanup": 1684197826.442822,
    "t_inactive": 1684197826.4444532,
    "state": "INACTIVE",
    "name": "hello_cxx",
    "ntasks": 168,
    "ncores": 168,
    "duration": 0.0,
    "nnodes": 3,
    "ranks": "[0-2]",
    "nodelist": "flux-sample-[0-2]",
    "success": true,
    "exception_occurred": false,
    "result": "COMPLETED",
    "expiration": 4837797826.0,
    "waitstatus": 0,
    "returncode": 0,
    "runtime": 0.22107362747192383,
    "exception": {
        "occurred": false,
        "severity": "",
        "type": "",
        "note": ""
    }
}