{
    "id": 1161855762432,
    "userid": 1234,
    "urgency": 16,
    "priority": 16,
    "t_submit": 1684197827.24335,
    "t_depend": 1684197827.2551098,
    "t_run": 1684197827.2695596,
    "t_cleanup": 1684197827.4834664,
    "t_inactive": 1684197827.4852498,
    "state": "INACTIVE",
    "name": "hello_cxx",
    "ntasks": 168,
    "ncores": 168,
    "duration": 0.0,
    "nnodes": 3,
    "ranks": "[0-2]",
    "nodelist": "flux-sample-[0-2]",
    "success": true,
    "exception_occurred": false,
    "result": "COMPLETED",
    "expiration": 4837797827.0,
    "waitstatus": 0,
    "returncode": 0,
    "runtime": 0.21390676498413086,
    "exception": {
        "occurred": false,
        "severity": "",
        "type": "",
        "note": ""
    }
}