{
    "id": 1086073077760,
    "userid": 1234,
    "urgency": 16,
    "priority": 16,
    "t_submit": 1684197822.7256508,
    "t_depend": 1684197822.7370987,
    "t_run": 1684197822.7511053,
    "t_cleanup": 1684197822.9676337,
    "t_inactive": 1684197822.9692943,
    "state": "INACTIVE",
    "name": "hello_cxx",
    "ntasks": 168,
    "ncores": 168,
    "duration": 0.0,
    "nnodes": 3,
    "ranks": "[0-2]",
    "nodelist": "flux-sample-[0-2]",
    "success": true,
    "exception_occurred": false,
    "result": "COMPLETED",
    "expiration": 4837797822.0,
    "waitstatus": 0,
    "returncode": 0,
    "runtime": 0.21652841567993164,
    "exception": {
        "occurred": false,
        "severity": "",
        "type": "",
        "note": ""
    }
}