{
    "id": 1126858489856,
    "userid": 1234,
    "urgency": 16,
    "priority": 16,
    "t_submit": 1684197825.1574273,
    "t_depend": 1684197825.1690066,
    "t_run": 1684197825.1831527,
    "t_cleanup": 1684197825.3882496,
    "t_inactive": 1684197825.3902237,
    "state": "INACTIVE",
    "name": "hello_cxx",
    "ntasks": 168,
    "ncores": 168,
    "duration": 0.0,
    "nnodes": 3,
    "ranks": "[0-2]",
    "nodelist": "flux-sample-[0-2]",
    "success": true,
    "exception_occurred": false,
    "result": "COMPLETED",
    "expiration": 4837797825.0,
    "waitstatus": 0,
    "returncode": 0,
    "runtime": 0.20509696006774902,
    "exception": {
        "occurred": false,
        "severity": "",
        "type": "",
        "note": ""
    }
}