{
    "id": 1155866296320,
    "userid": 1234,
    "urgency": 16,
    "priority": 16,
    "t_submit": 1684197826.885871,
    "t_depend": 1684197826.8974032,
    "t_run": 1684197826.911581,
    "t_cleanup": 1684197827.1378844,
    "t_inactive": 1684197827.1399066,
    "state": "INACTIVE",
    "name": "hello_cxx",
    "ntasks": 168,
    "ncores": 168,
    "duration": 0.0,
    "nnodes": 3,
    "ranks": "[0-2]",
    "nodelist": "flux-sample-[0-2]",
    "success": true,
    "exception_occurred": false,
    "result": "COMPLETED",
    "expiration": 4837797826.0,
    "waitstatus": 0,
    "returncode": 0,
    "runtime": 0.2263033390045166,
    "exception": {
        "occurred": false,
        "severity": "",
        "type": "",
        "note": ""
    }
}