{
    "id": 1056813613056,
    "userid": 1234,
    "urgency": 16,
    "priority": 16,
    "t_submit": 1684197820.9822724,
    "t_depend": 1684197820.9936025,
    "t_run": 1684197821.0076418,
    "t_cleanup": 1684197821.2394712,
    "t_inactive": 1684197821.241208,
    "state": "INACTIVE",
    "name": "hello_cxx",
    "ntasks": 168,
    "ncores": 168,
    "duration": 0.0,
    "nnodes": 3,
    "ranks": "[0-2]",
    "nodelist": "flux-sample-[0-2]",
    "success": true,
    "exception_occurred": false,
    "result": "COMPLETED",
    "expiration": 4837797821.0,
    "waitstatus": 0,
    "returncode": 0,
    "runtime": 0.23182940483093262,
    "exception": {
        "occurred": false,
        "severity": "",
        "type": "",
        "note": ""
    }
}