{
    "id": 1068943540224,
    "userid": 1234,
    "urgency": 16,
    "priority": 16,
    "t_submit": 1684197821.705042,
    "t_depend": 1684197821.7164764,
    "t_run": 1684197821.7303636,
    "t_cleanup": 1684197821.9396183,
    "t_inactive": 1684197821.941434,
    "state": "INACTIVE",
    "name": "hello_cxx",
    "ntasks": 168,
    "ncores": 168,
    "duration": 0.0,
    "nnodes": 3,
    "ranks": "[0-2]",
    "nodelist": "flux-sample-[0-2]",
    "success": true,
    "exception_occurred": false,
    "result": "COMPLETED",
    "expiration": 4837797821.0,
    "waitstatus": 0,
    "returncode": 0,
    "runtime": 0.20925474166870117,
    "exception": {
        "occurred": false,
        "severity": "",
        "type": "",
        "note": ""
    }
}