{
    "times": [
        43.742111682891846,
        5.655761003494263,
        5.430241823196411,
        5.4941511154174805,
        4.363089323043823,
        4.499382734298706,
        5.438010215759277,
        5.37243914604187,
        5.486803293228149,
        3.3759758472442627,
        4.572168350219727,
        4.474550247192383,
        5.395493745803833,
        5.342213153839111,
        3.3532657623291016,
        5.429410219192505,
        3.3848400115966797,
        5.576043605804443,
        4.356424570083618,
        4.403160333633423,
        5.376471042633057
    ],
    "mean": 6.691524153663998,
    "std": 8.523693341470086
}