{
    "id": 740277878784,
    "userid": 1000,
    "urgency": 16,
    "priority": 16,
    "t_submit": 1684112474.232097,
    "t_depend": 1684112474.2440546,
    "t_run": 1684112474.2668302,
    "t_cleanup": 1684112474.4682188,
    "t_inactive": 1684112474.4696245,
    "state": "INACTIVE",
    "name": "hostname",
    "ntasks": 224,
    "ncores": 224,
    "duration": 0.0,
    "nnodes": 4,
    "ranks": "[0-3]",
    "nodelist": "flux-sample-[4-7]",
    "success": true,
    "exception_occurred": false,
    "result": "COMPLETED",
    "expiration": 4837712474.0,
    "waitstatus": 0,
    "returncode": 0,
    "runtime": 0.20138859748840332,
    "exception": {
        "occurred": false,
        "severity": "",
        "type": "",
        "note": ""
    }
}