{
    "id": 1546221780992,
    "userid": 1234,
    "urgency": 16,
    "priority": 16,
    "t_submit": 1684197822.3833516,
    "t_depend": 1684197822.3949623,
    "t_run": 1684197822.409468,
    "t_cleanup": 1684197822.6909773,
    "t_inactive": 1684197822.692463,
    "state": "INACTIVE",
    "name": "hello_cxx",
    "ntasks": 280,
    "ncores": 280,
    "duration": 0.0,
    "nnodes": 5,
    "ranks": "[0-4]",
    "nodelist": "flux-sample-[3-7]",
    "success": true,
    "exception_occurred": false,
    "result": "COMPLETED",
    "expiration": 4837797822.0,
    "waitstatus": 0,
    "returncode": 0,
    "runtime": 0.2815093994140625,
    "exception": {
        "occurred": false,
        "severity": "",
        "type": "",
        "note": ""
    }
}