{
    "id": 1520418422784,
    "userid": 1234,
    "urgency": 16,
    "priority": 16,
    "t_submit": 1684197820.8451865,
    "t_depend": 1684197820.8567896,
    "t_run": 1684197820.8711402,
    "t_cleanup": 1684197821.1420007,
    "t_inactive": 1684197821.1437805,
    "state": "INACTIVE",
    "name": "hello_cxx",
    "ntasks": 280,
    "ncores": 280,
    "duration": 0.0,
    "nnodes": 5,
    "ranks": "[0-4]",
    "nodelist": "flux-sample-[3-7]",
    "success": true,
    "exception_occurred": false,
    "result": "COMPLETED",
    "expiration": 4837797820.0,
    "waitstatus": 0,
    "returncode": 0,
    "runtime": 0.2708604335784912,
    "exception": {
        "occurred": false,
        "severity": "",
        "type": "",
        "note": ""
    }
}