{
    "id": 1572696227840,
    "userid": 1234,
    "urgency": 16,
    "priority": 16,
    "t_submit": 1684197823.961253,
    "t_depend": 1684197823.9728022,
    "t_run": 1684197823.987208,
    "t_cleanup": 1684197824.246327,
    "t_inactive": 1684197824.248752,
    "state": "INACTIVE",
    "name": "hello_cxx",
    "ntasks": 280,
    "ncores": 280,
    "duration": 0.0,
    "nnodes": 5,
    "ranks": "[0-4]",
    "nodelist": "flux-sample-[3-7]",
    "success": true,
    "exception_occurred": false,
    "result": "COMPLETED",
    "expiration": 4837797823.0,
    "waitstatus": 0,
    "returncode": 0,
    "runtime": 0.25911903381347656,
    "exception": {
        "occurred": false,
        "severity": "",
        "type": "",
        "note": ""
    }
}