{
    "id": 1630594400256,
    "userid": 1234,
    "urgency": 16,
    "priority": 16,
    "t_submit": 1684197827.4118264,
    "t_depend": 1684197827.4234524,
    "t_run": 1684197827.4382973,
    "t_cleanup": 1684197827.6988754,
    "t_inactive": 1684197827.700573,
    "state": "INACTIVE",
    "name": "hello_cxx",
    "ntasks": 280,
    "ncores": 280,
    "duration": 0.0,
    "nnodes": 5,
    "ranks": "[0-4]",
    "nodelist": "flux-sample-[3-7]",
    "success": true,
    "exception_occurred": false,
    "result": "COMPLETED",
    "expiration": 4837797827.0,
    "waitstatus": 0,
    "returncode": 0,
    "runtime": 0.2605781555175781,
    "exception": {
        "occurred": false,
        "severity": "",
        "type": "",
        "note": ""
    }
}