{
    "id": 1579222564864,
    "userid": 1234,
    "urgency": 16,
    "priority": 16,
    "t_submit": 1684197824.3495462,
    "t_depend": 1684197824.3609457,
    "t_run": 1684197824.3754823,
    "t_cleanup": 1684197824.6259828,
    "t_inactive": 1684197824.6277363,
    "state": "INACTIVE",
    "name": "hello_cxx",
    "ntasks": 280,
    "ncores": 280,
    "duration": 0.0,
    "nnodes": 5,
    "ranks": "[0-4]",
    "nodelist": "flux-sample-[3-7]",
    "success": true,
    "exception_occurred": false,
    "result": "COMPLETED",
    "expiration": 4837797824.0,
    "waitstatus": 0,
    "returncode": 0,
    "runtime": 0.2505004405975342,
    "exception": {
        "occurred": false,
        "severity": "",
        "type": "",
        "note": ""
    }
}