{
    "id": 1624034508800,
    "userid": 1234,
    "urgency": 16,
    "priority": 16,
    "t_submit": 1684197827.020703,
    "t_depend": 1684197827.0320337,
    "t_run": 1684197827.046454,
    "t_cleanup": 1684197827.3080292,
    "t_inactive": 1684197827.3097649,
    "state": "INACTIVE",
    "name": "hello_cxx",
    "ntasks": 280,
    "ncores": 280,
    "duration": 0.0,
    "nnodes": 5,
    "ranks": "[0-4]",
    "nodelist": "flux-sample-[3-7]",
    "success": true,
    "exception_occurred": false,
    "result": "COMPLETED",
    "expiration": 4837797827.0,
    "waitstatus": 0,
    "returncode": 0,
    "runtime": 0.26157522201538086,
    "exception": {
        "occurred": false,
        "severity": "",
        "type": "",
        "note": ""
    }
}