{
    "id": 1598432477184,
    "userid": 1234,
    "urgency": 16,
    "priority": 16,
    "t_submit": 1684197825.494599,
    "t_depend": 1684197825.5061738,
    "t_run": 1684197825.520494,
    "t_cleanup": 1684197825.7746153,
    "t_inactive": 1684197825.7763195,
    "state": "INACTIVE",
    "name": "hello_cxx",
    "ntasks": 280,
    "ncores": 280,
    "duration": 0.0,
    "nnodes": 5,
    "ranks": "[0-4]",
    "nodelist": "flux-sample-[3-7]",
    "success": true,
    "exception_occurred": false,
    "result": "COMPLETED",
    "expiration": 4837797825.0,
    "waitstatus": 0,
    "returncode": 0,
    "runtime": 0.2541213035583496,
    "exception": {
        "occurred": false,
        "severity": "",
        "type": "",
        "note": ""
    }
}