{
    "id": 1527162863616,
    "userid": 1234,
    "urgency": 16,
    "priority": 16,
    "t_submit": 1684197821.2473664,
    "t_depend": 1684197821.2588131,
    "t_run": 1684197821.2728276,
    "t_cleanup": 1684197821.5218,
    "t_inactive": 1684197821.52359,
    "state": "INACTIVE",
    "name": "hello_cxx",
    "ntasks": 280,
    "ncores": 280,
    "duration": 0.0,
    "nnodes": 5,
    "ranks": "[0-4]",
    "nodelist": "flux-sample-[3-7]",
    "success": true,
    "exception_occurred": false,
    "result": "COMPLETED",
    "expiration": 4837797821.0,
    "waitstatus": 0,
    "returncode": 0,
    "runtime": 0.24897241592407227,
    "exception": {
        "occurred": false,
        "severity": "",
        "type": "",
        "note": ""
    }
}