{
    "id": 1637120737280,
    "userid": 1234,
    "urgency": 16,
    "priority": 16,
    "t_submit": 1684197827.8010266,
    "t_depend": 1684197827.8125584,
    "t_run": 1684197827.8274944,
    "t_cleanup": 1684197828.0698972,
    "t_inactive": 1684197828.071698,
    "state": "INACTIVE",
    "name": "hello_cxx",
    "ntasks": 280,
    "ncores": 280,
    "duration": 0.0,
    "nnodes": 5,
    "ranks": "[0-4]",
    "nodelist": "flux-sample-[3-7]",
    "success": true,
    "exception_occurred": false,
    "result": "COMPLETED",
    "expiration": 4837797827.0,
    "waitstatus": 0,
    "returncode": 0,
    "runtime": 0.2424027919769287,
    "exception": {
        "occurred": false,
        "severity": "",
        "type": "",
        "note": ""
    }
}