{
    "id": 1643378638848,
    "userid": 1234,
    "urgency": 16,
    "priority": 16,
    "t_submit": 1684197828.1739633,
    "t_depend": 1684197828.1855853,
    "t_run": 1684197828.2003887,
    "t_cleanup": 1684197828.4650455,
    "t_inactive": 1684197828.4668918,
    "state": "INACTIVE",
    "name": "hello_cxx",
    "ntasks": 280,
    "ncores": 280,
    "duration": 0.0,
    "nnodes": 5,
    "ranks": "[0-4]",
    "nodelist": "flux-sample-[3-7]",
    "success": true,
    "exception_occurred": false,
    "result": "COMPLETED",
    "expiration": 4837797828.0,
    "waitstatus": 0,
    "returncode": 0,
    "runtime": 0.26465678215026855,
    "exception": {
        "occurred": false,
        "severity": "",
        "type": "",
        "note": ""
    }
}