{
    "id": 1617944379392,
    "userid": 1234,
    "urgency": 16,
    "priority": 16,
    "t_submit": 1684197826.6581385,
    "t_depend": 1684197826.6697612,
    "t_run": 1684197826.6837635,
    "t_cleanup": 1684197826.9161248,
    "t_inactive": 1684197826.9177036,
    "state": "INACTIVE",
    "name": "hello_cxx",
    "ntasks": 280,
    "ncores": 280,
    "duration": 0.0,
    "nnodes": 5,
    "ranks": "[0-4]",
    "nodelist": "flux-sample-[3-7]",
    "success": true,
    "exception_occurred": false,
    "result": "COMPLETED",
    "expiration": 4837797826.0,
    "waitstatus": 0,
    "returncode": 0,
    "runtime": 0.2323613166809082,
    "exception": {
        "occurred": false,
        "severity": "",
        "type": "",
        "note": ""
    }
}