{
    "id": 1553133993984,
    "userid": 1234,
    "urgency": 16,
    "priority": 16,
    "t_submit": 1684197822.7944467,
    "t_depend": 1684197822.805885,
    "t_run": 1684197822.8200927,
    "t_cleanup": 1684197823.0853682,
    "t_inactive": 1684197823.087052,
    "state": "INACTIVE",
    "name": "hello_cxx",
    "ntasks": 280,
    "ncores": 280,
    "duration": 0.0,
    "nnodes": 5,
    "ranks": "[0-4]",
    "nodelist": "flux-sample-[3-7]",
    "success": true,
    "exception_occurred": false,
    "result": "COMPLETED",
    "expiration": 4837797822.0,
    "waitstatus": 0,
    "returncode": 0,
    "runtime": 0.2652754783630371,
    "exception": {
        "occurred": false,
        "severity": "",
        "type": "",
        "note": ""
    }
}