{
    "id": 1611384487936,
    "userid": 1234,
    "urgency": 16,
    "priority": 16,
    "t_submit": 1684197826.2666302,
    "t_depend": 1684197826.2786043,
    "t_run": 1684197826.2929995,
    "t_cleanup": 1684197826.551244,
    "t_inactive": 1684197826.5529087,
    "state": "INACTIVE",
    "name": "hello_cxx",
    "ntasks": 280,
    "ncores": 280,
    "duration": 0.0,
    "nnodes": 5,
    "ranks": "[0-4]",
    "nodelist": "flux-sample-[3-7]",
    "success": true,
    "exception_occurred": false,
    "result": "COMPLETED",
    "expiration": 4837797826.0,
    "waitstatus": 0,
    "returncode": 0,
    "runtime": 0.25824451446533203,
    "exception": {
        "occurred": false,
        "severity": "",
        "type": "",
        "note": ""
    }
}