{
    "id": 1566287331328,
    "userid": 1234,
    "urgency": 16,
    "priority": 16,
    "t_submit": 1684197823.5785966,
    "t_depend": 1684197823.5902443,
    "t_run": 1684197823.6045654,
    "t_cleanup": 1684197823.8572347,
    "t_inactive": 1684197823.8590145,
    "state": "INACTIVE",
    "name": "hello_cxx",
    "ntasks": 280,
    "ncores": 280,
    "duration": 0.0,
    "nnodes": 5,
    "ranks": "[0-4]",
    "nodelist": "flux-sample-[3-7]",
    "success": true,
    "exception_occurred": false,
    "result": "COMPLETED",
    "expiration": 4837797823.0,
    "waitstatus": 0,
    "returncode": 0,
    "runtime": 0.2526693344116211,
    "exception": {
        "occurred": false,
        "severity": "",
        "type": "",
        "note": ""
    }
}