{
    "id": 1604891705344,
    "userid": 1234,
    "urgency": 16,
    "priority": 16,
    "t_submit": 1684197825.88028,
    "t_depend": 1684197825.8916674,
    "t_run": 1684197825.9064178,
    "t_cleanup": 1684197826.1587622,
    "t_inactive": 1684197826.1604004,
    "state": "INACTIVE",
    "name": "hello_cxx",
    "ntasks": 280,
    "ncores": 280,
    "duration": 0.0,
    "nnodes": 5,
    "ranks": "[0-4]",
    "nodelist": "flux-sample-[3-7]",
    "success": true,
    "exception_occurred": false,
    "result": "COMPLETED",
    "expiration": 4837797825.0,
    "waitstatus": 0,
    "returncode": 0,
    "runtime": 0.25234436988830566,
    "exception": {
        "occurred": false,
        "severity": "",
        "type": "",
        "note": ""
    }
}