{
    "id": 632920473600,
    "userid": 1234,
    "urgency": 16,
    "priority": 16,
    "t_submit": 1684197549.3038075,
    "t_depend": 1684197549.315199,
    "t_run": 1684197549.3288095,
    "t_cleanup": 1684197549.7025266,
    "t_inactive": 1684197549.7057447,
    "state": "INACTIVE",
    "name": "hello_cxx",
    "ntasks": 112,
    "ncores": 112,
    "duration": 0.0,
    "nnodes": 2,
    "ranks": "[0-1]",
    "nodelist": "flux-sample-[0-1]",
    "success": true,
    "exception_occurred": false,
    "result": "COMPLETED",
    "expiration": 4837797549.0,
    "waitstatus": 0,
    "returncode": 0,
    "runtime": 0.3737170696258545,
    "exception": {
        "occurred": false,
        "severity": "",
        "type": "",
        "note": ""
    }
}