{
    "id": 678755827712,
    "userid": 1234,
    "urgency": 16,
    "priority": 16,
    "t_submit": 1684197552.035558,
    "t_depend": 1684197552.0471475,
    "t_run": 1684197552.0610886,
    "t_cleanup": 1684197552.4138572,
    "t_inactive": 1684197552.416283,
    "state": "INACTIVE",
    "name": "hello_cxx",
    "ntasks": 112,
    "ncores": 112,
    "duration": 0.0,
    "nnodes": 2,
    "ranks": "[0-1]",
    "nodelist": "flux-sample-[0-1]",
    "success": true,
    "exception_occurred": false,
    "result": "COMPLETED",
    "expiration": 4837797552.0,
    "waitstatus": 0,
    "returncode": 0,
    "runtime": 0.3527686595916748,
    "exception": {
        "occurred": false,
        "severity": "",
        "type": "",
        "note": ""
    }
}