{
    "id": 536317263872,
    "userid": 1234,
    "urgency": 16,
    "priority": 16,
    "t_submit": 1684197543.5455756,
    "t_depend": 1684197543.5569475,
    "t_run": 1684197543.570246,
    "t_cleanup": 1684197543.9163017,
    "t_inactive": 1684197543.9183626,
    "state": "INACTIVE",
    "name": "hello_cxx",
    "ntasks": 112,
    "ncores": 112,
    "duration": 0.0,
    "nnodes": 2,
    "ranks": "[0-1]",
    "nodelist": "flux-sample-[0-1]",
    "success": true,
    "exception_occurred": false,
    "result": "COMPLETED",
    "expiration": 4837797543.0,
    "waitstatus": 0,
    "returncode": 0,
    "runtime": 0.3460557460784912,
    "exception": {
        "occurred": false,
        "severity": "",
        "type": "",
        "note": ""
    }
}