{
    "id": 571197095936,
    "userid": 1234,
    "urgency": 16,
    "priority": 16,
    "t_submit": 1684197545.625108,
    "t_depend": 1684197545.6369982,
    "t_run": 1684197545.6503353,
    "t_cleanup": 1684197546.0275443,
    "t_inactive": 1684197546.0292833,
    "state": "INACTIVE",
    "name": "hello_cxx",
    "ntasks": 112,
    "ncores": 112,
    "duration": 0.0,
    "nnodes": 2,
    "ranks": "[0-1]",
    "nodelist": "flux-sample-[0-1]",
    "success": true,
    "exception_occurred": false,
    "result": "COMPLETED",
    "expiration": 4837797545.0,
    "waitstatus": 0,
    "returncode": 0,
    "runtime": 0.377208948135376,
    "exception": {
        "occurred": false,
        "severity": "",
        "type": "",
        "note": ""
    }
}