{
    "id": 624364093440,
    "userid": 1234,
    "urgency": 16,
    "priority": 16,
    "t_submit": 1684197548.7942066,
    "t_depend": 1684197548.805841,
    "t_run": 1684197548.819416,
    "t_cleanup": 1684197549.192954,
    "t_inactive": 1684197549.1945832,
    "state": "INACTIVE",
    "name": "hello_cxx",
    "ntasks": 112,
    "ncores": 112,
    "duration": 0.0,
    "nnodes": 2,
    "ranks": "[0-1]",
    "nodelist": "flux-sample-[0-1]",
    "success": true,
    "exception_occurred": false,
    "result": "COMPLETED",
    "expiration": 4837797548.0,
    "waitstatus": 0,
    "returncode": 0,
    "runtime": 0.3735380172729492,
    "exception": {
        "occurred": false,
        "severity": "",
        "type": "",
        "note": ""
    }
}