{
    "id": 695583375360,
    "userid": 1234,
    "urgency": 16,
    "priority": 16,
    "t_submit": 1684197553.0385191,
    "t_depend": 1684197553.0500464,
    "t_run": 1684197553.0637858,
    "t_cleanup": 1684197553.4380257,
    "t_inactive": 1684197553.439664,
    "state": "INACTIVE",
    "name": "hello_cxx",
    "ntasks": 112,
    "ncores": 112,
    "duration": 0.0,
    "nnodes": 2,
    "ranks": "[0-1]",
    "nodelist": "flux-sample-[0-1]",
    "success": true,
    "exception_occurred": false,
    "result": "COMPLETED",
    "expiration": 4837797553.0,
    "waitstatus": 0,
    "returncode": 0,
    "runtime": 0.3742399215698242,
    "exception": {
        "occurred": false,
        "severity": "",
        "type": "",
        "note": ""
    }
}