{
    "id": 561768300544,
    "userid": 1234,
    "urgency": 16,
    "priority": 16,
    "t_submit": 1684197545.0634336,
    "t_depend": 1684197545.075036,
    "t_run": 1684197545.0888193,
    "t_cleanup": 1684197545.5167544,
    "t_inactive": 1684197545.518408,
    "state": "INACTIVE",
    "name": "hello_cxx",
    "ntasks": 112,
    "ncores": 112,
    "duration": 0.0,
    "nnodes": 2,
    "ranks": "[0-1]",
    "nodelist": "flux-sample-[0-1]",
    "success": true,
    "exception_occurred": false,
    "result": "COMPLETED",
    "expiration": 4837797545.0,
    "waitstatus": 0,
    "returncode": 0,
    "runtime": 0.4279351234436035,
    "exception": {
        "occurred": false,
        "severity": "",
        "type": "",
        "note": ""
    }
}