{
    "id": 606664130560,
    "userid": 1234,
    "urgency": 16,
    "priority": 16,
    "t_submit": 1684197547.7386885,
    "t_depend": 1684197547.7502,
    "t_run": 1684197547.7638986,
    "t_cleanup": 1684197548.1807203,
    "t_inactive": 1684197548.1824064,
    "state": "INACTIVE",
    "name": "hello_cxx",
    "ntasks": 112,
    "ncores": 112,
    "duration": 0.0,
    "nnodes": 2,
    "ranks": "[0-1]",
    "nodelist": "flux-sample-[0-1]",
    "success": true,
    "exception_occurred": false,
    "result": "COMPLETED",
    "expiration": 4837797547.0,
    "waitstatus": 0,
    "returncode": 0,
    "runtime": 0.4168217182159424,
    "exception": {
        "occurred": false,
        "severity": "",
        "type": "",
        "note": ""
    }
}