{
    "id": 588242747392,
    "userid": 1234,
    "urgency": 16,
    "priority": 16,
    "t_submit": 1684197546.6407292,
    "t_depend": 1684197546.6521974,
    "t_run": 1684197546.66562,
    "t_cleanup": 1684197547.0820217,
    "t_inactive": 1684197547.0837262,
    "state": "INACTIVE",
    "name": "hello_cxx",
    "ntasks": 112,
    "ncores": 112,
    "duration": 0.0,
    "nnodes": 2,
    "ranks": "[0-1]",
    "nodelist": "flux-sample-[0-1]",
    "success": true,
    "exception_occurred": false,
    "result": "COMPLETED",
    "expiration": 4837797546.0,
    "waitstatus": 0,
    "returncode": 0,
    "runtime": 0.41640162467956543,
    "exception": {
        "occurred": false,
        "severity": "",
        "type": "",
        "note": ""
    }
}