{
    "id": 668303622144,
    "userid": 1234,
    "urgency": 16,
    "priority": 16,
    "t_submit": 1684197551.4125881,
    "t_depend": 1684197551.4238932,
    "t_run": 1684197551.4375992,
    "t_cleanup": 1684197551.9277182,
    "t_inactive": 1684197551.931002,
    "state": "INACTIVE",
    "name": "hello_cxx",
    "ntasks": 112,
    "ncores": 112,
    "duration": 0.0,
    "nnodes": 2,
    "ranks": "[0-1]",
    "nodelist": "flux-sample-[0-1]",
    "success": true,
    "exception_occurred": false,
    "result": "COMPLETED",
    "expiration": 4837797551.0,
    "waitstatus": 0,
    "returncode": 0,
    "runtime": 0.49011898040771484,
    "exception": {
        "occurred": false,
        "severity": "",
        "type": "",
        "note": ""
    }
}