{
    "id": 659613024256,
    "userid": 1234,
    "urgency": 16,
    "priority": 16,
    "t_submit": 1684197550.8945892,
    "t_depend": 1684197550.9059584,
    "t_run": 1684197550.9194145,
    "t_cleanup": 1684197551.304036,
    "t_inactive": 1684197551.305609,
    "state": "INACTIVE",
    "name": "hello_cxx",
    "ntasks": 112,
    "ncores": 112,
    "duration": 0.0,
    "nnodes": 2,
    "ranks": "[0-1]",
    "nodelist": "flux-sample-[0-1]",
    "success": true,
    "exception_occurred": false,
    "result": "COMPLETED",
    "expiration": 4837797550.0,
    "waitstatus": 0,
    "returncode": 0,
    "runtime": 0.38462138175964355,
    "exception": {
        "occurred": false,
        "severity": "",
        "type": "",
        "note": ""
    }
}