{
    "id": 579753476096,
    "userid": 1234,
    "urgency": 16,
    "priority": 16,
    "t_submit": 1684197546.1347616,
    "t_depend": 1684197546.1460764,
    "t_run": 1684197546.1598542,
    "t_cleanup": 1684197546.534346,
    "t_inactive": 1684197546.5360076,
    "state": "INACTIVE",
    "name": "hello_cxx",
    "ntasks": 112,
    "ncores": 112,
    "duration": 0.0,
    "nnodes": 2,
    "ranks": "[0-1]",
    "nodelist": "flux-sample-[0-1]",
    "success": true,
    "exception_occurred": false,
    "result": "COMPLETED",
    "expiration": 4837797546.0,
    "waitstatus": 0,
    "returncode": 0,
    "runtime": 0.37449193000793457,
    "exception": {
        "occurred": false,
        "severity": "",
        "type": "",
        "note": ""
    }
}