{
    "id": 597419884544,
    "userid": 1234,
    "urgency": 16,
    "priority": 16,
    "t_submit": 1684197547.1882298,
    "t_depend": 1684197547.199593,
    "t_run": 1684197547.2132936,
    "t_cleanup": 1684197547.6308734,
    "t_inactive": 1684197547.6328769,
    "state": "INACTIVE",
    "name": "hello_cxx",
    "ntasks": 112,
    "ncores": 112,
    "duration": 0.0,
    "nnodes": 2,
    "ranks": "[0-1]",
    "nodelist": "flux-sample-[0-1]",
    "success": true,
    "exception_occurred": false,
    "result": "COMPLETED",
    "expiration": 4837797547.0,
    "waitstatus": 0,
    "returncode": 0,
    "runtime": 0.41757988929748535,
    "exception": {
        "occurred": false,
        "severity": "",
        "type": "",
        "note": ""
    }
}