{
    "id": 615891599360,
    "userid": 1234,
    "urgency": 16,
    "priority": 16,
    "t_submit": 1684197548.2886474,
    "t_depend": 1684197548.3000953,
    "t_run": 1684197548.3137758,
    "t_cleanup": 1684197548.6883404,
    "t_inactive": 1684197548.690053,
    "state": "INACTIVE",
    "name": "hello_cxx",
    "ntasks": 112,
    "ncores": 112,
    "duration": 0.0,
    "nnodes": 2,
    "ranks": "[0-1]",
    "nodelist": "flux-sample-[0-1]",
    "success": true,
    "exception_occurred": false,
    "result": "COMPLETED",
    "expiration": 4837797548.0,
    "waitstatus": 0,
    "returncode": 0,
    "runtime": 0.37456464767456055,
    "exception": {
        "occurred": false,
        "severity": "",
        "type": "",
        "note": ""
    }
}