{
    "id": 3663305113600,
    "userid": 1000,
    "urgency": 16,
    "priority": 16,
    "t_submit": 1690057123.9527457,
    "t_depend": 1690057123.9643693,
    "t_run": 1690057124.0140896,
    "t_cleanup": 1690057333.1653023,
    "t_inactive": 1690057333.1675832,
    "state": "INACTIVE",
    "name": "lmp",
    "ntasks": 896,
    "ncores": 896,
    "duration": 0.0,
    "nnodes": 16,
    "ranks": "[0-15]",
    "nodelist": "flux-sample-[48-63]",
    "success": true,
    "exception_occurred": false,
    "result": "COMPLETED",
    "expiration": 4843657123.0,
    "waitstatus": 0,
    "returncode": 0,
    "runtime": 209.15121269226074,
    "exception": {
        "occurred": false,
        "severity": "",
        "type": "",
        "note": ""
    }
}