{
    "id": 7177896984576,
    "userid": 1000,
    "urgency": 16,
    "priority": 16,
    "t_submit": 1690057333.4386868,
    "t_depend": 1690057333.4500642,
    "t_run": 1690057333.4994822,
    "t_cleanup": 1690057543.1638224,
    "t_inactive": 1690057543.1659343,
    "state": "INACTIVE",
    "name": "lmp",
    "ntasks": 896,
    "ncores": 896,
    "duration": 0.0,
    "nnodes": 16,
    "ranks": "[0-15]",
    "nodelist": "flux-sample-[48-63]",
    "success": true,
    "exception_occurred": false,
    "result": "COMPLETED",
    "expiration": 4843657333.0,
    "waitstatus": 0,
    "returncode": 0,
    "runtime": 209.66434025764465,
    "exception": {
        "occurred": false,
        "severity": "",
        "type": "",
        "note": ""
    }
}