{
    "id": 3812068687872,
    "userid": 1234,
    "urgency": 16,
    "priority": 16,
    "t_submit": 1684197451.590997,
    "t_depend": 1684197451.6029212,
    "t_run": 1684197451.6199262,
    "t_cleanup": 1684197451.8347757,
    "t_inactive": 1684197451.8369462,
    "state": "INACTIVE",
    "name": "ring_mpifh",
    "ntasks": 392,
    "ncores": 392,
    "duration": 0.0,
    "nnodes": 7,
    "ranks": "[0-6]",
    "nodelist": "flux-sample-[1-7]",
    "success": true,
    "exception_occurred": false,
    "result": "COMPLETED",
    "expiration": 4837797451.0,
    "waitstatus": 0,
    "returncode": 0,
    "runtime": 0.21484947204589844,
    "exception": {
        "occurred": false,
        "severity": "",
        "type": "",
        "note": ""
    }
}