{
    "id": 3765226700800,
    "userid": 1234,
    "urgency": 16,
    "priority": 16,
    "t_submit": 1684197448.7987201,
    "t_depend": 1684197448.810878,
    "t_run": 1684197448.827498,
    "t_cleanup": 1684197449.0388916,
    "t_inactive": 1684197449.0412202,
    "state": "INACTIVE",
    "name": "ring_mpifh",
    "ntasks": 392,
    "ncores": 392,
    "duration": 0.0,
    "nnodes": 7,
    "ranks": "[0-6]",
    "nodelist": "flux-sample-[1-7]",
    "success": true,
    "exception_occurred": false,
    "result": "COMPLETED",
    "expiration": 4837797448.0,
    "waitstatus": 0,
    "returncode": 0,
    "runtime": 0.2113935947418213,
    "exception": {
        "occurred": false,
        "severity": "",
        "type": "",
        "note": ""
    }
}