{
    "id": 3776702316544,
    "userid": 1234,
    "urgency": 16,
    "priority": 16,
    "t_submit": 1684197449.4832346,
    "t_depend": 1684197449.4953802,
    "t_run": 1684197449.5119107,
    "t_cleanup": 1684197449.7255144,
    "t_inactive": 1684197449.7278364,
    "state": "INACTIVE",
    "name": "ring_mpifh",
    "ntasks": 392,
    "ncores": 392,
    "duration": 0.0,
    "nnodes": 7,
    "ranks": "[0-6]",
    "nodelist": "flux-sample-[1-7]",
    "success": true,
    "exception_occurred": false,
    "result": "COMPLETED",
    "expiration": 4837797449.0,
    "waitstatus": 0,
    "returncode": 0,
    "runtime": 0.21360373497009277,
    "exception": {
        "occurred": false,
        "severity": "",
        "type": "",
        "note": ""
    }
}