{
    "id": 3817940713472,
    "userid": 1234,
    "urgency": 16,
    "priority": 16,
    "t_submit": 1684197451.941062,
    "t_depend": 1684197451.9529498,
    "t_run": 1684197451.9697993,
    "t_cleanup": 1684197452.1944034,
    "t_inactive": 1684197452.1966658,
    "state": "INACTIVE",
    "name": "ring_mpifh",
    "ntasks": 392,
    "ncores": 392,
    "duration": 0.0,
    "nnodes": 7,
    "ranks": "[0-6]",
    "nodelist": "flux-sample-[1-7]",
    "success": true,
    "exception_occurred": false,
    "result": "COMPLETED",
    "expiration": 4837797451.0,
    "waitstatus": 0,
    "returncode": 0,
    "runtime": 0.22460412979125977,
    "exception": {
        "occurred": false,
        "severity": "",
        "type": "",
        "note": ""
    }
}