{
    "id": 3730212651008,
    "userid": 1234,
    "urgency": 16,
    "priority": 16,
    "t_submit": 1684197446.711764,
    "t_depend": 1684197446.7241867,
    "t_run": 1684197446.7416399,
    "t_cleanup": 1684197446.9553869,
    "t_inactive": 1684197446.9576974,
    "state": "INACTIVE",
    "name": "ring_mpifh",
    "ntasks": 392,
    "ncores": 392,
    "duration": 0.0,
    "nnodes": 7,
    "ranks": "[0-6]",
    "nodelist": "flux-sample-[1-7]",
    "success": true,
    "exception_occurred": false,
    "result": "COMPLETED",
    "expiration": 4837797446.0,
    "waitstatus": 0,
    "returncode": 0,
    "runtime": 0.2137470245361328,
    "exception": {
        "occurred": false,
        "severity": "",
        "type": "",
        "note": ""
    }
}