{
    "id": 3841781137408,
    "userid": 1234,
    "urgency": 16,
    "priority": 16,
    "t_submit": 1684197453.3619483,
    "t_depend": 1684197453.3742774,
    "t_run": 1684197453.391113,
    "t_cleanup": 1684197453.6167295,
    "t_inactive": 1684197453.6190844,
    "state": "INACTIVE",
    "name": "ring_mpifh",
    "ntasks": 392,
    "ncores": 392,
    "duration": 0.0,
    "nnodes": 7,
    "ranks": "[0-6]",
    "nodelist": "flux-sample-[1-7]",
    "success": true,
    "exception_occurred": false,
    "result": "COMPLETED",
    "expiration": 4837797453.0,
    "waitstatus": 0,
    "returncode": 0,
    "runtime": 0.225616455078125,
    "exception": {
        "occurred": false,
        "severity": "",
        "type": "",
        "note": ""
    }
}