{
    "id": 3830104195072,
    "userid": 1234,
    "urgency": 16,
    "priority": 16,
    "t_submit": 1684197452.665932,
    "t_depend": 1684197452.6784508,
    "t_run": 1684197452.6951282,
    "t_cleanup": 1684197452.9077296,
    "t_inactive": 1684197452.9099932,
    "state": "INACTIVE",
    "name": "ring_mpifh",
    "ntasks": 392,
    "ncores": 392,
    "duration": 0.0,
    "nnodes": 7,
    "ranks": "[0-6]",
    "nodelist": "flux-sample-[1-7]",
    "success": true,
    "exception_occurred": false,
    "result": "COMPLETED",
    "expiration": 4837797452.0,
    "waitstatus": 0,
    "returncode": 0,
    "runtime": 0.2126014232635498,
    "exception": {
        "occurred": false,
        "severity": "",
        "type": "",
        "note": ""
    }
}