{
    "id": 3782557564928,
    "userid": 1234,
    "urgency": 16,
    "priority": 16,
    "t_submit": 1684197449.8316374,
    "t_depend": 1684197449.843804,
    "t_run": 1684197449.8604047,
    "t_cleanup": 1684197450.0741796,
    "t_inactive": 1684197450.076531,
    "state": "INACTIVE",
    "name": "ring_mpifh",
    "ntasks": 392,
    "ncores": 392,
    "duration": 0.0,
    "nnodes": 7,
    "ranks": "[0-6]",
    "nodelist": "flux-sample-[1-7]",
    "success": true,
    "exception_occurred": false,
    "result": "COMPLETED",
    "expiration": 4837797449.0,
    "waitstatus": 0,
    "returncode": 0,
    "runtime": 0.2137749195098877,
    "exception": {
        "occurred": false,
        "severity": "",
        "type": "",
        "note": ""
    }
}