{
    "id": 3741856038912,
    "userid": 1234,
    "urgency": 16,
    "priority": 16,
    "t_submit": 1684197447.4063218,
    "t_depend": 1684197447.418543,
    "t_run": 1684197447.4349308,
    "t_cleanup": 1684197447.6512883,
    "t_inactive": 1684197447.6534686,
    "state": "INACTIVE",
    "name": "ring_mpifh",
    "ntasks": 392,
    "ncores": 392,
    "duration": 0.0,
    "nnodes": 7,
    "ranks": "[0-6]",
    "nodelist": "flux-sample-[1-7]",
    "success": true,
    "exception_occurred": false,
    "result": "COMPLETED",
    "expiration": 4837797447.0,
    "waitstatus": 0,
    "returncode": 0,
    "runtime": 0.21635746955871582,
    "exception": {
        "occurred": false,
        "severity": "",
        "type": "",
        "note": ""
    }
}