{
    "id": 3759438561280,
    "userid": 1234,
    "urgency": 16,
    "priority": 16,
    "t_submit": 1684197448.4543328,
    "t_depend": 1684197448.467793,
    "t_run": 1684197448.484464,
    "t_cleanup": 1684197448.694517,
    "t_inactive": 1684197448.6968355,
    "state": "INACTIVE",
    "name": "ring_mpifh",
    "ntasks": 392,
    "ncores": 392,
    "duration": 0.0,
    "nnodes": 7,
    "ranks": "[0-6]",
    "nodelist": "flux-sample-[1-7]",
    "success": true,
    "exception_occurred": false,
    "result": "COMPLETED",
    "expiration": 4837797448.0,
    "waitstatus": 0,
    "returncode": 0,
    "runtime": 0.2100529670715332,
    "exception": {
        "occurred": false,
        "severity": "",
        "type": "",
        "note": ""
    }
}