{
    "id": 1939748159488,
    "userid": 1234,
    "urgency": 16,
    "priority": 16,
    "t_submit": 1684197339.9920807,
    "t_depend": 1684197340.0037782,
    "t_run": 1684197340.0192015,
    "t_cleanup": 1684197340.3369641,
    "t_inactive": 1684197340.3386517,
    "state": "INACTIVE",
    "name": "hello_cxx",
    "ntasks": 392,
    "ncores": 392,
    "duration": 0.0,
    "nnodes": 7,
    "ranks": "[0-6]",
    "nodelist": "flux-sample-[1-7]",
    "success": true,
    "exception_occurred": false,
    "result": "COMPLETED",
    "expiration": 4837797340.0,
    "waitstatus": 0,
    "returncode": 0,
    "runtime": 0.3177626132965088,
    "exception": {
        "occurred": false,
        "severity": "",
        "type": "",
        "note": ""
    }
}