{
    "id": 1961491431424,
    "userid": 1234,
    "urgency": 16,
    "priority": 16,
    "t_submit": 1684197341.288225,
    "t_depend": 1684197341.2997332,
    "t_run": 1684197341.314538,
    "t_cleanup": 1684197341.6012416,
    "t_inactive": 1684197341.6029887,
    "state": "INACTIVE",
    "name": "hello_cxx",
    "ntasks": 392,
    "ncores": 392,
    "duration": 0.0,
    "nnodes": 7,
    "ranks": "[0-6]",
    "nodelist": "flux-sample-[1-7]",
    "success": true,
    "exception_occurred": false,
    "result": "COMPLETED",
    "expiration": 4837797341.0,
    "waitstatus": 0,
    "returncode": 0,
    "runtime": 0.28670358657836914,
    "exception": {
        "occurred": false,
        "severity": "",
        "type": "",
        "note": ""
    }
}