{
    "id": 1968521084928,
    "userid": 1234,
    "urgency": 16,
    "priority": 16,
    "t_submit": 1684197341.7064462,
    "t_depend": 1684197341.717803,
    "t_run": 1684197341.7326949,
    "t_cleanup": 1684197342.0053134,
    "t_inactive": 1684197342.0069325,
    "state": "INACTIVE",
    "name": "hello_cxx",
    "ntasks": 392,
    "ncores": 392,
    "duration": 0.0,
    "nnodes": 7,
    "ranks": "[0-6]",
    "nodelist": "flux-sample-[1-7]",
    "success": true,
    "exception_occurred": false,
    "result": "COMPLETED",
    "expiration": 4837797341.0,
    "waitstatus": 0,
    "returncode": 0,
    "runtime": 0.27261853218078613,
    "exception": {
        "occurred": false,
        "severity": "",
        "type": "",
        "note": ""
    }
}