{
    "id": 1954143010816,
    "userid": 1234,
    "urgency": 16,
    "priority": 16,
    "t_submit": 1684197340.8501904,
    "t_depend": 1684197340.8615494,
    "t_run": 1684197340.876456,
    "t_cleanup": 1684197341.1842022,
    "t_inactive": 1684197341.1859941,
    "state": "INACTIVE",
    "name": "hello_cxx",
    "ntasks": 392,
    "ncores": 392,
    "duration": 0.0,
    "nnodes": 7,
    "ranks": "[0-6]",
    "nodelist": "flux-sample-[1-7]",
    "success": true,
    "exception_occurred": false,
    "result": "COMPLETED",
    "expiration": 4837797340.0,
    "waitstatus": 0,
    "returncode": 0,
    "runtime": 0.30774617195129395,
    "exception": {
        "occurred": false,
        "severity": "",
        "type": "",
        "note": ""
    }
}