{
    "id": 1863093059584,
    "userid": 1234,
    "urgency": 16,
    "priority": 16,
    "t_submit": 1684197335.4233565,
    "t_depend": 1684197335.4349883,
    "t_run": 1684197335.450279,
    "t_cleanup": 1684197335.7341328,
    "t_inactive": 1684197335.735865,
    "state": "INACTIVE",
    "name": "hello_cxx",
    "ntasks": 392,
    "ncores": 392,
    "duration": 0.0,
    "nnodes": 7,
    "ranks": "[0-6]",
    "nodelist": "flux-sample-[1-7]",
    "success": true,
    "exception_occurred": false,
    "result": "COMPLETED",
    "expiration": 4837797335.0,
    "waitstatus": 0,
    "returncode": 0,
    "runtime": 0.28385376930236816,
    "exception": {
        "occurred": false,
        "severity": "",
        "type": "",
        "note": ""
    }
}