{
    "id": 1898174218240,
    "userid": 1234,
    "urgency": 16,
    "priority": 16,
    "t_submit": 1684197337.5135052,
    "t_depend": 1684197337.5248451,
    "t_run": 1684197337.539474,
    "t_cleanup": 1684197337.8085797,
    "t_inactive": 1684197337.810164,
    "state": "INACTIVE",
    "name": "hello_cxx",
    "ntasks": 392,
    "ncores": 392,
    "duration": 0.0,
    "nnodes": 7,
    "ranks": "[0-6]",
    "nodelist": "flux-sample-[1-7]",
    "success": true,
    "exception_occurred": false,
    "result": "COMPLETED",
    "expiration": 4837797337.0,
    "waitstatus": 0,
    "returncode": 0,
    "runtime": 0.2691056728363037,
    "exception": {
        "occurred": false,
        "severity": "",
        "type": "",
        "note": ""
    }
}