{
    "id": 1989425496064,
    "userid": 1234,
    "urgency": 16,
    "priority": 16,
    "t_submit": 1684197342.9527628,
    "t_depend": 1684197342.9641132,
    "t_run": 1684197342.979586,
    "t_cleanup": 1684197343.2656395,
    "t_inactive": 1684197343.2674448,
    "state": "INACTIVE",
    "name": "hello_cxx",
    "ntasks": 392,
    "ncores": 392,
    "duration": 0.0,
    "nnodes": 7,
    "ranks": "[0-6]",
    "nodelist": "flux-sample-[1-7]",
    "success": true,
    "exception_occurred": false,
    "result": "COMPLETED",
    "expiration": 4837797342.0,
    "waitstatus": 0,
    "returncode": 0,
    "runtime": 0.2860536575317383,
    "exception": {
        "occurred": false,
        "severity": "",
        "type": "",
        "note": ""
    }
}