{
    "id": 1876783267840,
    "userid": 1234,
    "urgency": 16,
    "priority": 16,
    "t_submit": 1684197336.2391198,
    "t_depend": 1684197336.2503655,
    "t_run": 1684197336.2651358,
    "t_cleanup": 1684197336.5665407,
    "t_inactive": 1684197336.5692058,
    "state": "INACTIVE",
    "name": "hello_cxx",
    "ntasks": 392,
    "ncores": 392,
    "duration": 0.0,
    "nnodes": 7,
    "ranks": "[0-6]",
    "nodelist": "flux-sample-[1-7]",
    "success": true,
    "exception_occurred": false,
    "result": "COMPLETED",
    "expiration": 4837797336.0,
    "waitstatus": 0,
    "returncode": 0,
    "runtime": 0.3014049530029297,
    "exception": {
        "occurred": false,
        "severity": "",
        "type": "",
        "note": ""
    }
}