{
    "id": 278099132416,
    "userid": 1000,
    "urgency": 16,
    "priority": 16,
    "t_submit": 1684111935.6937678,
    "t_depend": 1684111935.7051861,
    "t_run": 1684111935.731809,
    "t_cleanup": 1684111936.007628,
    "t_inactive": 1684111936.0090437,
    "state": "INACTIVE",
    "name": "hostname",
    "ntasks": 336,
    "ncores": 336,
    "duration": 0.0,
    "nnodes": 6,
    "ranks": "[0-5]",
    "nodelist": "flux-sample-[2-7]",
    "success": true,
    "exception_occurred": false,
    "result": "COMPLETED",
    "expiration": 4837711935.0,
    "waitstatus": 0,
    "returncode": 0,
    "runtime": 0.2758190631866455,
    "exception": {
        "occurred": false,
        "severity": "",
        "type": "",
        "note": ""
    }
}