{
    "id": 299825627136,
    "userid": 1000,
    "urgency": 16,
    "priority": 16,
    "t_submit": 1684111936.9888005,
    "t_depend": 1684111937.000212,
    "t_run": 1684111937.027186,
    "t_cleanup": 1684111937.2890127,
    "t_inactive": 1684111937.2904346,
    "state": "INACTIVE",
    "name": "hostname",
    "ntasks": 336,
    "ncores": 336,
    "duration": 0.0,
    "nnodes": 6,
    "ranks": "[0-5]",
    "nodelist": "flux-sample-[2-7]",
    "success": true,
    "exception_occurred": false,
    "result": "COMPLETED",
    "expiration": 4837711937.0,
    "waitstatus": 0,
    "returncode": 0,
    "runtime": 0.261826753616333,
    "exception": {
        "occurred": false,
        "severity": "",
        "type": "",
        "note": ""
    }
}