{
    "id": 285531439104,
    "userid": 1000,
    "urgency": 16,
    "priority": 16,
    "t_submit": 1684111936.1369925,
    "t_depend": 1684111936.1484632,
    "t_run": 1684111936.174915,
    "t_cleanup": 1684111936.4299333,
    "t_inactive": 1684111936.4312732,
    "state": "INACTIVE",
    "name": "hostname",
    "ntasks": 336,
    "ncores": 336,
    "duration": 0.0,
    "nnodes": 6,
    "ranks": "[0-5]",
    "nodelist": "flux-sample-[2-7]",
    "success": true,
    "exception_occurred": false,
    "result": "COMPLETED",
    "expiration": 4837711936.0,
    "waitstatus": 0,
    "returncode": 0,
    "runtime": 0.2550182342529297,
    "exception": {
        "occurred": false,
        "severity": "",
        "type": "",
        "note": ""
    }
}