{
    "id": 263553286144,
    "userid": 1000,
    "urgency": 16,
    "priority": 16,
    "t_submit": 1684111934.827113,
    "t_depend": 1684111934.8384445,
    "t_run": 1684111934.8650632,
    "t_cleanup": 1684111935.1208181,
    "t_inactive": 1684111935.122197,
    "state": "INACTIVE",
    "name": "hostname",
    "ntasks": 336,
    "ncores": 336,
    "duration": 0.0,
    "nnodes": 6,
    "ranks": "[0-5]",
    "nodelist": "flux-sample-[2-7]",
    "success": true,
    "exception_occurred": false,
    "result": "COMPLETED",
    "expiration": 4837711934.0,
    "waitstatus": 0,
    "returncode": 0,
    "runtime": 0.2557549476623535,
    "exception": {
        "occurred": false,
        "severity": "",
        "type": "",
        "note": ""
    }
}