{
    "id": 2873232457728,
    "userid": 1234,
    "urgency": 16,
    "priority": 16,
    "t_submit": 1684197395.6324003,
    "t_depend": 1684197395.6440828,
    "t_run": 1684197395.6595857,
    "t_cleanup": 1684197396.1468744,
    "t_inactive": 1684197396.1486776,
    "state": "INACTIVE",
    "name": "hello_usempi",
    "ntasks": 392,
    "ncores": 392,
    "duration": 0.0,
    "nnodes": 7,
    "ranks": "[0-6]",
    "nodelist": "flux-sample-[1-7]",
    "success": true,
    "exception_occurred": false,
    "result": "COMPLETED",
    "expiration": 4837797395.0,
    "waitstatus": 0,
    "returncode": 0,
    "runtime": 0.4872887134552002,
    "exception": {
        "occurred": false,
        "severity": "",
        "type": "",
        "note": ""
    }
}