{
    "id": 2809026052096,
    "userid": 1234,
    "urgency": 16,
    "priority": 16,
    "t_submit": 1684197391.8047395,
    "t_depend": 1684197391.8166869,
    "t_run": 1684197391.832313,
    "t_cleanup": 1684197392.3406513,
    "t_inactive": 1684197392.3424096,
    "state": "INACTIVE",
    "name": "hello_usempi",
    "ntasks": 392,
    "ncores": 392,
    "duration": 0.0,
    "nnodes": 7,
    "ranks": "[0-6]",
    "nodelist": "flux-sample-[1-7]",
    "success": true,
    "exception_occurred": false,
    "result": "COMPLETED",
    "expiration": 4837797391.0,
    "waitstatus": 0,
    "returncode": 0,
    "runtime": 0.508338212966919,
    "exception": {
        "occurred": false,
        "severity": "",
        "type": "",
        "note": ""
    }
}