{
    "id": 2936465784832,
    "userid": 1234,
    "urgency": 16,
    "priority": 16,
    "t_submit": 1684197399.4012556,
    "t_depend": 1684197399.412869,
    "t_run": 1684197399.428719,
    "t_cleanup": 1684197399.9570355,
    "t_inactive": 1684197399.9590194,
    "state": "INACTIVE",
    "name": "hello_usempi",
    "ntasks": 392,
    "ncores": 392,
    "duration": 0.0,
    "nnodes": 7,
    "ranks": "[0-6]",
    "nodelist": "flux-sample-[1-7]",
    "success": true,
    "exception_occurred": false,
    "result": "COMPLETED",
    "expiration": 4837797399.0,
    "waitstatus": 0,
    "returncode": 0,
    "runtime": 0.5283164978027344,
    "exception": {
        "occurred": false,
        "severity": "",
        "type": "",
        "note": ""
    }
}