{
    "id": 2905193054208,
    "userid": 1234,
    "urgency": 16,
    "priority": 16,
    "t_submit": 1684197397.53692,
    "t_depend": 1684197397.548716,
    "t_run": 1684197397.564531,
    "t_cleanup": 1684197398.0806901,
    "t_inactive": 1684197398.0826008,
    "state": "INACTIVE",
    "name": "hello_usempi",
    "ntasks": 392,
    "ncores": 392,
    "duration": 0.0,
    "nnodes": 7,
    "ranks": "[0-6]",
    "nodelist": "flux-sample-[1-7]",
    "success": true,
    "exception_occurred": false,
    "result": "COMPLETED",
    "expiration": 4837797397.0,
    "waitstatus": 0,
    "returncode": 0,
    "runtime": 0.5161590576171875,
    "exception": {
        "occurred": false,
        "severity": "",
        "type": "",
        "note": ""
    }
}