{
    "id": 2841338970112,
    "userid": 1234,
    "urgency": 16,
    "priority": 16,
    "t_submit": 1684197393.7306657,
    "t_depend": 1684197393.7423537,
    "t_run": 1684197393.7581742,
    "t_cleanup": 1684197394.2622652,
    "t_inactive": 1684197394.2641194,
    "state": "INACTIVE",
    "name": "hello_usempi",
    "ntasks": 392,
    "ncores": 392,
    "duration": 0.0,
    "nnodes": 7,
    "ranks": "[0-6]",
    "nodelist": "flux-sample-[1-7]",
    "success": true,
    "exception_occurred": false,
    "result": "COMPLETED",
    "expiration": 4837797393.0,
    "waitstatus": 0,
    "returncode": 0,
    "runtime": 0.5040910243988037,
    "exception": {
        "occurred": false,
        "severity": "",
        "type": "",
        "note": ""
    }
}