{
    "id": 2916081467392,
    "userid": 1234,
    "urgency": 16,
    "priority": 16,
    "t_submit": 1684197398.185528,
    "t_depend": 1684197398.1971378,
    "t_run": 1684197398.2131193,
    "t_cleanup": 1684197398.6700065,
    "t_inactive": 1684197398.672148,
    "state": "INACTIVE",
    "name": "hello_usempi",
    "ntasks": 392,
    "ncores": 392,
    "duration": 0.0,
    "nnodes": 7,
    "ranks": "[0-6]",
    "nodelist": "flux-sample-[1-7]",
    "success": true,
    "exception_occurred": false,
    "result": "COMPLETED",
    "expiration": 4837797398.0,
    "waitstatus": 0,
    "returncode": 0,
    "runtime": 0.45688724517822266,
    "exception": {
        "occurred": false,
        "severity": "",
        "type": "",
        "note": ""
    }
}