{
    "id": 2925963247616,
    "userid": 1234,
    "urgency": 16,
    "priority": 16,
    "t_submit": 1684197398.7745862,
    "t_depend": 1684197398.786655,
    "t_run": 1684197398.8026972,
    "t_cleanup": 1684197399.2954628,
    "t_inactive": 1684197399.2974117,
    "state": "INACTIVE",
    "name": "hello_usempi",
    "ntasks": 392,
    "ncores": 392,
    "duration": 0.0,
    "nnodes": 7,
    "ranks": "[0-6]",
    "nodelist": "flux-sample-[1-7]",
    "success": true,
    "exception_occurred": false,
    "result": "COMPLETED",
    "expiration": 4837797398.0,
    "waitstatus": 0,
    "returncode": 0,
    "runtime": 0.4927656650543213,
    "exception": {
        "occurred": false,
        "severity": "",
        "type": "",
        "note": ""
    }
}