{
    "id": 2852009279488,
    "userid": 1234,
    "urgency": 16,
    "priority": 16,
    "t_submit": 1684197394.3672872,
    "t_depend": 1684197394.3790195,
    "t_run": 1684197394.3967633,
    "t_cleanup": 1684197394.918445,
    "t_inactive": 1684197394.9203575,
    "state": "INACTIVE",
    "name": "hello_usempi",
    "ntasks": 392,
    "ncores": 392,
    "duration": 0.0,
    "nnodes": 7,
    "ranks": "[0-6]",
    "nodelist": "flux-sample-[1-7]",
    "success": true,
    "exception_occurred": false,
    "result": "COMPLETED",
    "expiration": 4837797394.0,
    "waitstatus": 0,
    "returncode": 0,
    "runtime": 0.5216817855834961,
    "exception": {
        "occurred": false,
        "severity": "",
        "type": "",
        "note": ""
    }
}