{
    "id": 2894287863808,
    "userid": 1234,
    "urgency": 16,
    "priority": 16,
    "t_submit": 1684197396.8869054,
    "t_depend": 1684197396.8988042,
    "t_run": 1684197396.914261,
    "t_cleanup": 1684197397.4331598,
    "t_inactive": 1684197397.4351428,
    "state": "INACTIVE",
    "name": "hello_usempi",
    "ntasks": 392,
    "ncores": 392,
    "duration": 0.0,
    "nnodes": 7,
    "ranks": "[0-6]",
    "nodelist": "flux-sample-[1-7]",
    "success": true,
    "exception_occurred": false,
    "result": "COMPLETED",
    "expiration": 4837797396.0,
    "waitstatus": 0,
    "returncode": 0,
    "runtime": 0.5188987255096436,
    "exception": {
        "occurred": false,
        "severity": "",
        "type": "",
        "note": ""
    }
}