{
    "id": 2755221520384,
    "userid": 1234,
    "urgency": 16,
    "priority": 16,
    "t_submit": 1684197388.598037,
    "t_depend": 1684197388.609825,
    "t_run": 1684197388.6253088,
    "t_cleanup": 1684197389.113102,
    "t_inactive": 1684197389.115174,
    "state": "INACTIVE",
    "name": "hello_usempi",
    "ntasks": 392,
    "ncores": 392,
    "duration": 0.0,
    "nnodes": 7,
    "ranks": "[0-6]",
    "nodelist": "flux-sample-[1-7]",
    "success": true,
    "exception_occurred": false,
    "result": "COMPLETED",
    "expiration": 4837797388.0,
    "waitstatus": 0,
    "returncode": 0,
    "runtime": 0.4877932071685791,
    "exception": {
        "occurred": false,
        "severity": "",
        "type": "",
        "note": ""
    }
}