{
    "id": 2765673725952,
    "userid": 1234,
    "urgency": 16,
    "priority": 16,
    "t_submit": 1684197389.2209222,
    "t_depend": 1684197389.2324717,
    "t_run": 1684197389.2483664,
    "t_cleanup": 1684197389.766887,
    "t_inactive": 1684197389.7686992,
    "state": "INACTIVE",
    "name": "hello_usempi",
    "ntasks": 392,
    "ncores": 392,
    "duration": 0.0,
    "nnodes": 7,
    "ranks": "[0-6]",
    "nodelist": "flux-sample-[1-7]",
    "success": true,
    "exception_occurred": false,
    "result": "COMPLETED",
    "expiration": 4837797389.0,
    "waitstatus": 0,
    "returncode": 0,
    "runtime": 0.5185205936431885,
    "exception": {
        "occurred": false,
        "severity": "",
        "type": "",
        "note": ""
    }
}