{
    "id": 2733427916800,
    "userid": 1234,
    "urgency": 16,
    "priority": 16,
    "t_submit": 1684197387.2986202,
    "t_depend": 1684197387.3102982,
    "t_run": 1684197387.326085,
    "t_cleanup": 1684197387.8340454,
    "t_inactive": 1684197387.8359995,
    "state": "INACTIVE",
    "name": "hello_usempi",
    "ntasks": 392,
    "ncores": 392,
    "duration": 0.0,
    "nnodes": 7,
    "ranks": "[0-6]",
    "nodelist": "flux-sample-[1-7]",
    "success": true,
    "exception_occurred": false,
    "result": "COMPLETED",
    "expiration": 4837797387.0,
    "waitstatus": 0,
    "returncode": 0,
    "runtime": 0.507960319519043,
    "exception": {
        "occurred": false,
        "severity": "",
        "type": "",
        "note": ""
    }
}