{
    "id": 2798674509824,
    "userid": 1234,
    "urgency": 16,
    "priority": 16,
    "t_submit": 1684197391.1875663,
    "t_depend": 1684197391.1993937,
    "t_run": 1684197391.2152088,
    "t_cleanup": 1684197391.6990504,
    "t_inactive": 1684197391.7008765,
    "state": "INACTIVE",
    "name": "hello_usempi",
    "ntasks": 392,
    "ncores": 392,
    "duration": 0.0,
    "nnodes": 7,
    "ranks": "[0-6]",
    "nodelist": "flux-sample-[1-7]",
    "success": true,
    "exception_occurred": false,
    "result": "COMPLETED",
    "expiration": 4837797391.0,
    "waitstatus": 0,
    "returncode": 0,
    "runtime": 0.4838416576385498,
    "exception": {
        "occurred": false,
        "severity": "",
        "type": "",
        "note": ""
    }
}