{
    "id": 1023829606400,
    "userid": 1000,
    "urgency": 16,
    "priority": 16,
    "t_submit": 1684111187.0364919,
    "t_depend": 1684111187.0513563,
    "t_run": 1684111187.0742414,
    "t_cleanup": 1684111203.2164414,
    "t_inactive": 1684111203.218283,
    "state": "INACTIVE",
    "name": "lmp",
    "ntasks": 224,
    "ncores": 224,
    "duration": 0.0,
    "nnodes": 4,
    "ranks": "[0-3]",
    "nodelist": "flux-sample-[4-7]",
    "success": true,
    "exception_occurred": false,
    "result": "COMPLETED",
    "expiration": 4837711187.0,
    "waitstatus": 0,
    "returncode": 0,
    "runtime": 16.142199993133545,
    "exception": {
        "occurred": false,
        "severity": "",
        "type": "",
        "note": ""
    }
}