{
    "id": 2093913997312,
    "userid": 1000,
    "urgency": 16,
    "priority": 16,
    "t_submit": 1684111250.8182964,
    "t_depend": 1684111250.8297696,
    "t_run": 1684111250.852872,
    "t_cleanup": 1684111266.3283038,
    "t_inactive": 1684111266.330198,
    "state": "INACTIVE",
    "name": "lmp",
    "ntasks": 224,
    "ncores": 224,
    "duration": 0.0,
    "nnodes": 4,
    "ranks": "[0-3]",
    "nodelist": "flux-sample-[4-7]",
    "success": true,
    "exception_occurred": false,
    "result": "COMPLETED",
    "expiration": 4837711250.0,
    "waitstatus": 0,
    "returncode": 0,
    "runtime": 15.4754319190979,
    "exception": {
        "occurred": false,
        "severity": "",
        "type": "",
        "note": ""
    }
}