{
    "id": 975024685056,
    "userid": 1000,
    "urgency": 16,
    "priority": 16,
    "t_submit": 1684110044.5913248,
    "t_depend": 1684110044.6028666,
    "t_run": 1684110044.6332004,
    "t_cleanup": 1684110044.9074385,
    "t_inactive": 1684110044.9087923,
    "state": "INACTIVE",
    "name": "hostname",
    "ntasks": 448,
    "ncores": 448,
    "duration": 0.0,
    "nnodes": 8,
    "ranks": "[0-7]",
    "nodelist": "flux-sample-[0-7]",
    "success": true,
    "exception_occurred": false,
    "result": "COMPLETED",
    "expiration": 4837710044.0,
    "waitstatus": 0,
    "returncode": 0,
    "runtime": 0.27423810958862305,
    "exception": {
        "occurred": false,
        "severity": "",
        "type": "",
        "note": ""
    }
}