{
    "id": 890920501248,
    "userid": 1000,
    "urgency": 16,
    "priority": 16,
    "t_submit": 1684110039.5774527,
    "t_depend": 1684110039.5887456,
    "t_run": 1684110039.619618,
    "t_cleanup": 1684110039.9223695,
    "t_inactive": 1684110039.9237242,
    "state": "INACTIVE",
    "name": "hostname",
    "ntasks": 448,
    "ncores": 448,
    "duration": 0.0,
    "nnodes": 8,
    "ranks": "[0-7]",
    "nodelist": "flux-sample-[0-7]",
    "success": true,
    "exception_occurred": false,
    "result": "COMPLETED",
    "expiration": 4837710039.0,
    "waitstatus": 0,
    "returncode": 0,
    "runtime": 0.3027515411376953,
    "exception": {
        "occurred": false,
        "severity": "",
        "type": "",
        "note": ""
    }
}