{
    "id": 921589252096,
    "userid": 1000,
    "urgency": 16,
    "priority": 16,
    "t_submit": 1684110041.405557,
    "t_depend": 1684110041.417116,
    "t_run": 1684110041.4477463,
    "t_cleanup": 1684110041.7245858,
    "t_inactive": 1684110041.725931,
    "state": "INACTIVE",
    "name": "hostname",
    "ntasks": 448,
    "ncores": 448,
    "duration": 0.0,
    "nnodes": 8,
    "ranks": "[0-7]",
    "nodelist": "flux-sample-[0-7]",
    "success": true,
    "exception_occurred": false,
    "result": "COMPLETED",
    "expiration": 4837710041.0,
    "waitstatus": 0,
    "returncode": 0,
    "runtime": 0.2768394947052002,
    "exception": {
        "occurred": false,
        "severity": "",
        "type": "",
        "note": ""
    }
}