{
    "id": 929138999296,
    "userid": 1000,
    "urgency": 16,
    "priority": 16,
    "t_submit": 1684110041.8555694,
    "t_depend": 1684110041.8671863,
    "t_run": 1684110041.8982174,
    "t_cleanup": 1684110042.1873527,
    "t_inactive": 1684110042.1888173,
    "state": "INACTIVE",
    "name": "hostname",
    "ntasks": 448,
    "ncores": 448,
    "duration": 0.0,
    "nnodes": 8,
    "ranks": "[0-7]",
    "nodelist": "flux-sample-[0-7]",
    "success": true,
    "exception_occurred": false,
    "result": "COMPLETED",
    "expiration": 4837710041.0,
    "waitstatus": 0,
    "returncode": 0,
    "runtime": 0.289135217666626,
    "exception": {
        "occurred": false,
        "severity": "",
        "type": "",
        "note": ""
    }
}