{
    "id": 959623200768,
    "userid": 1000,
    "urgency": 16,
    "priority": 16,
    "t_submit": 1684110043.673288,
    "t_depend": 1684110043.684621,
    "t_run": 1684110043.715588,
    "t_cleanup": 1684110044.0081315,
    "t_inactive": 1684110044.0095944,
    "state": "INACTIVE",
    "name": "hostname",
    "ntasks": 448,
    "ncores": 448,
    "duration": 0.0,
    "nnodes": 8,
    "ranks": "[0-7]",
    "nodelist": "flux-sample-[0-7]",
    "success": true,
    "exception_occurred": false,
    "result": "COMPLETED",
    "expiration": 4837710043.0,
    "waitstatus": 0,
    "returncode": 0,
    "runtime": 0.2925434112548828,
    "exception": {
        "occurred": false,
        "severity": "",
        "type": "",
        "note": ""
    }
}