{
    "id": 883286867968,
    "userid": 1000,
    "urgency": 16,
    "priority": 16,
    "t_submit": 1684110039.122929,
    "t_depend": 1684110039.1342382,
    "t_run": 1684110039.164608,
    "t_cleanup": 1684110039.4512234,
    "t_inactive": 1684110039.4526389,
    "state": "INACTIVE",
    "name": "hostname",
    "ntasks": 448,
    "ncores": 448,
    "duration": 0.0,
    "nnodes": 8,
    "ranks": "[0-7]",
    "nodelist": "flux-sample-[0-7]",
    "success": true,
    "exception_occurred": false,
    "result": "COMPLETED",
    "expiration": 4837710039.0,
    "waitstatus": 0,
    "returncode": 0,
    "runtime": 0.28661537170410156,
    "exception": {
        "occurred": false,
        "severity": "",
        "type": "",
        "note": ""
    }
}