{
    "id": 990157733888,
    "userid": 1000,
    "urgency": 16,
    "priority": 16,
    "t_submit": 1684110045.4926941,
    "t_depend": 1684110045.503986,
    "t_run": 1684110045.5346432,
    "t_cleanup": 1684110045.8141618,
    "t_inactive": 1684110045.8155515,
    "state": "INACTIVE",
    "name": "hostname",
    "ntasks": 448,
    "ncores": 448,
    "duration": 0.0,
    "nnodes": 8,
    "ranks": "[0-7]",
    "nodelist": "flux-sample-[0-7]",
    "success": true,
    "exception_occurred": false,
    "result": "COMPLETED",
    "expiration": 4837710045.0,
    "waitstatus": 0,
    "returncode": 0,
    "runtime": 0.27951860427856445,
    "exception": {
        "occurred": false,
        "severity": "",
        "type": "",
        "note": ""
    }
}