{
    "id": 213221638144,
    "userid": 1234,
    "urgency": 16,
    "priority": 16,
    "t_submit": 1684197770.6995766,
    "t_depend": 1684197770.7108555,
    "t_run": 1684197770.724288,
    "t_cleanup": 1684197771.2435849,
    "t_inactive": 1684197771.245086,
    "state": "INACTIVE",
    "name": "connectivity_c",
    "ntasks": 168,
    "ncores": 168,
    "duration": 0.0,
    "nnodes": 3,
    "ranks": "[0-2]",
    "nodelist": "flux-sample-[0-2]",
    "success": true,
    "exception_occurred": false,
    "result": "COMPLETED",
    "expiration": 4837797770.0,
    "waitstatus": 0,
    "returncode": 0,
    "runtime": 0.5192968845367432,
    "exception": {
        "occurred": false,
        "severity": "",
        "type": "",
        "note": ""
    }
}