{
    "id": 224177160192,
    "userid": 1234,
    "urgency": 16,
    "priority": 16,
    "t_submit": 1684197771.3525786,
    "t_depend": 1684197771.36375,
    "t_run": 1684197771.3774803,
    "t_cleanup": 1684197771.8927677,
    "t_inactive": 1684197771.8942623,
    "state": "INACTIVE",
    "name": "connectivity_c",
    "ntasks": 168,
    "ncores": 168,
    "duration": 0.0,
    "nnodes": 3,
    "ranks": "[0-2]",
    "nodelist": "flux-sample-[0-2]",
    "success": true,
    "exception_occurred": false,
    "result": "COMPLETED",
    "expiration": 4837797771.0,
    "waitstatus": 0,
    "returncode": 0,
    "runtime": 0.5152873992919922,
    "exception": {
        "occurred": false,
        "severity": "",
        "type": "",
        "note": ""
    }
}