{
    "id": 257463156736,
    "userid": 1234,
    "urgency": 16,
    "priority": 16,
    "t_submit": 1684197773.3369122,
    "t_depend": 1684197773.3482218,
    "t_run": 1684197773.3619888,
    "t_cleanup": 1684197773.898707,
    "t_inactive": 1684197773.9002345,
    "state": "INACTIVE",
    "name": "connectivity_c",
    "ntasks": 168,
    "ncores": 168,
    "duration": 0.0,
    "nnodes": 3,
    "ranks": "[0-2]",
    "nodelist": "flux-sample-[0-2]",
    "success": true,
    "exception_occurred": false,
    "result": "COMPLETED",
    "expiration": 4837797773.0,
    "waitstatus": 0,
    "returncode": 0,
    "runtime": 0.5367181301116943,
    "exception": {
        "occurred": false,
        "severity": "",
        "type": "",
        "note": ""
    }
}