{
    "id": 323229843456,
    "userid": 1234,
    "urgency": 16,
    "priority": 16,
    "t_submit": 1684197777.2572432,
    "t_depend": 1684197777.2684975,
    "t_run": 1684197777.2819417,
    "t_cleanup": 1684197777.9408717,
    "t_inactive": 1684197777.9423466,
    "state": "INACTIVE",
    "name": "connectivity_c",
    "ntasks": 168,
    "ncores": 168,
    "duration": 0.0,
    "nnodes": 3,
    "ranks": "[0-2]",
    "nodelist": "flux-sample-[0-2]",
    "success": true,
    "exception_occurred": false,
    "result": "COMPLETED",
    "expiration": 4837797777.0,
    "waitstatus": 0,
    "returncode": 0,
    "runtime": 0.6589300632476807,
    "exception": {
        "occurred": false,
        "severity": "",
        "type": "",
        "note": ""
    }
}