{
    "id": 268787777536,
    "userid": 1234,
    "urgency": 16,
    "priority": 16,
    "t_submit": 1684197774.0114737,
    "t_depend": 1684197774.0226996,
    "t_run": 1684197774.0360963,
    "t_cleanup": 1684197774.7152054,
    "t_inactive": 1684197774.7168562,
    "state": "INACTIVE",
    "name": "connectivity_c",
    "ntasks": 168,
    "ncores": 168,
    "duration": 0.0,
    "nnodes": 3,
    "ranks": "[0-2]",
    "nodelist": "flux-sample-[0-2]",
    "success": true,
    "exception_occurred": false,
    "result": "COMPLETED",
    "expiration": 4837797774.0,
    "waitstatus": 0,
    "returncode": 0,
    "runtime": 0.6791090965270996,
    "exception": {
        "occurred": false,
        "severity": "",
        "type": "",
        "note": ""
    }
}