{
    "id": 179331661824,
    "userid": 1234,
    "urgency": 16,
    "priority": 16,
    "t_submit": 1684197768.6802647,
    "t_depend": 1684197768.6915505,
    "t_run": 1684197768.705312,
    "t_cleanup": 1684197769.258694,
    "t_inactive": 1684197769.260129,
    "state": "INACTIVE",
    "name": "connectivity_c",
    "ntasks": 168,
    "ncores": 168,
    "duration": 0.0,
    "nnodes": 3,
    "ranks": "[0-2]",
    "nodelist": "flux-sample-[0-2]",
    "success": true,
    "exception_occurred": false,
    "result": "COMPLETED",
    "expiration": 4837797768.0,
    "waitstatus": 0,
    "returncode": 0,
    "runtime": 0.5533819198608398,
    "exception": {
        "occurred": false,
        "severity": "",
        "type": "",
        "note": ""
    }
}