{
    "id": 375373430784,
    "userid": 1234,
    "urgency": 16,
    "priority": 16,
    "t_submit": 1684197780.3652382,
    "t_depend": 1684197780.3764644,
    "t_run": 1684197780.389828,
    "t_cleanup": 1684197780.9521852,
    "t_inactive": 1684197780.9536505,
    "state": "INACTIVE",
    "name": "connectivity_c",
    "ntasks": 168,
    "ncores": 168,
    "duration": 0.0,
    "nnodes": 3,
    "ranks": "[0-2]",
    "nodelist": "flux-sample-[0-2]",
    "success": true,
    "exception_occurred": false,
    "result": "COMPLETED",
    "expiration": 4837797780.0,
    "waitstatus": 0,
    "returncode": 0,
    "runtime": 0.5623571872711182,
    "exception": {
        "occurred": false,
        "severity": "",
        "type": "",
        "note": ""
    }
}