{
    "id": 295832649728,
    "userid": 1234,
    "urgency": 16,
    "priority": 16,
    "t_submit": 1684197775.624104,
    "t_depend": 1684197775.6352174,
    "t_run": 1684197775.6488218,
    "t_cleanup": 1684197776.3246658,
    "t_inactive": 1684197776.3261733,
    "state": "INACTIVE",
    "name": "connectivity_c",
    "ntasks": 168,
    "ncores": 168,
    "duration": 0.0,
    "nnodes": 3,
    "ranks": "[0-2]",
    "nodelist": "flux-sample-[0-2]",
    "success": true,
    "exception_occurred": false,
    "result": "COMPLETED",
    "expiration": 4837797775.0,
    "waitstatus": 0,
    "returncode": 0,
    "runtime": 0.6758439540863037,
    "exception": {
        "occurred": false,
        "severity": "",
        "type": "",
        "note": ""
    }
}