{
    "id": 202131898368,
    "userid": 1234,
    "urgency": 16,
    "priority": 16,
    "t_submit": 1684197770.0394135,
    "t_depend": 1684197770.0505345,
    "t_run": 1684197770.063995,
    "t_cleanup": 1684197770.590543,
    "t_inactive": 1684197770.5920558,
    "state": "INACTIVE",
    "name": "connectivity_c",
    "ntasks": 168,
    "ncores": 168,
    "duration": 0.0,
    "nnodes": 3,
    "ranks": "[0-2]",
    "nodelist": "flux-sample-[0-2]",
    "success": true,
    "exception_occurred": false,
    "result": "COMPLETED",
    "expiration": 4837797770.0,
    "waitstatus": 0,
    "returncode": 0,
    "runtime": 0.5265481472015381,
    "exception": {
        "occurred": false,
        "severity": "",
        "type": "",
        "note": ""
    }
}