{
    "id": 309388640256,
    "userid": 1234,
    "urgency": 16,
    "priority": 16,
    "t_submit": 1684197776.432362,
    "t_depend": 1684197776.4434345,
    "t_run": 1684197776.4569464,
    "t_cleanup": 1684197777.148509,
    "t_inactive": 1684197777.1500018,
    "state": "INACTIVE",
    "name": "connectivity_c",
    "ntasks": 168,
    "ncores": 168,
    "duration": 0.0,
    "nnodes": 3,
    "ranks": "[0-2]",
    "nodelist": "flux-sample-[0-2]",
    "success": true,
    "exception_occurred": false,
    "result": "COMPLETED",
    "expiration": 4837797776.0,
    "waitstatus": 0,
    "returncode": 0,
    "runtime": 0.6915626525878906,
    "exception": {
        "occurred": false,
        "severity": "",
        "type": "",
        "note": ""
    }
}