{
    "id": 400656695296,
    "userid": 1234,
    "urgency": 16,
    "priority": 16,
    "t_submit": 1684197781.8720536,
    "t_depend": 1684197781.883202,
    "t_run": 1684197781.8967078,
    "t_cleanup": 1684197782.580376,
    "t_inactive": 1684197782.58189,
    "state": "INACTIVE",
    "name": "connectivity_c",
    "ntasks": 168,
    "ncores": 168,
    "duration": 0.0,
    "nnodes": 3,
    "ranks": "[0-2]",
    "nodelist": "flux-sample-[0-2]",
    "success": true,
    "exception_occurred": false,
    "result": "COMPLETED",
    "expiration": 4837797781.0,
    "waitstatus": 0,
    "returncode": 0,
    "runtime": 0.6836681365966797,
    "exception": {
        "occurred": false,
        "severity": "",
        "type": "",
        "note": ""
    }
}