{
    "id": 347640692736,
    "userid": 1234,
    "urgency": 16,
    "priority": 16,
    "t_submit": 1684197778.7120614,
    "t_depend": 1684197778.7233126,
    "t_run": 1684197778.7368615,
    "t_cleanup": 1684197779.4321804,
    "t_inactive": 1684197779.4340687,
    "state": "INACTIVE",
    "name": "connectivity_c",
    "ntasks": 168,
    "ncores": 168,
    "duration": 0.0,
    "nnodes": 3,
    "ranks": "[0-2]",
    "nodelist": "flux-sample-[0-2]",
    "success": true,
    "exception_occurred": false,
    "result": "COMPLETED",
    "expiration": 4837797778.0,
    "waitstatus": 0,
    "returncode": 0,
    "runtime": 0.6953189373016357,
    "exception": {
        "occurred": false,
        "severity": "",
        "type": "",
        "note": ""
    }
}