{
    "id": 190857609216,
    "userid": 1234,
    "urgency": 16,
    "priority": 16,
    "t_submit": 1684197769.3673663,
    "t_depend": 1684197769.378562,
    "t_run": 1684197769.3920348,
    "t_cleanup": 1684197769.929363,
    "t_inactive": 1684197769.9306808,
    "state": "INACTIVE",
    "name": "connectivity_c",
    "ntasks": 168,
    "ncores": 168,
    "duration": 0.0,
    "nnodes": 3,
    "ranks": "[0-2]",
    "nodelist": "flux-sample-[0-2]",
    "success": true,
    "exception_occurred": false,
    "result": "COMPLETED",
    "expiration": 4837797769.0,
    "waitstatus": 0,
    "returncode": 0,
    "runtime": 0.5373282432556152,
    "exception": {
        "occurred": false,
        "severity": "",
        "type": "",
        "note": ""
    }
}