{
    "id": 361565782016,
    "userid": 1234,
    "urgency": 16,
    "priority": 16,
    "t_submit": 1684197779.5419946,
    "t_depend": 1684197779.553205,
    "t_run": 1684197779.5666413,
    "t_cleanup": 1684197780.2580302,
    "t_inactive": 1684197780.2595894,
    "state": "INACTIVE",
    "name": "connectivity_c",
    "ntasks": 168,
    "ncores": 168,
    "duration": 0.0,
    "nnodes": 3,
    "ranks": "[0-2]",
    "nodelist": "flux-sample-[0-2]",
    "success": true,
    "exception_occurred": false,
    "result": "COMPLETED",
    "expiration": 4837797779.0,
    "waitstatus": 0,
    "returncode": 0,
    "runtime": 0.6913888454437256,
    "exception": {
        "occurred": false,
        "severity": "",
        "type": "",
        "note": ""
    }
}