{
    "id": 235065573376,
    "userid": 1234,
    "urgency": 16,
    "priority": 16,
    "t_submit": 1684197772.0022645,
    "t_depend": 1684197772.0134747,
    "t_run": 1684197772.0270321,
    "t_cleanup": 1684197772.5627503,
    "t_inactive": 1684197772.564122,
    "state": "INACTIVE",
    "name": "connectivity_c",
    "ntasks": 168,
    "ncores": 168,
    "duration": 0.0,
    "nnodes": 3,
    "ranks": "[0-2]",
    "nodelist": "flux-sample-[0-2]",
    "success": true,
    "exception_occurred": false,
    "result": "COMPLETED",
    "expiration": 4837797772.0,
    "waitstatus": 0,
    "returncode": 0,
    "runtime": 0.5357182025909424,
    "exception": {
        "occurred": false,
        "severity": "",
        "type": "",
        "note": ""
    }
}