{
    "id": 24828148973568,
    "userid": 1000,
    "urgency": 16,
    "priority": 16,
    "t_submit": 1687736425.5256357,
    "t_depend": 1687736425.5256357,
    "t_run": 1687736425.5709946,
    "t_cleanup": 1687736523.0784657,
    "t_inactive": 1687736523.080358,
    "state": "INACTIVE",
    "name": "lmp",
    "ntasks": 768,
    "duration": 0.0,
    "nnodes": 8,
    "ranks": "[0-7]",
    "nodelist": "flux-sample-[0-7]",
    "success": true,
    "exception_occurred": false,
    "result": "COMPLETED",
    "expiration": 4841336425.0,
    "waitstatus": 0,
    "returncode": 0,
    "runtime": 97.50747108459473,
    "exception": {
        "occurred": false,
        "severity": "",
        "type": "",
        "note": ""
    }
}