{
    "id": 18223261024256,
    "userid": 1000,
    "urgency": 16,
    "priority": 16,
    "t_submit": 1687736031.8438134,
    "t_depend": 1687736031.8438134,
    "t_run": 1687736031.8895297,
    "t_cleanup": 1687736130.5430875,
    "t_inactive": 1687736130.544956,
    "state": "INACTIVE",
    "name": "lmp",
    "ntasks": 768,
    "duration": 0.0,
    "nnodes": 8,
    "ranks": "[0-7]",
    "nodelist": "flux-sample-[0-7]",
    "success": true,
    "exception_occurred": false,
    "result": "COMPLETED",
    "expiration": 4841336031.0,
    "waitstatus": 0,
    "returncode": 0,
    "runtime": 98.65355777740479,
    "exception": {
        "occurred": false,
        "severity": "",
        "type": "",
        "note": ""
    }
}