{
    "id": 46267719745536,
    "userid": 1000,
    "urgency": 16,
    "priority": 16,
    "t_submit": 1687737703.4248307,
    "t_depend": 1687737703.4248307,
    "t_run": 1687737703.4704058,
    "t_cleanup": 1687737800.9693413,
    "t_inactive": 1687737800.9714968,
    "state": "INACTIVE",
    "name": "lmp",
    "ntasks": 768,
    "duration": 0.0,
    "nnodes": 8,
    "ranks": "[0-7]",
    "nodelist": "flux-sample-[0-7]",
    "success": true,
    "exception_occurred": false,
    "result": "COMPLETED",
    "expiration": 4841337703.0,
    "waitstatus": 0,
    "returncode": 0,
    "runtime": 97.49893546104431,
    "exception": {
        "occurred": false,
        "severity": "",
        "type": "",
        "note": ""
    }
}