{
    "id": 28102122012672,
    "userid": 1000,
    "urgency": 16,
    "priority": 16,
    "t_submit": 1687736620.669861,
    "t_depend": 1687736620.669861,
    "t_run": 1687736620.714693,
    "t_cleanup": 1687736717.9952965,
    "t_inactive": 1687736717.9971097,
    "state": "INACTIVE",
    "name": "lmp",
    "ntasks": 768,
    "duration": 0.0,
    "nnodes": 8,
    "ranks": "[0-7]",
    "nodelist": "flux-sample-[0-7]",
    "success": true,
    "exception_occurred": false,
    "result": "COMPLETED",
    "expiration": 4841336620.0,
    "waitstatus": 0,
    "returncode": 0,
    "runtime": 97.28060340881348,
    "exception": {
        "occurred": false,
        "severity": "",
        "type": "",
        "note": ""
    }
}