{
    "id": 39709623451648,
    "userid": 1000,
    "urgency": 16,
    "priority": 16,
    "t_submit": 1687737312.531154,
    "t_depend": 1687737312.531154,
    "t_run": 1687737312.576154,
    "t_cleanup": 1687737410.0194035,
    "t_inactive": 1687737410.021465,
    "state": "INACTIVE",
    "name": "lmp",
    "ntasks": 768,
    "duration": 0.0,
    "nnodes": 8,
    "ranks": "[0-7]",
    "nodelist": "flux-sample-[0-7]",
    "success": true,
    "exception_occurred": false,
    "result": "COMPLETED",
    "expiration": 4841337312.0,
    "waitstatus": 0,
    "returncode": 0,
    "runtime": 97.44324946403503,
    "exception": {
        "occurred": false,
        "severity": "",
        "type": "",
        "note": ""
    }
}