{
    "id": 42986213736448,
    "userid": 1000,
    "urgency": 16,
    "priority": 16,
    "t_submit": 1687737507.8314776,
    "t_depend": 1687737507.8314776,
    "t_run": 1687737507.877729,
    "t_cleanup": 1687737605.0688133,
    "t_inactive": 1687737605.0704417,
    "state": "INACTIVE",
    "name": "lmp",
    "ntasks": 768,
    "duration": 0.0,
    "nnodes": 8,
    "ranks": "[0-7]",
    "nodelist": "flux-sample-[0-7]",
    "success": true,
    "exception_occurred": false,
    "result": "COMPLETED",
    "expiration": 4841337507.0,
    "waitstatus": 0,
    "returncode": 0,
    "runtime": 97.19108438491821,
    "exception": {
        "occurred": false,
        "severity": "",
        "type": "",
        "note": ""
    }
}