{
    "id": 34694477381632,
    "userid": 1000,
    "urgency": 16,
    "priority": 16,
    "t_submit": 1687737013.6048343,
    "t_depend": 1687737013.6048343,
    "t_run": 1687737013.651208,
    "t_cleanup": 1687737112.0285757,
    "t_inactive": 1687737112.03061,
    "state": "INACTIVE",
    "name": "lmp",
    "ntasks": 768,
    "duration": 0.0,
    "nnodes": 8,
    "ranks": "[0-7]",
    "nodelist": "flux-sample-[0-7]",
    "success": true,
    "exception_occurred": false,
    "result": "COMPLETED",
    "expiration": 4841337013.0,
    "waitstatus": 0,
    "returncode": 0,
    "runtime": 98.37736773490906,
    "exception": {
        "occurred": false,
        "severity": "",
        "type": "",
        "note": ""
    }
}