{
    "id": 41349982191616,
    "userid": 1000,
    "urgency": 16,
    "priority": 16,
    "t_submit": 1687737410.303759,
    "t_depend": 1687737410.303759,
    "t_run": 1687737410.3491478,
    "t_cleanup": 1687737507.5449107,
    "t_inactive": 1687737507.546771,
    "state": "INACTIVE",
    "name": "lmp",
    "ntasks": 768,
    "duration": 0.0,
    "nnodes": 8,
    "ranks": "[0-7]",
    "nodelist": "flux-sample-[0-7]",
    "success": true,
    "exception_occurred": false,
    "result": "COMPLETED",
    "expiration": 4841337410.0,
    "waitstatus": 0,
    "returncode": 0,
    "runtime": 97.19576287269592,
    "exception": {
        "occurred": false,
        "severity": "",
        "type": "",
        "note": ""
    }
}