{
    "id": 31380876558336,
    "userid": 1000,
    "urgency": 16,
    "priority": 16,
    "t_submit": 1687736816.0998366,
    "t_depend": 1687736816.0998366,
    "t_run": 1687736816.145683,
    "t_cleanup": 1687736913.301953,
    "t_inactive": 1687736913.3040216,
    "state": "INACTIVE",
    "name": "lmp",
    "ntasks": 768,
    "duration": 0.0,
    "nnodes": 8,
    "ranks": "[0-7]",
    "nodelist": "flux-sample-[0-7]",
    "success": true,
    "exception_occurred": false,
    "result": "COMPLETED",
    "expiration": 4841336816.0,
    "waitstatus": 0,
    "returncode": 0,
    "runtime": 97.15627002716064,
    "exception": {
        "occurred": false,
        "severity": "",
        "type": "",
        "note": ""
    }
}