{
    "id": 36350539595776,
    "userid": 1000,
    "urgency": 16,
    "priority": 16,
    "t_submit": 1687737112.314714,
    "t_depend": 1687737112.314714,
    "t_run": 1687737112.3602054,
    "t_cleanup": 1687737209.903307,
    "t_inactive": 1687737209.9055583,
    "state": "INACTIVE",
    "name": "lmp",
    "ntasks": 768,
    "duration": 0.0,
    "nnodes": 8,
    "ranks": "[0-7]",
    "nodelist": "flux-sample-[0-7]",
    "success": true,
    "exception_occurred": false,
    "result": "COMPLETED",
    "expiration": 4841337112.0,
    "waitstatus": 0,
    "returncode": 0,
    "runtime": 97.54310154914856,
    "exception": {
        "occurred": false,
        "severity": "",
        "type": "",
        "note": ""
    }
}