{
    "id": 19883920195584,
    "userid": 1000,
    "urgency": 16,
    "priority": 16,
    "t_submit": 1687736130.8275304,
    "t_depend": 1687736130.8275304,
    "t_run": 1687736130.8732035,
    "t_cleanup": 1687736228.0705664,
    "t_inactive": 1687736228.073315,
    "state": "INACTIVE",
    "name": "lmp",
    "ntasks": 768,
    "duration": 0.0,
    "nnodes": 8,
    "ranks": "[0-7]",
    "nodelist": "flux-sample-[0-7]",
    "success": true,
    "exception_occurred": false,
    "result": "COMPLETED",
    "expiration": 4841336130.0,
    "waitstatus": 0,
    "returncode": 0,
    "runtime": 97.19736289978027,
    "exception": {
        "occurred": false,
        "severity": "",
        "type": "",
        "note": ""
    }
}