{
    "id": 33016420237312,
    "userid": 1000,
    "urgency": 16,
    "priority": 16,
    "t_submit": 1687736913.585419,
    "t_depend": 1687736913.585419,
    "t_run": 1687736913.6310697,
    "t_cleanup": 1687737013.3214693,
    "t_inactive": 1687737013.3230238,
    "state": "INACTIVE",
    "name": "lmp",
    "ntasks": 768,
    "duration": 0.0,
    "nnodes": 8,
    "ranks": "[0-7]",
    "nodelist": "flux-sample-[0-7]",
    "success": true,
    "exception_occurred": false,
    "result": "COMPLETED",
    "expiration": 4841336913.0,
    "waitstatus": 0,
    "returncode": 0,
    "runtime": 99.69039964675903,
    "exception": {
        "occurred": false,
        "severity": "",
        "type": "",
        "note": ""
    }
}