{
    "id": 29739662180352,
    "userid": 1000,
    "urgency": 16,
    "priority": 16,
    "t_submit": 1687736718.275468,
    "t_depend": 1687736718.275468,
    "t_run": 1687736718.3207467,
    "t_cleanup": 1687736815.817139,
    "t_inactive": 1687736815.8189528,
    "state": "INACTIVE",
    "name": "lmp",
    "ntasks": 768,
    "duration": 0.0,
    "nnodes": 8,
    "ranks": "[0-7]",
    "nodelist": "flux-sample-[0-7]",
    "success": true,
    "exception_occurred": false,
    "result": "COMPLETED",
    "expiration": 4841336718.0,
    "waitstatus": 0,
    "returncode": 0,
    "runtime": 97.49639225006104,
    "exception": {
        "occurred": false,
        "severity": "",
        "type": "",
        "note": ""
    }
}