{
    "id": 14949724192768,
    "userid": 1000,
    "urgency": 16,
    "priority": 16,
    "t_submit": 1687735836.7268436,
    "t_depend": 1687735836.7268436,
    "t_run": 1687735836.7732334,
    "t_cleanup": 1687735934.1728108,
    "t_inactive": 1687735934.1741655,
    "state": "INACTIVE",
    "name": "lmp",
    "ntasks": 768,
    "duration": 0.0,
    "nnodes": 8,
    "ranks": "[0-7]",
    "nodelist": "flux-sample-[0-7]",
    "success": true,
    "exception_occurred": false,
    "result": "COMPLETED",
    "expiration": 4841335836.0,
    "waitstatus": 0,
    "returncode": 0,
    "runtime": 97.39957737922668,
    "exception": {
        "occurred": false,
        "severity": "",
        "type": "",
        "note": ""
    }
}