{
    "id": 3852032016384,
    "userid": 1234,
    "urgency": 16,
    "priority": 16,
    "t_submit": 1684197453.9726827,
    "t_depend": 1684197453.9848397,
    "t_run": 1684197454.0017066,
    "t_cleanup": 1684197454.6179428,
    "t_inactive": 1684197454.6246457,
    "state": "INACTIVE",
    "name": "ring_mpifh",
    "ntasks": 392,
    "ncores": 392,
    "duration": 0.0,
    "nnodes": 7,
    "ranks": "[0-6]",
    "nodelist": "flux-sample-[1-7]",
    "success": true,
    "exception_occurred": false,
    "result": "COMPLETED",
    "expiration": 4837797453.0,
    "waitstatus": 0,
    "returncode": 0,
    "runtime": 0.6162362098693848,
    "exception": {
        "occurred": false,
        "severity": "",
        "type": "",
        "note": ""
    }
}