{
    "id": 4076628606976,
    "userid": 1234,
    "urgency": 16,
    "priority": 16,
    "t_submit": 1684197467.3603668,
    "t_depend": 1684197467.3723607,
    "t_run": 1684197467.3895028,
    "t_cleanup": 1684197468.1090667,
    "t_inactive": 1684197468.1116083,
    "state": "INACTIVE",
    "name": "ring_mpifh",
    "ntasks": 392,
    "ncores": 392,
    "duration": 0.0,
    "nnodes": 7,
    "ranks": "[0-6]",
    "nodelist": "flux-sample-[1-7]",
    "success": true,
    "exception_occurred": false,
    "result": "COMPLETED",
    "expiration": 4837797467.0,
    "waitstatus": 0,
    "returncode": 0,
    "runtime": 0.7195639610290527,
    "exception": {
        "occurred": false,
        "severity": "",
        "type": "",
        "note": ""
    }
}