{
    "id": 3966838505472,
    "userid": 1234,
    "urgency": 16,
    "priority": 16,
    "t_submit": 1684197460.81566,
    "t_depend": 1684197460.8281054,
    "t_run": 1684197460.845295,
    "t_cleanup": 1684197461.4950173,
    "t_inactive": 1684197461.4972887,
    "state": "INACTIVE",
    "name": "ring_mpifh",
    "ntasks": 392,
    "ncores": 392,
    "duration": 0.0,
    "nnodes": 7,
    "ranks": "[0-6]",
    "nodelist": "flux-sample-[1-7]",
    "success": true,
    "exception_occurred": false,
    "result": "COMPLETED",
    "expiration": 4837797460.0,
    "waitstatus": 0,
    "returncode": 0,
    "runtime": 0.6497223377227783,
    "exception": {
        "occurred": false,
        "severity": "",
        "type": "",
        "note": ""
    }
}