{
    "id": 3952225550336,
    "userid": 1234,
    "urgency": 16,
    "priority": 16,
    "t_submit": 1684197459.94484,
    "t_depend": 1684197459.956914,
    "t_run": 1684197459.9736404,
    "t_cleanup": 1684197460.71107,
    "t_inactive": 1684197460.7162397,
    "state": "INACTIVE",
    "name": "ring_mpifh",
    "ntasks": 392,
    "ncores": 392,
    "duration": 0.0,
    "nnodes": 7,
    "ranks": "[0-6]",
    "nodelist": "flux-sample-[1-7]",
    "success": true,
    "exception_occurred": false,
    "result": "COMPLETED",
    "expiration": 4837797459.0,
    "waitstatus": 0,
    "returncode": 0,
    "runtime": 0.7374296188354492,
    "exception": {
        "occurred": false,
        "severity": "",
        "type": "",
        "note": ""
    }
}