{
    "id": 3939508420608,
    "userid": 1234,
    "urgency": 16,
    "priority": 16,
    "t_submit": 1684197459.1870015,
    "t_depend": 1684197459.198966,
    "t_run": 1684197459.2159896,
    "t_cleanup": 1684197459.8413153,
    "t_inactive": 1684197459.8434956,
    "state": "INACTIVE",
    "name": "ring_mpifh",
    "ntasks": 392,
    "ncores": 392,
    "duration": 0.0,
    "nnodes": 7,
    "ranks": "[0-6]",
    "nodelist": "flux-sample-[1-7]",
    "success": true,
    "exception_occurred": false,
    "result": "COMPLETED",
    "expiration": 4837797459.0,
    "waitstatus": 0,
    "returncode": 0,
    "runtime": 0.6253256797790527,
    "exception": {
        "occurred": false,
        "severity": "",
        "type": "",
        "note": ""
    }
}