{
    "id": 4038091341824,
    "userid": 1234,
    "urgency": 16,
    "priority": 16,
    "t_submit": 1684197465.0625577,
    "t_depend": 1684197465.07471,
    "t_run": 1684197465.0916338,
    "t_cleanup": 1684197465.7424607,
    "t_inactive": 1684197465.7447934,
    "state": "INACTIVE",
    "name": "ring_mpifh",
    "ntasks": 392,
    "ncores": 392,
    "duration": 0.0,
    "nnodes": 7,
    "ranks": "[0-6]",
    "nodelist": "flux-sample-[1-7]",
    "success": true,
    "exception_occurred": false,
    "result": "COMPLETED",
    "expiration": 4837797465.0,
    "waitstatus": 0,
    "returncode": 0,
    "runtime": 0.6508269309997559,
    "exception": {
        "occurred": false,
        "severity": "",
        "type": "",
        "note": ""
    }
}