{
    "id": 4103505707008,
    "userid": 1234,
    "urgency": 16,
    "priority": 16,
    "t_submit": 1684197468.9616919,
    "t_depend": 1684197468.9738011,
    "t_run": 1684197468.9906635,
    "t_cleanup": 1684197469.5686493,
    "t_inactive": 1684197469.5710742,
    "state": "INACTIVE",
    "name": "ring_mpifh",
    "ntasks": 392,
    "ncores": 392,
    "duration": 0.0,
    "nnodes": 7,
    "ranks": "[0-6]",
    "nodelist": "flux-sample-[1-7]",
    "success": true,
    "exception_occurred": false,
    "result": "COMPLETED",
    "expiration": 4837797468.0,
    "waitstatus": 0,
    "returncode": 0,
    "runtime": 0.5779857635498047,
    "exception": {
        "occurred": false,
        "severity": "",
        "type": "",
        "note": ""
    }
}