{
    "id": 3928334794752,
    "userid": 1234,
    "urgency": 16,
    "priority": 16,
    "t_submit": 1684197458.5204606,
    "t_depend": 1684197458.5324252,
    "t_run": 1684197458.549638,
    "t_cleanup": 1684197459.0784557,
    "t_inactive": 1684197459.0807407,
    "state": "INACTIVE",
    "name": "ring_mpifh",
    "ntasks": 392,
    "ncores": 392,
    "duration": 0.0,
    "nnodes": 7,
    "ranks": "[0-6]",
    "nodelist": "flux-sample-[1-7]",
    "success": true,
    "exception_occurred": false,
    "result": "COMPLETED",
    "expiration": 4837797458.0,
    "waitstatus": 0,
    "returncode": 0,
    "runtime": 0.5288176536560059,
    "exception": {
        "occurred": false,
        "severity": "",
        "type": "",
        "note": ""
    }
}