{
    "id": 3903705841664,
    "userid": 1234,
    "urgency": 16,
    "priority": 16,
    "t_submit": 1684197457.053188,
    "t_depend": 1684197457.0654917,
    "t_run": 1684197457.082479,
    "t_cleanup": 1684197457.6525736,
    "t_inactive": 1684197457.6547759,
    "state": "INACTIVE",
    "name": "ring_mpifh",
    "ntasks": 392,
    "ncores": 392,
    "duration": 0.0,
    "nnodes": 7,
    "ranks": "[0-6]",
    "nodelist": "flux-sample-[1-7]",
    "success": true,
    "exception_occurred": false,
    "result": "COMPLETED",
    "expiration": 4837797457.0,
    "waitstatus": 0,
    "returncode": 0,
    "runtime": 0.5700945854187012,
    "exception": {
        "occurred": false,
        "severity": "",
        "type": "",
        "note": ""
    }
}