{
    "id": 3864665260032,
    "userid": 1234,
    "urgency": 16,
    "priority": 16,
    "t_submit": 1684197454.7262332,
    "t_depend": 1684197454.7381682,
    "t_run": 1684197454.7551315,
    "t_cleanup": 1684197455.2586408,
    "t_inactive": 1684197455.2609441,
    "state": "INACTIVE",
    "name": "ring_mpifh",
    "ntasks": 392,
    "ncores": 392,
    "duration": 0.0,
    "nnodes": 7,
    "ranks": "[0-6]",
    "nodelist": "flux-sample-[1-7]",
    "success": true,
    "exception_occurred": false,
    "result": "COMPLETED",
    "expiration": 4837797454.0,
    "waitstatus": 0,
    "returncode": 0,
    "runtime": 0.5035092830657959,
    "exception": {
        "occurred": false,
        "severity": "",
        "type": "",
        "note": ""
    }
}