{
    "id": 4008831877120,
    "userid": 1234,
    "urgency": 16,
    "priority": 16,
    "t_submit": 1684197463.3194053,
    "t_depend": 1684197463.3312814,
    "t_run": 1684197463.3482068,
    "t_cleanup": 1684197464.2758274,
    "t_inactive": 1684197464.2782395,
    "state": "INACTIVE",
    "name": "ring_mpifh",
    "ntasks": 392,
    "ncores": 392,
    "duration": 0.0,
    "nnodes": 7,
    "ranks": "[0-6]",
    "nodelist": "flux-sample-[1-7]",
    "success": true,
    "exception_occurred": false,
    "result": "COMPLETED",
    "expiration": 4837797463.0,
    "waitstatus": 0,
    "returncode": 0,
    "runtime": 0.9276206493377686,
    "exception": {
        "occurred": false,
        "severity": "",
        "type": "",
        "note": ""
    }
}