{
    "id": 4026716389376,
    "userid": 1234,
    "urgency": 16,
    "priority": 16,
    "t_submit": 1684197464.3847075,
    "t_depend": 1684197464.3970315,
    "t_run": 1684197464.4138362,
    "t_cleanup": 1684197464.950424,
    "t_inactive": 1684197464.9530313,
    "state": "INACTIVE",
    "name": "ring_mpifh",
    "ntasks": 392,
    "ncores": 392,
    "duration": 0.0,
    "nnodes": 7,
    "ranks": "[0-6]",
    "nodelist": "flux-sample-[1-7]",
    "success": true,
    "exception_occurred": false,
    "result": "COMPLETED",
    "expiration": 4837797464.0,
    "waitstatus": 0,
    "returncode": 0,
    "runtime": 0.5365877151489258,
    "exception": {
        "occurred": false,
        "severity": "",
        "type": "",
        "note": ""
    }
}