{
    "id": 3993883377664,
    "userid": 1234,
    "urgency": 16,
    "priority": 16,
    "t_submit": 1684197462.4281406,
    "t_depend": 1684197462.4407663,
    "t_run": 1684197462.4574354,
    "t_cleanup": 1684197463.2120044,
    "t_inactive": 1684197463.2144794,
    "state": "INACTIVE",
    "name": "ring_mpifh",
    "ntasks": 392,
    "ncores": 392,
    "duration": 0.0,
    "nnodes": 7,
    "ranks": "[0-6]",
    "nodelist": "flux-sample-[1-7]",
    "success": true,
    "exception_occurred": false,
    "result": "COMPLETED",
    "expiration": 4837797462.0,
    "waitstatus": 0,
    "returncode": 0,
    "runtime": 0.7545690536499023,
    "exception": {
        "occurred": false,
        "severity": "",
        "type": "",
        "note": ""
    }
}