{
    "id": 251742126080,
    "userid": 1000,
    "urgency": 16,
    "priority": 16,
    "t_submit": 1684112499.9206142,
    "t_depend": 1684112499.9320168,
    "t_run": 1684112499.9497175,
    "t_cleanup": 1684112500.1624136,
    "t_inactive": 1684112500.1639254,
    "state": "INACTIVE",
    "name": "hostname",
    "ntasks": 112,
    "ncores": 112,
    "duration": 0.0,
    "nnodes": 2,
    "ranks": "[0-1]",
    "nodelist": "flux-sample-[6-7]",
    "success": true,
    "exception_occurred": false,
    "result": "COMPLETED",
    "expiration": 4837712499.0,
    "waitstatus": 0,
    "returncode": 0,
    "runtime": 0.21269607543945312,
    "exception": {
        "occurred": false,
        "severity": "",
        "type": "",
        "note": ""
    }
}