{
    "id": 238605565952,
    "userid": 1000,
    "urgency": 16,
    "priority": 16,
    "t_submit": 1684112499.1376123,
    "t_depend": 1684112499.149395,
    "t_run": 1684112499.1666884,
    "t_cleanup": 1684112499.3938282,
    "t_inactive": 1684112499.3952749,
    "state": "INACTIVE",
    "name": "hostname",
    "ntasks": 112,
    "ncores": 112,
    "duration": 0.0,
    "nnodes": 2,
    "ranks": "[0-1]",
    "nodelist": "flux-sample-[6-7]",
    "success": true,
    "exception_occurred": false,
    "result": "COMPLETED",
    "expiration": 4837712499.0,
    "waitstatus": 0,
    "returncode": 0,
    "runtime": 0.22713971138000488,
    "exception": {
        "occurred": false,
        "severity": "",
        "type": "",
        "note": ""
    }
}