{
    "id": 257966473216,
    "userid": 1000,
    "urgency": 16,
    "priority": 16,
    "t_submit": 1684112500.291699,
    "t_depend": 1684112500.3034894,
    "t_run": 1684112500.3212485,
    "t_cleanup": 1684112500.5467687,
    "t_inactive": 1684112500.5482092,
    "state": "INACTIVE",
    "name": "hostname",
    "ntasks": 112,
    "ncores": 112,
    "duration": 0.0,
    "nnodes": 2,
    "ranks": "[0-1]",
    "nodelist": "flux-sample-[6-7]",
    "success": true,
    "exception_occurred": false,
    "result": "COMPLETED",
    "expiration": 4837712500.0,
    "waitstatus": 0,
    "returncode": 0,
    "runtime": 0.22552013397216797,
    "exception": {
        "occurred": false,
        "severity": "",
        "type": "",
        "note": ""
    }
}