{
    "id": 1496527667200,
    "userid": 1234,
    "urgency": 16,
    "priority": 16,
    "t_submit": 1684197819.420474,
    "t_depend": 1684197819.4316456,
    "t_run": 1684197819.445506,
    "t_cleanup": 1684197819.8667698,
    "t_inactive": 1684197819.8684456,
    "state": "INACTIVE",
    "name": "hello_c",
    "ntasks": 280,
    "ncores": 280,
    "duration": 0.0,
    "nnodes": 5,
    "ranks": "[0-4]",
    "nodelist": "flux-sample-[3-7]",
    "success": true,
    "exception_occurred": false,
    "result": "COMPLETED",
    "expiration": 4837797819.0,
    "waitstatus": 0,
    "returncode": 0,
    "runtime": 0.4212636947631836,
    "exception": {
        "occurred": false,
        "severity": "",
        "type": "",
        "note": ""
    }
}