{
    "id": 1360749658112,
    "userid": 1234,
    "urgency": 16,
    "priority": 16,
    "t_submit": 1684197811.3276098,
    "t_depend": 1684197811.3390362,
    "t_run": 1684197811.352866,
    "t_cleanup": 1684197811.831397,
    "t_inactive": 1684197811.8330116,
    "state": "INACTIVE",
    "name": "hello_c",
    "ntasks": 280,
    "ncores": 280,
    "duration": 0.0,
    "nnodes": 5,
    "ranks": "[0-4]",
    "nodelist": "flux-sample-[3-7]",
    "success": true,
    "exception_occurred": false,
    "result": "COMPLETED",
    "expiration": 4837797811.0,
    "waitstatus": 0,
    "returncode": 0,
    "runtime": 0.4785311222076416,
    "exception": {
        "occurred": false,
        "severity": "",
        "type": "",
        "note": ""
    }
}