{
    "id": 1390244003840,
    "userid": 1234,
    "urgency": 16,
    "priority": 16,
    "t_submit": 1684197813.0863037,
    "t_depend": 1684197813.0975778,
    "t_run": 1684197813.1115727,
    "t_cleanup": 1684197813.5573194,
    "t_inactive": 1684197813.5589602,
    "state": "INACTIVE",
    "name": "hello_c",
    "ntasks": 280,
    "ncores": 280,
    "duration": 0.0,
    "nnodes": 5,
    "ranks": "[0-4]",
    "nodelist": "flux-sample-[3-7]",
    "success": true,
    "exception_occurred": false,
    "result": "COMPLETED",
    "expiration": 4837797813.0,
    "waitstatus": 0,
    "returncode": 0,
    "runtime": 0.44574666023254395,
    "exception": {
        "occurred": false,
        "severity": "",
        "type": "",
        "note": ""
    }
}