{
    "id": 1332010287104,
    "userid": 1234,
    "urgency": 16,
    "priority": 16,
    "t_submit": 1684197809.6153836,
    "t_depend": 1684197809.6267638,
    "t_run": 1684197809.6412385,
    "t_cleanup": 1684197810.1124597,
    "t_inactive": 1684197810.114258,
    "state": "INACTIVE",
    "name": "hello_c",
    "ntasks": 280,
    "ncores": 280,
    "duration": 0.0,
    "nnodes": 5,
    "ranks": "[0-4]",
    "nodelist": "flux-sample-[3-7]",
    "success": true,
    "exception_occurred": false,
    "result": "COMPLETED",
    "expiration": 4837797809.0,
    "waitstatus": 0,
    "returncode": 0,
    "runtime": 0.4712212085723877,
    "exception": {
        "occurred": false,
        "severity": "",
        "type": "",
        "note": ""
    }
}