{
    "id": 1370966982656,
    "userid": 1234,
    "urgency": 16,
    "priority": 16,
    "t_submit": 1684197811.9373472,
    "t_depend": 1684197811.9486568,
    "t_run": 1684197811.9624484,
    "t_cleanup": 1684197812.399768,
    "t_inactive": 1684197812.4016716,
    "state": "INACTIVE",
    "name": "hello_c",
    "ntasks": 280,
    "ncores": 280,
    "duration": 0.0,
    "nnodes": 5,
    "ranks": "[0-4]",
    "nodelist": "flux-sample-[3-7]",
    "success": true,
    "exception_occurred": false,
    "result": "COMPLETED",
    "expiration": 4837797811.0,
    "waitstatus": 0,
    "returncode": 0,
    "runtime": 0.4373197555541992,
    "exception": {
        "occurred": false,
        "severity": "",
        "type": "",
        "note": ""
    }
}