{
    "id": 1458426609664,
    "userid": 1234,
    "urgency": 16,
    "priority": 16,
    "t_submit": 1684197817.1499915,
    "t_depend": 1684197817.1613157,
    "t_run": 1684197817.1757174,
    "t_cleanup": 1684197817.6211357,
    "t_inactive": 1684197817.6229124,
    "state": "INACTIVE",
    "name": "hello_c",
    "ntasks": 280,
    "ncores": 280,
    "duration": 0.0,
    "nnodes": 5,
    "ranks": "[0-4]",
    "nodelist": "flux-sample-[3-7]",
    "success": true,
    "exception_occurred": false,
    "result": "COMPLETED",
    "expiration": 4837797817.0,
    "waitstatus": 0,
    "returncode": 0,
    "runtime": 0.4454183578491211,
    "exception": {
        "occurred": false,
        "severity": "",
        "type": "",
        "note": ""
    }
}