{
    "id": 1399941234688,
    "userid": 1234,
    "urgency": 16,
    "priority": 16,
    "t_submit": 1684197813.6643355,
    "t_depend": 1684197813.6755116,
    "t_run": 1684197813.6894543,
    "t_cleanup": 1684197814.1425035,
    "t_inactive": 1684197814.1440582,
    "state": "INACTIVE",
    "name": "hello_c",
    "ntasks": 280,
    "ncores": 280,
    "duration": 0.0,
    "nnodes": 5,
    "ranks": "[0-4]",
    "nodelist": "flux-sample-[3-7]",
    "success": true,
    "exception_occurred": false,
    "result": "COMPLETED",
    "expiration": 4837797813.0,
    "waitstatus": 0,
    "returncode": 0,
    "runtime": 0.4530491828918457,
    "exception": {
        "occurred": false,
        "severity": "",
        "type": "",
        "note": ""
    }
}