{
    "id": 1439183142912,
    "userid": 1234,
    "urgency": 16,
    "priority": 16,
    "t_submit": 1684197816.002779,
    "t_depend": 1684197816.0143328,
    "t_run": 1684197816.0289059,
    "t_cleanup": 1684197816.444228,
    "t_inactive": 1684197816.4468057,
    "state": "INACTIVE",
    "name": "hello_c",
    "ntasks": 280,
    "ncores": 280,
    "duration": 0.0,
    "nnodes": 5,
    "ranks": "[0-4]",
    "nodelist": "flux-sample-[3-7]",
    "success": true,
    "exception_occurred": false,
    "result": "COMPLETED",
    "expiration": 4837797816.0,
    "waitstatus": 0,
    "returncode": 0,
    "runtime": 0.41532206535339355,
    "exception": {
        "occurred": false,
        "severity": "",
        "type": "",
        "note": ""
    }
}