{
    "id": 1487098871808,
    "userid": 1234,
    "urgency": 16,
    "priority": 16,
    "t_submit": 1684197818.8589818,
    "t_depend": 1684197818.8702085,
    "t_run": 1684197818.8846338,
    "t_cleanup": 1684197819.3125954,
    "t_inactive": 1684197819.3141413,
    "state": "INACTIVE",
    "name": "hello_c",
    "ntasks": 280,
    "ncores": 280,
    "duration": 0.0,
    "nnodes": 5,
    "ranks": "[0-4]",
    "nodelist": "flux-sample-[3-7]",
    "success": true,
    "exception_occurred": false,
    "result": "COMPLETED",
    "expiration": 4837797818.0,
    "waitstatus": 0,
    "returncode": 0,
    "runtime": 0.4279615879058838,
    "exception": {
        "occurred": false,
        "severity": "",
        "type": "",
        "note": ""
    }
}