{
    "id": 1505771913216,
    "userid": 1234,
    "urgency": 16,
    "priority": 16,
    "t_submit": 1684197819.9723947,
    "t_depend": 1684197819.9837449,
    "t_run": 1684197819.997897,
    "t_cleanup": 1684197820.4387312,
    "t_inactive": 1684197820.4416783,
    "state": "INACTIVE",
    "name": "hello_c",
    "ntasks": 280,
    "ncores": 280,
    "duration": 0.0,
    "nnodes": 5,
    "ranks": "[0-4]",
    "nodelist": "flux-sample-[3-7]",
    "success": true,
    "exception_occurred": false,
    "result": "COMPLETED",
    "expiration": 4837797819.0,
    "waitstatus": 0,
    "returncode": 0,
    "runtime": 0.44083428382873535,
    "exception": {
        "occurred": false,
        "severity": "",
        "type": "",
        "note": ""
    }
}