{
    "id": 1409806237696,
    "userid": 1234,
    "urgency": 16,
    "priority": 16,
    "t_submit": 1684197814.2523303,
    "t_depend": 1684197814.2647216,
    "t_run": 1684197814.2790575,
    "t_cleanup": 1684197814.7341044,
    "t_inactive": 1684197814.7356248,
    "state": "INACTIVE",
    "name": "hello_c",
    "ntasks": 280,
    "ncores": 280,
    "duration": 0.0,
    "nnodes": 5,
    "ranks": "[0-4]",
    "nodelist": "flux-sample-[3-7]",
    "success": true,
    "exception_occurred": false,
    "result": "COMPLETED",
    "expiration": 4837797814.0,
    "waitstatus": 0,
    "returncode": 0,
    "runtime": 0.4550468921661377,
    "exception": {
        "occurred": false,
        "severity": "",
        "type": "",
        "note": ""
    }
}