{
    "id": 1468090286080,
    "userid": 1234,
    "urgency": 16,
    "priority": 16,
    "t_submit": 1684197817.7255342,
    "t_depend": 1684197817.736907,
    "t_run": 1684197817.751361,
    "t_cleanup": 1684197818.1929123,
    "t_inactive": 1684197818.1944928,
    "state": "INACTIVE",
    "name": "hello_c",
    "ntasks": 280,
    "ncores": 280,
    "duration": 0.0,
    "nnodes": 5,
    "ranks": "[0-4]",
    "nodelist": "flux-sample-[3-7]",
    "success": true,
    "exception_occurred": false,
    "result": "COMPLETED",
    "expiration": 4837797817.0,
    "waitstatus": 0,
    "returncode": 0,
    "runtime": 0.44155144691467285,
    "exception": {
        "occurred": false,
        "severity": "",
        "type": "",
        "note": ""
    }
}