{
    "id": 737811628032,
    "userid": 1000,
    "urgency": 16,
    "priority": 16,
    "t_submit": 1684112214.6476185,
    "t_depend": 1684112214.6592925,
    "t_run": 1684112214.686011,
    "t_cleanup": 1684112214.9114268,
    "t_inactive": 1684112214.9128928,
    "state": "INACTIVE",
    "name": "hostname",
    "ntasks": 336,
    "ncores": 336,
    "duration": 0.0,
    "nnodes": 6,
    "ranks": "[0-5]",
    "nodelist": "flux-sample-[2-7]",
    "success": true,
    "exception_occurred": false,
    "result": "COMPLETED",
    "expiration": 4837712214.0,
    "waitstatus": 0,
    "returncode": 0,
    "runtime": 0.22541570663452148,
    "exception": {
        "occurred": false,
        "severity": "",
        "type": "",
        "note": ""
    }
}