{
    "id": 711253295104,
    "userid": 1000,
    "urgency": 16,
    "priority": 16,
    "t_submit": 1684112213.0645597,
    "t_depend": 1684112213.0759094,
    "t_run": 1684112213.1025474,
    "t_cleanup": 1684112213.3359554,
    "t_inactive": 1684112213.337389,
    "state": "INACTIVE",
    "name": "hostname",
    "ntasks": 336,
    "ncores": 336,
    "duration": 0.0,
    "nnodes": 6,
    "ranks": "[0-5]",
    "nodelist": "flux-sample-[2-7]",
    "success": true,
    "exception_occurred": false,
    "result": "COMPLETED",
    "expiration": 4837712213.0,
    "waitstatus": 0,
    "returncode": 0,
    "runtime": 0.23340797424316406,
    "exception": {
        "occurred": false,
        "severity": "",
        "type": "",
        "note": ""
    }
}