{
    "id": 764369960960,
    "userid": 1000,
    "urgency": 16,
    "priority": 16,
    "t_submit": 1684112216.2305474,
    "t_depend": 1684112216.2421591,
    "t_run": 1684112216.2690282,
    "t_cleanup": 1684112216.4920428,
    "t_inactive": 1684112216.4936035,
    "state": "INACTIVE",
    "name": "hostname",
    "ntasks": 336,
    "ncores": 336,
    "duration": 0.0,
    "nnodes": 6,
    "ranks": "[0-5]",
    "nodelist": "flux-sample-[2-7]",
    "success": true,
    "exception_occurred": false,
    "result": "COMPLETED",
    "expiration": 4837712216.0,
    "waitstatus": 0,
    "returncode": 0,
    "runtime": 0.22301459312438965,
    "exception": {
        "occurred": false,
        "severity": "",
        "type": "",
        "note": ""
    }
}