{
    "id": 810591191040,
    "userid": 1000,
    "urgency": 16,
    "priority": 16,
    "t_submit": 1684112218.9858358,
    "t_depend": 1684112218.9975338,
    "t_run": 1684112219.024004,
    "t_cleanup": 1684112219.2525566,
    "t_inactive": 1684112219.2540119,
    "state": "INACTIVE",
    "name": "hostname",
    "ntasks": 336,
    "ncores": 336,
    "duration": 0.0,
    "nnodes": 6,
    "ranks": "[0-5]",
    "nodelist": "flux-sample-[2-7]",
    "success": true,
    "exception_occurred": false,
    "result": "COMPLETED",
    "expiration": 4837712219.0,
    "waitstatus": 0,
    "returncode": 0,
    "runtime": 0.22855257987976074,
    "exception": {
        "occurred": false,
        "severity": "",
        "type": "",
        "note": ""
    }
}