{
    "id": 724658290688,
    "userid": 1000,
    "urgency": 16,
    "priority": 16,
    "t_submit": 1684112213.863503,
    "t_depend": 1684112213.8749413,
    "t_run": 1684112213.9015112,
    "t_cleanup": 1684112214.1285653,
    "t_inactive": 1684112214.1299973,
    "state": "INACTIVE",
    "name": "hostname",
    "ntasks": 336,
    "ncores": 336,
    "duration": 0.0,
    "nnodes": 6,
    "ranks": "[0-5]",
    "nodelist": "flux-sample-[2-7]",
    "success": true,
    "exception_occurred": false,
    "result": "COMPLETED",
    "expiration": 4837712213.0,
    "waitstatus": 0,
    "returncode": 0,
    "runtime": 0.22705411911010742,
    "exception": {
        "occurred": false,
        "severity": "",
        "type": "",
        "note": ""
    }
}