{
    "id": 790743744512,
    "userid": 1000,
    "urgency": 16,
    "priority": 16,
    "t_submit": 1684112217.8022556,
    "t_depend": 1684112217.813893,
    "t_run": 1684112217.8403544,
    "t_cleanup": 1684112218.0644634,
    "t_inactive": 1684112218.06592,
    "state": "INACTIVE",
    "name": "hostname",
    "ntasks": 336,
    "ncores": 336,
    "duration": 0.0,
    "nnodes": 6,
    "ranks": "[0-5]",
    "nodelist": "flux-sample-[2-7]",
    "success": true,
    "exception_occurred": false,
    "result": "COMPLETED",
    "expiration": 4837712217.0,
    "waitstatus": 0,
    "returncode": 0,
    "runtime": 0.22410893440246582,
    "exception": {
        "occurred": false,
        "severity": "",
        "type": "",
        "note": ""
    }
}