{
    "id": 757843623936,
    "userid": 1000,
    "urgency": 16,
    "priority": 16,
    "t_submit": 1684112215.8419218,
    "t_depend": 1684112215.8534937,
    "t_run": 1684112215.8798664,
    "t_cleanup": 1684112216.1008534,
    "t_inactive": 1684112216.1023476,
    "state": "INACTIVE",
    "name": "hostname",
    "ntasks": 336,
    "ncores": 336,
    "duration": 0.0,
    "nnodes": 6,
    "ranks": "[0-5]",
    "nodelist": "flux-sample-[2-7]",
    "success": true,
    "exception_occurred": false,
    "result": "COMPLETED",
    "expiration": 4837712215.0,
    "waitstatus": 0,
    "returncode": 0,
    "runtime": 0.22098708152770996,
    "exception": {
        "occurred": false,
        "severity": "",
        "type": "",
        "note": ""
    }
}