{
    "id": 1178045775872,
    "userid": 1234,
    "urgency": 16,
    "priority": 16,
    "t_submit": 1684197828.208435,
    "t_depend": 1684197828.2206035,
    "t_run": 1684197828.2345862,
    "t_cleanup": 1684197828.6476002,
    "t_inactive": 1684197828.649522,
    "state": "INACTIVE",
    "name": "hello_cxx",
    "ntasks": 168,
    "ncores": 168,
    "duration": 0.0,
    "nnodes": 3,
    "ranks": "[0-2]",
    "nodelist": "flux-sample-[0-2]",
    "success": true,
    "exception_occurred": false,
    "result": "COMPLETED",
    "expiration": 4837797828.0,
    "waitstatus": 0,
    "returncode": 0,
    "runtime": 0.41301393508911133,
    "exception": {
        "occurred": false,
        "severity": "",
        "type": "",
        "note": ""
    }
}