{
    "id": 1270035251200,
    "userid": 1234,
    "urgency": 16,
    "priority": 16,
    "t_submit": 1684197833.6914198,
    "t_depend": 1684197833.7028043,
    "t_run": 1684197833.7171597,
    "t_cleanup": 1684197834.1647022,
    "t_inactive": 1684197834.1705885,
    "state": "INACTIVE",
    "name": "hello_cxx",
    "ntasks": 168,
    "ncores": 168,
    "duration": 0.0,
    "nnodes": 3,
    "ranks": "[0-2]",
    "nodelist": "flux-sample-[0-2]",
    "success": true,
    "exception_occurred": false,
    "result": "COMPLETED",
    "expiration": 4837797833.0,
    "waitstatus": 0,
    "returncode": 0,
    "runtime": 0.4475424289703369,
    "exception": {
        "occurred": false,
        "severity": "",
        "type": "",
        "note": ""
    }
}