{
    "id": 1214569775104,
    "userid": 1234,
    "urgency": 16,
    "priority": 16,
    "t_submit": 1684197830.3851485,
    "t_depend": 1684197830.3966038,
    "t_run": 1684197830.4107428,
    "t_cleanup": 1684197830.8478363,
    "t_inactive": 1684197830.8495216,
    "state": "INACTIVE",
    "name": "hello_cxx",
    "ntasks": 168,
    "ncores": 168,
    "duration": 0.0,
    "nnodes": 3,
    "ranks": "[0-2]",
    "nodelist": "flux-sample-[0-2]",
    "success": true,
    "exception_occurred": false,
    "result": "COMPLETED",
    "expiration": 4837797830.0,
    "waitstatus": 0,
    "returncode": 0,
    "runtime": 0.43709349632263184,
    "exception": {
        "occurred": false,
        "severity": "",
        "type": "",
        "note": ""
    }
}