{
    "id": 1308958392320,
    "userid": 1234,
    "urgency": 16,
    "priority": 16,
    "t_submit": 1684197836.010701,
    "t_depend": 1684197836.0224376,
    "t_run": 1684197836.0368288,
    "t_cleanup": 1684197836.4695828,
    "t_inactive": 1684197836.4713967,
    "state": "INACTIVE",
    "name": "hello_cxx",
    "ntasks": 168,
    "ncores": 168,
    "duration": 0.0,
    "nnodes": 3,
    "ranks": "[0-2]",
    "nodelist": "flux-sample-[0-2]",
    "success": true,
    "exception_occurred": false,
    "result": "COMPLETED",
    "expiration": 4837797836.0,
    "waitstatus": 0,
    "returncode": 0,
    "runtime": 0.4327540397644043,
    "exception": {
        "occurred": false,
        "severity": "",
        "type": "",
        "note": ""
    }
}