{
    "id": 1251395764224,
    "userid": 1234,
    "urgency": 16,
    "priority": 16,
    "t_submit": 1684197832.5796115,
    "t_depend": 1684197832.591217,
    "t_run": 1684197832.605231,
    "t_cleanup": 1684197833.037119,
    "t_inactive": 1684197833.0389948,
    "state": "INACTIVE",
    "name": "hello_cxx",
    "ntasks": 168,
    "ncores": 168,
    "duration": 0.0,
    "nnodes": 3,
    "ranks": "[0-2]",
    "nodelist": "flux-sample-[0-2]",
    "success": true,
    "exception_occurred": false,
    "result": "COMPLETED",
    "expiration": 4837797832.0,
    "waitstatus": 0,
    "returncode": 0,
    "runtime": 0.4318878650665283,
    "exception": {
        "occurred": false,
        "severity": "",
        "type": "",
        "note": ""
    }
}