{
    "id": 1205577187328,
    "userid": 1234,
    "urgency": 16,
    "priority": 16,
    "t_submit": 1684197829.8485892,
    "t_depend": 1684197829.8602064,
    "t_run": 1684197829.874341,
    "t_cleanup": 1684197830.2792904,
    "t_inactive": 1684197830.2821593,
    "state": "INACTIVE",
    "name": "hello_cxx",
    "ntasks": 168,
    "ncores": 168,
    "duration": 0.0,
    "nnodes": 3,
    "ranks": "[0-2]",
    "nodelist": "flux-sample-[0-2]",
    "success": true,
    "exception_occurred": false,
    "result": "COMPLETED",
    "expiration": 4837797829.0,
    "waitstatus": 0,
    "returncode": 0,
    "runtime": 0.404949426651001,
    "exception": {
        "occurred": false,
        "severity": "",
        "type": "",
        "note": ""
    }
}