{
    "id": 1196165169152,
    "userid": 1234,
    "urgency": 16,
    "priority": 16,
    "t_submit": 1684197829.2877474,
    "t_depend": 1684197829.299344,
    "t_run": 1684197829.3136184,
    "t_cleanup": 1684197829.7419324,
    "t_inactive": 1684197829.7437093,
    "state": "INACTIVE",
    "name": "hello_cxx",
    "ntasks": 168,
    "ncores": 168,
    "duration": 0.0,
    "nnodes": 3,
    "ranks": "[0-2]",
    "nodelist": "flux-sample-[0-2]",
    "success": true,
    "exception_occurred": false,
    "result": "COMPLETED",
    "expiration": 4837797829.0,
    "waitstatus": 0,
    "returncode": 0,
    "runtime": 0.4283139705657959,
    "exception": {
        "occurred": false,
        "severity": "",
        "type": "",
        "note": ""
    }
}