{
    "id": 1318521405440,
    "userid": 1234,
    "urgency": 16,
    "priority": 16,
    "t_submit": 1684197836.580545,
    "t_depend": 1684197836.5920255,
    "t_run": 1684197836.6061392,
    "t_cleanup": 1684197837.0752475,
    "t_inactive": 1684197837.0768876,
    "state": "INACTIVE",
    "name": "hello_cxx",
    "ntasks": 168,
    "ncores": 168,
    "duration": 0.0,
    "nnodes": 3,
    "ranks": "[0-2]",
    "nodelist": "flux-sample-[0-2]",
    "success": true,
    "exception_occurred": false,
    "result": "COMPLETED",
    "expiration": 4837797836.0,
    "waitstatus": 0,
    "returncode": 0,
    "runtime": 0.46910834312438965,
    "exception": {
        "occurred": false,
        "severity": "",
        "type": "",
        "note": ""
    }
}