{
    "id": 1355515166720,
    "userid": 1234,
    "urgency": 16,
    "priority": 16,
    "t_submit": 1684197838.7855594,
    "t_depend": 1684197838.7971182,
    "t_run": 1684197838.8112764,
    "t_cleanup": 1684197839.208424,
    "t_inactive": 1684197839.2099469,
    "state": "INACTIVE",
    "name": "hello_cxx",
    "ntasks": 168,
    "ncores": 168,
    "duration": 0.0,
    "nnodes": 3,
    "ranks": "[0-2]",
    "nodelist": "flux-sample-[0-2]",
    "success": true,
    "exception_occurred": false,
    "result": "COMPLETED",
    "expiration": 4837797838.0,
    "waitstatus": 0,
    "returncode": 0,
    "runtime": 0.39714765548706055,
    "exception": {
        "occurred": false,
        "severity": "",
        "type": "",
        "note": ""
    }
}