{
    "id": 1260841336832,
    "userid": 1234,
    "urgency": 16,
    "priority": 16,
    "t_submit": 1684197833.1429577,
    "t_depend": 1684197833.154346,
    "t_run": 1684197833.1683671,
    "t_cleanup": 1684197833.5842264,
    "t_inactive": 1684197833.585895,
    "state": "INACTIVE",
    "name": "hello_cxx",
    "ntasks": 168,
    "ncores": 168,
    "duration": 0.0,
    "nnodes": 3,
    "ranks": "[0-2]",
    "nodelist": "flux-sample-[0-2]",
    "success": true,
    "exception_occurred": false,
    "result": "COMPLETED",
    "expiration": 4837797833.0,
    "waitstatus": 0,
    "returncode": 0,
    "runtime": 0.4158592224121094,
    "exception": {
        "occurred": false,
        "severity": "",
        "type": "",
        "note": ""
    }
}