{
    "id": 1299529596928,
    "userid": 1234,
    "urgency": 16,
    "priority": 16,
    "t_submit": 1684197835.4489498,
    "t_depend": 1684197835.4606974,
    "t_run": 1684197835.4746287,
    "t_cleanup": 1684197835.905062,
    "t_inactive": 1684197835.907014,
    "state": "INACTIVE",
    "name": "hello_cxx",
    "ntasks": 168,
    "ncores": 168,
    "duration": 0.0,
    "nnodes": 3,
    "ranks": "[0-2]",
    "nodelist": "flux-sample-[0-2]",
    "success": true,
    "exception_occurred": false,
    "result": "COMPLETED",
    "expiration": 4837797835.0,
    "waitstatus": 0,
    "returncode": 0,
    "runtime": 0.4304332733154297,
    "exception": {
        "occurred": false,
        "severity": "",
        "type": "",
        "note": ""
    }
}