{
    "id": 1279766036480,
    "userid": 1234,
    "urgency": 16,
    "priority": 16,
    "t_submit": 1684197834.2709029,
    "t_depend": 1684197834.282321,
    "t_run": 1684197834.296473,
    "t_cleanup": 1684197834.7627873,
    "t_inactive": 1684197834.764615,
    "state": "INACTIVE",
    "name": "hello_cxx",
    "ntasks": 168,
    "ncores": 168,
    "duration": 0.0,
    "nnodes": 3,
    "ranks": "[0-2]",
    "nodelist": "flux-sample-[0-2]",
    "success": true,
    "exception_occurred": false,
    "result": "COMPLETED",
    "expiration": 4837797834.0,
    "waitstatus": 0,
    "returncode": 0,
    "runtime": 0.46631431579589844,
    "exception": {
        "occurred": false,
        "severity": "",
        "type": "",
        "note": ""
    }
}