{
    "id": 4013479165952,
    "userid": 1000,
    "urgency": 16,
    "priority": 16,
    "t_submit": 1684013920.6281607,
    "t_depend": 1684013920.6399724,
    "t_run": 1684013920.6625402,
    "t_cleanup": 1684013935.6426723,
    "t_inactive": 1684013935.6444006,
    "state": "INACTIVE",
    "name": "lmp",
    "ntasks": 224,
    "ncores": 224,
    "duration": 0.0,
    "nnodes": 4,
    "ranks": "[0-3]",
    "nodelist": "flux-sample-[0-3]",
    "success": true,
    "exception_occurred": false,
    "result": "COMPLETED",
    "expiration": 4837613920.0,
    "waitstatus": 0,
    "returncode": 0,
    "runtime": 14.980132102966309,
    "exception": {
        "occurred": false,
        "severity": "",
        "type": "",
        "note": ""
    }
}