{
    "id": 7528490467328,
    "userid": 1000,
    "urgency": 16,
    "priority": 16,
    "t_submit": 1684014130.138727,
    "t_depend": 1684014130.150306,
    "t_run": 1684014130.1730208,
    "t_cleanup": 1684014145.4572158,
    "t_inactive": 1684014145.4593635,
    "state": "INACTIVE",
    "name": "lmp",
    "ntasks": 224,
    "ncores": 224,
    "duration": 0.0,
    "nnodes": 4,
    "ranks": "[0-3]",
    "nodelist": "flux-sample-[0-3]",
    "success": true,
    "exception_occurred": false,
    "result": "COMPLETED",
    "expiration": 4837614130.0,
    "waitstatus": 0,
    "returncode": 0,
    "runtime": 15.284194946289062,
    "exception": {
        "occurred": false,
        "severity": "",
        "type": "",
        "note": ""
    }
}