{
    "id": 5775825043456,
    "userid": 1000,
    "urgency": 16,
    "priority": 16,
    "t_submit": 1684014025.6713502,
    "t_depend": 1684014025.6832042,
    "t_run": 1684014025.7060266,
    "t_cleanup": 1684014039.9654102,
    "t_inactive": 1684014039.967546,
    "state": "INACTIVE",
    "name": "lmp",
    "ntasks": 224,
    "ncores": 224,
    "duration": 0.0,
    "nnodes": 4,
    "ranks": "[0-3]",
    "nodelist": "flux-sample-[0-3]",
    "success": true,
    "exception_occurred": false,
    "result": "COMPLETED",
    "expiration": 4837614025.0,
    "waitstatus": 0,
    "returncode": 0,
    "runtime": 14.25938367843628,
    "exception": {
        "occurred": false,
        "severity": "",
        "type": "",
        "note": ""
    }
}