{
    "id": 6515515719680,
    "userid": 1000,
    "urgency": 16,
    "priority": 16,
    "t_submit": 1684014069.7603319,
    "t_depend": 1684014069.7720234,
    "t_run": 1684014069.7948909,
    "t_cleanup": 1684014084.9728715,
    "t_inactive": 1684014084.9748173,
    "state": "INACTIVE",
    "name": "lmp",
    "ntasks": 224,
    "ncores": 224,
    "duration": 0.0,
    "nnodes": 4,
    "ranks": "[0-3]",
    "nodelist": "flux-sample-[0-3]",
    "success": true,
    "exception_occurred": false,
    "result": "COMPLETED",
    "expiration": 4837614069.0,
    "waitstatus": 0,
    "returncode": 0,
    "runtime": 15.177980661392212,
    "exception": {
        "occurred": false,
        "severity": "",
        "type": "",
        "note": ""
    }
}