{
    "id": 3763532201984,
    "userid": 1000,
    "urgency": 16,
    "priority": 16,
    "t_submit": 1684013905.7296674,
    "t_depend": 1684013905.7410536,
    "t_run": 1684013905.7637908,
    "t_cleanup": 1684013920.3545768,
    "t_inactive": 1684013920.3567853,
    "state": "INACTIVE",
    "name": "lmp",
    "ntasks": 224,
    "ncores": 224,
    "duration": 0.0,
    "nnodes": 4,
    "ranks": "[0-3]",
    "nodelist": "flux-sample-[0-3]",
    "success": true,
    "exception_occurred": false,
    "result": "COMPLETED",
    "expiration": 4837613905.0,
    "waitstatus": 0,
    "returncode": 0,
    "runtime": 14.59078598022461,
    "exception": {
        "occurred": false,
        "severity": "",
        "type": "",
        "note": ""
    }
}