{
    "id": 4517886164992,
    "userid": 1000,
    "urgency": 16,
    "priority": 16,
    "t_submit": 1684013950.6926606,
    "t_depend": 1684013950.7044325,
    "t_run": 1684013950.7269704,
    "t_cleanup": 1684013965.4418733,
    "t_inactive": 1684013965.4439552,
    "state": "INACTIVE",
    "name": "lmp",
    "ntasks": 224,
    "ncores": 224,
    "duration": 0.0,
    "nnodes": 4,
    "ranks": "[0-3]",
    "nodelist": "flux-sample-[0-3]",
    "success": true,
    "exception_occurred": false,
    "result": "COMPLETED",
    "expiration": 4837613950.0,
    "waitstatus": 0,
    "returncode": 0,
    "runtime": 14.714902877807617,
    "exception": {
        "occurred": false,
        "severity": "",
        "type": "",
        "note": ""
    }
}