{
    "id": 3018086940672,
    "userid": 1234,
    "urgency": 16,
    "priority": 16,
    "t_submit": 1684198131.3634157,
    "t_depend": 1684198131.375346,
    "t_run": 1684198131.3910842,
    "t_cleanup": 1684198131.585515,
    "t_inactive": 1684198131.58804,
    "state": "INACTIVE",
    "name": "ring_mpifh",
    "ntasks": 224,
    "ncores": 224,
    "duration": 0.0,
    "nnodes": 4,
    "ranks": "[0-3]",
    "nodelist": "flux-sample-[4-7]",
    "success": true,
    "exception_occurred": false,
    "result": "COMPLETED",
    "expiration": 4837798131.0,
    "waitstatus": 0,
    "returncode": 0,
    "runtime": 0.19443082809448242,
    "exception": {
        "occurred": false,
        "severity": "",
        "type": "",
        "note": ""
    }
}