{
    "id": 3001242615808,
    "userid": 1234,
    "urgency": 16,
    "priority": 16,
    "t_submit": 1684198130.359472,
    "t_depend": 1684198130.3713362,
    "t_run": 1684198130.3875287,
    "t_cleanup": 1684198130.5812755,
    "t_inactive": 1684198130.5834577,
    "state": "INACTIVE",
    "name": "ring_mpifh",
    "ntasks": 224,
    "ncores": 224,
    "duration": 0.0,
    "nnodes": 4,
    "ranks": "[0-3]",
    "nodelist": "flux-sample-[4-7]",
    "success": true,
    "exception_occurred": false,
    "result": "COMPLETED",
    "expiration": 4837798130.0,
    "waitstatus": 0,
    "returncode": 0,
    "runtime": 0.19374680519104004,
    "exception": {
        "occurred": false,
        "severity": "",
        "type": "",
        "note": ""
    }
}