{
    "id": 2984465399808,
    "userid": 1234,
    "urgency": 16,
    "priority": 16,
    "t_submit": 1684198129.35954,
    "t_depend": 1684198129.371805,
    "t_run": 1684198129.3879557,
    "t_cleanup": 1684198129.5874474,
    "t_inactive": 1684198129.5899951,
    "state": "INACTIVE",
    "name": "ring_mpifh",
    "ntasks": 224,
    "ncores": 224,
    "duration": 0.0,
    "nnodes": 4,
    "ranks": "[0-3]",
    "nodelist": "flux-sample-[4-7]",
    "success": true,
    "exception_occurred": false,
    "result": "COMPLETED",
    "expiration": 4837798129.0,
    "waitstatus": 0,
    "returncode": 0,
    "runtime": 0.1994917392730713,
    "exception": {
        "occurred": false,
        "severity": "",
        "type": "",
        "note": ""
    }
}