{
    "id": 3046272663552,
    "userid": 1234,
    "urgency": 16,
    "priority": 16,
    "t_submit": 1684198133.0430453,
    "t_depend": 1684198133.055341,
    "t_run": 1684198133.071308,
    "t_cleanup": 1684198133.2610083,
    "t_inactive": 1684198133.2632053,
    "state": "INACTIVE",
    "name": "ring_mpifh",
    "ntasks": 224,
    "ncores": 224,
    "duration": 0.0,
    "nnodes": 4,
    "ranks": "[0-3]",
    "nodelist": "flux-sample-[4-7]",
    "success": true,
    "exception_occurred": false,
    "result": "COMPLETED",
    "expiration": 4837798133.0,
    "waitstatus": 0,
    "returncode": 0,
    "runtime": 0.18970036506652832,
    "exception": {
        "occurred": false,
        "severity": "",
        "type": "",
        "note": ""
    }
}