{
    "id": 3085564903424,
    "userid": 1234,
    "urgency": 16,
    "priority": 16,
    "t_submit": 1684198135.3845813,
    "t_depend": 1684198135.3967686,
    "t_run": 1684198135.4128377,
    "t_cleanup": 1684198135.620324,
    "t_inactive": 1684198135.6230712,
    "state": "INACTIVE",
    "name": "ring_mpifh",
    "ntasks": 224,
    "ncores": 224,
    "duration": 0.0,
    "nnodes": 4,
    "ranks": "[0-3]",
    "nodelist": "flux-sample-[4-7]",
    "success": true,
    "exception_occurred": false,
    "result": "COMPLETED",
    "expiration": 4837798135.0,
    "waitstatus": 0,
    "returncode": 0,
    "runtime": 0.20748615264892578,
    "exception": {
        "occurred": false,
        "severity": "",
        "type": "",
        "note": ""
    }
}