{
    "id": 3068603138048,
    "userid": 1234,
    "urgency": 16,
    "priority": 16,
    "t_submit": 1684198134.3741503,
    "t_depend": 1684198134.3861265,
    "t_run": 1684198134.401893,
    "t_cleanup": 1684198134.6083498,
    "t_inactive": 1684198134.610861,
    "state": "INACTIVE",
    "name": "ring_mpifh",
    "ntasks": 224,
    "ncores": 224,
    "duration": 0.0,
    "nnodes": 4,
    "ranks": "[0-3]",
    "nodelist": "flux-sample-[4-7]",
    "success": true,
    "exception_occurred": false,
    "result": "COMPLETED",
    "expiration": 4837798134.0,
    "waitstatus": 0,
    "returncode": 0,
    "runtime": 0.20645689964294434,
    "exception": {
        "occurred": false,
        "severity": "",
        "type": "",
        "note": ""
    }
}