{
    "id": 3012483350528,
    "userid": 1234,
    "urgency": 16,
    "priority": 16,
    "t_submit": 1684198131.0287802,
    "t_depend": 1684198131.040791,
    "t_run": 1684198131.0567882,
    "t_cleanup": 1684198131.2592852,
    "t_inactive": 1684198131.2614667,
    "state": "INACTIVE",
    "name": "ring_mpifh",
    "ntasks": 224,
    "ncores": 224,
    "duration": 0.0,
    "nnodes": 4,
    "ranks": "[0-3]",
    "nodelist": "flux-sample-[4-7]",
    "success": true,
    "exception_occurred": false,
    "result": "COMPLETED",
    "expiration": 4837798131.0,
    "waitstatus": 0,
    "returncode": 0,
    "runtime": 0.20249700546264648,
    "exception": {
        "occurred": false,
        "severity": "",
        "type": "",
        "note": ""
    }
}