{
    "id": 3079827095552,
    "userid": 1234,
    "urgency": 16,
    "priority": 16,
    "t_submit": 1684198135.042562,
    "t_depend": 1684198135.054749,
    "t_run": 1684198135.0706983,
    "t_cleanup": 1684198135.2777667,
    "t_inactive": 1684198135.280074,
    "state": "INACTIVE",
    "name": "ring_mpifh",
    "ntasks": 224,
    "ncores": 224,
    "duration": 0.0,
    "nnodes": 4,
    "ranks": "[0-3]",
    "nodelist": "flux-sample-[4-7]",
    "success": true,
    "exception_occurred": false,
    "result": "COMPLETED",
    "expiration": 4837798135.0,
    "waitstatus": 0,
    "returncode": 0,
    "runtime": 0.20706844329833984,
    "exception": {
        "occurred": false,
        "severity": "",
        "type": "",
        "note": ""
    }
}