{
    "id": 3035015151616,
    "userid": 1234,
    "urgency": 16,
    "priority": 16,
    "t_submit": 1684198132.3720648,
    "t_depend": 1684198132.3840182,
    "t_run": 1684198132.399895,
    "t_cleanup": 1684198132.6088326,
    "t_inactive": 1684198132.6110249,
    "state": "INACTIVE",
    "name": "ring_mpifh",
    "ntasks": 224,
    "ncores": 224,
    "duration": 0.0,
    "nnodes": 4,
    "ranks": "[0-3]",
    "nodelist": "flux-sample-[4-7]",
    "success": true,
    "exception_occurred": false,
    "result": "COMPLETED",
    "expiration": 4837798132.0,
    "waitstatus": 0,
    "returncode": 0,
    "runtime": 0.2089376449584961,
    "exception": {
        "occurred": false,
        "severity": "",
        "type": "",
        "note": ""
    }
}