{
    "id": 3091302711296,
    "userid": 1234,
    "urgency": 16,
    "priority": 16,
    "t_submit": 1684198135.7265415,
    "t_depend": 1684198135.7385333,
    "t_run": 1684198135.7543037,
    "t_cleanup": 1684198135.967766,
    "t_inactive": 1684198135.9700444,
    "state": "INACTIVE",
    "name": "ring_mpifh",
    "ntasks": 224,
    "ncores": 224,
    "duration": 0.0,
    "nnodes": 4,
    "ranks": "[0-3]",
    "nodelist": "flux-sample-[4-7]",
    "success": true,
    "exception_occurred": false,
    "result": "COMPLETED",
    "expiration": 4837798135.0,
    "waitstatus": 0,
    "returncode": 0,
    "runtime": 0.21346235275268555,
    "exception": {
        "occurred": false,
        "severity": "",
        "type": "",
        "note": ""
    }
}