{
    "id": 3051691704320,
    "userid": 1234,
    "urgency": 16,
    "priority": 16,
    "t_submit": 1684198133.3662732,
    "t_depend": 1684198133.3784335,
    "t_run": 1684198133.3945086,
    "t_cleanup": 1684198133.5957952,
    "t_inactive": 1684198133.5983818,
    "state": "INACTIVE",
    "name": "ring_mpifh",
    "ntasks": 224,
    "ncores": 224,
    "duration": 0.0,
    "nnodes": 4,
    "ranks": "[0-3]",
    "nodelist": "flux-sample-[4-7]",
    "success": true,
    "exception_occurred": false,
    "result": "COMPLETED",
    "expiration": 4837798133.0,
    "waitstatus": 0,
    "returncode": 0,
    "runtime": 0.20128655433654785,
    "exception": {
        "occurred": false,
        "severity": "",
        "type": "",
        "note": ""
    }
}