{
    "id": 2990052212736,
    "userid": 1234,
    "urgency": 16,
    "priority": 16,
    "t_submit": 1684198129.6920736,
    "t_depend": 1684198129.704053,
    "t_run": 1684198129.719825,
    "t_cleanup": 1684198129.9208653,
    "t_inactive": 1684198129.9232643,
    "state": "INACTIVE",
    "name": "ring_mpifh",
    "ntasks": 224,
    "ncores": 224,
    "duration": 0.0,
    "nnodes": 4,
    "ranks": "[0-3]",
    "nodelist": "flux-sample-[4-7]",
    "success": true,
    "exception_occurred": false,
    "result": "COMPLETED",
    "expiration": 4837798129.0,
    "waitstatus": 0,
    "returncode": 0,
    "runtime": 0.20104026794433594,
    "exception": {
        "occurred": false,
        "severity": "",
        "type": "",
        "note": ""
    }
}