{
    "id": 3063016325120,
    "userid": 1234,
    "urgency": 16,
    "priority": 16,
    "t_submit": 1684198134.0407977,
    "t_depend": 1684198134.052752,
    "t_run": 1684198134.0684755,
    "t_cleanup": 1684198134.268676,
    "t_inactive": 1684198134.2708802,
    "state": "INACTIVE",
    "name": "ring_mpifh",
    "ntasks": 224,
    "ncores": 224,
    "duration": 0.0,
    "nnodes": 4,
    "ranks": "[0-3]",
    "nodelist": "flux-sample-[4-7]",
    "success": true,
    "exception_occurred": false,
    "result": "COMPLETED",
    "expiration": 4837798134.0,
    "waitstatus": 0,
    "returncode": 0,
    "runtime": 0.20020055770874023,
    "exception": {
        "occurred": false,
        "severity": "",
        "type": "",
        "note": ""
    }
}