{
    "id": 3029109571584,
    "userid": 1234,
    "urgency": 16,
    "priority": 16,
    "t_submit": 1684198132.0197542,
    "t_depend": 1684198132.0316775,
    "t_run": 1684198132.0473711,
    "t_cleanup": 1684198132.2676532,
    "t_inactive": 1684198132.2699099,
    "state": "INACTIVE",
    "name": "ring_mpifh",
    "ntasks": 224,
    "ncores": 224,
    "duration": 0.0,
    "nnodes": 4,
    "ranks": "[0-3]",
    "nodelist": "flux-sample-[4-7]",
    "success": true,
    "exception_occurred": false,
    "result": "COMPLETED",
    "expiration": 4837798132.0,
    "waitstatus": 0,
    "returncode": 0,
    "runtime": 0.22028207778930664,
    "exception": {
        "occurred": false,
        "severity": "",
        "type": "",
        "note": ""
    }
}