{
    "id": 3006745542656,
    "userid": 1234,
    "urgency": 16,
    "priority": 16,
    "t_submit": 1684198130.6866288,
    "t_depend": 1684198130.6985176,
    "t_run": 1684198130.7144663,
    "t_cleanup": 1684198130.923458,
    "t_inactive": 1684198130.9260247,
    "state": "INACTIVE",
    "name": "ring_mpifh",
    "ntasks": 224,
    "ncores": 224,
    "duration": 0.0,
    "nnodes": 4,
    "ranks": "[0-3]",
    "nodelist": "flux-sample-[4-7]",
    "success": true,
    "exception_occurred": false,
    "result": "COMPLETED",
    "expiration": 4837798130.0,
    "waitstatus": 0,
    "returncode": 0,
    "runtime": 0.20899176597595215,
    "exception": {
        "occurred": false,
        "severity": "",
        "type": "",
        "note": ""
    }
}