{
    "id": 3074290614272,
    "userid": 1234,
    "urgency": 16,
    "priority": 16,
    "t_submit": 1684198134.7135327,
    "t_depend": 1684198134.7254725,
    "t_run": 1684198134.7411976,
    "t_cleanup": 1684198134.9336824,
    "t_inactive": 1684198134.936128,
    "state": "INACTIVE",
    "name": "ring_mpifh",
    "ntasks": 224,
    "ncores": 224,
    "duration": 0.0,
    "nnodes": 4,
    "ranks": "[0-3]",
    "nodelist": "flux-sample-[4-7]",
    "success": true,
    "exception_occurred": false,
    "result": "COMPLETED",
    "expiration": 4837798134.0,
    "waitstatus": 0,
    "returncode": 0,
    "runtime": 0.19248485565185547,
    "exception": {
        "occurred": false,
        "severity": "",
        "type": "",
        "note": ""
    }
}