{
    "id": 1587627950080,
    "userid": 1234,
    "urgency": 16,
    "priority": 16,
    "t_submit": 1684197606.2091897,
    "t_depend": 1684197606.2208893,
    "t_run": 1684197606.2350867,
    "t_cleanup": 1684197606.6251326,
    "t_inactive": 1684197606.627302,
    "state": "INACTIVE",
    "name": "hello_usempi",
    "ntasks": 112,
    "ncores": 112,
    "duration": 0.0,
    "nnodes": 2,
    "ranks": "[0-1]",
    "nodelist": "flux-sample-[0-1]",
    "success": true,
    "exception_occurred": false,
    "result": "COMPLETED",
    "expiration": 4837797606.0,
    "waitstatus": 0,
    "returncode": 0,
    "runtime": 0.3900458812713623,
    "exception": {
        "occurred": false,
        "severity": "",
        "type": "",
        "note": ""
    }
}