{
    "id": 1674215161856,
    "userid": 1234,
    "urgency": 16,
    "priority": 16,
    "t_submit": 1684197611.3695116,
    "t_depend": 1684197611.3812425,
    "t_run": 1684197611.3954325,
    "t_cleanup": 1684197611.7618155,
    "t_inactive": 1684197611.7664196,
    "state": "INACTIVE",
    "name": "hello_usempi",
    "ntasks": 112,
    "ncores": 112,
    "duration": 0.0,
    "nnodes": 2,
    "ranks": "[0-1]",
    "nodelist": "flux-sample-[0-1]",
    "success": true,
    "exception_occurred": false,
    "result": "COMPLETED",
    "expiration": 4837797611.0,
    "waitstatus": 0,
    "returncode": 0,
    "runtime": 0.36638307571411133,
    "exception": {
        "occurred": false,
        "severity": "",
        "type": "",
        "note": ""
    }
}