{
    "id": 1691344699392,
    "userid": 1234,
    "urgency": 16,
    "priority": 16,
    "t_submit": 1684197612.3906767,
    "t_depend": 1684197612.4024975,
    "t_run": 1684197612.4168813,
    "t_cleanup": 1684197612.789208,
    "t_inactive": 1684197612.7913578,
    "state": "INACTIVE",
    "name": "hello_usempi",
    "ntasks": 112,
    "ncores": 112,
    "duration": 0.0,
    "nnodes": 2,
    "ranks": "[0-1]",
    "nodelist": "flux-sample-[0-1]",
    "success": true,
    "exception_occurred": false,
    "result": "COMPLETED",
    "expiration": 4837797612.0,
    "waitstatus": 0,
    "returncode": 0,
    "runtime": 0.3723266124725342,
    "exception": {
        "occurred": false,
        "severity": "",
        "type": "",
        "note": ""
    }
}