{
    "id": 1604270948352,
    "userid": 1234,
    "urgency": 16,
    "priority": 16,
    "t_submit": 1684197607.2006714,
    "t_depend": 1684197607.2122393,
    "t_run": 1684197607.2265284,
    "t_cleanup": 1684197607.5983891,
    "t_inactive": 1684197607.6010964,
    "state": "INACTIVE",
    "name": "hello_usempi",
    "ntasks": 112,
    "ncores": 112,
    "duration": 0.0,
    "nnodes": 2,
    "ranks": "[0-1]",
    "nodelist": "flux-sample-[0-1]",
    "success": true,
    "exception_occurred": false,
    "result": "COMPLETED",
    "expiration": 4837797607.0,
    "waitstatus": 0,
    "returncode": 0,
    "runtime": 0.3718607425689697,
    "exception": {
        "occurred": false,
        "severity": "",
        "type": "",
        "note": ""
    }
}