{
    "id": 1552697786368,
    "userid": 1234,
    "urgency": 16,
    "priority": 16,
    "t_submit": 1684197604.1273692,
    "t_depend": 1684197604.139023,
    "t_run": 1684197604.1536338,
    "t_cleanup": 1684197604.5795515,
    "t_inactive": 1684197604.5816102,
    "state": "INACTIVE",
    "name": "hello_usempi",
    "ntasks": 112,
    "ncores": 112,
    "duration": 0.0,
    "nnodes": 2,
    "ranks": "[0-1]",
    "nodelist": "flux-sample-[0-1]",
    "success": true,
    "exception_occurred": false,
    "result": "COMPLETED",
    "expiration": 4837797604.0,
    "waitstatus": 0,
    "returncode": 0,
    "runtime": 0.4259176254272461,
    "exception": {
        "occurred": false,
        "severity": "",
        "type": "",
        "note": ""
    }
}