{
    "id": 1562059472896,
    "userid": 1234,
    "urgency": 16,
    "priority": 16,
    "t_submit": 1684197604.6850197,
    "t_depend": 1684197604.6966991,
    "t_run": 1684197604.7113261,
    "t_cleanup": 1684197605.1054928,
    "t_inactive": 1684197605.1075134,
    "state": "INACTIVE",
    "name": "hello_usempi",
    "ntasks": 112,
    "ncores": 112,
    "duration": 0.0,
    "nnodes": 2,
    "ranks": "[0-1]",
    "nodelist": "flux-sample-[0-1]",
    "success": true,
    "exception_occurred": false,
    "result": "COMPLETED",
    "expiration": 4837797604.0,
    "waitstatus": 0,
    "returncode": 0,
    "runtime": 0.3941667079925537,
    "exception": {
        "occurred": false,
        "severity": "",
        "type": "",
        "note": ""
    }
}