{
    "id": 1535618580480,
    "userid": 1234,
    "urgency": 16,
    "priority": 16,
    "t_submit": 1684197603.1085036,
    "t_depend": 1684197603.120294,
    "t_run": 1684197603.13489,
    "t_cleanup": 1684197603.484467,
    "t_inactive": 1684197603.4867058,
    "state": "INACTIVE",
    "name": "hello_usempi",
    "ntasks": 112,
    "ncores": 112,
    "duration": 0.0,
    "nnodes": 2,
    "ranks": "[0-1]",
    "nodelist": "flux-sample-[0-1]",
    "success": true,
    "exception_occurred": false,
    "result": "COMPLETED",
    "expiration": 4837797603.0,
    "waitstatus": 0,
    "returncode": 0,
    "runtime": 0.3495769500732422,
    "exception": {
        "occurred": false,
        "severity": "",
        "type": "",
        "note": ""
    }
}