{
    "id": 1665222574080,
    "userid": 1234,
    "urgency": 16,
    "priority": 16,
    "t_submit": 1684197610.8343172,
    "t_depend": 1684197610.8460605,
    "t_run": 1684197610.8604965,
    "t_cleanup": 1684197611.2597752,
    "t_inactive": 1684197611.2615805,
    "state": "INACTIVE",
    "name": "hello_usempi",
    "ntasks": 112,
    "ncores": 112,
    "duration": 0.0,
    "nnodes": 2,
    "ranks": "[0-1]",
    "nodelist": "flux-sample-[0-1]",
    "success": true,
    "exception_occurred": false,
    "result": "COMPLETED",
    "expiration": 4837797610.0,
    "waitstatus": 0,
    "returncode": 0,
    "runtime": 0.3992786407470703,
    "exception": {
        "occurred": false,
        "severity": "",
        "type": "",
        "note": ""
    }
}