{
    "id": 1570917842944,
    "userid": 1234,
    "urgency": 16,
    "priority": 16,
    "t_submit": 1684197605.2132502,
    "t_depend": 1684197605.2250633,
    "t_run": 1684197605.239434,
    "t_cleanup": 1684197605.617665,
    "t_inactive": 1684197605.620479,
    "state": "INACTIVE",
    "name": "hello_usempi",
    "ntasks": 112,
    "ncores": 112,
    "duration": 0.0,
    "nnodes": 2,
    "ranks": "[0-1]",
    "nodelist": "flux-sample-[0-1]",
    "success": true,
    "exception_occurred": false,
    "result": "COMPLETED",
    "expiration": 4837797605.0,
    "waitstatus": 0,
    "returncode": 0,
    "runtime": 0.3782310485839844,
    "exception": {
        "occurred": false,
        "severity": "",
        "type": "",
        "note": ""
    }
}