{
    "id": 1656229986304,
    "userid": 1234,
    "urgency": 16,
    "priority": 16,
    "t_submit": 1684197610.2974727,
    "t_depend": 1684197610.3093488,
    "t_run": 1684197610.3236487,
    "t_cleanup": 1684197610.7246468,
    "t_inactive": 1684197610.7266126,
    "state": "INACTIVE",
    "name": "hello_usempi",
    "ntasks": 112,
    "ncores": 112,
    "duration": 0.0,
    "nnodes": 2,
    "ranks": "[0-1]",
    "nodelist": "flux-sample-[0-1]",
    "success": true,
    "exception_occurred": false,
    "result": "COMPLETED",
    "expiration": 4837797610.0,
    "waitstatus": 0,
    "returncode": 0,
    "runtime": 0.4009981155395508,
    "exception": {
        "occurred": false,
        "severity": "",
        "type": "",
        "note": ""
    }
}