{
    "id": 1699800416256,
    "userid": 1234,
    "urgency": 16,
    "priority": 16,
    "t_submit": 1684197612.894745,
    "t_depend": 1684197612.9063356,
    "t_run": 1684197612.921154,
    "t_cleanup": 1684197613.3342218,
    "t_inactive": 1684197613.3363032,
    "state": "INACTIVE",
    "name": "hello_usempi",
    "ntasks": 112,
    "ncores": 112,
    "duration": 0.0,
    "nnodes": 2,
    "ranks": "[0-1]",
    "nodelist": "flux-sample-[0-1]",
    "success": true,
    "exception_occurred": false,
    "result": "COMPLETED",
    "expiration": 4837797612.0,
    "waitstatus": 0,
    "returncode": 0,
    "runtime": 0.4130678176879883,
    "exception": {
        "occurred": false,
        "severity": "",
        "type": "",
        "note": ""
    }
}