{
    "id": 1543705198592,
    "userid": 1234,
    "urgency": 16,
    "priority": 16,
    "t_submit": 1684197603.5913095,
    "t_depend": 1684197603.6039603,
    "t_run": 1684197603.6189423,
    "t_cleanup": 1684197604.0216296,
    "t_inactive": 1684197604.0235136,
    "state": "INACTIVE",
    "name": "hello_usempi",
    "ntasks": 112,
    "ncores": 112,
    "duration": 0.0,
    "nnodes": 2,
    "ranks": "[0-1]",
    "nodelist": "flux-sample-[0-1]",
    "success": true,
    "exception_occurred": false,
    "result": "COMPLETED",
    "expiration": 4837797603.0,
    "waitstatus": 0,
    "returncode": 0,
    "runtime": 0.40268731117248535,
    "exception": {
        "occurred": false,
        "severity": "",
        "type": "",
        "note": ""
    }
}