{
    "id": 1630107860992,
    "userid": 1234,
    "urgency": 16,
    "priority": 16,
    "t_submit": 1684197608.7407079,
    "t_depend": 1684197608.7522647,
    "t_run": 1684197608.7665246,
    "t_cleanup": 1684197609.1889548,
    "t_inactive": 1684197609.1907072,
    "state": "INACTIVE",
    "name": "hello_usempi",
    "ntasks": 112,
    "ncores": 112,
    "duration": 0.0,
    "nnodes": 2,
    "ranks": "[0-1]",
    "nodelist": "flux-sample-[0-1]",
    "success": true,
    "exception_occurred": false,
    "result": "COMPLETED",
    "expiration": 4837797608.0,
    "waitstatus": 0,
    "returncode": 0,
    "runtime": 0.42243027687072754,
    "exception": {
        "occurred": false,
        "severity": "",
        "type": "",
        "note": ""
    }
}