{
    "id": 1579474223104,
    "userid": 1234,
    "urgency": 16,
    "priority": 16,
    "t_submit": 1684197605.722614,
    "t_depend": 1684197605.7341595,
    "t_run": 1684197605.7488043,
    "t_cleanup": 1684197606.1037874,
    "t_inactive": 1684197606.1057613,
    "state": "INACTIVE",
    "name": "hello_usempi",
    "ntasks": 112,
    "ncores": 112,
    "duration": 0.0,
    "nnodes": 2,
    "ranks": "[0-1]",
    "nodelist": "flux-sample-[0-1]",
    "success": true,
    "exception_occurred": false,
    "result": "COMPLETED",
    "expiration": 4837797605.0,
    "waitstatus": 0,
    "returncode": 0,
    "runtime": 0.3549830913543701,
    "exception": {
        "occurred": false,
        "severity": "",
        "type": "",
        "note": ""
    }
}