{
    "id": 1612693110784,
    "userid": 1234,
    "urgency": 16,
    "priority": 16,
    "t_submit": 1684197607.7032456,
    "t_depend": 1684197607.7147546,
    "t_run": 1684197607.7292762,
    "t_cleanup": 1684197608.1037054,
    "t_inactive": 1684197608.1056771,
    "state": "INACTIVE",
    "name": "hello_usempi",
    "ntasks": 112,
    "ncores": 112,
    "duration": 0.0,
    "nnodes": 2,
    "ranks": "[0-1]",
    "nodelist": "flux-sample-[0-1]",
    "success": true,
    "exception_occurred": false,
    "result": "COMPLETED",
    "expiration": 4837797607.0,
    "waitstatus": 0,
    "returncode": 0,
    "runtime": 0.37442922592163086,
    "exception": {
        "occurred": false,
        "severity": "",
        "type": "",
        "note": ""
    }
}