{
    "id": 1647304507392,
    "userid": 1234,
    "urgency": 16,
    "priority": 16,
    "t_submit": 1684197609.7657206,
    "t_depend": 1684197609.777299,
    "t_run": 1684197609.7920806,
    "t_cleanup": 1684197610.1912422,
    "t_inactive": 1684197610.1931105,
    "state": "INACTIVE",
    "name": "hello_usempi",
    "ntasks": 112,
    "ncores": 112,
    "duration": 0.0,
    "nnodes": 2,
    "ranks": "[0-1]",
    "nodelist": "flux-sample-[0-1]",
    "success": true,
    "exception_occurred": false,
    "result": "COMPLETED",
    "expiration": 4837797609.0,
    "waitstatus": 0,
    "returncode": 0,
    "runtime": 0.39916157722473145,
    "exception": {
        "occurred": false,
        "severity": "",
        "type": "",
        "note": ""
    }
}