{
    "/home/vanessa/Desktop/Code/flux/google-experiments/lammps/data/n1-standard-2-6/lmp/log.out": {
        "x": 3,
        "y": 1,
        "z": 2,
        "atoms": 304,
        "velocities": 304,
        "read_data_cpu_seconds": 0.011,
        "bounding_box_extra_memory_mb": 0.03,
        "replicate_cpu_seconds": 0.006,
        "steps": ",Step,Temp,PotEng,Press,E_vdwl,E_coul,Volume\n0,0.0,300.0,-113.27833,437.52118,-111.57687,-1.7014647,27418.867\n1,10.0,299.38517,-113.27631,1439.2508,-111.57492,-1.7013814,27418.867\n2,20.0,300.27108,-113.27884,3764.3475,-111.57762,-1.7012246,27418.867\n3,30.0,302.21063,-113.28428,7007.6949,-111.58335,-1.7009363,27418.867\n4,40.0,303.52264,-113.28799,9844.7951,-111.58747,-1.7005187,27418.867\n5,50.0,301.8706,-113.28324,9663.0403,-111.58318,-1.7000524,27418.867\n6,60.0,296.67807,-113.26777,7273.8422,-111.56815,-1.6996136,27418.867\n7,70.0,292.2,-113.25435,5533.6381,-111.55514,-1.6992157,27418.867\n8,80.0,293.58678,-113.25831,5993.3992,-111.55946,-1.6988534,27418.867\n9,90.0,300.62636,-113.27925,7202.8561,-111.58069,-1.6985592,27418.867\n10,100.0,305.38277,-113.29357,10085.772,-111.59518,-1.6983875,27418.867\n",
        "loop_time": 15.3622,
        "loop_procs": 6,
        "loop_atoms": 2432,
        "performance_ns_per_day": 0.056,
        "performance_hours_per_ns": 426.728,
        "timesteps_per_second": 6.509,
        "ranks": 6,
        "threads": 1,
        "percentage_cpu": 70.1,
        "times": ",min time,avg time,max time,%varavg,%total\nPair,4.9506,6.6963,9.0488,61.2,43.59\nNeigh,0.2033,0.23965,0.28161,6.1,1.56\nComm,0.34815,2.6927,4.4327,96.3,17.53\nOutput,0.013374,0.014127,0.014836,0.4,0.09\nModify,5.6716,5.7167,5.7583,1.3,37.21\nOther,,0.002678,,,0.02\n",
        "nghost_avg": "4910.17",
        "nghost_min": "4799",
        "nghost_max": "4980",
        "nghost_hist": [
            2,
            0,
            0,
            0,
            0,
            0,
            0,
            0,
            2,
            2
        ],
        "neighs_avg": "160018.0",
        "neighs_min": "152476",
        "neighs_max": "164668",
        "neighs_hist": [
            1,
            1,
            0,
            0,
            0,
            0,
            0,
            1,
            0,
            3
        ],
        "neighbors": 960110,
        "average_neighbors_per_atom": 394.78207,
        "neighbor_list_builds": 5,
        "total_wall_time": "0:00:15"
    },
    "/home/vanessa/Desktop/Code/flux/google-experiments/lammps/data/n1-standard-2-2/lmp/log.out": {
        "x": 2,
        "y": 1,
        "z": 1,
        "atoms": 304,
        "velocities": 304,
        "read_data_cpu_seconds": 0.004,
        "bounding_box_extra_memory_mb": 0.03,
        "replicate_cpu_seconds": 0.002,
        "steps": ",Step,Temp,PotEng,Press,E_vdwl,E_coul,Volume\n0,0.0,300.0,-113.27833,437.52118,-111.57687,-1.7014647,27418.867\n1,10.0,299.38517,-113.27631,1439.2824,-111.57492,-1.7013813,27418.867\n2,20.0,300.27107,-113.27884,3764.342,-111.57762,-1.7012247,27418.867\n3,30.0,302.21063,-113.28428,7007.6629,-111.58335,-1.7009363,27418.867\n4,40.0,303.52265,-113.28799,9844.8245,-111.58747,-1.7005186,27418.867\n5,50.0,301.87059,-113.28324,9663.0973,-111.58318,-1.7000523,27418.867\n6,60.0,296.67807,-113.26777,7273.8119,-111.56815,-1.6996137,27418.867\n7,70.0,292.19999,-113.25435,5533.5522,-111.55514,-1.6992158,27418.867\n8,80.0,293.58677,-113.25831,5993.4438,-111.55946,-1.6988533,27418.867\n9,90.0,300.62635,-113.27925,7202.8369,-111.58069,-1.6985592,27418.867\n10,100.0,305.38276,-113.29357,10085.805,-111.59518,-1.6983874,27418.867\n",
        "loop_time": 19.1428,
        "loop_procs": 2,
        "loop_atoms": 2432,
        "performance_ns_per_day": 0.045,
        "performance_hours_per_ns": 531.746,
        "timesteps_per_second": 5.224,
        "ranks": 2,
        "threads": 1,
        "percentage_cpu": 91.5,
        "times": ",min time,avg time,max time,%varavg,%total\nPair,11.991,12.692,13.392,19.7,66.30\nNeigh,0.37995,0.38265,0.38535,0.4,2.00\nComm,0.20928,0.90928,1.6093,73.4,4.75\nOutput,0.0047469,0.005026,0.005305,0.4,0.03\nModify,5.1492,5.1524,5.1557,0.1,26.92\nOther,,0.001886,,,0.01\n",
        "nghost_avg": "7591.50",
        "nghost_min": "7586",
        "nghost_max": "7597",
        "nghost_hist": [
            1,
            0,
            0,
            0,
            0,
            0,
            0,
            0,
            0,
            1
        ],
        "neighs_avg": "432912.0",
        "neighs_min": "432882",
        "neighs_max": "432942",
        "neighs_hist": [
            1,
            0,
            0,
            0,
            0,
            0,
            0,
            0,
            0,
            1
        ],
        "neighbors": 865824,
        "average_neighbors_per_atom": 356.01316,
        "neighbor_list_builds": 5,
        "total_wall_time": "0:00:19"
    },
    "/home/vanessa/Desktop/Code/flux/google-experiments/lammps/data/n1-standard-1-4/lmp/log.out": {
        "x": 2,
        "y": 1,
        "z": 2,
        "atoms": 304,
        "velocities": 304,
        "read_data_cpu_seconds": 0.068,
        "bounding_box_extra_memory_mb": 0.03,
        "replicate_cpu_seconds": 0.003,
        "steps": ",Step,Temp,PotEng,Press,E_vdwl,E_coul,Volume\n0,0.0,300.0,-113.27833,437.52118,-111.57687,-1.7014647,27418.867\n1,10.0,299.38517,-113.27631,1439.2449,-111.57492,-1.7013814,27418.867\n2,20.0,300.27106,-113.27884,3764.3565,-111.57762,-1.7012246,27418.867\n3,30.0,302.21063,-113.28428,7007.709,-111.58335,-1.7009363,27418.867\n4,40.0,303.52265,-113.28799,9844.8297,-111.58747,-1.7005186,27418.867\n5,50.0,301.87059,-113.28324,9663.0567,-111.58318,-1.7000523,27418.867\n6,60.0,296.67806,-113.26777,7273.8146,-111.56815,-1.6996137,27418.867\n7,70.0,292.19998,-113.25435,5533.6324,-111.55514,-1.6992157,27418.867\n8,80.0,293.58677,-113.25831,5993.3848,-111.55946,-1.6988534,27418.867\n9,90.0,300.62636,-113.27925,7202.8542,-111.58069,-1.6985592,27418.867\n10,100.0,305.38275,-113.29357,10085.75,-111.59518,-1.6983875,27418.867\n",
        "loop_time": 16.0579,
        "loop_procs": 4,
        "loop_atoms": 2432,
        "performance_ns_per_day": 0.054,
        "performance_hours_per_ns": 446.052,
        "timesteps_per_second": 6.227,
        "ranks": 4,
        "threads": 1,
        "percentage_cpu": 71.9,
        "times": ",min time,avg time,max time,%varavg,%total\nPair,7.2828,7.9466,9.0392,24.6,49.49\nNeigh,0.25839,0.28155,0.33826,6.2,1.75\nComm,0.69466,1.7796,2.435,51.5,11.08\nOutput,0.0086941,0.0098109,0.010908,1.0,0.06\nModify,5.9875,6.038,6.0586,1.2,37.60\nOther,,0.002389,,,0.01\n",
        "nghost_avg": "5737.25",
        "nghost_min": "5732",
        "nghost_max": "5744",
        "nghost_hist": [
            1,
            0,
            1,
            0,
            0,
            1,
            0,
            0,
            0,
            1
        ],
        "neighs_avg": "231539.0",
        "neighs_min": "229970",
        "neighs_max": "233090",
        "neighs_hist": [
            1,
            0,
            0,
            0,
            1,
            1,
            0,
            0,
            0,
            1
        ],
        "neighbors": 926155,
        "average_neighbors_per_atom": 380.82031,
        "neighbor_list_builds": 5,
        "total_wall_time": "0:00:16"
    },
    "/home/vanessa/Desktop/Code/flux/google-experiments/lammps/data/n1-standard-1-2/lmp/log.out": {
        "x": 2,
        "y": 1,
        "z": 1,
        "atoms": 304,
        "velocities": 304,
        "read_data_cpu_seconds": 0.01,
        "bounding_box_extra_memory_mb": 0.03,
        "replicate_cpu_seconds": 0.002,