{
    "id": 2082723594240,
    "userid": 1234,
    "urgency": 16,
    "priority": 16,
    "t_submit": 1684197348.5141468,
    "t_depend": 1684197348.5257363,
    "t_run": 1684197348.5409234,
    "t_cleanup": 1684197349.0094998,
    "t_inactive": 1684197349.0110579,
    "state": "INACTIVE",
    "name": "hello_cxx",
    "ntasks": 392,
    "ncores": 392,
    "duration": 0.0,
    "nnodes": 7,
    "ranks": "[0-6]",
    "nodelist": "flux-sample-[1-7]",
    "success": true,
    "exception_occurred": false,
    "result": "COMPLETED",
    "expiration": 4837797348.0,
    "waitstatus": 0,
    "returncode": 0,
    "runtime": 0.46857643127441406,
    "exception": {
        "occurred": false,
        "severity": "",
        "type": "",
        "note": ""
    }
}