{
    "id": 2103107911680,
    "userid": 1234,
    "urgency": 16,
    "priority": 16,
    "t_submit": 1684197349.728833,
    "t_depend": 1684197349.7401853,
    "t_run": 1684197349.7548044,
    "t_cleanup": 1684197350.2114708,
    "t_inactive": 1684197350.2131362,
    "state": "INACTIVE",
    "name": "hello_cxx",
    "ntasks": 392,
    "ncores": 392,
    "duration": 0.0,
    "nnodes": 7,
    "ranks": "[0-6]",
    "nodelist": "flux-sample-[1-7]",
    "success": true,
    "exception_occurred": false,
    "result": "COMPLETED",
    "expiration": 4837797349.0,
    "waitstatus": 0,
    "returncode": 0,
    "runtime": 0.4566664695739746,
    "exception": {
        "occurred": false,
        "severity": "",
        "type": "",
        "note": ""
    }
}