{
    "id": 2123190239232,
    "userid": 1234,
    "urgency": 16,
    "priority": 16,
    "t_submit": 1684197350.9261148,
    "t_depend": 1684197350.9375677,
    "t_run": 1684197350.9524016,
    "t_cleanup": 1684197351.4270558,
    "t_inactive": 1684197351.4285731,
    "state": "INACTIVE",
    "name": "hello_cxx",
    "ntasks": 392,
    "ncores": 392,
    "duration": 0.0,
    "nnodes": 7,
    "ranks": "[0-6]",
    "nodelist": "flux-sample-[1-7]",
    "success": true,
    "exception_occurred": false,
    "result": "COMPLETED",
    "expiration": 4837797350.0,
    "waitstatus": 0,
    "returncode": 0,
    "runtime": 0.4746541976928711,
    "exception": {
        "occurred": false,
        "severity": "",
        "type": "",
        "note": ""
    }
}