{
    "id": 2184980725760,
    "userid": 1234,
    "urgency": 16,
    "priority": 16,
    "t_submit": 1684197354.6092916,
    "t_depend": 1684197354.6206543,
    "t_run": 1684197354.6356623,
    "t_cleanup": 1684197355.1226974,
    "t_inactive": 1684197355.1245322,
    "state": "INACTIVE",
    "name": "hello_cxx",
    "ntasks": 392,
    "ncores": 392,
    "duration": 0.0,
    "nnodes": 7,
    "ranks": "[0-6]",
    "nodelist": "flux-sample-[1-7]",
    "success": true,
    "exception_occurred": false,
    "result": "COMPLETED",
    "expiration": 4837797354.0,
    "waitstatus": 0,
    "returncode": 0,
    "runtime": 0.48703503608703613,
    "exception": {
        "occurred": false,
        "severity": "",
        "type": "",
        "note": ""
    }
}