{
    "id": 2165099724800,
    "userid": 1234,
    "urgency": 16,
    "priority": 16,
    "t_submit": 1684197353.424205,
    "t_depend": 1684197353.435879,
    "t_run": 1684197353.4509265,
    "t_cleanup": 1684197353.9243946,
    "t_inactive": 1684197353.9259439,
    "state": "INACTIVE",
    "name": "hello_cxx",
    "ntasks": 392,
    "ncores": 392,
    "duration": 0.0,
    "nnodes": 7,
    "ranks": "[0-6]",
    "nodelist": "flux-sample-[1-7]",
    "success": true,
    "exception_occurred": false,
    "result": "COMPLETED",
    "expiration": 4837797353.0,
    "waitstatus": 0,
    "returncode": 0,
    "runtime": 0.4734680652618408,
    "exception": {
        "occurred": false,
        "severity": "",
        "type": "",
        "note": ""
    }
}