{
    "id": 2195365822464,
    "userid": 1234,
    "urgency": 16,
    "priority": 16,
    "t_submit": 1684197355.2277222,
    "t_depend": 1684197355.2392645,
    "t_run": 1684197355.2544994,
    "t_cleanup": 1684197355.7447913,
    "t_inactive": 1684197355.7466452,
    "state": "INACTIVE",
    "name": "hello_cxx",
    "ntasks": 392,
    "ncores": 392,
    "duration": 0.0,
    "nnodes": 7,
    "ranks": "[0-6]",
    "nodelist": "flux-sample-[1-7]",
    "success": true,
    "exception_occurred": false,
    "result": "COMPLETED",
    "expiration": 4837797355.0,
    "waitstatus": 0,
    "returncode": 0,
    "runtime": 0.4902918338775635,
    "exception": {
        "occurred": false,
        "severity": "",
        "type": "",
        "note": ""
    }
}