{
    "id": 2133374009344,
    "userid": 1234,
    "urgency": 16,
    "priority": 16,
    "t_submit": 1684197351.5328906,
    "t_depend": 1684197351.5442357,
    "t_run": 1684197351.5592291,
    "t_cleanup": 1684197352.0714817,
    "t_inactive": 1684197352.0732338,
    "state": "INACTIVE",
    "name": "hello_cxx",
    "ntasks": 392,
    "ncores": 392,
    "duration": 0.0,
    "nnodes": 7,
    "ranks": "[0-6]",
    "nodelist": "flux-sample-[1-7]",
    "success": true,
    "exception_occurred": false,
    "result": "COMPLETED",
    "expiration": 4837797351.0,
    "waitstatus": 0,
    "returncode": 0,
    "runtime": 0.5122525691986084,
    "exception": {
        "occurred": false,
        "severity": "",
        "type": "",
        "note": ""
    }
}