{
    "id": 2205801250816,
    "userid": 1234,
    "urgency": 16,
    "priority": 16,
    "t_submit": 1684197355.849894,
    "t_depend": 1684197355.8614445,
    "t_run": 1684197355.8765385,
    "t_cleanup": 1684197356.3765652,
    "t_inactive": 1684197356.3783941,
    "state": "INACTIVE",
    "name": "hello_cxx",
    "ntasks": 392,
    "ncores": 392,
    "duration": 0.0,
    "nnodes": 7,
    "ranks": "[0-6]",
    "nodelist": "flux-sample-[1-7]",
    "success": true,
    "exception_occurred": false,
    "result": "COMPLETED",
    "expiration": 4837797355.0,
    "waitstatus": 0,
    "returncode": 0,
    "runtime": 0.5000267028808594,
    "exception": {
        "occurred": false,
        "severity": "",
        "type": "",
        "note": ""
    }
}