{
    "id": 2049806696448,
    "userid": 1234,
    "urgency": 16,
    "priority": 16,
    "t_submit": 1684197346.5517538,
    "t_depend": 1684197346.5633457,
    "t_run": 1684197346.5788143,
    "t_cleanup": 1684197347.0992818,
    "t_inactive": 1684197347.100882,
    "state": "INACTIVE",
    "name": "hello_cxx",
    "ntasks": 392,
    "ncores": 392,
    "duration": 0.0,
    "nnodes": 7,
    "ranks": "[0-6]",
    "nodelist": "flux-sample-[1-7]",
    "success": true,
    "exception_occurred": false,
    "result": "COMPLETED",
    "expiration": 4837797346.0,
    "waitstatus": 0,
    "returncode": 0,
    "runtime": 0.5204675197601318,
    "exception": {
        "occurred": false,
        "severity": "",
        "type": "",
        "note": ""
    }
}