{
    "id": 2144178536448,
    "userid": 1234,
    "urgency": 16,
    "priority": 16,
    "t_submit": 1684197352.1768637,
    "t_depend": 1684197352.1883097,
    "t_run": 1684197352.203573,
    "t_cleanup": 1684197352.7167213,
    "t_inactive": 1684197352.720262,
    "state": "INACTIVE",
    "name": "hello_cxx",
    "ntasks": 392,
    "ncores": 392,
    "duration": 0.0,
    "nnodes": 7,
    "ranks": "[0-6]",
    "nodelist": "flux-sample-[1-7]",
    "success": true,
    "exception_occurred": false,
    "result": "COMPLETED",
    "expiration": 4837797352.0,
    "waitstatus": 0,
    "returncode": 0,
    "runtime": 0.513148307800293,
    "exception": {
        "occurred": false,
        "severity": "",
        "type": "",
        "note": ""
    }
}