{
    "id": 2001119215616,
    "userid": 1234,
    "urgency": 16,
    "priority": 16,
    "t_submit": 1684197630.8551605,
    "t_depend": 1684197630.8670676,
    "t_run": 1684197630.8818946,
    "t_cleanup": 1684197631.49271,
    "t_inactive": 1684197631.494794,
    "state": "INACTIVE",
    "name": "ring_c",
    "ntasks": 112,
    "ncores": 112,
    "duration": 0.0,
    "nnodes": 2,
    "ranks": "[0-1]",
    "nodelist": "flux-sample-[0-1]",
    "success": true,
    "exception_occurred": false,
    "result": "COMPLETED",
    "expiration": 4837797630.0,
    "waitstatus": 0,
    "returncode": 0,
    "runtime": 0.6108155250549316,
    "exception": {
        "occurred": false,
        "severity": "",
        "type": "",
        "note": ""
    }
}