{
    "id": 1846466838528,
    "userid": 1234,
    "urgency": 16,
    "priority": 16,
    "t_submit": 1684197621.6371956,
    "t_depend": 1684197621.650291,
    "t_run": 1684197621.664926,
    "t_cleanup": 1684197622.165991,
    "t_inactive": 1684197622.1680276,
    "state": "INACTIVE",
    "name": "ring_c",
    "ntasks": 112,
    "ncores": 112,
    "duration": 0.0,
    "nnodes": 2,
    "ranks": "[0-1]",
    "nodelist": "flux-sample-[0-1]",
    "success": true,
    "exception_occurred": false,
    "result": "COMPLETED",
    "expiration": 4837797621.0,
    "waitstatus": 0,
    "returncode": 0,
    "runtime": 0.5010650157928467,
    "exception": {
        "occurred": false,
        "severity": "",
        "type": "",
        "note": ""
    }
}