{
    "id": 1911444996096,
    "userid": 1234,
    "urgency": 16,
    "priority": 16,
    "t_submit": 1684197625.5103273,
    "t_depend": 1684197625.5221975,
    "t_run": 1684197625.5368297,
    "t_cleanup": 1684197626.092743,
    "t_inactive": 1684197626.0950396,
    "state": "INACTIVE",
    "name": "ring_c",
    "ntasks": 112,
    "ncores": 112,
    "duration": 0.0,
    "nnodes": 2,
    "ranks": "[0-1]",
    "nodelist": "flux-sample-[0-1]",
    "success": true,
    "exception_occurred": false,
    "result": "COMPLETED",
    "expiration": 4837797625.0,
    "waitstatus": 0,
    "returncode": 0,
    "runtime": 0.5559132099151611,
    "exception": {
        "occurred": false,
        "severity": "",
        "type": "",
        "note": ""
    }
}