{
    "id": 2025228075008,
    "userid": 1234,
    "urgency": 16,
    "priority": 16,
    "t_submit": 1684197632.2917588,
    "t_depend": 1684197632.3035538,
    "t_run": 1684197632.3188655,
    "t_cleanup": 1684197632.7996335,
    "t_inactive": 1684197632.8017905,
    "state": "INACTIVE",
    "name": "ring_c",
    "ntasks": 112,
    "ncores": 112,
    "duration": 0.0,
    "nnodes": 2,
    "ranks": "[0-1]",
    "nodelist": "flux-sample-[0-1]",
    "success": true,
    "exception_occurred": false,
    "result": "COMPLETED",
    "expiration": 4837797632.0,
    "waitstatus": 0,
    "returncode": 0,
    "runtime": 0.48076796531677246,
    "exception": {
        "occurred": false,
        "severity": "",
        "type": "",
        "note": ""
    }
}