{
    "id": 1965551517696,
    "userid": 1234,
    "urgency": 16,
    "priority": 16,
    "t_submit": 1684197628.7348063,
    "t_depend": 1684197628.7468374,
    "t_run": 1684197628.7618191,
    "t_cleanup": 1684197629.4491074,
    "t_inactive": 1684197629.451192,
    "state": "INACTIVE",
    "name": "ring_c",
    "ntasks": 112,
    "ncores": 112,
    "duration": 0.0,
    "nnodes": 2,
    "ranks": "[0-1]",
    "nodelist": "flux-sample-[0-1]",
    "success": true,
    "exception_occurred": false,
    "result": "COMPLETED",
    "expiration": 4837797628.0,
    "waitstatus": 0,
    "returncode": 0,
    "runtime": 0.6872882843017578,
    "exception": {
        "occurred": false,
        "severity": "",
        "type": "",
        "note": ""
    }
}