{
    "id": 1955317415936,
    "userid": 1234,
    "urgency": 16,
    "priority": 16,
    "t_submit": 1684197628.124533,
    "t_depend": 1684197628.1363502,
    "t_run": 1684197628.1515417,
    "t_cleanup": 1684197628.6270459,
    "t_inactive": 1684197628.6291988,
    "state": "INACTIVE",
    "name": "ring_c",
    "ntasks": 112,
    "ncores": 112,
    "duration": 0.0,
    "nnodes": 2,
    "ranks": "[0-1]",
    "nodelist": "flux-sample-[0-1]",
    "success": true,
    "exception_occurred": false,
    "result": "COMPLETED",
    "expiration": 4837797628.0,
    "waitstatus": 0,
    "returncode": 0,
    "runtime": 0.47550415992736816,
    "exception": {
        "occurred": false,
        "severity": "",
        "type": "",
        "note": ""
    }
}