{
    "id": 1867186700288,
    "userid": 1234,
    "urgency": 16,
    "priority": 16,
    "t_submit": 1684197622.8718112,
    "t_depend": 1684197622.8835082,
    "t_run": 1684197622.8988907,
    "t_cleanup": 1684197623.4954002,
    "t_inactive": 1684197623.4975653,
    "state": "INACTIVE",
    "name": "ring_c",
    "ntasks": 112,
    "ncores": 112,
    "duration": 0.0,
    "nnodes": 2,
    "ranks": "[0-1]",
    "nodelist": "flux-sample-[0-1]",
    "success": true,
    "exception_occurred": false,
    "result": "COMPLETED",
    "expiration": 4837797622.0,
    "waitstatus": 0,
    "returncode": 0,
    "runtime": 0.5965094566345215,
    "exception": {
        "occurred": false,
        "severity": "",
        "type": "",
        "note": ""
    }
}