{
    "id": 1834924113920,
    "userid": 1234,
    "urgency": 16,
    "priority": 16,
    "t_submit": 1684197620.948883,
    "t_depend": 1684197620.9605935,
    "t_run": 1684197620.9750986,
    "t_cleanup": 1684197621.5304167,
    "t_inactive": 1684197621.5324948,
    "state": "INACTIVE",
    "name": "ring_c",
    "ntasks": 112,
    "ncores": 112,
    "duration": 0.0,
    "nnodes": 2,
    "ranks": "[0-1]",
    "nodelist": "flux-sample-[0-1]",
    "success": true,
    "exception_occurred": false,
    "result": "COMPLETED",
    "expiration": 4837797620.0,
    "waitstatus": 0,
    "returncode": 0,
    "runtime": 0.5553181171417236,
    "exception": {
        "occurred": false,
        "severity": "",
        "type": "",
        "note": ""
    }
}