{
    "id": 1979308834816,
    "userid": 1234,
    "urgency": 16,
    "priority": 16,
    "t_submit": 1684197629.5553882,
    "t_depend": 1684197629.567153,
    "t_run": 1684197629.5822413,
    "t_cleanup": 1684197630.184383,
    "t_inactive": 1684197630.186625,
    "state": "INACTIVE",
    "name": "ring_c",
    "ntasks": 112,
    "ncores": 112,
    "duration": 0.0,
    "nnodes": 2,
    "ranks": "[0-1]",
    "nodelist": "flux-sample-[0-1]",
    "success": true,
    "exception_occurred": false,
    "result": "COMPLETED",
    "expiration": 4837797629.0,
    "waitstatus": 0,
    "returncode": 0,
    "runtime": 0.6021416187286377,
    "exception": {
        "occurred": false,
        "severity": "",
        "type": "",
        "note": ""
    }
}