{
    "id": 2035529285632,
    "userid": 1234,
    "urgency": 16,
    "priority": 16,
    "t_submit": 1684197632.9054663,
    "t_depend": 1684197632.9173822,
    "t_run": 1684197632.9323792,
    "t_cleanup": 1684197633.4103975,
    "t_inactive": 1684197633.412437,
    "state": "INACTIVE",
    "name": "ring_c",
    "ntasks": 112,
    "ncores": 112,
    "duration": 0.0,
    "nnodes": 2,
    "ranks": "[0-1]",
    "nodelist": "flux-sample-[0-1]",
    "success": true,
    "exception_occurred": false,
    "result": "COMPLETED",
    "expiration": 4837797632.0,
    "waitstatus": 0,
    "returncode": 0,
    "runtime": 0.47801828384399414,
    "exception": {
        "occurred": false,
        "severity": "",
        "type": "",
        "note": ""
    }
}