{
    "id": 1879450845184,
    "userid": 1234,
    "urgency": 16,
    "priority": 16,
    "t_submit": 1684197623.602599,
    "t_depend": 1684197623.615686,
    "t_run": 1684197623.6308403,
    "t_cleanup": 1684197624.0578723,
    "t_inactive": 1684197624.0600705,
    "state": "INACTIVE",
    "name": "ring_c",
    "ntasks": 112,
    "ncores": 112,
    "duration": 0.0,
    "nnodes": 2,
    "ranks": "[0-1]",
    "nodelist": "flux-sample-[0-1]",
    "success": true,
    "exception_occurred": false,
    "result": "COMPLETED",
    "expiration": 4837797623.0,
    "waitstatus": 0,
    "returncode": 0,
    "runtime": 0.4270319938659668,
    "exception": {
        "occurred": false,
        "severity": "",
        "type": "",
        "note": ""
    }
}