{
    "id": 1945167200256,
    "userid": 1234,
    "urgency": 16,
    "priority": 16,
    "t_submit": 1684197627.5198739,
    "t_depend": 1684197627.5318286,
    "t_run": 1684197627.546457,
    "t_cleanup": 1684197628.0176852,
    "t_inactive": 1684197628.0199413,
    "state": "INACTIVE",
    "name": "ring_c",
    "ntasks": 112,
    "ncores": 112,
    "duration": 0.0,
    "nnodes": 2,
    "ranks": "[0-1]",
    "nodelist": "flux-sample-[0-1]",
    "success": true,
    "exception_occurred": false,
    "result": "COMPLETED",
    "expiration": 4837797627.0,
    "waitstatus": 0,
    "returncode": 0,
    "runtime": 0.47122812271118164,
    "exception": {
        "occurred": false,
        "severity": "",
        "type": "",
        "note": ""
    }
}