{
    "id": 1900623691776,
    "userid": 1234,
    "urgency": 16,
    "priority": 16,
    "t_submit": 1684197624.8647218,
    "t_depend": 1684197624.876608,
    "t_run": 1684197624.891635,
    "t_cleanup": 1684197625.401984,
    "t_inactive": 1684197625.404053,
    "state": "INACTIVE",
    "name": "ring_c",
    "ntasks": 112,
    "ncores": 112,
    "duration": 0.0,
    "nnodes": 2,
    "ranks": "[0-1]",
    "nodelist": "flux-sample-[0-1]",
    "success": true,
    "exception_occurred": false,
    "result": "COMPLETED",
    "expiration": 4837797624.0,
    "waitstatus": 0,
    "returncode": 0,
    "runtime": 0.5103490352630615,
    "exception": {
        "occurred": false,
        "severity": "",
        "type": "",
        "note": ""
    }
}