{
    "id": 1934782103552,
    "userid": 1234,
    "urgency": 16,
    "priority": 16,
    "t_submit": 1684197626.9004707,
    "t_depend": 1684197626.912302,
    "t_run": 1684197626.9270594,
    "t_cleanup": 1684197627.411869,
    "t_inactive": 1684197627.4139543,
    "state": "INACTIVE",
    "name": "ring_c",
    "ntasks": 112,
    "ncores": 112,
    "duration": 0.0,
    "nnodes": 2,
    "ranks": "[0-1]",
    "nodelist": "flux-sample-[0-1]",
    "success": true,
    "exception_occurred": false,
    "result": "COMPLETED",
    "expiration": 4837797626.0,
    "waitstatus": 0,
    "returncode": 0,
    "runtime": 0.48480963706970215,
    "exception": {
        "occurred": false,
        "severity": "",
        "type": "",
        "note": ""
    }
}