{
    "id": 7264719077376,
    "userid": 1000,
    "urgency": 16,
    "priority": 16,
    "t_submit": 1690231944.9962373,
    "t_depend": 1690231944.9962373,
    "t_run": 1690231945.012619,
    "t_cleanup": 1690231965.8331792,
    "t_inactive": 1690231965.8353415,
    "state": "INACTIVE",
    "name": "lmp",
    "ntasks": 28,
    "duration": 0.0,
    "nnodes": 7,
    "ranks": "[0-6]",
    "nodelist": "flux-sample-[1-7]",
    "success": true,
    "exception_occurred": false,
    "result": "COMPLETED",
    "expiration": 4843831945.0,
    "waitstatus": 0,
    "returncode": 0,
    "runtime": 20.820560216903687,
    "exception": {
        "occurred": false,
        "severity": "",
        "type": "",
        "note": ""
    }
}