{
    "id": 7964798746624,
    "userid": 1000,
    "urgency": 16,
    "priority": 16,
    "t_submit": 1690231986.7244473,
    "t_depend": 1690231986.7244473,
    "t_run": 1690231986.7405293,
    "t_cleanup": 1690232006.8830383,
    "t_inactive": 1690232006.88516,
    "state": "INACTIVE",
    "name": "lmp",
    "ntasks": 28,
    "duration": 0.0,
    "nnodes": 7,
    "ranks": "[0-6]",
    "nodelist": "flux-sample-[1-7]",
    "success": true,
    "exception_occurred": false,
    "result": "COMPLETED",
    "expiration": 4843831986.0,
    "waitstatus": 0,
    "returncode": 0,
    "runtime": 20.14250898361206,
    "exception": {
        "occurred": false,
        "severity": "",
        "type": "",
        "note": ""
    }
}