{
    "id": 6216512176128,
    "userid": 1000,
    "urgency": 16,
    "priority": 16,
    "t_submit": 1690231882.518615,
    "t_depend": 1690231882.518615,
    "t_run": 1690231882.5345666,
    "t_cleanup": 1690231902.516959,
    "t_inactive": 1690231902.519132,
    "state": "INACTIVE",
    "name": "lmp",
    "ntasks": 28,
    "duration": 0.0,
    "nnodes": 7,
    "ranks": "[0-6]",
    "nodelist": "flux-sample-[1-7]",
    "success": true,
    "exception_occurred": false,
    "result": "COMPLETED",
    "expiration": 4843831882.0,
    "waitstatus": 0,
    "returncode": 0,
    "runtime": 19.98239231109619,
    "exception": {
        "occurred": false,
        "severity": "",
        "type": "",
        "note": ""
    }
}