{
    "id": 7620798709760,
    "userid": 1000,
    "urgency": 16,
    "priority": 16,
    "t_submit": 1690231966.2203467,
    "t_depend": 1690231966.2203467,
    "t_run": 1690231966.2365422,
    "t_cleanup": 1690231986.335837,
    "t_inactive": 1690231986.3378942,
    "state": "INACTIVE",
    "name": "lmp",
    "ntasks": 28,
    "duration": 0.0,
    "nnodes": 7,
    "ranks": "[0-6]",
    "nodelist": "flux-sample-[1-7]",
    "success": true,
    "exception_occurred": false,
    "result": "COMPLETED",
    "expiration": 4843831966.0,
    "waitstatus": 0,
    "returncode": 0,
    "runtime": 20.099294662475586,
    "exception": {
        "occurred": false,
        "severity": "",
        "type": "",
        "note": ""
    }
}