{
    "id": 5857580417024,
    "userid": 1000,
    "urgency": 16,
    "priority": 16,
    "t_submit": 1690231861.1249366,
    "t_depend": 1690231861.1249366,
    "t_run": 1690231861.1409688,
    "t_cleanup": 1690231882.136716,
    "t_inactive": 1690231882.138795,
    "state": "INACTIVE",
    "name": "lmp",
    "ntasks": 28,
    "duration": 0.0,
    "nnodes": 7,
    "ranks": "[0-6]",
    "nodelist": "flux-sample-[1-7]",
    "success": true,
    "exception_occurred": false,
    "result": "COMPLETED",
    "expiration": 4843831861.0,
    "waitstatus": 0,
    "returncode": 0,
    "runtime": 20.995747089385986,
    "exception": {
        "occurred": false,
        "severity": "",
        "type": "",
        "note": ""
    }
}