{
    "id": 2177984626688,
    "userid": 1234,
    "urgency": 16,
    "priority": 16,
    "t_submit": 1684197045.21215,
    "t_depend": 1684197045.2237484,
    "t_run": 1684197045.2398977,
    "t_cleanup": 1684197045.7697418,
    "t_inactive": 1684197045.7740786,
    "state": "INACTIVE",
    "name": "hello_usempi",
    "ntasks": 448,
    "ncores": 448,
    "duration": 0.0,
    "nnodes": 8,
    "ranks": "[0-7]",
    "nodelist": "flux-sample-[0-7]",
    "success": true,
    "exception_occurred": false,
    "result": "COMPLETED",
    "expiration": 4837797045.0,
    "waitstatus": 0,
    "returncode": 0,
    "runtime": 0.5298440456390381,
    "exception": {
        "occurred": false,
        "severity": "",
        "type": "",
        "note": ""
    }
}