{
    "id": 2222293254144,
    "userid": 1234,
    "urgency": 16,
    "priority": 16,
    "t_submit": 1684197047.8531032,
    "t_depend": 1684197047.8650408,
    "t_run": 1684197047.881109,
    "t_cleanup": 1684197048.3943944,
    "t_inactive": 1684197048.3963702,
    "state": "INACTIVE",
    "name": "hello_usempi",
    "ntasks": 448,
    "ncores": 448,
    "duration": 0.0,
    "nnodes": 8,
    "ranks": "[0-7]",
    "nodelist": "flux-sample-[0-7]",
    "success": true,
    "exception_occurred": false,
    "result": "COMPLETED",
    "expiration": 4837797047.0,
    "waitstatus": 0,
    "returncode": 0,
    "runtime": 0.5132853984832764,
    "exception": {
        "occurred": false,
        "severity": "",
        "type": "",
        "note": ""
    }
}