{
    "id": 2123576115200,
    "userid": 1234,
    "urgency": 16,
    "priority": 16,
    "t_submit": 1684197041.968609,
    "t_depend": 1684197041.9802547,
    "t_run": 1684197041.9965305,
    "t_cleanup": 1684197042.4756825,
    "t_inactive": 1684197042.4776251,
    "state": "INACTIVE",
    "name": "hello_usempi",
    "ntasks": 448,
    "ncores": 448,
    "duration": 0.0,
    "nnodes": 8,
    "ranks": "[0-7]",
    "nodelist": "flux-sample-[0-7]",
    "success": true,
    "exception_occurred": false,
    "result": "COMPLETED",
    "expiration": 4837797041.0,
    "waitstatus": 0,
    "returncode": 0,
    "runtime": 0.47915196418762207,
    "exception": {
        "occurred": false,
        "severity": "",
        "type": "",
        "note": ""
    }
}