{
    "id": 2133877325824,
    "userid": 1234,
    "urgency": 16,
    "priority": 16,
    "t_submit": 1684197042.5826237,
    "t_depend": 1684197042.5941463,
    "t_run": 1684197042.6099765,
    "t_cleanup": 1684197043.104877,
    "t_inactive": 1684197043.1070743,
    "state": "INACTIVE",
    "name": "hello_usempi",
    "ntasks": 448,
    "ncores": 448,
    "duration": 0.0,
    "nnodes": 8,
    "ranks": "[0-7]",
    "nodelist": "flux-sample-[0-7]",
    "success": true,
    "exception_occurred": false,
    "result": "COMPLETED",
    "expiration": 4837797042.0,
    "waitstatus": 0,
    "returncode": 0,
    "runtime": 0.4949004650115967,
    "exception": {
        "occurred": false,
        "severity": "",
        "type": "",
        "note": ""
    }
}