{
    "id": 2189124698112,
    "userid": 1234,
    "urgency": 16,
    "priority": 16,
    "t_submit": 1684197045.8760152,
    "t_depend": 1684197045.8878176,
    "t_run": 1684197045.9037156,
    "t_cleanup": 1684197046.426118,
    "t_inactive": 1684197046.4281764,
    "state": "INACTIVE",
    "name": "hello_usempi",
    "ntasks": 448,
    "ncores": 448,
    "duration": 0.0,
    "nnodes": 8,
    "ranks": "[0-7]",
    "nodelist": "flux-sample-[0-7]",
    "success": true,
    "exception_occurred": false,
    "result": "COMPLETED",
    "expiration": 4837797045.0,
    "waitstatus": 0,
    "returncode": 0,
    "runtime": 0.522402286529541,
    "exception": {
        "occurred": false,
        "severity": "",
        "type": "",
        "note": ""
    }
}