{
    "id": 2335052922880,
    "userid": 1234,
    "urgency": 16,
    "priority": 16,
    "t_submit": 1684197054.5734775,
    "t_depend": 1684197054.5851877,
    "t_run": 1684197054.601211,
    "t_cleanup": 1684197055.1670547,
    "t_inactive": 1684197055.1689696,
    "state": "INACTIVE",
    "name": "hello_usempi",
    "ntasks": 448,
    "ncores": 448,
    "duration": 0.0,
    "nnodes": 8,
    "ranks": "[0-7]",
    "nodelist": "flux-sample-[0-7]",
    "success": true,
    "exception_occurred": false,
    "result": "COMPLETED",
    "expiration": 4837797054.0,
    "waitstatus": 0,
    "returncode": 0,
    "runtime": 0.5658435821533203,
    "exception": {
        "occurred": false,
        "severity": "",
        "type": "",
        "note": ""
    }
}