{
    "id": 2243667427328,
    "userid": 1234,
    "urgency": 16,
    "priority": 16,
    "t_submit": 1684197049.126787,
    "t_depend": 1684197049.1384397,
    "t_run": 1684197049.1545188,
    "t_cleanup": 1684197049.7172909,
    "t_inactive": 1684197049.7200959,
    "state": "INACTIVE",
    "name": "hello_usempi",
    "ntasks": 448,
    "ncores": 448,
    "duration": 0.0,
    "nnodes": 8,
    "ranks": "[0-7]",
    "nodelist": "flux-sample-[0-7]",
    "success": true,
    "exception_occurred": false,
    "result": "COMPLETED",
    "expiration": 4837797049.0,
    "waitstatus": 0,
    "returncode": 0,
    "runtime": 0.5627720355987549,
    "exception": {
        "occurred": false,
        "severity": "",
        "type": "",
        "note": ""
    }
}