{
    "id": 2312705671168,
    "userid": 1234,
    "urgency": 16,
    "priority": 16,
    "t_submit": 1684197053.2416308,
    "t_depend": 1684197053.2531435,
    "t_run": 1684197053.2692816,
    "t_cleanup": 1684197053.8138022,
    "t_inactive": 1684197053.8157585,
    "state": "INACTIVE",
    "name": "hello_usempi",
    "ntasks": 448,
    "ncores": 448,
    "duration": 0.0,
    "nnodes": 8,
    "ranks": "[0-7]",
    "nodelist": "flux-sample-[0-7]",
    "success": true,
    "exception_occurred": false,
    "result": "COMPLETED",
    "expiration": 4837797053.0,
    "waitstatus": 0,
    "returncode": 0,
    "runtime": 0.5445206165313721,
    "exception": {
        "occurred": false,
        "severity": "",
        "type": "",
        "note": ""
    }
}