{
    "id": 2288999464960,
    "userid": 1234,
    "urgency": 16,
    "priority": 16,
    "t_submit": 1684197051.8292406,
    "t_depend": 1684197051.8408659,
    "t_run": 1684197051.8566396,
    "t_cleanup": 1684197052.4252844,
    "t_inactive": 1684197052.4272554,
    "state": "INACTIVE",
    "name": "hello_usempi",
    "ntasks": 448,
    "ncores": 448,
    "duration": 0.0,
    "nnodes": 8,
    "ranks": "[0-7]",
    "nodelist": "flux-sample-[0-7]",
    "success": true,
    "exception_occurred": false,
    "result": "COMPLETED",
    "expiration": 4837797051.0,
    "waitstatus": 0,
    "returncode": 0,
    "runtime": 0.5686447620391846,
    "exception": {
        "occurred": false,
        "severity": "",
        "type": "",
        "note": ""
    }
}