{
    "id": 2300860956672,
    "userid": 1234,
    "urgency": 16,
    "priority": 16,
    "t_submit": 1684197052.535616,
    "t_depend": 1684197052.547425,
    "t_run": 1684197052.563122,
    "t_cleanup": 1684197053.1334844,
    "t_inactive": 1684197053.1356108,
    "state": "INACTIVE",
    "name": "hello_usempi",
    "ntasks": 448,
    "ncores": 448,
    "duration": 0.0,
    "nnodes": 8,
    "ranks": "[0-7]",
    "nodelist": "flux-sample-[0-7]",
    "success": true,
    "exception_occurred": false,
    "result": "COMPLETED",
    "expiration": 4837797052.0,
    "waitstatus": 0,
    "returncode": 0,
    "runtime": 0.5703623294830322,
    "exception": {
        "occurred": false,
        "severity": "",
        "type": "",
        "note": ""
    }
}