{
    "id": 2324097400832,
    "userid": 1234,
    "urgency": 16,
    "priority": 16,
    "t_submit": 1684197053.9204867,
    "t_depend": 1684197053.932214,
    "t_run": 1684197053.9481442,
    "t_cleanup": 1684197054.4671645,
    "t_inactive": 1684197054.469051,
    "state": "INACTIVE",
    "name": "hello_usempi",
    "ntasks": 448,
    "ncores": 448,
    "duration": 0.0,
    "nnodes": 8,
    "ranks": "[0-7]",
    "nodelist": "flux-sample-[0-7]",
    "success": true,
    "exception_occurred": false,
    "result": "COMPLETED",
    "expiration": 4837797053.0,
    "waitstatus": 0,
    "returncode": 0,
    "runtime": 0.5190203189849854,
    "exception": {
        "occurred": false,
        "severity": "",
        "type": "",
        "note": ""
    }
}