{
    "id": 2144413417472,
    "userid": 1234,
    "urgency": 16,
    "priority": 16,
    "t_submit": 1684197043.2112608,
    "t_depend": 1684197043.223027,
    "t_run": 1684197043.2390952,
    "t_cleanup": 1684197043.763181,
    "t_inactive": 1684197043.7670891,
    "state": "INACTIVE",
    "name": "hello_usempi",
    "ntasks": 448,
    "ncores": 448,
    "duration": 0.0,
    "nnodes": 8,
    "ranks": "[0-7]",
    "nodelist": "flux-sample-[0-7]",
    "success": true,
    "exception_occurred": false,
    "result": "COMPLETED",
    "expiration": 4837797043.0,
    "waitstatus": 0,
    "returncode": 0,
    "runtime": 0.5240857601165771,
    "exception": {
        "occurred": false,
        "severity": "",
        "type": "",
        "note": ""
    }
}