{
    "id": 2200147329024,
    "userid": 1234,
    "urgency": 16,
    "priority": 16,
    "t_submit": 1684197046.5330434,
    "t_depend": 1684197046.5448759,
    "t_run": 1684197046.5611336,
    "t_cleanup": 1684197047.0864213,
    "t_inactive": 1684197047.088298,
    "state": "INACTIVE",
    "name": "hello_usempi",
    "ntasks": 448,
    "ncores": 448,
    "duration": 0.0,
    "nnodes": 8,
    "ranks": "[0-7]",
    "nodelist": "flux-sample-[0-7]",
    "success": true,
    "exception_occurred": false,
    "result": "COMPLETED",
    "expiration": 4837797046.0,
    "waitstatus": 0,
    "returncode": 0,
    "runtime": 0.5252876281738281,
    "exception": {
        "occurred": false,
        "severity": "",
        "type": "",
        "note": ""
    }
}