{
    "id": 2277708398592,
    "userid": 1234,
    "urgency": 16,
    "priority": 16,
    "t_submit": 1684197051.1562319,
    "t_depend": 1684197051.1678014,
    "t_run": 1684197051.1838007,
    "t_cleanup": 1684197051.7232854,
    "t_inactive": 1684197051.7272818,
    "state": "INACTIVE",
    "name": "hello_usempi",
    "ntasks": 448,
    "ncores": 448,
    "duration": 0.0,
    "nnodes": 8,
    "ranks": "[0-7]",
    "nodelist": "flux-sample-[0-7]",
    "success": true,
    "exception_occurred": false,
    "result": "COMPLETED",
    "expiration": 4837797051.0,
    "waitstatus": 0,
    "returncode": 0,
    "runtime": 0.5394847393035889,
    "exception": {
        "occurred": false,
        "severity": "",
        "type": "",
        "note": ""
    }
}