{
    "id": 2970808745984,
    "userid": 1234,
    "urgency": 16,
    "priority": 16,
    "t_submit": 1684198128.5455139,
    "t_depend": 1684198128.5575702,
    "t_run": 1684198128.5729384,
    "t_cleanup": 1684198129.0068774,
    "t_inactive": 1684198129.009105,
    "state": "INACTIVE",
    "name": "ring_usempi",
    "ntasks": 224,
    "ncores": 224,
    "duration": 0.0,
    "nnodes": 4,
    "ranks": "[0-3]",
    "nodelist": "flux-sample-[4-7]",
    "success": true,
    "exception_occurred": false,
    "result": "COMPLETED",
    "expiration": 4837798128.0,
    "waitstatus": 0,
    "returncode": 0,
    "runtime": 0.43393898010253906,
    "exception": {
        "occurred": false,
        "severity": "",
        "type": "",
        "note": ""
    }
}