{
    "id": 2827430658048,
    "userid": 1234,
    "urgency": 16,
    "priority": 16,
    "t_submit": 1684198119.9989557,
    "t_depend": 1684198120.0110183,
    "t_run": 1684198120.0267372,
    "t_cleanup": 1684198120.5246198,
    "t_inactive": 1684198120.5271435,
    "state": "INACTIVE",
    "name": "ring_usempi",
    "ntasks": 224,
    "ncores": 224,
    "duration": 0.0,
    "nnodes": 4,
    "ranks": "[0-3]",
    "nodelist": "flux-sample-[4-7]",
    "success": true,
    "exception_occurred": false,
    "result": "COMPLETED",
    "expiration": 4837798120.0,
    "waitstatus": 0,
    "returncode": 0,
    "runtime": 0.497882604598999,
    "exception": {
        "occurred": false,
        "severity": "",
        "type": "",
        "note": ""
    }
}