{
    "id": 2787718987776,
    "userid": 1234,
    "urgency": 16,
    "priority": 16,
    "t_submit": 1684198117.631724,
    "t_depend": 1684198117.643781,
    "t_run": 1684198117.6594536,
    "t_cleanup": 1684198118.3056915,
    "t_inactive": 1684198118.307876,
    "state": "INACTIVE",
    "name": "ring_usempi",
    "ntasks": 224,
    "ncores": 224,
    "duration": 0.0,
    "nnodes": 4,
    "ranks": "[0-3]",
    "nodelist": "flux-sample-[4-7]",
    "success": true,
    "exception_occurred": false,
    "result": "COMPLETED",
    "expiration": 4837798117.0,
    "waitstatus": 0,
    "returncode": 0,
    "runtime": 0.646237850189209,
    "exception": {
        "occurred": false,
        "severity": "",
        "type": "",
        "note": ""
    }
}