{
    "id": 2744249221120,
    "userid": 1234,
    "urgency": 16,
    "priority": 16,
    "t_submit": 1684198115.0413864,
    "t_depend": 1684198115.053743,
    "t_run": 1684198115.0695376,
    "t_cleanup": 1684198115.530408,
    "t_inactive": 1684198115.5337381,
    "state": "INACTIVE",
    "name": "ring_usempi",
    "ntasks": 224,
    "ncores": 224,
    "duration": 0.0,
    "nnodes": 4,
    "ranks": "[0-3]",
    "nodelist": "flux-sample-[4-7]",
    "success": true,
    "exception_occurred": false,
    "result": "COMPLETED",
    "expiration": 4837798115.0,
    "waitstatus": 0,
    "returncode": 0,
    "runtime": 0.46087026596069336,
    "exception": {
        "occurred": false,
        "severity": "",
        "type": "",
        "note": ""
    }
}