{
    "id": 2959249244160,
    "userid": 1234,
    "urgency": 16,
    "priority": 16,
    "t_submit": 1684198127.85582,
    "t_depend": 1684198127.8678045,
    "t_run": 1684198127.8834925,
    "t_cleanup": 1684198128.4417117,
    "t_inactive": 1684198128.443835,
    "state": "INACTIVE",
    "name": "ring_usempi",
    "ntasks": 224,
    "ncores": 224,
    "duration": 0.0,
    "nnodes": 4,
    "ranks": "[0-3]",
    "nodelist": "flux-sample-[4-7]",
    "success": true,
    "exception_occurred": false,
    "result": "COMPLETED",
    "expiration": 4837798127.0,
    "waitstatus": 0,
    "returncode": 0,
    "runtime": 0.5582191944122314,
    "exception": {
        "occurred": false,
        "severity": "",
        "type": "",
        "note": ""
    }
}