{
    "id": 2862813806592,
    "userid": 1234,
    "urgency": 16,
    "priority": 16,
    "t_submit": 1684198122.1080933,
    "t_depend": 1684198122.1200294,
    "t_run": 1684198122.1357296,
    "t_cleanup": 1684198122.9302702,
    "t_inactive": 1684198122.9325755,
    "state": "INACTIVE",
    "name": "ring_usempi",
    "ntasks": 224,
    "ncores": 224,
    "duration": 0.0,
    "nnodes": 4,
    "ranks": "[0-3]",
    "nodelist": "flux-sample-[4-7]",
    "success": true,
    "exception_occurred": false,
    "result": "COMPLETED",
    "expiration": 4837798122.0,
    "waitstatus": 0,
    "returncode": 0,
    "runtime": 0.7945406436920166,
    "exception": {
        "occurred": false,
        "severity": "",
        "type": "",
        "note": ""
    }
}