{
    "id": 2908783378432,
    "userid": 1234,
    "urgency": 16,
    "priority": 16,
    "t_submit": 1684198124.8476148,
    "t_depend": 1684198124.859455,
    "t_run": 1684198124.8750303,
    "t_cleanup": 1684198125.603135,
    "t_inactive": 1684198125.6059525,
    "state": "INACTIVE",
    "name": "ring_usempi",
    "ntasks": 224,
    "ncores": 224,
    "duration": 0.0,
    "nnodes": 4,
    "ranks": "[0-3]",
    "nodelist": "flux-sample-[4-7]",
    "success": true,
    "exception_occurred": false,
    "result": "COMPLETED",
    "expiration": 4837798124.0,
    "waitstatus": 0,
    "returncode": 0,
    "runtime": 0.728104829788208,
    "exception": {
        "occurred": false,
        "severity": "",
        "type": "",
        "note": ""
    }
}