{
    "id": 2849408811008,
    "userid": 1234,
    "urgency": 16,
    "priority": 16,
    "t_submit": 1684198121.30921,
    "t_depend": 1684198121.3212624,
    "t_run": 1684198121.3370056,
    "t_cleanup": 1684198122.0044239,
    "t_inactive": 1684198122.011553,
    "state": "INACTIVE",
    "name": "ring_usempi",
    "ntasks": 224,
    "ncores": 224,
    "duration": 0.0,
    "nnodes": 4,
    "ranks": "[0-3]",
    "nodelist": "flux-sample-[4-7]",
    "success": true,
    "exception_occurred": false,
    "result": "COMPLETED",
    "expiration": 4837798121.0,
    "waitstatus": 0,
    "returncode": 0,
    "runtime": 0.6674182415008545,
    "exception": {
        "occurred": false,
        "severity": "",
        "type": "",
        "note": ""
    }
}