{
    "id": 2754198110208,
    "userid": 1234,
    "urgency": 16,
    "priority": 16,
    "t_submit": 1684198115.6342092,
    "t_depend": 1684198115.6462607,
    "t_run": 1684198115.661858,
    "t_cleanup": 1684198116.1991699,
    "t_inactive": 1684198116.2013867,
    "state": "INACTIVE",
    "name": "ring_usempi",
    "ntasks": 224,
    "ncores": 224,
    "duration": 0.0,
    "nnodes": 4,
    "ranks": "[0-3]",
    "nodelist": "flux-sample-[4-7]",
    "success": true,
    "exception_occurred": false,
    "result": "COMPLETED",
    "expiration": 4837798115.0,
    "waitstatus": 0,
    "returncode": 0,
    "runtime": 0.5373117923736572,
    "exception": {
        "occurred": false,
        "severity": "",
        "type": "",
        "note": ""
    }
}