{
    "id": 2923262115840,
    "userid": 1234,
    "urgency": 16,
    "priority": 16,
    "t_submit": 1684198125.7110417,
    "t_depend": 1684198125.723042,
    "t_run": 1684198125.7390537,
    "t_cleanup": 1684198126.3054554,
    "t_inactive": 1684198126.3077855,
    "state": "INACTIVE",
    "name": "ring_usempi",
    "ntasks": 224,
    "ncores": 224,
    "duration": 0.0,
    "nnodes": 4,
    "ranks": "[0-3]",
    "nodelist": "flux-sample-[4-7]",
    "success": true,
    "exception_occurred": false,
    "result": "COMPLETED",
    "expiration": 4837798125.0,
    "waitstatus": 0,
    "returncode": 0,
    "runtime": 0.5664017200469971,
    "exception": {
        "occurred": false,
        "severity": "",
        "type": "",
        "note": ""
    }
}