{
    "id": 2765405290496,
    "userid": 1234,
    "urgency": 16,
    "priority": 16,
    "t_submit": 1684198116.301874,
    "t_depend": 1684198116.3139067,
    "t_run": 1684198116.3296535,
    "t_cleanup": 1684198116.8722117,
    "t_inactive": 1684198116.874342,
    "state": "INACTIVE",
    "name": "ring_usempi",
    "ntasks": 224,
    "ncores": 224,
    "duration": 0.0,
    "nnodes": 4,
    "ranks": "[0-3]",
    "nodelist": "flux-sample-[4-7]",
    "success": true,
    "exception_occurred": false,
    "result": "COMPLETED",
    "expiration": 4837798116.0,
    "waitstatus": 0,
    "returncode": 0,
    "runtime": 0.5425581932067871,
    "exception": {
        "occurred": false,
        "severity": "",
        "type": "",
        "note": ""
    }
}