{
    "id": 2935006167040,
    "userid": 1234,
    "urgency": 16,
    "priority": 16,
    "t_submit": 1684198126.4109178,
    "t_depend": 1684198126.4229949,
    "t_run": 1684198126.4389348,
    "t_cleanup": 1684198127.0799017,
    "t_inactive": 1684198127.0823727,
    "state": "INACTIVE",
    "name": "ring_usempi",
    "ntasks": 224,
    "ncores": 224,
    "duration": 0.0,
    "nnodes": 4,
    "ranks": "[0-3]",
    "nodelist": "flux-sample-[4-7]",
    "success": true,
    "exception_occurred": false,
    "result": "COMPLETED",
    "expiration": 4837798126.0,
    "waitstatus": 0,
    "returncode": 0,
    "runtime": 0.6409668922424316,
    "exception": {
        "occurred": false,
        "severity": "",
        "type": "",
        "note": ""
    }
}