{
    "id": 2889456025600,
    "userid": 1234,
    "urgency": 16,
    "priority": 16,
    "t_submit": 1684198123.6962132,
    "t_depend": 1684198123.7083304,
    "t_run": 1684198123.723706,
    "t_cleanup": 1684198124.1727333,
    "t_inactive": 1684198124.175049,
    "state": "INACTIVE",
    "name": "ring_usempi",
    "ntasks": 224,
    "ncores": 224,
    "duration": 0.0,
    "nnodes": 4,
    "ranks": "[0-3]",
    "nodelist": "flux-sample-[4-7]",
    "success": true,
    "exception_occurred": false,
    "result": "COMPLETED",
    "expiration": 4837798123.0,
    "waitstatus": 0,
    "returncode": 0,
    "runtime": 0.44902729988098145,
    "exception": {
        "occurred": false,
        "severity": "",
        "type": "",
        "note": ""
    }
}