{
    "id": 2899220365312,
    "userid": 1234,
    "urgency": 16,
    "priority": 16,
    "t_submit": 1684198124.277909,
    "t_depend": 1684198124.2898083,
    "t_run": 1684198124.305679,
    "t_cleanup": 1684198124.7417748,
    "t_inactive": 1684198124.7440312,
    "state": "INACTIVE",
    "name": "ring_usempi",
    "ntasks": 224,
    "ncores": 224,
    "duration": 0.0,
    "nnodes": 4,
    "ranks": "[0-3]",
    "nodelist": "flux-sample-[4-7]",
    "success": true,
    "exception_occurred": false,
    "result": "COMPLETED",
    "expiration": 4837798124.0,
    "waitstatus": 0,
    "returncode": 0,
    "runtime": 0.4360957145690918,
    "exception": {
        "occurred": false,
        "severity": "",
        "type": "",
        "note": ""
    }
}