{
    "id": 2948025286656,
    "userid": 1234,
    "urgency": 16,
    "priority": 16,
    "t_submit": 1684198127.1872904,
    "t_depend": 1684198127.1991348,
    "t_run": 1684198127.2150357,
    "t_cleanup": 1684198127.7446737,
    "t_inactive": 1684198127.748784,
    "state": "INACTIVE",
    "name": "ring_usempi",
    "ntasks": 224,
    "ncores": 224,
    "duration": 0.0,
    "nnodes": 4,
    "ranks": "[0-3]",
    "nodelist": "flux-sample-[4-7]",
    "success": true,
    "exception_occurred": false,
    "result": "COMPLETED",
    "expiration": 4837798127.0,
    "waitstatus": 0,
    "returncode": 0,
    "runtime": 0.5296380519866943,
    "exception": {
        "occurred": false,
        "severity": "",
        "type": "",
        "note": ""
    }
}