{
    "id": 1824723566592,
    "userid": 1234,
    "urgency": 16,
    "priority": 16,
    "t_submit": 1684197866.7524865,
    "t_depend": 1684197866.7640789,
    "t_run": 1684197866.7788916,
    "t_cleanup": 1684197867.1897137,
    "t_inactive": 1684197867.1920063,
    "state": "INACTIVE",
    "name": "hello_usempi",
    "ntasks": 168,
    "ncores": 168,
    "duration": 0.0,
    "nnodes": 3,
    "ranks": "[0-2]",
    "nodelist": "flux-sample-[0-2]",
    "success": true,
    "exception_occurred": false,
    "result": "COMPLETED",
    "expiration": 4837797866.0,
    "waitstatus": 0,
    "returncode": 0,
    "runtime": 0.41082215309143066,
    "exception": {
        "occurred": false,
        "severity": "",
        "type": "",
        "note": ""
    }
}