{
    "id": 1891245228032,
    "userid": 1234,
    "urgency": 16,
    "priority": 16,
    "t_submit": 1684197870.7184296,
    "t_depend": 1684197870.730141,
    "t_run": 1684197870.7446642,
    "t_cleanup": 1684197871.1741054,
    "t_inactive": 1684197871.1760798,
    "state": "INACTIVE",
    "name": "hello_usempi",
    "ntasks": 168,
    "ncores": 168,
    "duration": 0.0,
    "nnodes": 3,
    "ranks": "[0-2]",
    "nodelist": "flux-sample-[0-2]",
    "success": true,
    "exception_occurred": false,
    "result": "COMPLETED",
    "expiration": 4837797870.0,
    "waitstatus": 0,
    "returncode": 0,
    "runtime": 0.4294412136077881,
    "exception": {
        "occurred": false,
        "severity": "",
        "type": "",
        "note": ""
    }
}