{
    "id": 1881766100992,
    "userid": 1234,
    "urgency": 16,
    "priority": 16,
    "t_submit": 1684197870.1526866,
    "t_depend": 1684197870.1642432,
    "t_run": 1684197870.1790633,
    "t_cleanup": 1684197870.6092994,
    "t_inactive": 1684197870.6112943,
    "state": "INACTIVE",
    "name": "hello_usempi",
    "ntasks": 168,
    "ncores": 168,
    "duration": 0.0,
    "nnodes": 3,
    "ranks": "[0-2]",
    "nodelist": "flux-sample-[0-2]",
    "success": true,
    "exception_occurred": false,
    "result": "COMPLETED",
    "expiration": 4837797870.0,
    "waitstatus": 0,
    "returncode": 0,
    "runtime": 0.4302361011505127,
    "exception": {
        "occurred": false,
        "severity": "",
        "type": "",
        "note": ""
    }
}