{
    "id": 1947247575040,
    "userid": 1234,
    "urgency": 16,
    "priority": 16,
    "t_submit": 1684197874.056042,
    "t_depend": 1684197874.0678086,
    "t_run": 1684197874.082658,
    "t_cleanup": 1684197874.513784,
    "t_inactive": 1684197874.5161402,
    "state": "INACTIVE",
    "name": "hello_usempi",
    "ntasks": 168,
    "ncores": 168,
    "duration": 0.0,
    "nnodes": 3,
    "ranks": "[0-2]",
    "nodelist": "flux-sample-[0-2]",
    "success": true,
    "exception_occurred": false,
    "result": "COMPLETED",
    "expiration": 4837797874.0,
    "waitstatus": 0,
    "returncode": 0,
    "runtime": 0.4311258792877197,
    "exception": {
        "occurred": false,
        "severity": "",
        "type": "",
        "note": ""
    }
}