{
    "id": 1918625644544,
    "userid": 1234,
    "urgency": 16,
    "priority": 16,
    "t_submit": 1684197872.3498542,
    "t_depend": 1684197872.3614306,
    "t_run": 1684197872.3759558,
    "t_cleanup": 1684197872.8083706,
    "t_inactive": 1684197872.8104112,
    "state": "INACTIVE",
    "name": "hello_usempi",
    "ntasks": 168,
    "ncores": 168,
    "duration": 0.0,
    "nnodes": 3,
    "ranks": "[0-2]",
    "nodelist": "flux-sample-[0-2]",
    "success": true,
    "exception_occurred": false,
    "result": "COMPLETED",
    "expiration": 4837797872.0,
    "waitstatus": 0,
    "returncode": 0,
    "runtime": 0.4324147701263428,
    "exception": {
        "occurred": false,
        "severity": "",
        "type": "",
        "note": ""
    }
}