{
    "id": 1900707577856,
    "userid": 1234,
    "urgency": 16,
    "priority": 16,
    "t_submit": 1684197871.281878,
    "t_depend": 1684197871.2934062,
    "t_run": 1684197871.3083885,
    "t_cleanup": 1684197871.6931405,
    "t_inactive": 1684197871.6951811,
    "state": "INACTIVE",
    "name": "hello_usempi",
    "ntasks": 168,
    "ncores": 168,
    "duration": 0.0,
    "nnodes": 3,
    "ranks": "[0-2]",
    "nodelist": "flux-sample-[0-2]",
    "success": true,
    "exception_occurred": false,
    "result": "COMPLETED",
    "expiration": 4837797871.0,
    "waitstatus": 0,
    "returncode": 0,
    "runtime": 0.3847520351409912,
    "exception": {
        "occurred": false,
        "severity": "",
        "type": "",
        "note": ""
    }
}