{
    "id": 1966138720256,
    "userid": 1234,
    "urgency": 16,
    "priority": 16,
    "t_submit": 1684197875.1823947,
    "t_depend": 1684197875.1940582,
    "t_run": 1684197875.2087657,
    "t_cleanup": 1684197875.6524727,
    "t_inactive": 1684197875.6545017,
    "state": "INACTIVE",
    "name": "hello_usempi",
    "ntasks": 168,
    "ncores": 168,
    "duration": 0.0,
    "nnodes": 3,
    "ranks": "[0-2]",
    "nodelist": "flux-sample-[0-2]",
    "success": true,
    "exception_occurred": false,
    "result": "COMPLETED",
    "expiration": 4837797875.0,
    "waitstatus": 0,
    "returncode": 0,
    "runtime": 0.4437069892883301,
    "exception": {
        "occurred": false,
        "severity": "",
        "type": "",
        "note": ""
    }
}