{
    "id": 1994676764672,
    "userid": 1234,
    "urgency": 16,
    "priority": 16,
    "t_submit": 1684197876.8831255,
    "t_depend": 1684197876.8946602,
    "t_run": 1684197876.9093204,
    "t_cleanup": 1684197877.369646,
    "t_inactive": 1684197877.3715866,
    "state": "INACTIVE",
    "name": "hello_usempi",
    "ntasks": 168,
    "ncores": 168,
    "duration": 0.0,
    "nnodes": 3,
    "ranks": "[0-2]",
    "nodelist": "flux-sample-[0-2]",
    "success": true,
    "exception_occurred": false,
    "result": "COMPLETED",
    "expiration": 4837797876.0,
    "waitstatus": 0,
    "returncode": 0,
    "runtime": 0.4603257179260254,
    "exception": {
        "occurred": false,
        "severity": "",
        "type": "",
        "note": ""
    }
}