{
    "id": 1937785225216,
    "userid": 1234,
    "urgency": 16,
    "priority": 16,
    "t_submit": 1684197873.4914813,
    "t_depend": 1684197873.5030088,
    "t_run": 1684197873.5174923,
    "t_cleanup": 1684197873.9469936,
    "t_inactive": 1684197873.94904,
    "state": "INACTIVE",
    "name": "hello_usempi",
    "ntasks": 168,
    "ncores": 168,
    "duration": 0.0,
    "nnodes": 3,
    "ranks": "[0-2]",
    "nodelist": "flux-sample-[0-2]",
    "success": true,
    "exception_occurred": false,
    "result": "COMPLETED",
    "expiration": 4837797873.0,
    "waitstatus": 0,
    "returncode": 0,
    "runtime": 0.4295012950897217,
    "exception": {
        "occurred": false,
        "severity": "",
        "type": "",
        "note": ""
    }
}