{
    "id": 1842205425664,
    "userid": 1234,
    "urgency": 16,
    "priority": 16,
    "t_submit": 1684197867.794944,
    "t_depend": 1684197867.80667,
    "t_run": 1684197867.8215022,
    "t_cleanup": 1684197868.3178384,
    "t_inactive": 1684197868.3219848,
    "state": "INACTIVE",
    "name": "hello_usempi",
    "ntasks": 168,
    "ncores": 168,
    "duration": 0.0,
    "nnodes": 3,
    "ranks": "[0-2]",
    "nodelist": "flux-sample-[0-2]",
    "success": true,
    "exception_occurred": false,
    "result": "COMPLETED",
    "expiration": 4837797867.0,
    "waitstatus": 0,
    "returncode": 0,
    "runtime": 0.4963362216949463,
    "exception": {
        "occurred": false,
        "severity": "",
        "type": "",
        "note": ""
    }
}