{
    "id": 1815244439552,
    "userid": 1234,
    "urgency": 16,
    "priority": 16,
    "t_submit": 1684197866.1881807,
    "t_depend": 1684197866.2011106,
    "t_run": 1684197866.2158384,
    "t_cleanup": 1684197866.6439664,
    "t_inactive": 1684197866.6460302,
    "state": "INACTIVE",
    "name": "hello_usempi",
    "ntasks": 168,
    "ncores": 168,
    "duration": 0.0,
    "nnodes": 3,
    "ranks": "[0-2]",
    "nodelist": "flux-sample-[0-2]",
    "success": true,
    "exception_occurred": false,
    "result": "COMPLETED",
    "expiration": 4837797866.0,
    "waitstatus": 0,
    "returncode": 0,
    "runtime": 0.4281280040740967,
    "exception": {
        "occurred": false,
        "severity": "",
        "type": "",
        "note": ""
    }
}