{
    "id": 1862925287424,
    "userid": 1234,
    "urgency": 16,
    "priority": 16,
    "t_submit": 1684197869.0295389,
    "t_depend": 1684197869.0411327,
    "t_run": 1684197869.0559068,
    "t_cleanup": 1684197869.5358493,
    "t_inactive": 1684197869.537661,
    "state": "INACTIVE",
    "name": "hello_usempi",
    "ntasks": 168,
    "ncores": 168,
    "duration": 0.0,
    "nnodes": 3,
    "ranks": "[0-2]",
    "nodelist": "flux-sample-[0-2]",
    "success": true,
    "exception_occurred": false,
    "result": "COMPLETED",
    "expiration": 4837797869.0,
    "waitstatus": 0,
    "returncode": 0,
    "runtime": 0.47994256019592285,
    "exception": {
        "occurred": false,
        "severity": "",
        "type": "",
        "note": ""
    }
}