{
    "id": 7722686742528,
    "userid": 1000,
    "urgency": 16,
    "priority": 16,
    "t_submit": 1684025498.6767642,
    "t_depend": 1684025498.6881402,
    "t_run": 1684025498.7199454,
    "t_cleanup": 1684025531.9860103,
    "t_inactive": 1684025531.9879863,
    "state": "INACTIVE",
    "name": "lmp",
    "ntasks": 448,
    "ncores": 448,
    "duration": 0.0,
    "nnodes": 8,
    "ranks": "[0-7]",
    "nodelist": "flux-sample-[0-7]",
    "success": true,
    "exception_occurred": false,
    "result": "COMPLETED",
    "expiration": 4837625498.0,
    "waitstatus": 0,
    "returncode": 0,
    "runtime": 33.26606488227844,
    "exception": {
        "occurred": false,
        "severity": "",
        "type": "",
        "note": ""
    }
}