{
    "id": 12195240869888,
    "userid": 1000,
    "urgency": 16,
    "priority": 16,
    "t_submit": 1684025765.2613378,
    "t_depend": 1684025765.2728465,
    "t_run": 1684025765.3044405,
    "t_cleanup": 1684025798.291518,
    "t_inactive": 1684025798.2934039,
    "state": "INACTIVE",
    "name": "lmp",
    "ntasks": 448,
    "ncores": 448,
    "duration": 0.0,
    "nnodes": 8,
    "ranks": "[0-7]",
    "nodelist": "flux-sample-[0-7]",
    "success": true,
    "exception_occurred": false,
    "result": "COMPLETED",
    "expiration": 4837625765.0,
    "waitstatus": 0,
    "returncode": 0,
    "runtime": 32.987077474594116,
    "exception": {
        "occurred": false,
        "severity": "",
        "type": "",
        "note": ""
    }
}