{
    "id": 11064909496320,
    "userid": 1000,
    "urgency": 16,
    "priority": 16,
    "t_submit": 1684025697.8887143,
    "t_depend": 1684025697.9004128,
    "t_run": 1684025697.9318323,
    "t_cleanup": 1684025731.310787,
    "t_inactive": 1684025731.3126078,
    "state": "INACTIVE",
    "name": "lmp",
    "ntasks": 448,
    "ncores": 448,
    "duration": 0.0,
    "nnodes": 8,
    "ranks": "[0-7]",
    "nodelist": "flux-sample-[0-7]",
    "success": true,
    "exception_occurred": false,
    "result": "COMPLETED",
    "expiration": 4837625697.0,
    "waitstatus": 0,
    "returncode": 0,
    "runtime": 33.37895464897156,
    "exception": {
        "occurred": false,
        "severity": "",
        "type": "",
        "note": ""
    }
}