{
    "id": 13309063462912,
    "userid": 1000,
    "urgency": 16,
    "priority": 16,
    "t_submit": 1684025831.6508486,
    "t_depend": 1684025831.6623693,
    "t_run": 1684025831.693976,
    "t_cleanup": 1684025864.771288,
    "t_inactive": 1684025864.773378,
    "state": "INACTIVE",
    "name": "lmp",
    "ntasks": 448,
    "ncores": 448,
    "duration": 0.0,
    "nnodes": 8,
    "ranks": "[0-7]",
    "nodelist": "flux-sample-[0-7]",
    "success": true,
    "exception_occurred": false,
    "result": "COMPLETED",
    "expiration": 4837625831.0,
    "waitstatus": 0,
    "returncode": 0,
    "runtime": 33.077311992645264,
    "exception": {
        "occurred": false,
        "severity": "",
        "type": "",
        "note": ""
    }
}