{
    "id": 9953989361664,
    "userid": 1000,
    "urgency": 16,
    "priority": 16,
    "t_submit": 1684025631.6731138,
    "t_depend": 1684025631.6846404,
    "t_run": 1684025631.7158241,
    "t_cleanup": 1684025664.8118982,
    "t_inactive": 1684025664.8141036,
    "state": "INACTIVE",
    "name": "lmp",
    "ntasks": 448,
    "ncores": 448,
    "duration": 0.0,
    "nnodes": 8,
    "ranks": "[0-7]",
    "nodelist": "flux-sample-[0-7]",
    "success": true,
    "exception_occurred": false,
    "result": "COMPLETED",
    "expiration": 4837625631.0,
    "waitstatus": 0,
    "returncode": 0,
    "runtime": 33.09607410430908,
    "exception": {
        "occurred": false,
        "severity": "",
        "type": "",
        "note": ""
    }
}