{
    "id": 9396667023360,
    "userid": 1000,
    "urgency": 16,
    "priority": 16,
    "t_submit": 1684025598.453149,
    "t_depend": 1684025598.4646168,
    "t_run": 1684025598.4958615,
    "t_cleanup": 1684025631.3990898,
    "t_inactive": 1684025631.400914,
    "state": "INACTIVE",
    "name": "lmp",
    "ntasks": 448,
    "ncores": 448,
    "duration": 0.0,
    "nnodes": 8,
    "ranks": "[0-7]",
    "nodelist": "flux-sample-[0-7]",
    "success": true,
    "exception_occurred": false,
    "result": "COMPLETED",
    "expiration": 4837625598.0,
    "waitstatus": 0,
    "returncode": 0,
    "runtime": 32.90322828292847,
    "exception": {
        "occurred": false,
        "severity": "",
        "type": "",
        "note": ""
    }
}