{
    "id": 4950922887168,
    "userid": 1000,
    "urgency": 16,
    "priority": 16,
    "t_submit": 1684025333.4665444,
    "t_depend": 1684025333.4781392,
    "t_run": 1684025333.5098705,
    "t_cleanup": 1684025365.9653237,
    "t_inactive": 1684025365.9674046,
    "state": "INACTIVE",
    "name": "lmp",
    "ntasks": 448,
    "ncores": 448,
    "duration": 0.0,
    "nnodes": 8,
    "ranks": "[0-7]",
    "nodelist": "flux-sample-[0-7]",
    "success": true,
    "exception_occurred": false,
    "result": "COMPLETED",
    "expiration": 4837625333.0,
    "waitstatus": 0,
    "returncode": 0,
    "runtime": 32.45545315742493,
    "exception": {
        "occurred": false,
        "severity": "",
        "type": "",
        "note": ""
    }
}