{
    "id": 949154217984,
    "userid": 1000,
    "urgency": 16,
    "priority": 16,
    "t_submit": 1684112626.3076,
    "t_depend": 1684112626.3191268,
    "t_run": 1684112626.3368406,
    "t_cleanup": 1684112636.056145,
    "t_inactive": 1684112636.057889,
    "state": "INACTIVE",
    "name": "lmp",
    "ntasks": 112,
    "ncores": 112,
    "duration": 0.0,
    "nnodes": 2,
    "ranks": "[0-1]",
    "nodelist": "flux-sample-[6-7]",
    "success": true,
    "exception_occurred": false,
    "result": "COMPLETED",
    "expiration": 4837712626.0,
    "waitstatus": 0,
    "returncode": 0,
    "runtime": 9.719304323196411,
    "exception": {
        "occurred": false,
        "severity": "",
        "type": "",
        "note": ""
    }
}