{
    "id": 1286695026688,
    "userid": 1000,
    "urgency": 16,
    "priority": 16,
    "t_submit": 1684112646.4262352,
    "t_depend": 1684112646.4378421,
    "t_run": 1684112646.4557896,
    "t_cleanup": 1684112656.1439354,
    "t_inactive": 1684112656.145727,
    "state": "INACTIVE",
    "name": "lmp",
    "ntasks": 112,
    "ncores": 112,
    "duration": 0.0,
    "nnodes": 2,
    "ranks": "[0-1]",
    "nodelist": "flux-sample-[6-7]",
    "success": true,
    "exception_occurred": false,
    "result": "COMPLETED",
    "expiration": 4837712646.0,
    "waitstatus": 0,
    "returncode": 0,
    "runtime": 9.688145875930786,
    "exception": {
        "occurred": false,
        "severity": "",
        "type": "",
        "note": ""
    }
}