{
    "id": 2468129800192,
    "userid": 1000,
    "urgency": 16,
    "priority": 16,
    "t_submit": 1684112716.845217,
    "t_depend": 1684112716.8567057,
    "t_run": 1684112716.8746355,
    "t_cleanup": 1684112726.5821693,
    "t_inactive": 1684112726.5841975,
    "state": "INACTIVE",
    "name": "lmp",
    "ntasks": 112,
    "ncores": 112,
    "duration": 0.0,
    "nnodes": 2,
    "ranks": "[0-1]",
    "nodelist": "flux-sample-[6-7]",
    "success": true,
    "exception_occurred": false,
    "result": "COMPLETED",
    "expiration": 4837712716.0,
    "waitstatus": 0,
    "returncode": 0,
    "runtime": 9.707533836364746,
    "exception": {
        "occurred": false,
        "severity": "",
        "type": "",
        "note": ""
    }
}