{
    "id": 1793534722048,
    "userid": 1000,
    "urgency": 16,
    "priority": 16,
    "t_submit": 1684112676.6361046,
    "t_depend": 1684112676.6475506,
    "t_run": 1684112676.665487,
    "t_cleanup": 1684112686.5205908,
    "t_inactive": 1684112686.5223503,
    "state": "INACTIVE",
    "name": "lmp",
    "ntasks": 112,
    "ncores": 112,
    "duration": 0.0,
    "nnodes": 2,
    "ranks": "[0-1]",
    "nodelist": "flux-sample-[6-7]",
    "success": true,
    "exception_occurred": false,
    "result": "COMPLETED",
    "expiration": 4837712676.0,
    "waitstatus": 0,
    "returncode": 0,
    "runtime": 9.855103731155396,
    "exception": {
        "occurred": false,
        "severity": "",
        "type": "",
        "note": ""
    }
}