{
    "id": 431627436032,
    "userid": 1234,
    "urgency": 16,
    "priority": 16,
    "t_submit": 1684197537.306352,
    "t_depend": 1684197537.3177054,
    "t_run": 1684197537.3311508,
    "t_cleanup": 1684197537.5381029,
    "t_inactive": 1684197537.5398686,
    "state": "INACTIVE",
    "name": "hello_cxx",
    "ntasks": 112,
    "ncores": 112,
    "duration": 0.0,
    "nnodes": 2,
    "ranks": "[0-1]",
    "nodelist": "flux-sample-[0-1]",
    "success": true,
    "exception_occurred": false,
    "result": "COMPLETED",
    "expiration": 4837797537.0,
    "waitstatus": 0,
    "returncode": 0,
    "runtime": 0.20695209503173828,
    "exception": {
        "occurred": false,
        "severity": "",
        "type": "",
        "note": ""
    }
}