{
    "id": 442868170752,
    "userid": 1234,
    "urgency": 16,
    "priority": 16,
    "t_submit": 1684197537.9764357,
    "t_depend": 1684197537.9878073,
    "t_run": 1684197538.0014176,
    "t_cleanup": 1684197538.2068703,
    "t_inactive": 1684197538.2086036,
    "state": "INACTIVE",
    "name": "hello_cxx",
    "ntasks": 112,
    "ncores": 112,
    "duration": 0.0,
    "nnodes": 2,
    "ranks": "[0-1]",
    "nodelist": "flux-sample-[0-1]",
    "success": true,
    "exception_occurred": false,
    "result": "COMPLETED",
    "expiration": 4837797537.0,
    "waitstatus": 0,
    "returncode": 0,
    "runtime": 0.20545268058776855,
    "exception": {
        "occurred": false,
        "severity": "",
        "type": "",
        "note": ""
    }
}