{
    "id": 460031262720,
    "userid": 1234,
    "urgency": 16,
    "priority": 16,
    "t_submit": 1684197538.9991014,
    "t_depend": 1684197539.0104709,
    "t_run": 1684197539.0240192,
    "t_cleanup": 1684197539.224844,
    "t_inactive": 1684197539.2265382,
    "state": "INACTIVE",
    "name": "hello_cxx",
    "ntasks": 112,
    "ncores": 112,
    "duration": 0.0,
    "nnodes": 2,
    "ranks": "[0-1]",
    "nodelist": "flux-sample-[0-1]",
    "success": true,
    "exception_occurred": false,
    "result": "COMPLETED",
    "expiration": 4837797539.0,
    "waitstatus": 0,
    "returncode": 0,
    "runtime": 0.20082473754882812,
    "exception": {
        "occurred": false,
        "severity": "",
        "type": "",
        "note": ""
    }
}