{
    "id": 471154556928,
    "userid": 1234,
    "urgency": 16,
    "priority": 16,
    "t_submit": 1684197539.662227,
    "t_depend": 1684197539.6737359,
    "t_run": 1684197539.6874678,
    "t_cleanup": 1684197539.899281,
    "t_inactive": 1684197539.9009886,
    "state": "INACTIVE",
    "name": "hello_cxx",
    "ntasks": 112,
    "ncores": 112,
    "duration": 0.0,
    "nnodes": 2,
    "ranks": "[0-1]",
    "nodelist": "flux-sample-[0-1]",
    "success": true,
    "exception_occurred": false,
    "result": "COMPLETED",
    "expiration": 4837797539.0,
    "waitstatus": 0,
    "returncode": 0,
    "runtime": 0.21181321144104004,
    "exception": {
        "occurred": false,
        "severity": "",
        "type": "",
        "note": ""
    }
}