{
    "id": 414497898496,
    "userid": 1234,
    "urgency": 16,
    "priority": 16,
    "t_submit": 1684197536.2844756,
    "t_depend": 1684197536.2959123,
    "t_run": 1684197536.30953,
    "t_cleanup": 1684197536.5269043,
    "t_inactive": 1684197536.528538,
    "state": "INACTIVE",
    "name": "hello_cxx",
    "ntasks": 112,
    "ncores": 112,
    "duration": 0.0,
    "nnodes": 2,
    "ranks": "[0-1]",
    "nodelist": "flux-sample-[0-1]",
    "success": true,
    "exception_occurred": false,
    "result": "COMPLETED",
    "expiration": 4837797536.0,
    "waitstatus": 0,
    "returncode": 0,
    "runtime": 0.21737432479858398,
    "exception": {
        "occurred": false,
        "severity": "",
        "type": "",
        "note": ""
    }
}