{
    "id": 408793645056,
    "userid": 1234,
    "urgency": 16,
    "priority": 16,
    "t_submit": 1684197535.9450028,
    "t_depend": 1684197535.9566324,
    "t_run": 1684197535.9697757,
    "t_cleanup": 1684197536.1754851,
    "t_inactive": 1684197536.1772234,
    "state": "INACTIVE",
    "name": "hello_cxx",
    "ntasks": 112,
    "ncores": 112,
    "duration": 0.0,
    "nnodes": 2,
    "ranks": "[0-1]",
    "nodelist": "flux-sample-[0-1]",
    "success": true,
    "exception_occurred": false,
    "result": "COMPLETED",
    "expiration": 4837797535.0,
    "waitstatus": 0,
    "returncode": 0,
    "runtime": 0.20570945739746094,
    "exception": {
        "occurred": false,
        "severity": "",
        "type": "",
        "note": ""
    }
}