{
    "id": 454394118144,
    "userid": 1234,
    "urgency": 16,
    "priority": 16,
    "t_submit": 1684197538.6631734,
    "t_depend": 1684197538.67457,
    "t_run": 1684197538.6882458,
    "t_cleanup": 1684197538.8922129,
    "t_inactive": 1684197538.8937054,
    "state": "INACTIVE",
    "name": "hello_cxx",
    "ntasks": 112,
    "ncores": 112,
    "duration": 0.0,
    "nnodes": 2,
    "ranks": "[0-1]",
    "nodelist": "flux-sample-[0-1]",
    "success": true,
    "exception_occurred": false,
    "result": "COMPLETED",
    "expiration": 4837797538.0,
    "waitstatus": 0,
    "returncode": 0,
    "runtime": 0.20396709442138672,
    "exception": {
        "occurred": false,
        "severity": "",
        "type": "",
        "note": ""
    }
}