{
    "id": 517057019904,
    "userid": 1234,
    "urgency": 16,
    "priority": 16,
    "t_submit": 1684197542.3983428,
    "t_depend": 1684197542.4098904,
    "t_run": 1684197542.4234765,
    "t_cleanup": 1684197542.6299767,
    "t_inactive": 1684197542.6316166,
    "state": "INACTIVE",
    "name": "hello_cxx",
    "ntasks": 112,
    "ncores": 112,
    "duration": 0.0,
    "nnodes": 2,
    "ranks": "[0-1]",
    "nodelist": "flux-sample-[0-1]",
    "success": true,
    "exception_occurred": false,
    "result": "COMPLETED",
    "expiration": 4837797542.0,
    "waitstatus": 0,
    "returncode": 0,
    "runtime": 0.20650029182434082,
    "exception": {
        "occurred": false,
        "severity": "",
        "type": "",
        "note": ""
    }
}