{
    "id": 476909142016,
    "userid": 1234,
    "urgency": 16,
    "priority": 16,
    "t_submit": 1684197540.0048773,
    "t_depend": 1684197540.016197,
    "t_run": 1684197540.0297754,
    "t_cleanup": 1684197540.2371056,
    "t_inactive": 1684197540.2386568,
    "state": "INACTIVE",
    "name": "hello_cxx",
    "ntasks": 112,
    "ncores": 112,
    "duration": 0.0,
    "nnodes": 2,
    "ranks": "[0-1]",
    "nodelist": "flux-sample-[0-1]",
    "success": true,
    "exception_occurred": false,
    "result": "COMPLETED",
    "expiration": 4837797540.0,
    "waitstatus": 0,
    "returncode": 0,
    "runtime": 0.20733022689819336,
    "exception": {
        "occurred": false,
        "severity": "",
        "type": "",
        "note": ""
    }
}