{
    "id": 302795194368,
    "userid": 1000,
    "urgency": 16,
    "priority": 16,
    "t_submit": 1684112502.9632852,
    "t_depend": 1684112502.975001,
    "t_run": 1684112502.9926548,
    "t_cleanup": 1684112503.2082589,
    "t_inactive": 1684112503.2097054,
    "state": "INACTIVE",
    "name": "hostname",
    "ntasks": 112,
    "ncores": 112,
    "duration": 0.0,
    "nnodes": 2,
    "ranks": "[0-1]",
    "nodelist": "flux-sample-[6-7]",
    "success": true,
    "exception_occurred": false,
    "result": "COMPLETED",
    "expiration": 4837712502.0,
    "waitstatus": 0,
    "returncode": 0,
    "runtime": 0.21560406684875488,
    "exception": {
        "occurred": false,
        "severity": "",
        "type": "",
        "note": ""
    }
}