{
    "id": 283786608640,
    "userid": 1000,
    "urgency": 16,
    "priority": 16,
    "t_submit": 1684112501.8302293,
    "t_depend": 1684112501.8416083,
    "t_run": 1684112501.8595264,
    "t_cleanup": 1684112502.0819893,
    "t_inactive": 1684112502.0834732,
    "state": "INACTIVE",
    "name": "hostname",
    "ntasks": 112,
    "ncores": 112,
    "duration": 0.0,
    "nnodes": 2,
    "ranks": "[0-1]",
    "nodelist": "flux-sample-[6-7]",
    "success": true,
    "exception_occurred": false,
    "result": "COMPLETED",
    "expiration": 4837712501.0,
    "waitstatus": 0,
    "returncode": 0,
    "runtime": 0.22246289253234863,
    "exception": {
        "occurred": false,
        "severity": "",
        "type": "",
        "note": ""
    }
}