{
    "id": 219294990336,
    "userid": 1000,
    "urgency": 16,
    "priority": 16,
    "t_submit": 1684112497.9861586,
    "t_depend": 1684112497.9977827,
    "t_run": 1684112498.0151858,
    "t_cleanup": 1684112498.2320704,
    "t_inactive": 1684112498.2335474,
    "state": "INACTIVE",
    "name": "hostname",
    "ntasks": 112,
    "ncores": 112,
    "duration": 0.0,
    "nnodes": 2,
    "ranks": "[0-1]",
    "nodelist": "flux-sample-[6-7]",
    "success": true,
    "exception_occurred": false,
    "result": "COMPLETED",
    "expiration": 4837712498.0,
    "waitstatus": 0,
    "returncode": 0,
    "runtime": 0.21688461303710938,
    "exception": {
        "occurred": false,
        "severity": "",
        "type": "",
        "note": ""
    }
}