{
    "id": 192921206784,
    "userid": 1000,
    "urgency": 16,
    "priority": 16,
    "t_submit": 1684112496.4143224,
    "t_depend": 1684112496.4261103,
    "t_run": 1684112496.4466505,
    "t_cleanup": 1684112496.7055693,
    "t_inactive": 1684112496.7069356,
    "state": "INACTIVE",
    "name": "hostname",
    "ntasks": 112,
    "ncores": 112,
    "duration": 0.0,
    "nnodes": 2,
    "ranks": "[0-1]",
    "nodelist": "flux-sample-[6-7]",
    "success": true,
    "exception_occurred": false,
    "result": "COMPLETED",
    "expiration": 4837712496.0,
    "waitstatus": 0,
    "returncode": 0,
    "runtime": 0.25891876220703125,
    "exception": {
        "occurred": false,
        "severity": "",
        "type": "",
        "note": ""
    }
}