{
    "id": 309153759232,
    "userid": 1000,
    "urgency": 16,
    "priority": 16,
    "t_submit": 1684112503.342356,
    "t_depend": 1684112503.3538134,
    "t_run": 1684112503.3715596,
    "t_cleanup": 1684112503.5927126,
    "t_inactive": 1684112503.5943067,
    "state": "INACTIVE",
    "name": "hostname",
    "ntasks": 112,
    "ncores": 112,
    "duration": 0.0,
    "nnodes": 2,
    "ranks": "[0-1]",
    "nodelist": "flux-sample-[6-7]",
    "success": true,
    "exception_occurred": false,
    "result": "COMPLETED",
    "expiration": 4837712503.0,
    "waitstatus": 0,
    "returncode": 0,
    "runtime": 0.22115302085876465,
    "exception": {
        "occurred": false,
        "severity": "",
        "type": "",
        "note": ""
    }
}