{
    "id": 270851375104,
    "userid": 1000,
    "urgency": 16,
    "priority": 16,
    "t_submit": 1684112501.0591264,
    "t_depend": 1684112501.0704794,
    "t_run": 1684112501.0877044,
    "t_cleanup": 1684112501.313602,
    "t_inactive": 1684112501.315079,
    "state": "INACTIVE",
    "name": "hostname",
    "ntasks": 112,
    "ncores": 112,
    "duration": 0.0,
    "nnodes": 2,
    "ranks": "[0-1]",
    "nodelist": "flux-sample-[6-7]",
    "success": true,
    "exception_occurred": false,
    "result": "COMPLETED",
    "expiration": 4837712501.0,
    "waitstatus": 0,
    "returncode": 0,
    "runtime": 0.22589755058288574,
    "exception": {
        "occurred": false,
        "severity": "",
        "type": "",
        "note": ""
    }
}