{
    "id": 206477197312,
    "userid": 1000,
    "urgency": 16,
    "priority": 16,
    "t_submit": 1684112497.2220979,
    "t_depend": 1684112497.2337356,
    "t_run": 1684112497.2515254,
    "t_cleanup": 1684112497.4694023,
    "t_inactive": 1684112497.470865,
    "state": "INACTIVE",
    "name": "hostname",
    "ntasks": 112,
    "ncores": 112,
    "duration": 0.0,
    "nnodes": 2,
    "ranks": "[0-1]",
    "nodelist": "flux-sample-[6-7]",
    "success": true,
    "exception_occurred": false,
    "result": "COMPLETED",
    "expiration": 4837712497.0,
    "waitstatus": 0,
    "returncode": 0,
    "runtime": 0.21787691116333008,
    "exception": {
        "occurred": false,
        "severity": "",
        "type": "",
        "note": ""
    }
}