{
    "id": 376010964992,
    "userid": 1000,
    "urgency": 16,
    "priority": 16,
    "t_submit": 1684112507.3277452,
    "t_depend": 1684112507.3393655,
    "t_run": 1684112507.356681,
    "t_cleanup": 1684112507.5497227,
    "t_inactive": 1684112507.5511534,
    "state": "INACTIVE",
    "name": "hostname",
    "ntasks": 112,
    "ncores": 112,
    "duration": 0.0,
    "nnodes": 2,
    "ranks": "[0-1]",
    "nodelist": "flux-sample-[6-7]",
    "success": true,
    "exception_occurred": false,
    "result": "COMPLETED",
    "expiration": 4837712507.0,
    "waitstatus": 0,
    "returncode": 0,
    "runtime": 0.19304156303405762,
    "exception": {
        "occurred": false,
        "severity": "",
        "type": "",
        "note": ""
    }
}