{
    "id": 393408937984,
    "userid": 1000,
    "urgency": 16,
    "priority": 16,
    "t_submit": 1684112508.3650155,
    "t_depend": 1684112508.3766263,
    "t_run": 1684112508.3945441,
    "t_cleanup": 1684112508.5803106,
    "t_inactive": 1684112508.581748,
    "state": "INACTIVE",
    "name": "hostname",
    "ntasks": 112,
    "ncores": 112,
    "duration": 0.0,
    "nnodes": 2,
    "ranks": "[0-1]",
    "nodelist": "flux-sample-[6-7]",
    "success": true,
    "exception_occurred": false,
    "result": "COMPLETED",
    "expiration": 4837712508.0,
    "waitstatus": 0,
    "returncode": 0,
    "runtime": 0.18576645851135254,
    "exception": {
        "occurred": false,
        "severity": "",
        "type": "",
        "note": ""
    }
}