{
    "id": 2128944824320,
    "userid": 1000,
    "urgency": 16,
    "priority": 16,
    "t_submit": 1684112696.6289036,
    "t_depend": 1684112696.6405156,
    "t_run": 1684112696.6586323,
    "t_cleanup": 1684112706.5551946,
    "t_inactive": 1684112706.5571866,
    "state": "INACTIVE",
    "name": "lmp",
    "ntasks": 112,
    "ncores": 112,
    "duration": 0.0,
    "nnodes": 2,
    "ranks": "[0-1]",
    "nodelist": "flux-sample-[6-7]",
    "success": true,
    "exception_occurred": false,
    "result": "COMPLETED",
    "expiration": 4837712696.0,
    "waitstatus": 0,
    "returncode": 0,
    "runtime": 9.896562337875366,
    "exception": {
        "occurred": false,
        "severity": "",
        "type": "",
        "note": ""
    }
}