{
    "id": 2300139536384,
    "userid": 1000,
    "urgency": 16,
    "priority": 16,
    "t_submit": 1684112706.8322077,
    "t_depend": 1684112706.8438969,
    "t_run": 1684112706.8620882,
    "t_cleanup": 1684112716.5674782,
    "t_inactive": 1684112716.569073,
    "state": "INACTIVE",
    "name": "lmp",
    "ntasks": 112,
    "ncores": 112,
    "duration": 0.0,
    "nnodes": 2,
    "ranks": "[0-1]",
    "nodelist": "flux-sample-[6-7]",
    "success": true,
    "exception_occurred": false,
    "result": "COMPLETED",
    "expiration": 4837712706.0,
    "waitstatus": 0,
    "returncode": 0,
    "runtime": 9.705389976501465,
    "exception": {
        "occurred": false,
        "severity": "",
        "type": "",
        "note": ""
    }
}