{
    "id": 779754668032,
    "userid": 1000,
    "urgency": 16,
    "priority": 16,
    "t_submit": 1684112616.21038,
    "t_depend": 1684112616.221882,
    "t_run": 1684112616.2400367,
    "t_cleanup": 1684112626.0283127,
    "t_inactive": 1684112626.0298865,
    "state": "INACTIVE",
    "name": "lmp",
    "ntasks": 112,
    "ncores": 112,
    "duration": 0.0,
    "nnodes": 2,
    "ranks": "[0-1]",
    "nodelist": "flux-sample-[6-7]",
    "success": true,
    "exception_occurred": false,
    "result": "COMPLETED",
    "expiration": 4837712616.0,
    "waitstatus": 0,
    "returncode": 0,
    "runtime": 9.788275957107544,
    "exception": {
        "occurred": false,
        "severity": "",
        "type": "",
        "note": ""
    }
}