{
    "id": 1963974459392,
    "userid": 1000,
    "urgency": 16,
    "priority": 16,
    "t_submit": 1684112686.796092,
    "t_depend": 1684112686.8077598,
    "t_run": 1684112686.825952,
    "t_cleanup": 1684112696.3515992,
    "t_inactive": 1684112696.3535864,
    "state": "INACTIVE",
    "name": "lmp",
    "ntasks": 112,
    "ncores": 112,
    "duration": 0.0,
    "nnodes": 2,
    "ranks": "[0-1]",
    "nodelist": "flux-sample-[6-7]",
    "success": true,
    "exception_occurred": false,
    "result": "COMPLETED",
    "expiration": 4837712686.0,
    "waitstatus": 0,
    "returncode": 0,
    "runtime": 9.525647163391113,
    "exception": {
        "occurred": false,
        "severity": "",
        "type": "",
        "note": ""
    }
}