{
    "id": 7706043744256,
    "userid": 1000,
    "urgency": 16,
    "priority": 16,
    "t_submit": 1690054197.4641314,
    "t_depend": 1690054197.4757202,
    "t_run": 1690054197.4935932,
    "t_cleanup": 1690054207.4805324,
    "t_inactive": 1690054207.4821942,
    "state": "INACTIVE",
    "name": "lmp",
    "ntasks": 112,
    "ncores": 112,
    "duration": 0.0,
    "nnodes": 2,
    "ranks": "[0-1]",
    "nodelist": "flux-sample-[62-63]",
    "success": true,
    "exception_occurred": false,
    "result": "COMPLETED",
    "expiration": 4843654197.0,
    "waitstatus": 0,
    "returncode": 0,
    "runtime": 9.986939191818237,
    "exception": {
        "occurred": false,
        "severity": "",
        "type": "",
        "note": ""
    }
}