{
    "id": 8572620505088,
    "userid": 1000,
    "urgency": 16,
    "priority": 16,
    "t_submit": 1690054249.1158376,
    "t_depend": 1690054249.1274083,
    "t_run": 1690054249.1455348,
    "t_cleanup": 1690054259.0707505,
    "t_inactive": 1690054259.072703,
    "state": "INACTIVE",
    "name": "lmp",
    "ntasks": 112,
    "ncores": 112,
    "duration": 0.0,
    "nnodes": 2,
    "ranks": "[0-1]",
    "nodelist": "flux-sample-[62-63]",
    "success": true,
    "exception_occurred": false,
    "result": "COMPLETED",
    "expiration": 4843654249.0,
    "waitstatus": 0,
    "returncode": 0,
    "runtime": 9.925215721130371,
    "exception": {
        "occurred": false,
        "severity": "",
        "type": "",
        "note": ""
    }
}