{
    "id": 8225197916160,
    "userid": 1000,
    "urgency": 16,
    "priority": 16,
    "t_submit": 1690054228.4080746,
    "t_depend": 1690054228.4197721,
    "t_run": 1690054228.4382806,
    "t_cleanup": 1690054238.4904451,
    "t_inactive": 1690054238.4923773,
    "state": "INACTIVE",
    "name": "lmp",
    "ntasks": 112,
    "ncores": 112,
    "duration": 0.0,
    "nnodes": 2,
    "ranks": "[0-1]",
    "nodelist": "flux-sample-[62-63]",
    "success": true,
    "exception_occurred": false,
    "result": "COMPLETED",
    "expiration": 4843654228.0,
    "waitstatus": 0,
    "returncode": 0,
    "runtime": 10.052164554595947,
    "exception": {
        "occurred": false,
        "severity": "",
        "type": "",
        "note": ""
    }
}