{
    "id": 9263187492864,
    "userid": 1000,
    "urgency": 16,
    "priority": 16,
    "t_submit": 1690054290.2772098,
    "t_depend": 1690054290.289037,
    "t_run": 1690054290.3068197,
    "t_cleanup": 1690054300.1561892,
    "t_inactive": 1690054300.1583638,
    "state": "INACTIVE",
    "name": "lmp",
    "ntasks": 112,
    "ncores": 112,
    "duration": 0.0,
    "nnodes": 2,
    "ranks": "[0-1]",
    "nodelist": "flux-sample-[62-63]",
    "success": true,
    "exception_occurred": false,
    "result": "COMPLETED",
    "expiration": 4843654290.0,
    "waitstatus": 0,
    "returncode": 0,
    "runtime": 9.849369525909424,
    "exception": {
        "occurred": false,
        "severity": "",
        "type": "",
        "note": ""
    }
}