{
    "id": 9769909747712,
    "userid": 1000,
    "urgency": 16,
    "priority": 16,
    "t_submit": 1690054320.4797456,
    "t_depend": 1690054320.4914632,
    "t_run": 1690054320.5094674,
    "t_cleanup": 1690054330.2596571,
    "t_inactive": 1690054330.2619045,
    "state": "INACTIVE",
    "name": "lmp",
    "ntasks": 112,
    "ncores": 112,
    "duration": 0.0,
    "nnodes": 2,
    "ranks": "[0-1]",
    "nodelist": "flux-sample-[62-63]",
    "success": true,
    "exception_occurred": false,
    "result": "COMPLETED",
    "expiration": 4843654320.0,
    "waitstatus": 0,
    "returncode": 0,
    "runtime": 9.750189781188965,
    "exception": {
        "occurred": false,
        "severity": "",
        "type": "",
        "note": ""
    }
}