{
    "id": 9433576898560,
    "userid": 1000,
    "urgency": 16,
    "priority": 16,
    "t_submit": 1690054300.4330797,
    "t_depend": 1690054300.4446902,
    "t_run": 1690054300.4629517,
    "t_cleanup": 1690054310.1770985,
    "t_inactive": 1690054310.1791482,
    "state": "INACTIVE",
    "name": "lmp",
    "ntasks": 112,
    "ncores": 112,
    "duration": 0.0,
    "nnodes": 2,
    "ranks": "[0-1]",
    "nodelist": "flux-sample-[62-63]",
    "success": true,
    "exception_occurred": false,
    "result": "COMPLETED",
    "expiration": 4843654300.0,
    "waitstatus": 0,
    "returncode": 0,
    "runtime": 9.714146852493286,
    "exception": {
        "occurred": false,
        "severity": "",
        "type": "",
        "note": ""
    }
}