{
    "id": 9601667825664,
    "userid": 1000,
    "urgency": 16,
    "priority": 16,
    "t_submit": 1690054310.4519126,
    "t_depend": 1690054310.4636455,
    "t_run": 1690054310.4821248,
    "t_cleanup": 1690054320.1986268,
    "t_inactive": 1690054320.20055,
    "state": "INACTIVE",
    "name": "lmp",
    "ntasks": 112,
    "ncores": 112,
    "duration": 0.0,
    "nnodes": 2,
    "ranks": "[0-1]",
    "nodelist": "flux-sample-[62-63]",
    "success": true,
    "exception_occurred": false,
    "result": "COMPLETED",
    "expiration": 4843654310.0,
    "waitstatus": 0,
    "returncode": 0,
    "runtime": 9.716501951217651,
    "exception": {
        "occurred": false,
        "severity": "",
        "type": "",
        "note": ""
    }
}