{
    "id": 7188617625600,
    "userid": 1000,
    "urgency": 16,
    "priority": 16,
    "t_submit": 1690054166.622627,
    "t_depend": 1690054166.6340904,
    "t_run": 1690054166.6521032,
    "t_cleanup": 1690054176.6855576,
    "t_inactive": 1690054176.6870823,
    "state": "INACTIVE",
    "name": "lmp",
    "ntasks": 112,
    "ncores": 112,
    "duration": 0.0,
    "nnodes": 2,
    "ranks": "[0-1]",
    "nodelist": "flux-sample-[62-63]",
    "success": true,
    "exception_occurred": false,
    "result": "COMPLETED",
    "expiration": 4843654166.0,
    "waitstatus": 0,
    "returncode": 0,
    "runtime": 10.033454418182373,
    "exception": {
        "occurred": false,
        "severity": "",
        "type": "",
        "note": ""
    }
}