{
    "id": 9938621431808,
    "userid": 1000,
    "urgency": 16,
    "priority": 16,
    "t_submit": 1690054330.5361779,
    "t_depend": 1690054330.5477412,
    "t_run": 1690054330.5659444,
    "t_cleanup": 1690054340.4572778,
    "t_inactive": 1690054340.4593413,
    "state": "INACTIVE",
    "name": "lmp",
    "ntasks": 112,
    "ncores": 112,
    "duration": 0.0,
    "nnodes": 2,
    "ranks": "[0-1]",
    "nodelist": "flux-sample-[62-63]",
    "success": true,
    "exception_occurred": false,
    "result": "COMPLETED",
    "expiration": 4843654330.0,
    "waitstatus": 0,
    "returncode": 0,
    "runtime": 9.89133334159851,
    "exception": {
        "occurred": false,
        "severity": "",
        "type": "",
        "note": ""
    }
}