{
    "id": 7362094039040,
    "userid": 1000,
    "urgency": 16,
    "priority": 16,
    "t_submit": 1690054176.962689,
    "t_depend": 1690054176.9740157,
    "t_run": 1690054176.9919403,
    "t_cleanup": 1690054186.9803972,
    "t_inactive": 1690054186.9822443,
    "state": "INACTIVE",
    "name": "lmp",
    "ntasks": 112,
    "ncores": 112,
    "duration": 0.0,
    "nnodes": 2,
    "ranks": "[0-1]",
    "nodelist": "flux-sample-[62-63]",
    "success": true,
    "exception_occurred": false,
    "result": "COMPLETED",
    "expiration": 4843654176.0,
    "waitstatus": 0,
    "returncode": 0,
    "runtime": 9.988456964492798,
    "exception": {
        "occurred": false,
        "severity": "",
        "type": "",
        "note": ""
    }
}