{
    "id": 9091103588352,
    "userid": 1000,
    "urgency": 16,
    "priority": 16,
    "t_submit": 1690054280.0202906,
    "t_depend": 1690054280.032048,
    "t_run": 1690054280.0499284,
    "t_cleanup": 1690054289.9970567,
    "t_inactive": 1690054289.9989123,
    "state": "INACTIVE",
    "name": "lmp",
    "ntasks": 112,
    "ncores": 112,
    "duration": 0.0,
    "nnodes": 2,
    "ranks": "[0-1]",
    "nodelist": "flux-sample-[62-63]",
    "success": true,
    "exception_occurred": false,
    "result": "COMPLETED",
    "expiration": 4843654280.0,
    "waitstatus": 0,
    "returncode": 0,
    "runtime": 9.947128295898438,
    "exception": {
        "occurred": false,
        "severity": "",
        "type": "",
        "note": ""
    }
}