{
    "id": 7534798700544,
    "userid": 1000,
    "urgency": 16,
    "priority": 16,
    "t_submit": 1690054187.2571166,
    "t_depend": 1690054187.2689044,
    "t_run": 1690054187.2868643,
    "t_cleanup": 1690054197.1854935,
    "t_inactive": 1690054197.1870394,
    "state": "INACTIVE",
    "name": "lmp",
    "ntasks": 112,
    "ncores": 112,
    "duration": 0.0,
    "nnodes": 2,
    "ranks": "[0-1]",
    "nodelist": "flux-sample-[62-63]",
    "success": true,
    "exception_occurred": false,
    "result": "COMPLETED",
    "expiration": 4843654187.0,
    "waitstatus": 0,
    "returncode": 0,
    "runtime": 9.898629188537598,
    "exception": {
        "occurred": false,
        "severity": "",
        "type": "",
        "note": ""
    }
}