{
    "id": 10530622275584,
    "userid": 1000,
    "urgency": 16,
    "priority": 16,
    "t_submit": 1689462423.229368,
    "t_depend": 1689462423.229368,
    "t_run": 1689462423.2748163,
    "t_cleanup": 1689462508.298676,
    "t_inactive": 1689462508.3001692,
    "state": "INACTIVE",
    "name": "lmp",
    "ntasks": 768,
    "duration": 0.0,
    "nnodes": 12,
    "ranks": "[0-11]",
    "nodelist": "flux-sample-[0-11]",
    "success": true,
    "exception_occurred": false,
    "result": "COMPLETED",
    "expiration": 4843062423.0,
    "waitstatus": 0,
    "returncode": 0,
    "runtime": 85.02385973930359,
    "exception": {
        "occurred": false,
        "severity": "",
        "type": "",
        "note": ""
    }
}