{
    "id": 35356774760448,
    "userid": 1000,
    "urgency": 16,
    "priority": 16,
    "t_submit": 1689463902.9836614,
    "t_depend": 1689463902.9836614,
    "t_run": 1689463903.0294645,
    "t_cleanup": 1689463988.3942122,
    "t_inactive": 1689463988.3957398,
    "state": "INACTIVE",
    "name": "lmp",
    "ntasks": 768,
    "duration": 0.0,
    "nnodes": 12,
    "ranks": "[0-11]",
    "nodelist": "flux-sample-[0-11]",
    "success": true,
    "exception_occurred": false,
    "result": "COMPLETED",
    "expiration": 4843063902.0,
    "waitstatus": 0,
    "returncode": 0,
    "runtime": 85.36474776268005,
    "exception": {
        "occurred": false,
        "severity": "",
        "type": "",
        "note": ""
    }
}