{
    "id": 19155721912320,
    "userid": 1000,
    "urgency": 16,
    "priority": 16,
    "t_submit": 1689462937.3251665,
    "t_depend": 1689462937.3251665,
    "t_run": 1689462937.370591,
    "t_cleanup": 1689463022.5253565,
    "t_inactive": 1689463022.5268226,
    "state": "INACTIVE",
    "name": "lmp",
    "ntasks": 768,
    "duration": 0.0,
    "nnodes": 12,
    "ranks": "[0-11]",
    "nodelist": "flux-sample-[0-11]",
    "success": true,
    "exception_occurred": false,
    "result": "COMPLETED",
    "expiration": 4843062937.0,
    "waitstatus": 0,
    "returncode": 0,
    "runtime": 85.15476560592651,
    "exception": {
        "occurred": false,
        "severity": "",
        "type": "",
        "note": ""
    }
}