{
    "id": 14843071430656,
    "userid": 1000,
    "urgency": 16,
    "priority": 16,
    "t_submit": 1689462680.271396,
    "t_depend": 1689462680.271396,
    "t_run": 1689462680.3167102,
    "t_cleanup": 1689462765.6271238,
    "t_inactive": 1689462765.6286335,
    "state": "INACTIVE",
    "name": "lmp",
    "ntasks": 768,
    "duration": 0.0,
    "nnodes": 12,
    "ranks": "[0-11]",
    "nodelist": "flux-sample-[0-11]",
    "success": true,
    "exception_occurred": false,
    "result": "COMPLETED",
    "expiration": 4843062680.0,
    "waitstatus": 0,
    "returncode": 0,
    "runtime": 85.31041359901428,
    "exception": {
        "occurred": false,
        "severity": "",
        "type": "",
        "note": ""
    }
}