{
    "id": 11962893205504,
    "userid": 1000,
    "urgency": 16,
    "priority": 16,
    "t_submit": 1689462508.5989416,
    "t_depend": 1689462508.5989416,
    "t_run": 1689462508.6442797,
    "t_cleanup": 1689462594.200342,
    "t_inactive": 1689462594.201866,
    "state": "INACTIVE",
    "name": "lmp",
    "ntasks": 768,
    "duration": 0.0,
    "nnodes": 12,
    "ranks": "[0-11]",
    "nodelist": "flux-sample-[0-11]",
    "success": true,
    "exception_occurred": false,
    "result": "COMPLETED",
    "expiration": 4843062508.0,
    "waitstatus": 0,
    "returncode": 0,
    "runtime": 85.5560622215271,
    "exception": {
        "occurred": false,
        "severity": "",
        "type": "",
        "note": ""
    }
}