{
    "id": 28176747069440,
    "userid": 1000,
    "urgency": 16,
    "priority": 16,
    "t_submit": 1689463475.0199344,
    "t_depend": 1689463475.0199344,
    "t_run": 1689463475.065386,
    "t_cleanup": 1689463560.6684952,
    "t_inactive": 1689463560.6701016,
    "state": "INACTIVE",
    "name": "lmp",
    "ntasks": 768,
    "duration": 0.0,
    "nnodes": 12,
    "ranks": "[0-11]",
    "nodelist": "flux-sample-[0-11]",
    "success": true,
    "exception_occurred": false,
    "result": "COMPLETED",
    "expiration": 4843063475.0,
    "waitstatus": 0,
    "returncode": 0,
    "runtime": 85.60310912132263,
    "exception": {
        "occurred": false,
        "severity": "",
        "type": "",
        "note": ""
    }
}