{
    "id": 29618715230208,
    "userid": 1000,
    "urgency": 16,
    "priority": 16,
    "t_submit": 1689463560.9685147,
    "t_depend": 1689463560.9685147,
    "t_run": 1689463561.0141,
    "t_cleanup": 1689463646.0804508,
    "t_inactive": 1689463646.0819943,
    "state": "INACTIVE",
    "name": "lmp",
    "ntasks": 768,
    "duration": 0.0,
    "nnodes": 12,
    "ranks": "[0-11]",
    "nodelist": "flux-sample-[0-11]",
    "success": true,
    "exception_occurred": false,
    "result": "COMPLETED",
    "expiration": 4843063560.0,
    "waitstatus": 0,
    "returncode": 0,
    "runtime": 85.06635069847107,
    "exception": {
        "occurred": false,
        "severity": "",
        "type": "",
        "note": ""
    }
}