{
    "id": 23865472319488,
    "userid": 1000,
    "urgency": 16,
    "priority": 16,
    "t_submit": 1689463218.047756,
    "t_depend": 1689463218.047756,
    "t_run": 1689463218.09321,
    "t_cleanup": 1689463303.6302047,
    "t_inactive": 1689463303.6317081,
    "state": "INACTIVE",
    "name": "lmp",
    "ntasks": 768,
    "duration": 0.0,
    "nnodes": 12,
    "ranks": "[0-11]",
    "nodelist": "flux-sample-[0-11]",
    "success": true,
    "exception_occurred": false,
    "result": "COMPLETED",
    "expiration": 4843063218.0,
    "waitstatus": 0,
    "returncode": 0,
    "runtime": 85.53699469566345,
    "exception": {
        "occurred": false,
        "severity": "",
        "type": "",
        "note": ""
    }
}