{
    "id": 9094442254336,
    "userid": 1000,
    "urgency": 16,
    "priority": 16,
    "t_submit": 1689462337.6257346,
    "t_depend": 1689462337.6257346,
    "t_run": 1689462337.6709425,
    "t_cleanup": 1689462422.9310338,
    "t_inactive": 1689462422.932526,
    "state": "INACTIVE",
    "name": "lmp",
    "ntasks": 768,
    "duration": 0.0,
    "nnodes": 12,
    "ranks": "[0-11]",
    "nodelist": "flux-sample-[0-11]",
    "success": true,
    "exception_occurred": false,
    "result": "COMPLETED",
    "expiration": 4843062337.0,
    "waitstatus": 0,
    "returncode": 0,
    "runtime": 85.26009130477905,
    "exception": {
        "occurred": false,
        "severity": "",
        "type": "",
        "note": ""
    }
}