{
    "id": 26739124207616,
    "userid": 1000,
    "urgency": 16,
    "priority": 16,
    "t_submit": 1689463389.3314888,
    "t_depend": 1689463389.3314888,
    "t_run": 1689463389.3770792,
    "t_cleanup": 1689463474.6269467,
    "t_inactive": 1689463474.6285217,
    "state": "INACTIVE",
    "name": "lmp",
    "ntasks": 768,
    "duration": 0.0,
    "nnodes": 12,
    "ranks": "[0-11]",
    "nodelist": "flux-sample-[0-11]",
    "success": true,
    "exception_occurred": false,
    "result": "COMPLETED",
    "expiration": 4843063389.0,
    "waitstatus": 0,
    "returncode": 0,
    "runtime": 85.24986743927002,
    "exception": {
        "occurred": false,
        "severity": "",
        "type": "",
        "note": ""
    }
}