{
    "id": 7667674251264,
    "userid": 1000,
    "urgency": 16,
    "priority": 16,
    "t_submit": 1689462252.5839746,
    "t_depend": 1689462252.5839746,
    "t_run": 1689462252.629266,
    "t_cleanup": 1689462337.3265042,
    "t_inactive": 1689462337.3280146,
    "state": "INACTIVE",
    "name": "lmp",
    "ntasks": 768,
    "duration": 0.0,
    "nnodes": 12,
    "ranks": "[0-11]",
    "nodelist": "flux-sample-[0-11]",
    "success": true,
    "exception_occurred": false,
    "result": "COMPLETED",
    "expiration": 4843062252.0,
    "waitstatus": 0,
    "returncode": 0,
    "runtime": 84.6972382068634,
    "exception": {
        "occurred": false,
        "severity": "",
        "type": "",
        "note": ""
    }
}