{
    "id": 25306299629568,
    "userid": 1000,
    "urgency": 16,
    "priority": 16,
    "t_submit": 1689463303.9277568,
    "t_depend": 1689463303.9277568,
    "t_run": 1689463303.973294,
    "t_cleanup": 1689463389.0310621,
    "t_inactive": 1689463389.0327003,
    "state": "INACTIVE",
    "name": "lmp",
    "ntasks": 768,
    "duration": 0.0,
    "nnodes": 12,
    "ranks": "[0-11]",
    "nodelist": "flux-sample-[0-11]",
    "success": true,
    "exception_occurred": false,
    "result": "COMPLETED",
    "expiration": 4843063303.0,
    "waitstatus": 0,
    "returncode": 0,
    "runtime": 85.05776810646057,
    "exception": {
        "occurred": false,
        "severity": "",
        "type": "",
        "note": ""
    }
}