{
    "id": 1010894372864,
    "userid": 1234,
    "urgency": 16,
    "priority": 16,
    "t_submit": 1684197571.8333857,
    "t_depend": 1684197571.844911,
    "t_run": 1684197571.8588762,
    "t_cleanup": 1684197572.4458585,
    "t_inactive": 1684197572.4475229,
    "state": "INACTIVE",
    "name": "connectivity_c",
    "ntasks": 112,
    "ncores": 112,
    "duration": 0.0,
    "nnodes": 2,
    "ranks": "[0-1]",
    "nodelist": "flux-sample-[0-1]",
    "success": true,
    "exception_occurred": false,
    "result": "COMPLETED",
    "expiration": 4837797571.0,
    "waitstatus": 0,
    "returncode": 0,
    "runtime": 0.586982250213623,
    "exception": {
        "occurred": false,
        "severity": "",
        "type": "",
        "note": ""
    }
}