{
    "id": 939574427648,
    "userid": 1234,
    "urgency": 16,
    "priority": 16,
    "t_submit": 1684197567.581692,
    "t_depend": 1684197567.5963583,
    "t_run": 1684197567.6105433,
    "t_cleanup": 1684197568.1925447,
    "t_inactive": 1684197568.1943352,
    "state": "INACTIVE",
    "name": "connectivity_c",
    "ntasks": 112,
    "ncores": 112,
    "duration": 0.0,
    "nnodes": 2,
    "ranks": "[0-1]",
    "nodelist": "flux-sample-[0-1]",
    "success": true,
    "exception_occurred": false,
    "result": "COMPLETED",
    "expiration": 4837797567.0,
    "waitstatus": 0,
    "returncode": 0,
    "runtime": 0.5820014476776123,
    "exception": {
        "occurred": false,
        "severity": "",
        "type": "",
        "note": ""
    }
}