{
    "id": 963666509824,
    "userid": 1234,
    "urgency": 16,
    "priority": 16,
    "t_submit": 1684197569.0179455,
    "t_depend": 1684197569.0294178,
    "t_run": 1684197569.043506,
    "t_cleanup": 1684197569.7594833,
    "t_inactive": 1684197569.7625635,
    "state": "INACTIVE",
    "name": "connectivity_c",
    "ntasks": 112,
    "ncores": 112,
    "duration": 0.0,
    "nnodes": 2,
    "ranks": "[0-1]",
    "nodelist": "flux-sample-[0-1]",
    "success": true,
    "exception_occurred": false,
    "result": "COMPLETED",
    "expiration": 4837797569.0,
    "waitstatus": 0,
    "returncode": 0,
    "runtime": 0.7159774303436279,
    "exception": {
        "occurred": false,
        "severity": "",
        "type": "",
        "note": ""
    }
}