{
    "id": 1046210412544,
    "userid": 1234,
    "urgency": 16,
    "priority": 16,
    "t_submit": 1684197573.9377124,
    "t_depend": 1684197573.949317,
    "t_run": 1684197573.9633315,
    "t_cleanup": 1684197574.531136,
    "t_inactive": 1684197574.5330644,
    "state": "INACTIVE",
    "name": "connectivity_c",
    "ntasks": 112,
    "ncores": 112,
    "duration": 0.0,
    "nnodes": 2,
    "ranks": "[0-1]",
    "nodelist": "flux-sample-[0-1]",
    "success": true,
    "exception_occurred": false,
    "result": "COMPLETED",
    "expiration": 4837797573.0,
    "waitstatus": 0,
    "returncode": 0,
    "runtime": 0.5678045749664307,
    "exception": {
        "occurred": false,
        "severity": "",
        "type": "",
        "note": ""
    }
}