{
    "id": 879042232320,
    "userid": 1234,
    "urgency": 16,
    "priority": 16,
    "t_submit": 1684197563.9742055,
    "t_depend": 1684197563.9856172,
    "t_run": 1684197563.9996138,
    "t_cleanup": 1684197564.6225035,
    "t_inactive": 1684197564.624137,
    "state": "INACTIVE",
    "name": "connectivity_c",
    "ntasks": 112,
    "ncores": 112,
    "duration": 0.0,
    "nnodes": 2,
    "ranks": "[0-1]",
    "nodelist": "flux-sample-[0-1]",
    "success": true,
    "exception_occurred": false,
    "result": "COMPLETED",
    "expiration": 4837797563.0,
    "waitstatus": 0,
    "returncode": 0,
    "runtime": 0.6228897571563721,
    "exception": {
        "occurred": false,
        "severity": "",
        "type": "",
        "note": ""
    }
}