{
    "id": 977910366208,
    "userid": 1234,
    "urgency": 16,
    "priority": 16,
    "t_submit": 1684197569.8670702,
    "t_depend": 1684197569.878534,
    "t_run": 1684197569.8926597,
    "t_cleanup": 1684197570.3980744,
    "t_inactive": 1684197570.3998737,
    "state": "INACTIVE",
    "name": "connectivity_c",
    "ntasks": 112,
    "ncores": 112,
    "duration": 0.0,
    "nnodes": 2,
    "ranks": "[0-1]",
    "nodelist": "flux-sample-[0-1]",
    "success": true,
    "exception_occurred": false,
    "result": "COMPLETED",
    "expiration": 4837797569.0,
    "waitstatus": 0,
    "returncode": 0,
    "runtime": 0.5054147243499756,
    "exception": {
        "occurred": false,
        "severity": "",
        "type": "",
        "note": ""
    }
}