{
    "id": 891776139264,
    "userid": 1234,
    "urgency": 16,
    "priority": 16,
    "t_submit": 1684197564.7333539,
    "t_depend": 1684197564.7448316,
    "t_run": 1684197564.7592402,
    "t_cleanup": 1684197565.3145363,
    "t_inactive": 1684197565.3162282,
    "state": "INACTIVE",
    "name": "connectivity_c",
    "ntasks": 112,
    "ncores": 112,
    "duration": 0.0,
    "nnodes": 2,
    "ranks": "[0-1]",
    "nodelist": "flux-sample-[0-1]",
    "success": true,
    "exception_occurred": false,
    "result": "COMPLETED",
    "expiration": 4837797564.0,
    "waitstatus": 0,
    "returncode": 0,
    "runtime": 0.5552961826324463,
    "exception": {
        "occurred": false,
        "severity": "",
        "type": "",
        "note": ""
    }
}