{
    "id": 1092263870464,
    "userid": 1234,
    "urgency": 16,
    "priority": 16,
    "t_submit": 1684197576.682991,
    "t_depend": 1684197576.694628,
    "t_run": 1684197576.7086065,
    "t_cleanup": 1684197577.344292,
    "t_inactive": 1684197577.3460996,
    "state": "INACTIVE",
    "name": "connectivity_c",
    "ntasks": 112,
    "ncores": 112,
    "duration": 0.0,
    "nnodes": 2,
    "ranks": "[0-1]",
    "nodelist": "flux-sample-[0-1]",
    "success": true,
    "exception_occurred": false,
    "result": "COMPLETED",
    "expiration": 4837797576.0,
    "waitstatus": 0,
    "returncode": 0,
    "runtime": 0.6356854438781738,
    "exception": {
        "occurred": false,
        "severity": "",
        "type": "",
        "note": ""
    }
}