{
    "id": 903352418304,
    "userid": 1234,
    "urgency": 16,
    "priority": 16,
    "t_submit": 1684197565.422843,
    "t_depend": 1684197565.434332,
    "t_run": 1684197565.4485822,
    "t_cleanup": 1684197566.0712388,
    "t_inactive": 1684197566.0747414,
    "state": "INACTIVE",
    "name": "connectivity_c",
    "ntasks": 112,
    "ncores": 112,
    "duration": 0.0,
    "nnodes": 2,
    "ranks": "[0-1]",
    "nodelist": "flux-sample-[0-1]",
    "success": true,
    "exception_occurred": false,
    "result": "COMPLETED",
    "expiration": 4837797565.0,
    "waitstatus": 0,
    "returncode": 0,
    "runtime": 0.6226565837860107,
    "exception": {
        "occurred": false,
        "severity": "",
        "type": "",
        "note": ""
    }
}