{
    "id": 916069548032,
    "userid": 1234,
    "urgency": 16,
    "priority": 16,
    "t_submit": 1684197566.1812615,
    "t_depend": 1684197566.192635,
    "t_run": 1684197566.2063766,
    "t_cleanup": 1684197566.795001,
    "t_inactive": 1684197566.7967563,
    "state": "INACTIVE",
    "name": "connectivity_c",
    "ntasks": 112,
    "ncores": 112,
    "duration": 0.0,
    "nnodes": 2,
    "ranks": "[0-1]",
    "nodelist": "flux-sample-[0-1]",
    "success": true,
    "exception_occurred": false,
    "result": "COMPLETED",
    "expiration": 4837797566.0,
    "waitstatus": 0,
    "returncode": 0,
    "runtime": 0.5886244773864746,
    "exception": {
        "occurred": false,
        "severity": "",
        "type": "",
        "note": ""
    }
}