{
    "id": 1022973968384,
    "userid": 1234,
    "urgency": 16,
    "priority": 16,
    "t_submit": 1684197572.5527186,
    "t_depend": 1684197572.564205,
    "t_run": 1684197572.5784245,
    "t_cleanup": 1684197573.1861897,
    "t_inactive": 1684197573.1880858,
    "state": "INACTIVE",
    "name": "connectivity_c",
    "ntasks": 112,
    "ncores": 112,
    "duration": 0.0,
    "nnodes": 2,
    "ranks": "[0-1]",
    "nodelist": "flux-sample-[0-1]",
    "success": true,
    "exception_occurred": false,
    "result": "COMPLETED",
    "expiration": 4837797572.0,
    "waitstatus": 0,
    "returncode": 0,
    "runtime": 0.6077651977539062,
    "exception": {
        "occurred": false,
        "severity": "",
        "type": "",
        "note": ""
    }
}