{
    "id": 928199475200,
    "userid": 1234,
    "urgency": 16,
    "priority": 16,
    "t_submit": 1684197566.9035962,
    "t_depend": 1684197566.915079,
    "t_run": 1684197566.9289246,
    "t_cleanup": 1684197567.465832,
    "t_inactive": 1684197567.4677775,
    "state": "INACTIVE",
    "name": "connectivity_c",
    "ntasks": 112,
    "ncores": 112,
    "duration": 0.0,
    "nnodes": 2,
    "ranks": "[0-1]",
    "nodelist": "flux-sample-[0-1]",
    "success": true,
    "exception_occurred": false,
    "result": "COMPLETED",
    "expiration": 4837797566.0,
    "waitstatus": 0,
    "returncode": 0,
    "runtime": 0.536907434463501,
    "exception": {
        "occurred": false,
        "severity": "",
        "type": "",
        "note": ""
    }
}