{
    "id": 867868606464,
    "userid": 1234,
    "urgency": 16,
    "priority": 16,
    "t_submit": 1684197563.3080611,
    "t_depend": 1684197563.319441,
    "t_run": 1684197563.333416,
    "t_cleanup": 1684197563.8648539,
    "t_inactive": 1684197563.867937,
    "state": "INACTIVE",
    "name": "connectivity_c",
    "ntasks": 112,
    "ncores": 112,
    "duration": 0.0,
    "nnodes": 2,
    "ranks": "[0-1]",
    "nodelist": "flux-sample-[0-1]",
    "success": true,
    "exception_occurred": false,
    "result": "COMPLETED",
    "expiration": 4837797563.0,
    "waitstatus": 0,
    "returncode": 0,
    "runtime": 0.531437873840332,
    "exception": {
        "occurred": false,
        "severity": "",
        "type": "",
        "note": ""
    }
}