{
    "id": 1629386440704,
    "userid": 1234,
    "urgency": 16,
    "priority": 16,
    "t_submit": 1684197381.5143776,
    "t_depend": 1684197381.5261428,
    "t_run": 1684197381.5404694,
    "t_cleanup": 1684197381.729937,
    "t_inactive": 1684197381.7321057,
    "state": "INACTIVE",
    "name": "ring_c",
    "ntasks": 56,
    "ncores": 56,
    "duration": 0.0,
    "nnodes": 1,
    "ranks": "0",
    "nodelist": "flux-sample-0",
    "success": true,
    "exception_occurred": false,
    "result": "COMPLETED",
    "expiration": 4837797381.0,
    "waitstatus": 0,
    "returncode": 0,
    "runtime": 0.1894676685333252,
    "exception": {
        "occurred": false,
        "severity": "",
        "type": "",
        "note": ""
    }
}