{
    "id": 1582729003008,
    "userid": 1234,
    "urgency": 16,
    "priority": 16,
    "t_submit": 1684197378.7331595,
    "t_depend": 1684197378.7448986,
    "t_run": 1684197378.7594357,
    "t_cleanup": 1684197378.9391,
    "t_inactive": 1684197378.941086,
    "state": "INACTIVE",
    "name": "ring_c",
    "ntasks": 56,
    "ncores": 56,
    "duration": 0.0,
    "nnodes": 1,
    "ranks": "0",
    "nodelist": "flux-sample-0",
    "success": true,
    "exception_occurred": false,
    "result": "COMPLETED",
    "expiration": 4837797378.0,
    "waitstatus": 0,
    "returncode": 0,
    "runtime": 0.17966437339782715,
    "exception": {
        "occurred": false,
        "severity": "",
        "type": "",
        "note": ""
    }
}