{
    "id": 1587963494400,
    "userid": 1234,
    "urgency": 16,
    "priority": 16,
    "t_submit": 1684197379.0451202,
    "t_depend": 1684197379.0571034,
    "t_run": 1684197379.0714927,
    "t_cleanup": 1684197379.2665114,
    "t_inactive": 1684197379.268258,
    "state": "INACTIVE",
    "name": "ring_c",
    "ntasks": 56,
    "ncores": 56,
    "duration": 0.0,
    "nnodes": 1,
    "ranks": "0",
    "nodelist": "flux-sample-0",
    "success": true,
    "exception_occurred": false,
    "result": "COMPLETED",
    "expiration": 4837797379.0,
    "waitstatus": 0,
    "returncode": 0,
    "runtime": 0.19501876831054688,
    "exception": {
        "occurred": false,
        "severity": "",
        "type": "",
        "note": ""
    }
}