{
    "id": 1608935014400,
    "userid": 1234,
    "urgency": 16,
    "priority": 16,
    "t_submit": 1684197380.2944942,
    "t_depend": 1684197380.3062406,
    "t_run": 1684197380.32053,
    "t_cleanup": 1684197380.4934094,
    "t_inactive": 1684197380.495388,
    "state": "INACTIVE",
    "name": "ring_c",
    "ntasks": 56,
    "ncores": 56,
    "duration": 0.0,
    "nnodes": 1,
    "ranks": "0",
    "nodelist": "flux-sample-0",
    "success": true,
    "exception_occurred": false,
    "result": "COMPLETED",
    "expiration": 4837797380.0,
    "waitstatus": 0,
    "returncode": 0,
    "runtime": 0.17287945747375488,
    "exception": {
        "occurred": false,
        "severity": "",
        "type": "",
        "note": ""
    }
}