{
    "id": 1593499975680,
    "userid": 1234,
    "urgency": 16,
    "priority": 16,
    "t_submit": 1684197379.3753636,
    "t_depend": 1684197379.3870277,
    "t_run": 1684197379.4012272,
    "t_cleanup": 1684197379.5710735,
    "t_inactive": 1684197379.5729015,
    "state": "INACTIVE",
    "name": "ring_c",
    "ntasks": 56,
    "ncores": 56,
    "duration": 0.0,
    "nnodes": 1,
    "ranks": "0",
    "nodelist": "flux-sample-0",
    "success": true,
    "exception_occurred": false,
    "result": "COMPLETED",
    "expiration": 4837797379.0,
    "waitstatus": 0,
    "returncode": 0,
    "runtime": 0.1698462963104248,
    "exception": {
        "occurred": false,
        "severity": "",
        "type": "",
        "note": ""
    }
}