{
    "id": 1639939309568,
    "userid": 1234,
    "urgency": 16,
    "priority": 16,
    "t_submit": 1684197382.1427999,
    "t_depend": 1684197382.1546423,
    "t_run": 1684197382.1690595,
    "t_cleanup": 1684197382.3446321,
    "t_inactive": 1684197382.34672,
    "state": "INACTIVE",
    "name": "ring_c",
    "ntasks": 56,
    "ncores": 56,
    "duration": 0.0,
    "nnodes": 1,
    "ranks": "0",
    "nodelist": "flux-sample-0",
    "success": true,
    "exception_occurred": false,
    "result": "COMPLETED",
    "expiration": 4837797382.0,
    "waitstatus": 0,
    "returncode": 0,
    "runtime": 0.17557263374328613,
    "exception": {
        "occurred": false,
        "severity": "",
        "type": "",
        "note": ""
    }
}