{
    "id": 1645123469312,
    "userid": 1234,
    "urgency": 16,
    "priority": 16,
    "t_submit": 1684197382.451707,
    "t_depend": 1684197382.465102,
    "t_run": 1684197382.479672,
    "t_cleanup": 1684197382.663562,
    "t_inactive": 1684197382.6656249,
    "state": "INACTIVE",
    "name": "ring_c",
    "ntasks": 56,
    "ncores": 56,
    "duration": 0.0,
    "nnodes": 1,
    "ranks": "0",
    "nodelist": "flux-sample-0",
    "success": true,
    "exception_occurred": false,
    "result": "COMPLETED",
    "expiration": 4837797382.0,
    "waitstatus": 0,
    "returncode": 0,
    "runtime": 0.18389010429382324,
    "exception": {
        "occurred": false,
        "severity": "",
        "type": "",
        "note": ""
    }
}