{
    "id": 1572377460736,
    "userid": 1234,
    "urgency": 16,
    "priority": 16,
    "t_submit": 1684197378.1156573,
    "t_depend": 1684197378.1272867,
    "t_run": 1684197378.1416354,
    "t_cleanup": 1684197378.3173828,
    "t_inactive": 1684197378.3193972,
    "state": "INACTIVE",
    "name": "ring_c",
    "ntasks": 56,
    "ncores": 56,
    "duration": 0.0,
    "nnodes": 1,
    "ranks": "0",
    "nodelist": "flux-sample-0",
    "success": true,
    "exception_occurred": false,
    "result": "COMPLETED",
    "expiration": 4837797378.0,
    "waitstatus": 0,
    "returncode": 0,
    "runtime": 0.17574739456176758,
    "exception": {
        "occurred": false,
        "severity": "",
        "type": "",
        "note": ""
    }
}