{
    "id": 1603817963520,
    "userid": 1234,
    "urgency": 16,
    "priority": 16,
    "t_submit": 1684197379.9904184,
    "t_depend": 1684197380.0020678,
    "t_run": 1684197380.0162406,
    "t_cleanup": 1684197380.188863,
    "t_inactive": 1684197380.1908107,
    "state": "INACTIVE",
    "name": "ring_c",
    "ntasks": 56,
    "ncores": 56,
    "duration": 0.0,
    "nnodes": 1,
    "ranks": "0",
    "nodelist": "flux-sample-0",
    "success": true,
    "exception_occurred": false,
    "result": "COMPLETED",
    "expiration": 4837797380.0,
    "waitstatus": 0,
    "returncode": 0,
    "runtime": 0.1726224422454834,
    "exception": {
        "occurred": false,
        "severity": "",
        "type": "",
        "note": ""
    }
}