{
    "id": 1655642783744,
    "userid": 1234,
    "urgency": 16,
    "priority": 16,
    "t_submit": 1684197383.0790265,
    "t_depend": 1684197383.0910468,
    "t_run": 1684197383.1053483,
    "t_cleanup": 1684197383.2710829,
    "t_inactive": 1684197383.2730951,
    "state": "INACTIVE",
    "name": "ring_c",
    "ntasks": 56,
    "ncores": 56,
    "duration": 0.0,
    "nnodes": 1,
    "ranks": "0",
    "nodelist": "flux-sample-0",
    "success": true,
    "exception_occurred": false,
    "result": "COMPLETED",
    "expiration": 4837797383.0,
    "waitstatus": 0,
    "returncode": 0,
    "runtime": 0.16573452949523926,
    "exception": {
        "occurred": false,
        "severity": "",
        "type": "",
        "note": ""
    }
}