{
    "id": 1660659171328,
    "userid": 1234,
    "urgency": 16,
    "priority": 16,
    "t_submit": 1684197383.3777509,
    "t_depend": 1684197383.3898792,
    "t_run": 1684197383.4041514,
    "t_cleanup": 1684197383.5938778,
    "t_inactive": 1684197383.5959773,
    "state": "INACTIVE",
    "name": "ring_c",
    "ntasks": 56,
    "ncores": 56,
    "duration": 0.0,
    "nnodes": 1,
    "ranks": "0",
    "nodelist": "flux-sample-0",
    "success": true,
    "exception_occurred": false,
    "result": "COMPLETED",
    "expiration": 4837797383.0,
    "waitstatus": 0,
    "returncode": 0,
    "runtime": 0.1897263526916504,
    "exception": {
        "occurred": false,
        "severity": "",
        "type": "",
        "note": ""
    }
}