{
    "id": 1634805481472,
    "userid": 1234,
    "urgency": 16,
    "priority": 16,
    "t_submit": 1684197381.837398,
    "t_depend": 1684197381.8493342,
    "t_run": 1684197381.863728,
    "t_cleanup": 1684197382.0364034,
    "t_inactive": 1684197382.0385008,
    "state": "INACTIVE",
    "name": "ring_c",
    "ntasks": 56,
    "ncores": 56,
    "duration": 0.0,
    "nnodes": 1,
    "ranks": "0",
    "nodelist": "flux-sample-0",
    "success": true,
    "exception_occurred": false,
    "result": "COMPLETED",
    "expiration": 4837797381.0,
    "waitstatus": 0,
    "returncode": 0,
    "runtime": 0.17267537117004395,
    "exception": {
        "occurred": false,
        "severity": "",
        "type": "",
        "note": ""
    }
}