{
    "id": 3462649610240,
    "userid": 1234,
    "urgency": 16,
    "priority": 16,
    "t_submit": 1684197936.611137,
    "t_depend": 1684197936.6233697,
    "t_run": 1684197936.6394417,
    "t_cleanup": 1684197937.211805,
    "t_inactive": 1684197937.2141335,
    "state": "INACTIVE",
    "name": "ring_mpifh",
    "ntasks": 280,
    "ncores": 280,
    "duration": 0.0,
    "nnodes": 5,
    "ranks": "[0-4]",
    "nodelist": "flux-sample-[3-7]",
    "success": true,
    "exception_occurred": false,
    "result": "COMPLETED",
    "expiration": 4837797936.0,
    "waitstatus": 0,
    "returncode": 0,
    "runtime": 0.5723633766174316,
    "exception": {
        "occurred": false,
        "severity": "",
        "type": "",
        "note": ""
    }
}