{
    "id": 3537626988544,
    "userid": 1234,
    "urgency": 16,
    "priority": 16,
    "t_submit": 1684197941.0799015,
    "t_depend": 1684197941.0919635,
    "t_run": 1684197941.1083503,
    "t_cleanup": 1684197941.635471,
    "t_inactive": 1684197941.6376562,
    "state": "INACTIVE",
    "name": "ring_mpifh",
    "ntasks": 280,
    "ncores": 280,
    "duration": 0.0,
    "nnodes": 5,
    "ranks": "[0-4]",
    "nodelist": "flux-sample-[3-7]",
    "success": true,
    "exception_occurred": false,
    "result": "COMPLETED",
    "expiration": 4837797941.0,
    "waitstatus": 0,
    "returncode": 0,
    "runtime": 0.52712082862854,
    "exception": {
        "occurred": false,
        "severity": "",
        "type": "",
        "note": ""
    }
}