{
    "id": 3474527879168,
    "userid": 1234,
    "urgency": 16,
    "priority": 16,
    "t_submit": 1684197937.3189113,
    "t_depend": 1684197937.3309445,
    "t_run": 1684197937.3469403,
    "t_cleanup": 1684197937.9392822,
    "t_inactive": 1684197937.941502,
    "state": "INACTIVE",
    "name": "ring_mpifh",
    "ntasks": 280,
    "ncores": 280,
    "duration": 0.0,
    "nnodes": 5,
    "ranks": "[0-4]",
    "nodelist": "flux-sample-[3-7]",
    "success": true,
    "exception_occurred": false,
    "result": "COMPLETED",
    "expiration": 4837797937.0,
    "waitstatus": 0,
    "returncode": 0,
    "runtime": 0.5923418998718262,
    "exception": {
        "occurred": false,
        "severity": "",
        "type": "",
        "note": ""
    }
}