{
    "id": 3511269982208,
    "userid": 1234,
    "urgency": 16,
    "priority": 16,
    "t_submit": 1684197939.5084481,
    "t_depend": 1684197939.520608,
    "t_run": 1684197939.5372002,
    "t_cleanup": 1684197940.0992675,
    "t_inactive": 1684197940.1015053,
    "state": "INACTIVE",
    "name": "ring_mpifh",
    "ntasks": 280,
    "ncores": 280,
    "duration": 0.0,
    "nnodes": 5,
    "ranks": "[0-4]",
    "nodelist": "flux-sample-[3-7]",
    "success": true,
    "exception_occurred": false,
    "result": "COMPLETED",
    "expiration": 4837797939.0,
    "waitstatus": 0,
    "returncode": 0,
    "runtime": 0.5620672702789307,
    "exception": {
        "occurred": false,
        "severity": "",
        "type": "",
        "note": ""
    }
}