{
    "id": 3564906741760,
    "userid": 1234,
    "urgency": 16,
    "priority": 16,
    "t_submit": 1684197942.705661,
    "t_depend": 1684197942.717721,
    "t_run": 1684197942.7338848,
    "t_cleanup": 1684197943.2306423,
    "t_inactive": 1684197943.2329912,
    "state": "INACTIVE",
    "name": "ring_mpifh",
    "ntasks": 280,
    "ncores": 280,
    "duration": 0.0,
    "nnodes": 5,
    "ranks": "[0-4]",
    "nodelist": "flux-sample-[3-7]",
    "success": true,
    "exception_occurred": false,
    "result": "COMPLETED",
    "expiration": 4837797942.0,
    "waitstatus": 0,
    "returncode": 0,
    "runtime": 0.49675750732421875,
    "exception": {
        "occurred": false,
        "severity": "",
        "type": "",
        "note": ""
    }
}