{
    "id": 3400355807232,
    "userid": 1234,
    "urgency": 16,
    "priority": 16,
    "t_submit": 1684197932.8978424,
    "t_depend": 1684197932.9099448,
    "t_run": 1684197932.9260685,
    "t_cleanup": 1684197933.355141,
    "t_inactive": 1684197933.3573906,
    "state": "INACTIVE",
    "name": "ring_mpifh",
    "ntasks": 280,
    "ncores": 280,
    "duration": 0.0,
    "nnodes": 5,
    "ranks": "[0-4]",
    "nodelist": "flux-sample-[3-7]",
    "success": true,
    "exception_occurred": false,
    "result": "COMPLETED",
    "expiration": 4837797932.0,
    "waitstatus": 0,
    "returncode": 0,
    "runtime": 0.42907238006591797,
    "exception": {
        "occurred": false,
        "severity": "",
        "type": "",
        "note": ""
    }
}