{
    "id": 3499525931008,
    "userid": 1234,
    "urgency": 16,
    "priority": 16,
    "t_submit": 1684197938.8088915,
    "t_depend": 1684197938.8208055,
    "t_run": 1684197938.836775,
    "t_cleanup": 1684197939.398196,
    "t_inactive": 1684197939.4007988,
    "state": "INACTIVE",
    "name": "ring_mpifh",
    "ntasks": 280,
    "ncores": 280,
    "duration": 0.0,
    "nnodes": 5,
    "ranks": "[0-4]",
    "nodelist": "flux-sample-[3-7]",
    "success": true,
    "exception_occurred": false,
    "result": "COMPLETED",
    "expiration": 4837797938.0,
    "waitstatus": 0,
    "returncode": 0,
    "runtime": 0.5614209175109863,
    "exception": {
        "occurred": false,
        "severity": "",
        "type": "",
        "note": ""
    }
}