{
    "id": 3625355051008,
    "userid": 1234,
    "urgency": 16,
    "priority": 16,
    "t_submit": 1684197946.309114,
    "t_depend": 1684197946.321564,
    "t_run": 1684197946.3379118,
    "t_cleanup": 1684197946.8355436,
    "t_inactive": 1684197946.8379803,
    "state": "INACTIVE",
    "name": "ring_mpifh",
    "ntasks": 280,
    "ncores": 280,
    "duration": 0.0,
    "nnodes": 5,
    "ranks": "[0-4]",
    "nodelist": "flux-sample-[3-7]",
    "success": true,
    "exception_occurred": false,
    "result": "COMPLETED",
    "expiration": 4837797946.0,
    "waitstatus": 0,
    "returncode": 0,
    "runtime": 0.4976317882537842,
    "exception": {
        "occurred": false,
        "severity": "",
        "type": "",
        "note": ""
    }
}