{
    "id": 3486708137984,
    "userid": 1234,
    "urgency": 16,
    "priority": 16,
    "t_submit": 1684197938.0453048,
    "t_depend": 1684197938.0573323,
    "t_run": 1684197938.0730264,
    "t_cleanup": 1684197938.702987,
    "t_inactive": 1684197938.7099786,
    "state": "INACTIVE",
    "name": "ring_mpifh",
    "ntasks": 280,
    "ncores": 280,
    "duration": 0.0,
    "nnodes": 5,
    "ranks": "[0-4]",
    "nodelist": "flux-sample-[3-7]",
    "success": true,
    "exception_occurred": false,
    "result": "COMPLETED",
    "expiration": 4837797938.0,
    "waitstatus": 0,
    "returncode": 0,
    "runtime": 0.6299605369567871,
    "exception": {
        "occurred": false,
        "severity": "",
        "type": "",
        "note": ""
    }
}