{
    "id": 3613107683328,
    "userid": 1234,
    "urgency": 16,
    "priority": 16,
    "t_submit": 1684197945.5785828,
    "t_depend": 1684197945.5905104,
    "t_run": 1684197945.6068184,
    "t_cleanup": 1684197946.2040277,
    "t_inactive": 1684197946.2062964,
    "state": "INACTIVE",
    "name": "ring_mpifh",
    "ntasks": 280,
    "ncores": 280,
    "duration": 0.0,
    "nnodes": 5,
    "ranks": "[0-4]",
    "nodelist": "flux-sample-[3-7]",
    "success": true,
    "exception_occurred": false,
    "result": "COMPLETED",
    "expiration": 4837797945.0,
    "waitstatus": 0,
    "returncode": 0,
    "runtime": 0.5972092151641846,
    "exception": {
        "occurred": false,
        "severity": "",
        "type": "",
        "note": ""
    }
}