{
    "id": 3636008583168,
    "userid": 1234,
    "urgency": 16,
    "priority": 16,
    "t_submit": 1684197946.9441688,
    "t_depend": 1684197946.956156,
    "t_run": 1684197946.9720478,
    "t_cleanup": 1684197947.4615362,
    "t_inactive": 1684197947.4638932,
    "state": "INACTIVE",
    "name": "ring_mpifh",
    "ntasks": 280,
    "ncores": 280,
    "duration": 0.0,
    "nnodes": 5,
    "ranks": "[0-4]",
    "nodelist": "flux-sample-[3-7]",
    "success": true,
    "exception_occurred": false,
    "result": "COMPLETED",
    "expiration": 4837797946.0,
    "waitstatus": 0,
    "returncode": 0,
    "runtime": 0.4894883632659912,
    "exception": {
        "occurred": false,
        "severity": "",
        "type": "",
        "note": ""
    }
}