{
    "id": 3602705809408,
    "userid": 1234,
    "urgency": 16,
    "priority": 16,
    "t_submit": 1684197944.958841,
    "t_depend": 1684197944.9708447,
    "t_run": 1684197944.987119,
    "t_cleanup": 1684197945.4669833,
    "t_inactive": 1684197945.4693341,
    "state": "INACTIVE",
    "name": "ring_mpifh",
    "ntasks": 280,
    "ncores": 280,
    "duration": 0.0,
    "nnodes": 5,
    "ranks": "[0-4]",
    "nodelist": "flux-sample-[3-7]",
    "success": true,
    "exception_occurred": false,
    "result": "COMPLETED",
    "expiration": 4837797944.0,
    "waitstatus": 0,
    "returncode": 0,
    "runtime": 0.47986435890197754,
    "exception": {
        "occurred": false,
        "severity": "",
        "type": "",
        "note": ""
    }
}