{
    "id": 3450184138752,
    "userid": 1234,
    "urgency": 16,
    "priority": 16,
    "t_submit": 1684197935.8676019,
    "t_depend": 1684197935.8797226,
    "t_run": 1684197935.8958435,
    "t_cleanup": 1684197936.5048225,
    "t_inactive": 1684197936.5116854,
    "state": "INACTIVE",
    "name": "ring_mpifh",
    "ntasks": 280,
    "ncores": 280,
    "duration": 0.0,
    "nnodes": 5,
    "ranks": "[0-4]",
    "nodelist": "flux-sample-[3-7]",
    "success": true,
    "exception_occurred": false,
    "result": "COMPLETED",
    "expiration": 4837797935.0,
    "waitstatus": 0,
    "returncode": 0,
    "runtime": 0.6089789867401123,
    "exception": {
        "occurred": false,
        "severity": "",
        "type": "",
        "note": ""
    }
}