{
    "id": 3522946924544,
    "userid": 1234,
    "urgency": 16,
    "priority": 16,
    "t_submit": 1684197940.2044778,
    "t_depend": 1684197940.2164018,
    "t_run": 1684197940.2328148,
    "t_cleanup": 1684197940.9736485,
    "t_inactive": 1684197940.9761207,
    "state": "INACTIVE",
    "name": "ring_mpifh",
    "ntasks": 280,
    "ncores": 280,
    "duration": 0.0,
    "nnodes": 5,
    "ranks": "[0-4]",
    "nodelist": "flux-sample-[3-7]",
    "success": true,
    "exception_occurred": false,
    "result": "COMPLETED",
    "expiration": 4837797940.0,
    "waitstatus": 0,
    "returncode": 0,
    "runtime": 0.7408337593078613,
    "exception": {
        "occurred": false,
        "severity": "",
        "type": "",
        "note": ""
    }
}