{
    "id": 3548733505536,
    "userid": 1234,
    "urgency": 16,
    "priority": 16,
    "t_submit": 1684197941.741663,
    "t_depend": 1684197941.7538407,
    "t_run": 1684197941.769908,
    "t_cleanup": 1684197942.5987816,
    "t_inactive": 1684197942.6021073,
    "state": "INACTIVE",
    "name": "ring_mpifh",
    "ntasks": 280,
    "ncores": 280,
    "duration": 0.0,
    "nnodes": 5,
    "ranks": "[0-4]",
    "nodelist": "flux-sample-[3-7]",
    "success": true,
    "exception_occurred": false,
    "result": "COMPLETED",
    "expiration": 4837797941.0,
    "waitstatus": 0,
    "returncode": 0,
    "runtime": 0.8288736343383789,
    "exception": {
        "occurred": false,
        "severity": "",
        "type": "",
        "note": ""
    }
}