{
    "id": 809483894784,
    "userid": 1234,
    "urgency": 16,
    "priority": 16,
    "t_submit": 1684197806.240092,
    "t_depend": 1684197806.2515051,
    "t_run": 1684197806.264909,
    "t_cleanup": 1684197806.478499,
    "t_inactive": 1684197806.4801931,
    "state": "INACTIVE",
    "name": "hello_c",
    "ntasks": 168,
    "ncores": 168,
    "duration": 0.0,
    "nnodes": 3,
    "ranks": "[0-2]",
    "nodelist": "flux-sample-[0-2]",
    "success": true,
    "exception_occurred": false,
    "result": "COMPLETED",
    "expiration": 4837797806.0,
    "waitstatus": 0,
    "returncode": 0,
    "runtime": 0.21358990669250488,
    "exception": {
        "occurred": false,
        "severity": "",
        "type": "",
        "note": ""
    }
}