{
    "id": 762809679872,
    "userid": 1234,
    "urgency": 16,
    "priority": 16,
    "t_submit": 1684197803.458084,
    "t_depend": 1684197803.4696233,
    "t_run": 1684197803.4834008,
    "t_cleanup": 1684197803.6993906,
    "t_inactive": 1684197803.701057,
    "state": "INACTIVE",
    "name": "hello_c",
    "ntasks": 168,
    "ncores": 168,
    "duration": 0.0,
    "nnodes": 3,
    "ranks": "[0-2]",
    "nodelist": "flux-sample-[0-2]",
    "success": true,
    "exception_occurred": false,
    "result": "COMPLETED",
    "expiration": 4837797803.0,
    "waitstatus": 0,
    "returncode": 0,
    "runtime": 0.2159898281097412,
    "exception": {
        "occurred": false,
        "severity": "",
        "type": "",
        "note": ""
    }
}