{
    "id": 751065628672,
    "userid": 1234,
    "urgency": 16,
    "priority": 16,
    "t_submit": 1684197802.7582803,
    "t_depend": 1684197802.7697241,
    "t_run": 1684197802.7836664,
    "t_cleanup": 1684197803.0144832,
    "t_inactive": 1684197803.0161772,
    "state": "INACTIVE",
    "name": "hello_c",
    "ntasks": 168,
    "ncores": 168,
    "duration": 0.0,
    "nnodes": 3,
    "ranks": "[0-2]",
    "nodelist": "flux-sample-[0-2]",
    "success": true,
    "exception_occurred": false,
    "result": "COMPLETED",
    "expiration": 4837797802.0,
    "waitstatus": 0,
    "returncode": 0,
    "runtime": 0.23081684112548828,
    "exception": {
        "occurred": false,
        "severity": "",
        "type": "",
        "note": ""
    }
}