{
    "id": 855604461568,
    "userid": 1234,
    "urgency": 16,
    "priority": 16,
    "t_submit": 1684197808.9888413,
    "t_depend": 1684197809.000229,
    "t_run": 1684197809.0138304,
    "t_cleanup": 1684197809.2689714,
    "t_inactive": 1684197809.2707202,
    "state": "INACTIVE",
    "name": "hello_c",
    "ntasks": 168,
    "ncores": 168,
    "duration": 0.0,
    "nnodes": 3,
    "ranks": "[0-2]",
    "nodelist": "flux-sample-[0-2]",
    "success": true,
    "exception_occurred": false,
    "result": "COMPLETED",
    "expiration": 4837797809.0,
    "waitstatus": 0,
    "returncode": 0,
    "runtime": 0.255141019821167,
    "exception": {
        "occurred": false,
        "severity": "",
        "type": "",
        "note": ""
    }
}