{
    "id": 843944296448,
    "userid": 1234,
    "urgency": 16,
    "priority": 16,
    "t_submit": 1684197808.2935956,
    "t_depend": 1684197808.305046,
    "t_run": 1684197808.3188562,
    "t_cleanup": 1684197808.5402744,
    "t_inactive": 1684197808.5421078,
    "state": "INACTIVE",
    "name": "hello_c",
    "ntasks": 168,
    "ncores": 168,
    "duration": 0.0,
    "nnodes": 3,
    "ranks": "[0-2]",
    "nodelist": "flux-sample-[0-2]",
    "success": true,
    "exception_occurred": false,
    "result": "COMPLETED",
    "expiration": 4837797808.0,
    "waitstatus": 0,
    "returncode": 0,
    "runtime": 0.22141814231872559,
    "exception": {
        "occurred": false,
        "severity": "",
        "type": "",
        "note": ""
    }
}