{
    "id": 803645423616,
    "userid": 1234,
    "urgency": 16,
    "priority": 16,
    "t_submit": 1684197805.8923998,
    "t_depend": 1684197805.9037874,
    "t_run": 1684197805.9183047,
    "t_cleanup": 1684197806.1344233,
    "t_inactive": 1684197806.1360328,
    "state": "INACTIVE",
    "name": "hello_c",
    "ntasks": 168,
    "ncores": 168,
    "duration": 0.0,
    "nnodes": 3,
    "ranks": "[0-2]",
    "nodelist": "flux-sample-[0-2]",
    "success": true,
    "exception_occurred": false,
    "result": "COMPLETED",
    "expiration": 4837797805.0,
    "waitstatus": 0,
    "returncode": 0,
    "runtime": 0.21611857414245605,
    "exception": {
        "occurred": false,
        "severity": "",
        "type": "",
        "note": ""
    }
}