{
    "id": 785710579712,
    "userid": 1234,
    "urgency": 16,
    "priority": 16,
    "t_submit": 1684197804.8225355,
    "t_depend": 1684197804.8337898,
    "t_run": 1684197804.8474422,
    "t_cleanup": 1684197805.055844,
    "t_inactive": 1684197805.0573852,
    "state": "INACTIVE",
    "name": "hello_c",
    "ntasks": 168,
    "ncores": 168,
    "duration": 0.0,
    "nnodes": 3,
    "ranks": "[0-2]",
    "nodelist": "flux-sample-[0-2]",
    "success": true,
    "exception_occurred": false,
    "result": "COMPLETED",
    "expiration": 4837797804.0,
    "waitstatus": 0,
    "returncode": 0,
    "runtime": 0.20840191841125488,
    "exception": {
        "occurred": false,
        "severity": "",
        "type": "",
        "note": ""
    }
}