{
    "id": 862147575808,
    "userid": 1234,
    "urgency": 16,
    "priority": 16,
    "t_submit": 1684197809.3794355,
    "t_depend": 1684197809.3909297,
    "t_run": 1684197809.4046755,
    "t_cleanup": 1684197809.606889,
    "t_inactive": 1684197809.6087031,
    "state": "INACTIVE",
    "name": "hello_c",
    "ntasks": 168,
    "ncores": 168,
    "duration": 0.0,
    "nnodes": 3,
    "ranks": "[0-2]",
    "nodelist": "flux-sample-[0-2]",
    "success": true,
    "exception_occurred": false,
    "result": "COMPLETED",
    "expiration": 4837797809.0,
    "waitstatus": 0,
    "returncode": 0,
    "runtime": 0.20221352577209473,
    "exception": {
        "occurred": false,
        "severity": "",
        "type": "",
        "note": ""
    }
}