{
    "id": 780123766784,
    "userid": 1234,
    "urgency": 16,
    "priority": 16,
    "t_submit": 1684197804.489545,
    "t_depend": 1684197804.5008814,
    "t_run": 1684197804.5143182,
    "t_cleanup": 1684197804.7132428,
    "t_inactive": 1684197804.714767,
    "state": "INACTIVE",
    "name": "hello_c",
    "ntasks": 168,
    "ncores": 168,
    "duration": 0.0,
    "nnodes": 3,
    "ranks": "[0-2]",
    "nodelist": "flux-sample-[0-2]",
    "success": true,
    "exception_occurred": false,
    "result": "COMPLETED",
    "expiration": 4837797804.0,
    "waitstatus": 0,
    "returncode": 0,
    "runtime": 0.19892454147338867,
    "exception": {
        "occurred": false,
        "severity": "",
        "type": "",
        "note": ""
    }
}