{
    "id": 838223265792,
    "userid": 1234,
    "urgency": 16,
    "priority": 16,
    "t_submit": 1684197807.9532602,
    "t_depend": 1684197807.9648094,
    "t_run": 1684197807.9785523,
    "t_cleanup": 1684197808.1880355,
    "t_inactive": 1684197808.1897337,
    "state": "INACTIVE",
    "name": "hello_c",
    "ntasks": 168,
    "ncores": 168,
    "duration": 0.0,
    "nnodes": 3,
    "ranks": "[0-2]",
    "nodelist": "flux-sample-[0-2]",
    "success": true,
    "exception_occurred": false,
    "result": "COMPLETED",
    "expiration": 4837797807.0,
    "waitstatus": 0,
    "returncode": 0,
    "runtime": 0.20948314666748047,
    "exception": {
        "occurred": false,
        "severity": "",
        "type": "",
        "note": ""
    }
}