{
    "id": 774385958912,
    "userid": 1234,
    "urgency": 16,
    "priority": 16,
    "t_submit": 1684197804.1475074,
    "t_depend": 1684197804.1590164,
    "t_run": 1684197804.1727507,
    "t_cleanup": 1684197804.3832893,
    "t_inactive": 1684197804.3848886,
    "state": "INACTIVE",
    "name": "hello_c",
    "ntasks": 168,
    "ncores": 168,
    "duration": 0.0,
    "nnodes": 3,
    "ranks": "[0-2]",
    "nodelist": "flux-sample-[0-2]",
    "success": true,
    "exception_occurred": false,
    "result": "COMPLETED",
    "expiration": 4837797804.0,
    "waitstatus": 0,
    "returncode": 0,
    "runtime": 0.21053862571716309,
    "exception": {
        "occurred": false,
        "severity": "",
        "type": "",
        "note": ""
    }
}