{
    "times": {
        "1s": [
            16.82002353668213,
            27.504456281661987,
            27.389176845550537,
            17.265087127685547,
            17.10405683517456,
            18.077250003814697,
            18.63059091567993,
            20.59902334213257,
            19.606164932250977,
            22.764467477798462,
            19.420204162597656,
            18.29213857650757,
            20.00835418701172,
            17.633203983306885,
            20.681440353393555,
            22.18872094154358,
            18.973297834396362,
            18.591295957565308,
            17.681151866912842,
            20.682537078857422
        ],
        "2s": [
            18.70937728881836,
            22.055092573165894,
            19.505926847457886,
            20.75454878807068,
            20.568185091018677,
            24.633734941482544,
            18.714123725891113,
            19.99910306930542,
            21.241382360458374,
            23.397022485733032,
            28.27212381362915,
            20.74028515815735,
            27.6061749458313,
            29.3641619682312,
            25.095247268676758,
            21.304307222366333,
            22.632668256759644,
            22.085870504379272,
            24.60953974723816,
            22.979929447174072
        ],
        "3s": [
            23.8060884475708,
            27.828645944595337,
            19.34034776687622,
            29.800905466079712,
            26.176666498184204,
            28.693262815475464,
            26.451122522354126,
            29.09927463531494,
            29.481021404266357,
            29.339101791381836,
            28.75348162651062,
            20.812293767929077,
            19.117554187774658,
            22.617281436920166,
            22.976459980010986,
            25.474717378616333,
            26.213757038116455,
            29.53797459602356,
            26.04504919052124,
            19.172908782958984
        ],
        "4s": [
            21.13848900794983,
            24.90279269218445,
            17.806755542755127,
            17.83779263496399,
            24.74167537689209,
            20.076542377471924,
            25.645814418792725,
            25.64531373977661,
            20.104353189468384,
            20.358091592788696,
            24.429657697677612,
            30.210195541381836,
            28.70269775390625,
            25.940701484680176,
            20.97699785232544,
            28.37413215637207,
            28.529107332229614,
            28.72396755218506,
            24.900469541549683,
            24.504351377487183
        ],
        "5s": [
            31.98854351043701,
            27.069005966186523,
            26.868955612182617,
            31.23957324028015,
            26.664827585220337,
            21.95936131477356,
            31.530637979507446,
            27.24220871925354,
            22.26636052131653,
            26.80703115463257,
            32.06232738494873,
            20.994261980056763,
            26.87312340736389,
            31.600179433822632,
            26.709489583969116,
            27.097112894058228,
            21.951980352401733,
            27.70925259590149,
            32.19578218460083,
            26.579554080963135
        ],
        "6s": [
            22.020960330963135,
            28.59709930419922,
            23.10037136077881,
            29.130458116531372,
            29.398703575134277,
            34.62323355674744,
            28.36075711250305,
            22.772619009017944,
            28.984105348587036,
            28.98122763633728,
            17.520593881607056,
            28.752140760421753,
            28.821296453475952,
            28.904346704483032,
            27.987752437591553,
            28.24934458732605,
            29.020158529281616,
            22.524964809417725,
            28.733338117599487,
            23.71581506729126
        ],
        "7s": [
            30.68457269668579,
            31.81814670562744,
            30.940271139144897,
            24.312334537506104,
            31.998453617095947,
            23.9345920085907,
            23.835984706878662,
            30.80227565765381,
            31.075774669647217,
            24.94312834739685,
            24.25675320625305,
            31.04282569885254,
            32.083216190338135,
            31.87230372428894,
            32.13835954666138,
            31.3586323261261,
            31.38833737373352,
            31.51832389831543,
            31.091357707977295,
            24.14581799507141
        ],
        "8s": [
            25.16247820854187,
            33.47755169868469,
            33.891618728637695,
            33.03403949737549,
            34.16525721549988,
            32.97530651092529,
            17.083410501480103,
            32.59272623062134,
            16.879688501358032,
            34.400575399398804,
            32.440701723098755,
            24.77433133125305,
            33.20042705535889,
            24.96315908432007,
            34.55971384048462,
            33.332048177719116,
            33.3524444103241,
            33.3141086101532,
            33.241121768951416,
            32.72189903259277
        ],
        "9s": [
            34.82455539703369,
            17.501827716827393,
            35.57923221588135,
            27.15249514579773,
            26.25091052055359,
            25.868249654769897,
            34.71934747695923,
            35.43972730636597,
            26.229271173477173,
            35.111629247665405,
            27.051899909973145,
            35.37431597709656,
            25.12400484085083,
            26.802242040634155,
            35.216171741485596,
            34.45582056045532,
            25.968642950057983,
            27.086164236068726,
            17.257527828216553,
            35.87854361534119
        ],
        "10s": [
            36.79647421836853,
            27.090177536010742,
            36.71959137916565,
            27.5176784992218,
            27.23515009880066,
            27.089015245437622,
            36.297882318496704,
            37.49215006828308,
            37.237287759780884,
            27.472843170166016,
            28.236231088638306,
            27.673802375793457,
            18.521018505096436,
            37.112252712249756,
            26.4217848777771,
            27.900935888290405,
            18.711179494857788,
            27.325649976730347,
            27.88533115386963,
            36.54267930984497
        ],
        "no-timeout-set": [
            47.21713948249817,
            47.371408462524414,
            46.39314341545105,
            47.17080068588257,
            47.537479877471924,
            47.16812825202942,
            47.38012933731079,
            48.51185083389282,
            48.83898162841797,
            48.14192509651184,
            46.94231915473938,
            48.484248876571655,
            48.20541596412659,
            47.10904502868652,
            46.84780812263489,
            47.377270460128784,
            48.10699677467346,
            48.45750093460083,
            46.98394727706909,
            47.7223858833313
        ]
    },
    "means": {
        "1s": 19.995632112026215,
        "2s": 22.713440275192262,
        "3s": 25.536895763874053,
        "4s": 24.177494943141937,
        "5s": 27.37047847509384,
        "6s": 27.009964334964753,
        "7s": 29.26207308769226,
        "8s": 30.47813037633896,
        "9s": 29.444628977775572,
        "10s": 29.863955783843995,
        "no-timeout-set": 47.598396277427675
    },
    "stds": {
        "1s": 3.022846793913631,
        "2s": 3.07422120009249,
        "3s": 3.7340778700005863,
        "4s": 3.7787458788152213,
        "5s": 3.5895520357576665,
        "6s": 3.8309265821042247,
        "7s": 3.405101643409448,
        "8s": 5.560430438826867,
        "9s": 5.965662993397173,
        "10s": 5.92156421168297,