{
    "times": {
        "1s": [
            28.247926950454712,
            24.177669763565063,
            17.684816598892212,
            22.94303870201111,
            17.250664234161377,
            18.471505403518677,
            18.65029788017273,
            20.73833727836609,
            19.718135833740234,
            18.429743766784668,
            19.31405258178711,
            23.601654052734375,
            25.007601976394653,
            19.15925621986389,
            18.312142848968506,
            22.679575443267822,
            16.774228811264038,
            19.220208644866943,
            21.768458604812622,
            16.870786905288696
        ],
        "2s": [
            18.618041038513184,
            17.612066745758057,
            17.86363458633423,
            19.008904218673706,
            20.141810178756714,
            24.607013463974,
            17.784284591674805,
            22.133951902389526,
            22.284876585006714,
            26.596412181854248,
            19.955447673797607,
            21.92770266532898,
            22.892147302627563,
            27.8124520778656,
            26.509158849716187,
            22.641202449798584,
            22.659517526626587,
            26.571622371673584,
            26.322118997573853,
            22.331396102905273
        ],
        "3s": [
            25.366620540618896,
            19.477681636810303,
            28.502724647521973,
            28.531282424926758,
            28.415167093276978,
            19.32513451576233,
            22.479878425598145,
            19.537113904953003,
            25.474252223968506,
            19.216075897216797,
            30.054824590682983,
            29.850940227508545,
            22.583980798721313,
            22.41172170639038,
            28.629231929779053,
            29.806883335113525,
            22.650870323181152,
            18.804003715515137,
            22.373114824295044,
            19.409626483917236
        ],
        "4s": [
            20.59781312942505,
            20.195942401885986,
            24.80428695678711,
            28.16614866256714,
            32.14375853538513,
            23.843343257904053,
            29.763411045074463,
            19.575926065444946,
            25.817686557769775,
            28.235104084014893,
            19.95559811592102,
            24.39110016822815,
            21.029947519302368,
            28.394526958465576,
            28.159014463424683,
            24.019942045211792,
            28.935741901397705,
            29.87969422340393,
            28.438568115234375,
            28.41180944442749
        ],
        "5s": [
            26.11687469482422,
            31.1148579120636,
            26.701632976531982,
            31.845763683319092,
            16.71414828300476,
            31.452017545700073,
            26.614308834075928,
            27.337197065353394,
            21.604496717453003,
            27.99573278427124,
            21.413755416870117,
            31.793331623077393,
            26.5762882232666,
            22.823723554611206,
            26.934633493423462,
            17.30081796646118,
            26.241421937942505,
            21.10327458381653,
            31.352898597717285,
            26.8666410446167
        ],
        "6s": [
            30.011595726013184,
            29.865535259246826,
            28.432636737823486,
            29.674437761306763,
            23.475088119506836,
            29.91351294517517,
            28.137653589248657,
            28.1697039604187,
            29.41343355178833,
            29.74314546585083,
            29.72769856452942,
            22.158955097198486,
            22.46969509124756,
            28.390217304229736,
            23.319170475006104,
            21.99216938018799,
            34.0506067276001,
            28.984683513641357,
            21.798614501953125,
            34.14693355560303
        ],
        "7s": [
            22.858752727508545,
            30.41757297515869,
            17.549686670303345,
            31.56110906600952,
            29.82253098487854,
            30.146795988082886,
            22.984774112701416,
            22.718722105026245,
            23.658557653427124,
            30.05767273902893,
            30.13647222518921,
            24.263604640960693,
            24.85496759414673,
            23.390848398208618,
            22.956857919692993,
            24.710480451583862,
            31.418132066726685,
            31.880501747131348,
            31.517253398895264,
            30.18779492378235
        ],
        "8s": [
            32.100266218185425,
            32.14148831367493,
            25.76419687271118,
            24.201467514038086,
            32.25570583343506,
            32.74932861328125,
            24.106494665145874,
            24.17405867576599,
            33.74157524108887,
            32.24691963195801,
            24.274827241897583,
            32.24218797683716,
            33.890873193740845,
            33.734551429748535,
            24.02280855178833,
            24.125879764556885,
            32.811468839645386,
            32.24624514579773,
            32.14587473869324,
            33.52567791938782
        ],
        "9s": [
            35.25164532661438,
            35.65345048904419,
            34.3241503238678,
            33.81691765785217,
            35.456042528152466,
            34.23176980018616,
            25.756942749023438,
            34.75635862350464,
            35.6998233795166,
            26.766180992126465,
            34.330639362335205,
            26.565179109573364,
            34.77582120895386,
            34.31713604927063,
            25.883634567260742,
            34.0281081199646,
            34.38685131072998,
            26.469855785369873,
            26.377530097961426,
            34.47301435470581
        ],
        "10s": [
            26.65346884727478,
            26.763749361038208,
            27.903700351715088,
            27.619132041931152,
            36.39570236206055,
            36.25063729286194,
            36.27065563201904,
            36.598609924316406,
            17.19322657585144,
            26.149516582489014,
            36.09370398521423,
            36.16721558570862,
            26.144993782043457,
            27.672358989715576,
            26.2065589427948,
            27.484008073806763,
            26.112694263458252,
            37.787405252456665,
            36.164815187454224,
            36.158639669418335
        ],
        "no-timeout-set": [
            45.88942527770996,
            17.340529680252075,
            46.12221693992615,
            47.358384132385254,
            47.468966245651245,
            46.97756576538086,
            46.207403898239136,
            45.943522453308105,
            46.06692886352539,
            46.31869840621948,
            46.02381730079651,
            46.34426498413086,
            47.4636173248291,
            45.943142890930176,
            46.1868782043457,
            47.554943323135376,
            46.303908348083496,
            46.05786108970642,
            47.512672662734985,
            46.17814922332764
        ]
    },
    "means": {
        "1s": 20.451005125045775,
        "2s": 22.31368807554245,
        "3s": 24.145056462287904,
        "4s": 25.737968182563783,
        "5s": 25.995190846920014,
        "6s": 27.693774366378783,
        "7s": 26.85465441942215,
        "8s": 29.82509481906891,
        "9s": 32.16605259180069,
        "10s": 30.689539635181426,
        "no-timeout-set": 45.06314485073089
    },
    "stds": {
        "1s": 3.1071161052648524,
        "2s": 3.273999266318018,
        "3s": 4.195545331698291,
        "4s": 3.866535454168593,
        "5s": 4.572618107615328,
        "6s": 3.8218728653600267,
        "7s": 4.241415526894419,
        "8s": 4.151273428633957,
        "9s": 3.975095378248898,