{
    "id": 316619620352,
    "userid": 1000,
    "urgency": 16,
    "priority": 16,
    "t_submit": 1684111897.9693499,
    "t_depend": 1684111897.9809797,
    "t_run": 1684111898.0094383,
    "t_cleanup": 1684111898.2751358,
    "t_inactive": 1684111898.2764394,
    "state": "INACTIVE",
    "name": "hostname",
    "ntasks": 392,
    "ncores": 392,
    "duration": 0.0,
    "nnodes": 7,
    "ranks": "[0-6]",
    "nodelist": "flux-sample-[1-7]",
    "success": true,
    "exception_occurred": false,
    "result": "COMPLETED",
    "expiration": 4837711897.0,
    "waitstatus": 0,
    "returncode": 0,
    "runtime": 0.2656974792480469,
    "exception": {
        "occurred": false,
        "severity": "",
        "type": "",
        "note": ""
    }
}