{
    "id": 353059733504,
    "userid": 1000,
    "urgency": 16,
    "priority": 16,
    "t_submit": 1684111900.1418922,
    "t_depend": 1684111900.1534371,
    "t_run": 1684111900.1824164,
    "t_cleanup": 1684111900.450959,
    "t_inactive": 1684111900.4523995,
    "state": "INACTIVE",
    "name": "hostname",
    "ntasks": 392,
    "ncores": 392,
    "duration": 0.0,
    "nnodes": 7,
    "ranks": "[0-6]",
    "nodelist": "flux-sample-[1-7]",
    "success": true,
    "exception_occurred": false,
    "result": "COMPLETED",
    "expiration": 4837711900.0,
    "waitstatus": 0,
    "returncode": 0,
    "runtime": 0.2685425281524658,
    "exception": {
        "occurred": false,
        "severity": "",
        "type": "",
        "note": ""
    }
}