{
    "id": 265415557120,
    "userid": 1000,
    "urgency": 16,
    "priority": 16,
    "t_submit": 1684111894.9176736,
    "t_depend": 1684111894.9290528,
    "t_run": 1684111894.9576633,
    "t_cleanup": 1684111895.2387187,
    "t_inactive": 1684111895.240054,
    "state": "INACTIVE",
    "name": "hostname",
    "ntasks": 392,
    "ncores": 392,
    "duration": 0.0,
    "nnodes": 7,
    "ranks": "[0-6]",
    "nodelist": "flux-sample-[1-7]",
    "success": true,
    "exception_occurred": false,
    "result": "COMPLETED",
    "expiration": 4837711894.0,
    "waitstatus": 0,
    "returncode": 0,
    "runtime": 0.2810554504394531,
    "exception": {
        "occurred": false,
        "severity": "",
        "type": "",
        "note": ""
    }
}