{
    "id": 382755405824,
    "userid": 1000,
    "urgency": 16,
    "priority": 16,
    "t_submit": 1684111901.9116383,
    "t_depend": 1684111901.9230213,
    "t_run": 1684111901.9521327,
    "t_cleanup": 1684111902.2118895,
    "t_inactive": 1684111902.2132359,
    "state": "INACTIVE",
    "name": "hostname",
    "ntasks": 392,
    "ncores": 392,
    "duration": 0.0,
    "nnodes": 7,
    "ranks": "[0-6]",
    "nodelist": "flux-sample-[1-7]",
    "success": true,
    "exception_occurred": false,
    "result": "COMPLETED",
    "expiration": 4837711901.0,
    "waitstatus": 0,
    "returncode": 0,
    "runtime": 0.25975680351257324,
    "exception": {
        "occurred": false,
        "severity": "",
        "type": "",
        "note": ""
    }
}