{
    "id": 294809239552,
    "userid": 1000,
    "urgency": 16,
    "priority": 16,
    "t_submit": 1684111896.6698735,
    "t_depend": 1684111896.6815703,
    "t_run": 1684111896.7103643,
    "t_cleanup": 1684111896.9834955,
    "t_inactive": 1684111896.98492,
    "state": "INACTIVE",
    "name": "hostname",
    "ntasks": 392,
    "ncores": 392,
    "duration": 0.0,
    "nnodes": 7,
    "ranks": "[0-6]",
    "nodelist": "flux-sample-[1-7]",
    "success": true,
    "exception_occurred": false,
    "result": "COMPLETED",
    "expiration": 4837711896.0,
    "waitstatus": 0,
    "returncode": 0,
    "runtime": 0.2731311321258545,
    "exception": {
        "occurred": false,
        "severity": "",
        "type": "",
        "note": ""
    }
}