{
    "id": 345694535680,
    "userid": 1000,
    "urgency": 16,
    "priority": 16,
    "t_submit": 1684111899.702755,
    "t_depend": 1684111899.7142398,
    "t_run": 1684111899.7427807,
    "t_cleanup": 1684111900.0159173,
    "t_inactive": 1684111900.0172858,
    "state": "INACTIVE",
    "name": "hostname",
    "ntasks": 392,
    "ncores": 392,
    "duration": 0.0,
    "nnodes": 7,
    "ranks": "[0-6]",
    "nodelist": "flux-sample-[1-7]",
    "success": true,
    "exception_occurred": false,
    "result": "COMPLETED",
    "expiration": 4837711899.0,
    "waitstatus": 0,
    "returncode": 0,
    "runtime": 0.27313661575317383,
    "exception": {
        "occurred": false,
        "severity": "",
        "type": "",
        "note": ""
    }
}