{
    "id": 280246616064,
    "userid": 1000,
    "urgency": 16,
    "priority": 16,
    "t_submit": 1684111895.8019657,
    "t_depend": 1684111895.8133297,
    "t_run": 1684111895.8422217,
    "t_cleanup": 1684111896.1120772,
    "t_inactive": 1684111896.113463,
    "state": "INACTIVE",
    "name": "hostname",
    "ntasks": 392,
    "ncores": 392,
    "duration": 0.0,
    "nnodes": 7,
    "ranks": "[0-6]",
    "nodelist": "flux-sample-[1-7]",
    "success": true,
    "exception_occurred": false,
    "result": "COMPLETED",
    "expiration": 4837711895.0,
    "waitstatus": 0,
    "returncode": 0,
    "runtime": 0.2698554992675781,
    "exception": {
        "occurred": false,
        "severity": "",
        "type": "",
        "note": ""
    }
}