{
    "id": 302174437376,
    "userid": 1000,
    "urgency": 16,
    "priority": 16,
    "t_submit": 1684111897.1087193,
    "t_depend": 1684111897.120115,
    "t_run": 1684111897.1487646,
    "t_cleanup": 1684111897.4106388,
    "t_inactive": 1684111897.4120886,
    "state": "INACTIVE",
    "name": "hostname",
    "ntasks": 392,
    "ncores": 392,
    "duration": 0.0,
    "nnodes": 7,
    "ranks": "[0-6]",
    "nodelist": "flux-sample-[1-7]",
    "success": true,
    "exception_occurred": false,
    "result": "COMPLETED",
    "expiration": 4837711897.0,
    "waitstatus": 0,
    "returncode": 0,
    "runtime": 0.2618741989135742,
    "exception": {
        "occurred": false,
        "severity": "",
        "type": "",
        "note": ""
    }
}