{
    "id": 287578259456,
    "userid": 1000,
    "urgency": 16,
    "priority": 16,
    "t_submit": 1684111896.2384703,
    "t_depend": 1684111896.249863,
    "t_run": 1684111896.27855,
    "t_cleanup": 1684111896.5429623,
    "t_inactive": 1684111896.544306,
    "state": "INACTIVE",
    "name": "hostname",
    "ntasks": 392,
    "ncores": 392,
    "duration": 0.0,
    "nnodes": 7,
    "ranks": "[0-6]",
    "nodelist": "flux-sample-[1-7]",
    "success": true,
    "exception_occurred": false,
    "result": "COMPLETED",
    "expiration": 4837711896.0,
    "waitstatus": 0,
    "returncode": 0,
    "runtime": 0.26441240310668945,
    "exception": {
        "occurred": false,
        "severity": "",
        "type": "",
        "note": ""
    }
}