{
    "id": 272931749888,
    "userid": 1000,
    "urgency": 16,
    "priority": 16,
    "t_submit": 1684111895.365389,
    "t_depend": 1684111895.3771915,
    "t_run": 1684111895.4055085,
    "t_cleanup": 1684111895.6751986,
    "t_inactive": 1684111895.6765525,
    "state": "INACTIVE",
    "name": "hostname",
    "ntasks": 392,
    "ncores": 392,
    "duration": 0.0,
    "nnodes": 7,
    "ranks": "[0-6]",
    "nodelist": "flux-sample-[1-7]",
    "success": true,
    "exception_occurred": false,
    "result": "COMPLETED",
    "expiration": 4837711895.0,
    "waitstatus": 0,
    "returncode": 0,
    "runtime": 0.26969003677368164,
    "exception": {
        "occurred": false,
        "severity": "",
        "type": "",
        "note": ""
    }
}