{
    "id": 2932086931456,
    "userid": 1234,
    "urgency": 16,
    "priority": 16,
    "t_submit": 1684197090.1595194,
    "t_depend": 1684197090.1715312,
    "t_run": 1684197090.1878667,
    "t_cleanup": 1684197091.0484178,
    "t_inactive": 1684197091.0506654,
    "state": "INACTIVE",
    "name": "ring_usempi",
    "ntasks": 448,
    "ncores": 448,
    "duration": 0.0,
    "nnodes": 8,
    "ranks": "[0-7]",
    "nodelist": "flux-sample-[0-7]",
    "success": true,
    "exception_occurred": false,
    "result": "COMPLETED",
    "expiration": 4837797090.0,
    "waitstatus": 0,
    "returncode": 0,
    "runtime": 0.860551118850708,
    "exception": {
        "occurred": false,
        "severity": "",
        "type": "",
        "note": ""
    }
}