{
    "id": 2948746706944,
    "userid": 1234,
    "urgency": 16,
    "priority": 16,
    "t_submit": 1684197091.1531487,
    "t_depend": 1684197091.1651177,
    "t_run": 1684197091.1817672,
    "t_cleanup": 1684197092.1467283,
    "t_inactive": 1684197092.1508908,
    "state": "INACTIVE",
    "name": "ring_usempi",
    "ntasks": 448,
    "ncores": 448,
    "duration": 0.0,
    "nnodes": 8,
    "ranks": "[0-7]",
    "nodelist": "flux-sample-[0-7]",
    "success": true,
    "exception_occurred": false,
    "result": "COMPLETED",
    "expiration": 4837797091.0,
    "waitstatus": 0,
    "returncode": 0,
    "runtime": 0.964961051940918,
    "exception": {
        "occurred": false,
        "severity": "",
        "type": "",
        "note": ""
    }
}