{
    "id": 2914739290112,
    "userid": 1234,
    "urgency": 16,
    "priority": 16,
    "t_submit": 1684197089.1256628,
    "t_depend": 1684197089.1376452,
    "t_run": 1684197089.1547241,
    "t_cleanup": 1684197090.0534472,
    "t_inactive": 1684197090.0573142,
    "state": "INACTIVE",
    "name": "ring_usempi",
    "ntasks": 448,
    "ncores": 448,
    "duration": 0.0,
    "nnodes": 8,
    "ranks": "[0-7]",
    "nodelist": "flux-sample-[0-7]",
    "success": true,
    "exception_occurred": false,
    "result": "COMPLETED",
    "expiration": 4837797089.0,
    "waitstatus": 0,
    "returncode": 0,
    "runtime": 0.8987231254577637,
    "exception": {
        "occurred": false,
        "severity": "",
        "type": "",
        "note": ""
    }
}