{
    "id": 3072461897728,
    "userid": 1234,
    "urgency": 16,
    "priority": 16,
    "t_submit": 1684197098.5266392,
    "t_depend": 1684197098.538351,
    "t_run": 1684197098.5547338,
    "t_cleanup": 1684197099.1601136,
    "t_inactive": 1684197099.1620529,
    "state": "INACTIVE",
    "name": "ring_usempi",
    "ntasks": 448,
    "ncores": 448,
    "duration": 0.0,
    "nnodes": 8,
    "ranks": "[0-7]",
    "nodelist": "flux-sample-[0-7]",
    "success": true,
    "exception_occurred": false,
    "result": "COMPLETED",
    "expiration": 4837797098.0,
    "waitstatus": 0,
    "returncode": 0,
    "runtime": 0.6053798198699951,
    "exception": {
        "occurred": false,
        "severity": "",
        "type": "",
        "note": ""
    }
}