{
    "id": 2888432615424,
    "userid": 1234,
    "urgency": 16,
    "priority": 16,
    "t_submit": 1684197087.5574477,
    "t_depend": 1684197087.5691686,
    "t_run": 1684197087.5855556,
    "t_cleanup": 1684197088.31476,
    "t_inactive": 1684197088.3167105,
    "state": "INACTIVE",
    "name": "ring_usempi",
    "ntasks": 448,
    "ncores": 448,
    "duration": 0.0,
    "nnodes": 8,
    "ranks": "[0-7]",
    "nodelist": "flux-sample-[0-7]",
    "success": true,
    "exception_occurred": false,
    "result": "COMPLETED",
    "expiration": 4837797087.0,
    "waitstatus": 0,
    "returncode": 0,
    "runtime": 0.7292044162750244,
    "exception": {
        "occurred": false,
        "severity": "",
        "type": "",
        "note": ""
    }
}