{
    "id": 2902894575616,
    "userid": 1234,
    "urgency": 16,
    "priority": 16,
    "t_submit": 1684197088.420109,
    "t_depend": 1684197088.432067,
    "t_run": 1684197088.4479444,
    "t_cleanup": 1684197089.0193558,
    "t_inactive": 1684197089.0216556,
    "state": "INACTIVE",
    "name": "ring_usempi",
    "ntasks": 448,
    "ncores": 448,
    "duration": 0.0,
    "nnodes": 8,
    "ranks": "[0-7]",
    "nodelist": "flux-sample-[0-7]",
    "success": true,
    "exception_occurred": false,
    "result": "COMPLETED",
    "expiration": 4837797088.0,
    "waitstatus": 0,
    "returncode": 0,
    "runtime": 0.5714113712310791,
    "exception": {
        "occurred": false,
        "severity": "",
        "type": "",
        "note": ""
    }
}