{
    "id": 3128514576384,
    "userid": 1234,
    "urgency": 16,
    "priority": 16,
    "t_submit": 1684197101.8679035,
    "t_depend": 1684197101.8797688,
    "t_run": 1684197101.8961205,
    "t_cleanup": 1684197102.5431557,
    "t_inactive": 1684197102.5453749,
    "state": "INACTIVE",
    "name": "ring_usempi",
    "ntasks": 448,
    "ncores": 448,
    "duration": 0.0,
    "nnodes": 8,
    "ranks": "[0-7]",
    "nodelist": "flux-sample-[0-7]",
    "success": true,
    "exception_occurred": false,
    "result": "COMPLETED",
    "expiration": 4837797101.0,
    "waitstatus": 0,
    "returncode": 0,
    "runtime": 0.6470351219177246,
    "exception": {
        "occurred": false,
        "severity": "",
        "type": "",
        "note": ""
    }
}