{
    "id": 3113029206016,
    "userid": 1234,
    "urgency": 16,
    "priority": 16,
    "t_submit": 1684197100.9446619,
    "t_depend": 1684197100.956531,
    "t_run": 1684197100.9728692,
    "t_cleanup": 1684197101.7585137,
    "t_inactive": 1684197101.7608085,
    "state": "INACTIVE",
    "name": "ring_usempi",
    "ntasks": 448,
    "ncores": 448,
    "duration": 0.0,
    "nnodes": 8,
    "ranks": "[0-7]",
    "nodelist": "flux-sample-[0-7]",
    "success": true,
    "exception_occurred": false,
    "result": "COMPLETED",
    "expiration": 4837797100.0,
    "waitstatus": 0,
    "returncode": 0,
    "runtime": 0.78564453125,
    "exception": {
        "occurred": false,
        "severity": "",
        "type": "",
        "note": ""
    }
}