{
    "id": 3035031928832,
    "userid": 1234,
    "urgency": 16,
    "priority": 16,
    "t_submit": 1684197096.2962263,
    "t_depend": 1684197096.3083389,
    "t_run": 1684197096.3250937,
    "t_cleanup": 1684197096.9201899,
    "t_inactive": 1684197096.922452,
    "state": "INACTIVE",
    "name": "ring_usempi",
    "ntasks": 448,
    "ncores": 448,
    "duration": 0.0,
    "nnodes": 8,
    "ranks": "[0-7]",
    "nodelist": "flux-sample-[0-7]",
    "success": true,
    "exception_occurred": false,
    "result": "COMPLETED",
    "expiration": 4837797096.0,
    "waitstatus": 0,
    "returncode": 0,
    "runtime": 0.5950961112976074,
    "exception": {
        "occurred": false,
        "severity": "",
        "type": "",
        "note": ""
    }
}