{
    "id": 2980170432512,
    "userid": 1234,
    "urgency": 16,
    "priority": 16,
    "t_submit": 1684197093.0262973,
    "t_depend": 1684197093.0383408,
    "t_run": 1684197093.055076,
    "t_cleanup": 1684197093.649403,
    "t_inactive": 1684197093.6516943,
    "state": "INACTIVE",
    "name": "ring_usempi",
    "ntasks": 448,
    "ncores": 448,
    "duration": 0.0,
    "nnodes": 8,
    "ranks": "[0-7]",
    "nodelist": "flux-sample-[0-7]",
    "success": true,
    "exception_occurred": false,
    "result": "COMPLETED",
    "expiration": 4837797093.0,
    "waitstatus": 0,
    "returncode": 0,
    "runtime": 0.5943272113800049,
    "exception": {
        "occurred": false,
        "severity": "",
        "type": "",
        "note": ""
    }
}