{
    "id": 3007030755328,
    "userid": 1234,
    "urgency": 16,
    "priority": 16,
    "t_submit": 1684197094.6268907,
    "t_depend": 1684197094.6390584,
    "t_run": 1684197094.655506,
    "t_cleanup": 1684197095.4139361,
    "t_inactive": 1684197095.4173915,
    "state": "INACTIVE",
    "name": "ring_usempi",
    "ntasks": 448,
    "ncores": 448,
    "duration": 0.0,
    "nnodes": 8,
    "ranks": "[0-7]",
    "nodelist": "flux-sample-[0-7]",
    "success": true,
    "exception_occurred": false,
    "result": "COMPLETED",
    "expiration": 4837797094.0,
    "waitstatus": 0,
    "returncode": 0,
    "runtime": 0.7584302425384521,
    "exception": {
        "occurred": false,
        "severity": "",
        "type": "",
        "note": ""
    }
}