{
    "id": 3021996032000,
    "userid": 1234,
    "urgency": 16,
    "priority": 16,
    "t_submit": 1684197095.5193098,
    "t_depend": 1684197095.5314052,
    "t_run": 1684197095.5480042,
    "t_cleanup": 1684197096.1923842,
    "t_inactive": 1684197096.1945376,
    "state": "INACTIVE",
    "name": "ring_usempi",
    "ntasks": 448,
    "ncores": 448,
    "duration": 0.0,
    "nnodes": 8,
    "ranks": "[0-7]",
    "nodelist": "flux-sample-[0-7]",
    "success": true,
    "exception_occurred": false,
    "result": "COMPLETED",
    "expiration": 4837797095.0,
    "waitstatus": 0,
    "returncode": 0,
    "runtime": 0.6443800926208496,
    "exception": {
        "occurred": false,
        "severity": "",
        "type": "",
        "note": ""
    }
}