{
    "id": 2752268730368,
    "userid": 1234,
    "urgency": 16,
    "priority": 16,
    "t_submit": 1684197079.4418108,
    "t_depend": 1684197079.4536543,
    "t_run": 1684197079.4698262,
    "t_cleanup": 1684197079.7148275,
    "t_inactive": 1684197079.7170126,
    "state": "INACTIVE",
    "name": "ring_usempi",
    "ntasks": 448,
    "ncores": 448,
    "duration": 0.0,
    "nnodes": 8,
    "ranks": "[0-7]",
    "nodelist": "flux-sample-[0-7]",
    "success": true,
    "exception_occurred": false,
    "result": "COMPLETED",
    "expiration": 4837797079.0,
    "waitstatus": 0,
    "returncode": 0,
    "runtime": 0.24500131607055664,
    "exception": {
        "occurred": false,
        "severity": "",
        "type": "",
        "note": ""
    }
}