{
    "id": 2806492692480,
    "userid": 1234,
    "urgency": 16,
    "priority": 16,
    "t_submit": 1684197082.673589,
    "t_depend": 1684197082.685301,
    "t_run": 1684197082.701688,
    "t_cleanup": 1684197082.9323325,
    "t_inactive": 1684197082.9345317,
    "state": "INACTIVE",
    "name": "ring_usempi",
    "ntasks": 448,
    "ncores": 448,
    "duration": 0.0,
    "nnodes": 8,
    "ranks": "[0-7]",
    "nodelist": "flux-sample-[0-7]",
    "success": true,
    "exception_occurred": false,
    "result": "COMPLETED",
    "expiration": 4837797082.0,
    "waitstatus": 0,
    "returncode": 0,
    "runtime": 0.23064446449279785,
    "exception": {
        "occurred": false,
        "severity": "",
        "type": "",
        "note": ""
    }
}