{
    "id": 2758660849664,
    "userid": 1234,
    "urgency": 16,
    "priority": 16,
    "t_submit": 1684197079.822588,
    "t_depend": 1684197079.834287,
    "t_run": 1684197079.8504949,
    "t_cleanup": 1684197080.0806568,
    "t_inactive": 1684197080.082874,
    "state": "INACTIVE",
    "name": "ring_usempi",
    "ntasks": 448,
    "ncores": 448,
    "duration": 0.0,
    "nnodes": 8,
    "ranks": "[0-7]",
    "nodelist": "flux-sample-[0-7]",
    "success": true,
    "exception_occurred": false,
    "result": "COMPLETED",
    "expiration": 4837797079.0,
    "waitstatus": 0,
    "returncode": 0,
    "runtime": 0.2301619052886963,
    "exception": {
        "occurred": false,
        "severity": "",
        "type": "",
        "note": ""
    }
}