{
    "id": 2788373299200,
    "userid": 1234,
    "urgency": 16,
    "priority": 16,
    "t_submit": 1684197081.59401,
    "t_depend": 1684197081.6058679,
    "t_run": 1684197081.6225104,
    "t_cleanup": 1684197081.8551683,
    "t_inactive": 1684197081.8571353,
    "state": "INACTIVE",
    "name": "ring_usempi",
    "ntasks": 448,
    "ncores": 448,
    "duration": 0.0,
    "nnodes": 8,
    "ranks": "[0-7]",
    "nodelist": "flux-sample-[0-7]",
    "success": true,
    "exception_occurred": false,
    "result": "COMPLETED",
    "expiration": 4837797081.0,
    "waitstatus": 0,
    "returncode": 0,
    "runtime": 0.23265790939331055,
    "exception": {
        "occurred": false,
        "severity": "",
        "type": "",
        "note": ""
    }
}