{
    "id": 2860481773568,
    "userid": 1234,
    "urgency": 16,
    "priority": 16,
    "t_submit": 1684197085.8917553,
    "t_depend": 1684197085.903602,
    "t_run": 1684197085.919982,
    "t_cleanup": 1684197086.1328702,
    "t_inactive": 1684197086.1348474,
    "state": "INACTIVE",
    "name": "ring_usempi",
    "ntasks": 448,
    "ncores": 448,
    "duration": 0.0,
    "nnodes": 8,
    "ranks": "[0-7]",
    "nodelist": "flux-sample-[0-7]",
    "success": true,
    "exception_occurred": false,
    "result": "COMPLETED",
    "expiration": 4837797085.0,
    "waitstatus": 0,
    "returncode": 0,
    "runtime": 0.21288824081420898,
    "exception": {
        "occurred": false,
        "severity": "",
        "type": "",
        "note": ""
    }
}