{
    "id": 2824528199680,
    "userid": 1234,
    "urgency": 16,
    "priority": 16,
    "t_submit": 1684197083.7485254,
    "t_depend": 1684197083.7603135,
    "t_run": 1684197083.7763011,
    "t_cleanup": 1684197084.0140443,
    "t_inactive": 1684197084.0162587,
    "state": "INACTIVE",
    "name": "ring_usempi",
    "ntasks": 448,
    "ncores": 448,
    "duration": 0.0,
    "nnodes": 8,
    "ranks": "[0-7]",
    "nodelist": "flux-sample-[0-7]",
    "success": true,
    "exception_occurred": false,
    "result": "COMPLETED",
    "expiration": 4837797083.0,
    "waitstatus": 0,
    "returncode": 0,
    "runtime": 0.23774313926696777,
    "exception": {
        "occurred": false,
        "severity": "",
        "type": "",
        "note": ""
    }
}