{
    "id": 2866387353600,
    "userid": 1234,
    "urgency": 16,
    "priority": 16,
    "t_submit": 1684197086.2438207,
    "t_depend": 1684197086.255609,
    "t_run": 1684197086.2721956,
    "t_cleanup": 1684197086.491711,
    "t_inactive": 1684197086.4938536,
    "state": "INACTIVE",
    "name": "ring_usempi",
    "ntasks": 448,
    "ncores": 448,
    "duration": 0.0,
    "nnodes": 8,
    "ranks": "[0-7]",
    "nodelist": "flux-sample-[0-7]",
    "success": true,
    "exception_occurred": false,
    "result": "COMPLETED",
    "expiration": 4837797086.0,
    "waitstatus": 0,
    "returncode": 0,
    "runtime": 0.21951532363891602,
    "exception": {
        "occurred": false,
        "severity": "",
        "type": "",
        "note": ""
    }
}