{
    "id": 2770723667968,
    "userid": 1234,
    "urgency": 16,
    "priority": 16,
    "t_submit": 1684197080.5416899,
    "t_depend": 1684197080.553301,
    "t_run": 1684197080.5691168,
    "t_cleanup": 1684197080.7916553,
    "t_inactive": 1684197080.793579,
    "state": "INACTIVE",
    "name": "ring_usempi",
    "ntasks": 448,
    "ncores": 448,
    "duration": 0.0,
    "nnodes": 8,
    "ranks": "[0-7]",
    "nodelist": "flux-sample-[0-7]",
    "success": true,
    "exception_occurred": false,
    "result": "COMPLETED",
    "expiration": 4837797080.0,
    "waitstatus": 0,
    "returncode": 0,
    "runtime": 0.22253847122192383,
    "exception": {
        "occurred": false,
        "severity": "",
        "type": "",
        "note": ""
    }
}