{
    "id": 2818572288000,
    "userid": 1234,
    "urgency": 16,
    "priority": 16,
    "t_submit": 1684197083.3941572,
    "t_depend": 1684197083.4061801,
    "t_run": 1684197083.4234743,
    "t_cleanup": 1684197083.6419828,
    "t_inactive": 1684197083.6441944,
    "state": "INACTIVE",
    "name": "ring_usempi",
    "ntasks": 448,
    "ncores": 448,
    "duration": 0.0,
    "nnodes": 8,
    "ranks": "[0-7]",
    "nodelist": "flux-sample-[0-7]",
    "success": true,
    "exception_occurred": false,
    "result": "COMPLETED",
    "expiration": 4837797083.0,
    "waitstatus": 0,
    "returncode": 0,
    "runtime": 0.21850848197937012,
    "exception": {
        "occurred": false,
        "severity": "",
        "type": "",
        "note": ""
    }
}