{
    "id": 2842681147392,
    "userid": 1234,
    "urgency": 16,
    "priority": 16,
    "t_submit": 1684197084.8304684,
    "t_depend": 1684197084.8424077,
    "t_run": 1684197084.8588068,
    "t_cleanup": 1684197085.0790837,
    "t_inactive": 1684197085.081562,
    "state": "INACTIVE",
    "name": "ring_usempi",
    "ntasks": 448,
    "ncores": 448,
    "duration": 0.0,
    "nnodes": 8,
    "ranks": "[0-7]",
    "nodelist": "flux-sample-[0-7]",
    "success": true,
    "exception_occurred": false,
    "result": "COMPLETED",
    "expiration": 4837797084.0,
    "waitstatus": 0,
    "returncode": 0,
    "runtime": 0.2202768325805664,
    "exception": {
        "occurred": false,
        "severity": "",
        "type": "",
        "note": ""
    }
}