{
    "id": 2764750979072,
    "userid": 1234,
    "urgency": 16,
    "priority": 16,
    "t_submit": 1684197080.185937,
    "t_depend": 1684197080.1981115,
    "t_run": 1684197080.2142477,
    "t_cleanup": 1684197080.4378848,
    "t_inactive": 1684197080.4398334,
    "state": "INACTIVE",
    "name": "ring_usempi",
    "ntasks": 448,
    "ncores": 448,
    "duration": 0.0,
    "nnodes": 8,
    "ranks": "[0-7]",
    "nodelist": "flux-sample-[0-7]",
    "success": true,
    "exception_occurred": false,
    "result": "COMPLETED",
    "expiration": 4837797080.0,
    "waitstatus": 0,
    "returncode": 0,
    "runtime": 0.22363710403442383,
    "exception": {
        "occurred": false,
        "severity": "",
        "type": "",
        "note": ""
    }
}