{
    "id": 2830769324032,
    "userid": 1234,
    "urgency": 16,
    "priority": 16,
    "t_submit": 1684197084.1204653,
    "t_depend": 1684197084.1323879,
    "t_run": 1684197084.1484547,
    "t_cleanup": 1684197084.3673882,
    "t_inactive": 1684197084.3695915,
    "state": "INACTIVE",
    "name": "ring_usempi",
    "ntasks": 448,
    "ncores": 448,
    "duration": 0.0,
    "nnodes": 8,
    "ranks": "[0-7]",
    "nodelist": "flux-sample-[0-7]",
    "success": true,
    "exception_occurred": false,
    "result": "COMPLETED",
    "expiration": 4837797084.0,
    "waitstatus": 0,
    "returncode": 0,
    "runtime": 0.2189335823059082,
    "exception": {
        "occurred": false,
        "severity": "",
        "type": "",
        "note": ""
    }
}