{
    "id": 2794496983040,
    "userid": 1234,
    "urgency": 16,
    "priority": 16,
    "t_submit": 1684197081.9591813,
    "t_depend": 1684197081.9710367,
    "t_run": 1684197081.986906,
    "t_cleanup": 1684197082.2126155,
    "t_inactive": 1684197082.2147708,
    "state": "INACTIVE",
    "name": "ring_usempi",
    "ntasks": 448,
    "ncores": 448,
    "duration": 0.0,
    "nnodes": 8,
    "ranks": "[0-7]",
    "nodelist": "flux-sample-[0-7]",
    "success": true,
    "exception_occurred": false,
    "result": "COMPLETED",
    "expiration": 4837797081.0,
    "waitstatus": 0,
    "returncode": 0,
    "runtime": 0.2257094383239746,
    "exception": {
        "occurred": false,
        "severity": "",
        "type": "",
        "note": ""
    }
}