{
    "id": 1188497981440,
    "userid": 1234,
    "urgency": 16,
    "priority": 16,
    "t_submit": 1684196986.2341719,
    "t_depend": 1684196986.2455688,
    "t_run": 1684196986.2606316,
    "t_cleanup": 1684196986.7059546,
    "t_inactive": 1684196986.7076166,
    "state": "INACTIVE",
    "name": "hello_c",
    "ntasks": 448,
    "ncores": 448,
    "duration": 0.0,
    "nnodes": 8,
    "ranks": "[0-7]",
    "nodelist": "flux-sample-[0-7]",
    "success": true,
    "exception_occurred": false,
    "result": "COMPLETED",
    "expiration": 4837796986.0,
    "waitstatus": 0,
    "returncode": 0,
    "runtime": 0.44532299041748047,
    "exception": {
        "occurred": false,
        "severity": "",
        "type": "",
        "note": ""
    }
}