{
    "id": 1126120292352,
    "userid": 1234,
    "urgency": 16,
    "priority": 16,
    "t_submit": 1684196982.515492,
    "t_depend": 1684196982.5268755,
    "t_run": 1684196982.541594,
    "t_cleanup": 1684196983.0251606,
    "t_inactive": 1684196983.026725,
    "state": "INACTIVE",
    "name": "hello_c",
    "ntasks": 448,
    "ncores": 448,
    "duration": 0.0,
    "nnodes": 8,
    "ranks": "[0-7]",
    "nodelist": "flux-sample-[0-7]",
    "success": true,
    "exception_occurred": false,
    "result": "COMPLETED",
    "expiration": 4837796982.0,
    "waitstatus": 0,
    "returncode": 0,
    "runtime": 0.4835665225982666,
    "exception": {
        "occurred": false,
        "severity": "",
        "type": "",
        "note": ""
    }
}