{
    "id": 1060957585408,
    "userid": 1234,
    "urgency": 16,
    "priority": 16,
    "t_submit": 1684196978.6317556,
    "t_depend": 1684196978.6428823,
    "t_run": 1684196978.657666,
    "t_cleanup": 1684196979.1544917,
    "t_inactive": 1684196979.1560464,
    "state": "INACTIVE",
    "name": "hello_c",
    "ntasks": 448,
    "ncores": 448,
    "duration": 0.0,
    "nnodes": 8,
    "ranks": "[0-7]",
    "nodelist": "flux-sample-[0-7]",
    "success": true,
    "exception_occurred": false,
    "result": "COMPLETED",
    "expiration": 4837796978.0,
    "waitstatus": 0,
    "returncode": 0,
    "runtime": 0.4968256950378418,
    "exception": {
        "occurred": false,
        "severity": "",
        "type": "",
        "note": ""
    }
}