{
    "id": 1071493677056,
    "userid": 1234,
    "urgency": 16,
    "priority": 16,
    "t_submit": 1684196979.2604303,
    "t_depend": 1684196979.2716389,
    "t_run": 1684196979.2860465,
    "t_cleanup": 1684196979.8305085,
    "t_inactive": 1684196979.8326235,
    "state": "INACTIVE",
    "name": "hello_c",
    "ntasks": 448,
    "ncores": 448,
    "duration": 0.0,
    "nnodes": 8,
    "ranks": "[0-7]",
    "nodelist": "flux-sample-[0-7]",
    "success": true,
    "exception_occurred": false,
    "result": "COMPLETED",
    "expiration": 4837796979.0,
    "waitstatus": 0,
    "returncode": 0,
    "runtime": 0.5444619655609131,
    "exception": {
        "occurred": false,
        "severity": "",
        "type": "",
        "note": ""
    }
}