{
    "id": 1006230306816,
    "userid": 1234,
    "urgency": 16,
    "priority": 16,
    "t_submit": 1684196975.3696313,
    "t_depend": 1684196975.3808918,
    "t_run": 1684196975.3953018,
    "t_cleanup": 1684196975.9102368,
    "t_inactive": 1684196975.9116347,
    "state": "INACTIVE",
    "name": "hello_c",
    "ntasks": 448,
    "ncores": 448,
    "duration": 0.0,
    "nnodes": 8,
    "ranks": "[0-7]",
    "nodelist": "flux-sample-[0-7]",
    "success": true,
    "exception_occurred": false,
    "result": "COMPLETED",
    "expiration": 4837796975.0,
    "waitstatus": 0,
    "returncode": 0,
    "runtime": 0.5149350166320801,
    "exception": {
        "occurred": false,
        "severity": "",
        "type": "",
        "note": ""
    }
}