{
    "id": 1147024703488,
    "userid": 1234,
    "urgency": 16,
    "priority": 16,
    "t_submit": 1684196983.7617872,
    "t_depend": 1684196983.773024,
    "t_run": 1684196983.7875006,
    "t_cleanup": 1684196984.2513826,
    "t_inactive": 1684196984.2529356,
    "state": "INACTIVE",
    "name": "hello_c",
    "ntasks": 448,
    "ncores": 448,
    "duration": 0.0,
    "nnodes": 8,
    "ranks": "[0-7]",
    "nodelist": "flux-sample-[0-7]",
    "success": true,
    "exception_occurred": false,
    "result": "COMPLETED",
    "expiration": 4837796983.0,
    "waitstatus": 0,
    "returncode": 0,
    "runtime": 0.4638819694519043,
    "exception": {
        "occurred": false,
        "severity": "",
        "type": "",
        "note": ""
    }
}