{
    "id": 1167476129792,
    "userid": 1234,
    "urgency": 16,
    "priority": 16,
    "t_submit": 1684196984.9812386,
    "t_depend": 1684196984.9924707,
    "t_run": 1684196985.0069747,
    "t_cleanup": 1684196985.4879115,
    "t_inactive": 1684196985.4897735,
    "state": "INACTIVE",
    "name": "hello_c",
    "ntasks": 448,
    "ncores": 448,
    "duration": 0.0,
    "nnodes": 8,
    "ranks": "[0-7]",
    "nodelist": "flux-sample-[0-7]",
    "success": true,
    "exception_occurred": false,
    "result": "COMPLETED",
    "expiration": 4837796985.0,
    "waitstatus": 0,
    "returncode": 0,
    "runtime": 0.48093676567077637,
    "exception": {
        "occurred": false,
        "severity": "",
        "type": "",
        "note": ""
    }
}