{
    "id": 1017051611136,
    "userid": 1234,
    "urgency": 16,
    "priority": 16,
    "t_submit": 1684196976.0151012,
    "t_depend": 1684196976.0263052,
    "t_run": 1684196976.040932,
    "t_cleanup": 1684196976.552444,
    "t_inactive": 1684196976.5537798,
    "state": "INACTIVE",
    "name": "hello_c",
    "ntasks": 448,
    "ncores": 448,
    "duration": 0.0,
    "nnodes": 8,
    "ranks": "[0-7]",
    "nodelist": "flux-sample-[0-7]",
    "success": true,
    "exception_occurred": false,
    "result": "COMPLETED",
    "expiration": 4837796976.0,
    "waitstatus": 0,
    "returncode": 0,
    "runtime": 0.511512041091919,
    "exception": {
        "occurred": false,
        "severity": "",
        "type": "",
        "note": ""
    }
}