{
    "id": 984839356416,
    "userid": 1234,
    "urgency": 16,
    "priority": 16,
    "t_submit": 1684196974.0953376,
    "t_depend": 1684196974.1065705,
    "t_run": 1684196974.121468,
    "t_cleanup": 1684196974.616441,
    "t_inactive": 1684196974.6179714,
    "state": "INACTIVE",
    "name": "hello_c",
    "ntasks": 448,
    "ncores": 448,
    "duration": 0.0,
    "nnodes": 8,
    "ranks": "[0-7]",
    "nodelist": "flux-sample-[0-7]",
    "success": true,
    "exception_occurred": false,
    "result": "COMPLETED",
    "expiration": 4837796974.0,
    "waitstatus": 0,
    "returncode": 0,
    "runtime": 0.49497294425964355,
    "exception": {
        "occurred": false,
        "severity": "",
        "type": "",
        "note": ""
    }
}