{
    "id": 1114762117120,
    "userid": 1234,
    "urgency": 16,
    "priority": 16,
    "t_submit": 1684196981.8386223,
    "t_depend": 1684196981.8498163,
    "t_run": 1684196981.8649828,
    "t_cleanup": 1684196982.4110796,
    "t_inactive": 1684196982.4127665,
    "state": "INACTIVE",
    "name": "hello_c",
    "ntasks": 448,
    "ncores": 448,
    "duration": 0.0,
    "nnodes": 8,
    "ranks": "[0-7]",
    "nodelist": "flux-sample-[0-7]",
    "success": true,
    "exception_occurred": false,
    "result": "COMPLETED",
    "expiration": 4837796981.0,
    "waitstatus": 0,
    "returncode": 0,
    "runtime": 0.5460968017578125,
    "exception": {
        "occurred": false,
        "severity": "",
        "type": "",
        "note": ""
    }
}