{
    "id": 1177945112576,
    "userid": 1234,
    "urgency": 16,
    "priority": 16,
    "t_submit": 1684196985.6050398,
    "t_depend": 1684196985.6164556,
    "t_run": 1684196985.631646,
    "t_cleanup": 1684196986.1269422,
    "t_inactive": 1684196986.1284525,
    "state": "INACTIVE",
    "name": "hello_c",
    "ntasks": 448,
    "ncores": 448,
    "duration": 0.0,
    "nnodes": 8,
    "ranks": "[0-7]",
    "nodelist": "flux-sample-[0-7]",
    "success": true,
    "exception_occurred": false,
    "result": "COMPLETED",
    "expiration": 4837796985.0,
    "waitstatus": 0,
    "returncode": 0,
    "runtime": 0.4952962398529053,
    "exception": {
        "occurred": false,
        "severity": "",
        "type": "",
        "note": ""
    }
}