{
    "id": 1027839361024,
    "userid": 1234,
    "urgency": 16,
    "priority": 16,
    "t_submit": 1684196976.6579504,
    "t_depend": 1684196976.669324,
    "t_run": 1684196976.6838007,
    "t_cleanup": 1684196977.2016919,
    "t_inactive": 1684196977.203108,
    "state": "INACTIVE",
    "name": "hello_c",
    "ntasks": 448,
    "ncores": 448,
    "duration": 0.0,
    "nnodes": 8,
    "ranks": "[0-7]",
    "nodelist": "flux-sample-[0-7]",
    "success": true,
    "exception_occurred": false,
    "result": "COMPLETED",
    "expiration": 4837796976.0,
    "waitstatus": 0,
    "returncode": 0,
    "runtime": 0.5178911685943604,
    "exception": {
        "occurred": false,
        "severity": "",
        "type": "",
        "note": ""
    }
}