{
    "id": 1048911544320,
    "userid": 1234,
    "urgency": 16,
    "priority": 16,
    "t_submit": 1684196977.913722,
    "t_depend": 1684196977.924947,
    "t_run": 1684196977.9397044,
    "t_cleanup": 1684196978.5271366,
    "t_inactive": 1684196978.5288613,
    "state": "INACTIVE",
    "name": "hello_c",
    "ntasks": 448,
    "ncores": 448,
    "duration": 0.0,
    "nnodes": 8,
    "ranks": "[0-7]",
    "nodelist": "flux-sample-[0-7]",
    "success": true,
    "exception_occurred": false,
    "result": "COMPLETED",
    "expiration": 4837796977.0,
    "waitstatus": 0,
    "returncode": 0,
    "runtime": 0.5874321460723877,
    "exception": {
        "occurred": false,
        "severity": "",
        "type": "",
        "note": ""
    }
}