{
    "id": 1093320835072,
    "userid": 1234,
    "urgency": 16,
    "priority": 16,
    "t_submit": 1684196980.5604737,
    "t_depend": 1684196980.5716903,
    "t_run": 1684196980.5862186,
    "t_cleanup": 1684196981.1201727,
    "t_inactive": 1684196981.1215928,
    "state": "INACTIVE",
    "name": "hello_c",
    "ntasks": 448,
    "ncores": 448,
    "duration": 0.0,
    "nnodes": 8,
    "ranks": "[0-7]",
    "nodelist": "flux-sample-[0-7]",
    "success": true,
    "exception_occurred": false,
    "result": "COMPLETED",
    "expiration": 4837796980.0,
    "waitstatus": 0,
    "returncode": 0,
    "runtime": 0.5339541435241699,
    "exception": {
        "occurred": false,
        "severity": "",
        "type": "",
        "note": ""
    }
}