{
    "id": 2573708820480,
    "userid": 1234,
    "urgency": 16,
    "priority": 16,
    "t_submit": 1684197883.626379,
    "t_depend": 1684197883.638391,
    "t_run": 1684197883.6536276,
    "t_cleanup": 1684197883.8524601,
    "t_inactive": 1684197883.8545277,
    "state": "INACTIVE",
    "name": "ring_c",
    "ntasks": 280,
    "ncores": 280,
    "duration": 0.0,
    "nnodes": 5,
    "ranks": "[0-4]",
    "nodelist": "flux-sample-[3-7]",
    "success": true,
    "exception_occurred": false,
    "result": "COMPLETED",
    "expiration": 4837797883.0,
    "waitstatus": 0,
    "returncode": 0,
    "runtime": 0.19883251190185547,
    "exception": {
        "occurred": false,
        "severity": "",
        "type": "",
        "note": ""
    }
}