{
    "id": 2642512183296,
    "userid": 1234,
    "urgency": 16,
    "priority": 16,
    "t_submit": 1684197887.7265491,
    "t_depend": 1684197887.7386913,
    "t_run": 1684197887.7547197,
    "t_cleanup": 1684197887.9576666,
    "t_inactive": 1684197887.9598382,
    "state": "INACTIVE",
    "name": "ring_c",
    "ntasks": 280,
    "ncores": 280,
    "duration": 0.0,
    "nnodes": 5,
    "ranks": "[0-4]",
    "nodelist": "flux-sample-[3-7]",
    "success": true,
    "exception_occurred": false,
    "result": "COMPLETED",
    "expiration": 4837797887.0,
    "waitstatus": 0,
    "returncode": 0,
    "runtime": 0.20294690132141113,
    "exception": {
        "occurred": false,
        "severity": "",
        "type": "",
        "note": ""
    }
}