{
    "id": 2585100550144,
    "userid": 1234,
    "urgency": 16,
    "priority": 16,
    "t_submit": 1684197884.3048456,
    "t_depend": 1684197884.3178153,
    "t_run": 1684197884.3332794,
    "t_cleanup": 1684197884.5364227,
    "t_inactive": 1684197884.538758,
    "state": "INACTIVE",
    "name": "ring_c",
    "ntasks": 280,
    "ncores": 280,
    "duration": 0.0,
    "nnodes": 5,
    "ranks": "[0-4]",
    "nodelist": "flux-sample-[3-7]",
    "success": true,
    "exception_occurred": false,
    "result": "COMPLETED",
    "expiration": 4837797884.0,
    "waitstatus": 0,
    "returncode": 0,
    "runtime": 0.20314335823059082,
    "exception": {
        "occurred": false,
        "severity": "",
        "type": "",
        "note": ""
    }
}