{
    "id": 2636757598208,
    "userid": 1234,
    "urgency": 16,
    "priority": 16,
    "t_submit": 1684197887.3843055,
    "t_depend": 1684197887.39601,
    "t_run": 1684197887.411259,
    "t_cleanup": 1684197887.6194022,
    "t_inactive": 1684197887.6216671,
    "state": "INACTIVE",
    "name": "ring_c",
    "ntasks": 280,
    "ncores": 280,
    "duration": 0.0,
    "nnodes": 5,
    "ranks": "[0-4]",
    "nodelist": "flux-sample-[3-7]",
    "success": true,
    "exception_occurred": false,
    "result": "COMPLETED",
    "expiration": 4837797887.0,
    "waitstatus": 0,
    "returncode": 0,
    "runtime": 0.2081432342529297,
    "exception": {
        "occurred": false,
        "severity": "",
        "type": "",
        "note": ""
    }
}