{
    "id": 2607632351232,
    "userid": 1234,
    "urgency": 16,
    "priority": 16,
    "t_submit": 1684197885.6483424,
    "t_depend": 1684197885.6603742,
    "t_run": 1684197885.6758142,
    "t_cleanup": 1684197885.8880749,
    "t_inactive": 1684197885.8904042,
    "state": "INACTIVE",
    "name": "ring_c",
    "ntasks": 280,
    "ncores": 280,
    "duration": 0.0,
    "nnodes": 5,
    "ranks": "[0-4]",
    "nodelist": "flux-sample-[3-7]",
    "success": true,
    "exception_occurred": false,
    "result": "COMPLETED",
    "expiration": 4837797885.0,
    "waitstatus": 0,
    "returncode": 0,
    "runtime": 0.21226072311401367,
    "exception": {
        "occurred": false,
        "severity": "",
        "type": "",
        "note": ""
    }
}