{
    "id": 2557049044992,
    "userid": 1234,
    "urgency": 16,
    "priority": 16,
    "t_submit": 1684197882.6325936,
    "t_depend": 1684197882.6442964,
    "t_run": 1684197882.6596184,
    "t_cleanup": 1684197882.8661613,
    "t_inactive": 1684197882.8680863,
    "state": "INACTIVE",
    "name": "ring_c",
    "ntasks": 280,
    "ncores": 280,
    "duration": 0.0,
    "nnodes": 5,
    "ranks": "[0-4]",
    "nodelist": "flux-sample-[3-7]",
    "success": true,
    "exception_occurred": false,
    "result": "COMPLETED",
    "expiration": 4837797882.0,
    "waitstatus": 0,
    "returncode": 0,
    "runtime": 0.20654296875,
    "exception": {
        "occurred": false,
        "severity": "",
        "type": "",
        "note": ""
    }
}