{
    "id": 2596391616512,
    "userid": 1234,
    "urgency": 16,
    "priority": 16,
    "t_submit": 1684197884.9777088,
    "t_depend": 1684197884.989525,
    "t_run": 1684197885.0047538,
    "t_cleanup": 1684197885.2125037,
    "t_inactive": 1684197885.2146192,
    "state": "INACTIVE",
    "name": "ring_c",
    "ntasks": 280,
    "ncores": 280,
    "duration": 0.0,
    "nnodes": 5,
    "ranks": "[0-4]",
    "nodelist": "flux-sample-[3-7]",
    "success": true,
    "exception_occurred": false,
    "result": "COMPLETED",
    "expiration": 4837797885.0,
    "waitstatus": 0,
    "returncode": 0,
    "runtime": 0.2077498435974121,
    "exception": {
        "occurred": false,
        "severity": "",
        "type": "",
        "note": ""
    }
}