{
    "id": 2613470822400,
    "userid": 1234,
    "urgency": 16,
    "priority": 16,
    "t_submit": 1684197885.9961643,
    "t_depend": 1684197886.0082636,
    "t_run": 1684197886.023657,
    "t_cleanup": 1684197886.2265084,
    "t_inactive": 1684197886.22879,
    "state": "INACTIVE",
    "name": "ring_c",
    "ntasks": 280,
    "ncores": 280,
    "duration": 0.0,
    "nnodes": 5,
    "ranks": "[0-4]",
    "nodelist": "flux-sample-[3-7]",
    "success": true,
    "exception_occurred": false,
    "result": "COMPLETED",
    "expiration": 4837797886.0,
    "waitstatus": 0,
    "returncode": 0,
    "runtime": 0.2028512954711914,
    "exception": {
        "occurred": false,
        "severity": "",
        "type": "",
        "note": ""
    }
}