{
    "id": 2619141521408,
    "userid": 1234,
    "urgency": 16,
    "priority": 16,
    "t_submit": 1684197886.3337233,
    "t_depend": 1684197886.3459451,
    "t_run": 1684197886.361608,
    "t_cleanup": 1684197886.5850322,
    "t_inactive": 1684197886.5872662,
    "state": "INACTIVE",
    "name": "ring_c",
    "ntasks": 280,
    "ncores": 280,
    "duration": 0.0,
    "nnodes": 5,
    "ranks": "[0-4]",
    "nodelist": "flux-sample-[3-7]",
    "success": true,
    "exception_occurred": false,
    "result": "COMPLETED",
    "expiration": 4837797886.0,
    "waitstatus": 0,
    "returncode": 0,
    "runtime": 0.22342419624328613,
    "exception": {
        "occurred": false,
        "severity": "",
        "type": "",
        "note": ""
    }
}