{
    "id": 2540221497344,
    "userid": 1234,
    "urgency": 16,
    "priority": 16,
    "t_submit": 1684197881.6295164,
    "t_depend": 1684197881.641089,
    "t_run": 1684197881.6562815,
    "t_cleanup": 1684197881.8607419,
    "t_inactive": 1684197881.8625736,
    "state": "INACTIVE",
    "name": "ring_c",
    "ntasks": 280,
    "ncores": 280,
    "duration": 0.0,
    "nnodes": 5,
    "ranks": "[0-4]",
    "nodelist": "flux-sample-[3-7]",
    "success": true,
    "exception_occurred": false,
    "result": "COMPLETED",
    "expiration": 4837797881.0,
    "waitstatus": 0,
    "returncode": 0,
    "runtime": 0.20446038246154785,
    "exception": {
        "occurred": false,
        "severity": "",
        "type": "",
        "note": ""
    }
}