{
    "id": 2545841864704,
    "userid": 1234,
    "urgency": 16,
    "priority": 16,
    "t_submit": 1684197881.964468,
    "t_depend": 1684197881.976068,
    "t_run": 1684197881.9909706,
    "t_cleanup": 1684197882.1919537,
    "t_inactive": 1684197882.1939497,
    "state": "INACTIVE",
    "name": "ring_c",
    "ntasks": 280,
    "ncores": 280,
    "duration": 0.0,
    "nnodes": 5,
    "ranks": "[0-4]",
    "nodelist": "flux-sample-[3-7]",
    "success": true,
    "exception_occurred": false,
    "result": "COMPLETED",
    "expiration": 4837797881.0,
    "waitstatus": 0,
    "returncode": 0,
    "runtime": 0.20098304748535156,
    "exception": {
        "occurred": false,
        "severity": "",
        "type": "",
        "note": ""
    }
}