{
    "id": 2630952681472,
    "userid": 1234,
    "urgency": 16,
    "priority": 16,
    "t_submit": 1684197887.0379043,
    "t_depend": 1684197887.0498135,
    "t_run": 1684197887.0651784,
    "t_cleanup": 1684197887.2768686,
    "t_inactive": 1684197887.2788827,
    "state": "INACTIVE",
    "name": "ring_c",
    "ntasks": 280,
    "ncores": 280,
    "duration": 0.0,
    "nnodes": 5,
    "ranks": "[0-4]",
    "nodelist": "flux-sample-[3-7]",
    "success": true,
    "exception_occurred": false,
    "result": "COMPLETED",
    "expiration": 4837797887.0,
    "waitstatus": 0,
    "returncode": 0,
    "runtime": 0.21169018745422363,
    "exception": {
        "occurred": false,
        "severity": "",
        "type": "",
        "note": ""
    }
}