{
    "id": 1263810904064,
    "userid": 1234,
    "urgency": 16,
    "priority": 16,
    "t_submit": 1684196990.7227259,
    "t_depend": 1684196990.7340906,
    "t_run": 1684196990.7493734,
    "t_cleanup": 1684196991.086673,
    "t_inactive": 1684196991.0882926,
    "state": "INACTIVE",
    "name": "hello_cxx",
    "ntasks": 448,
    "ncores": 448,
    "duration": 0.0,
    "nnodes": 8,
    "ranks": "[0-7]",
    "nodelist": "flux-sample-[0-7]",
    "success": true,
    "exception_occurred": false,
    "result": "COMPLETED",
    "expiration": 4837796990.0,
    "waitstatus": 0,
    "returncode": 0,
    "runtime": 0.3372995853424072,
    "exception": {
        "occurred": false,
        "severity": "",
        "type": "",
        "note": ""
    }
}