{
    "id": 1286997016576,
    "userid": 1234,
    "urgency": 16,
    "priority": 16,
    "t_submit": 1684196992.105184,
    "t_depend": 1684196992.116618,
    "t_run": 1684196992.1318064,
    "t_cleanup": 1684196992.452684,
    "t_inactive": 1684196992.4540892,
    "state": "INACTIVE",
    "name": "hello_cxx",
    "ntasks": 448,
    "ncores": 448,
    "duration": 0.0,
    "nnodes": 8,
    "ranks": "[0-7]",
    "nodelist": "flux-sample-[0-7]",
    "success": true,
    "exception_occurred": false,
    "result": "COMPLETED",
    "expiration": 4837796992.0,
    "waitstatus": 0,
    "returncode": 0,
    "runtime": 0.3208775520324707,
    "exception": {
        "occurred": false,
        "severity": "",
        "type": "",
        "note": ""
    }
}