{
    "id": 1331909623808,
    "userid": 1234,
    "urgency": 16,
    "priority": 16,
    "t_submit": 1684196994.7816355,
    "t_depend": 1684196994.7930076,
    "t_run": 1684196994.808253,
    "t_cleanup": 1684196995.1233525,
    "t_inactive": 1684196995.124911,
    "state": "INACTIVE",
    "name": "hello_cxx",
    "ntasks": 448,
    "ncores": 448,
    "duration": 0.0,
    "nnodes": 8,
    "ranks": "[0-7]",
    "nodelist": "flux-sample-[0-7]",
    "success": true,
    "exception_occurred": false,
    "result": "COMPLETED",
    "expiration": 4837796994.0,
    "waitstatus": 0,
    "returncode": 0,
    "runtime": 0.31509947776794434,
    "exception": {
        "occurred": false,
        "severity": "",
        "type": "",
        "note": ""
    }
}