{
    "id": 1302062956544,
    "userid": 1234,
    "urgency": 16,
    "priority": 16,
    "t_submit": 1684196993.002487,
    "t_depend": 1684196993.0137496,
    "t_run": 1684196993.0292315,
    "t_cleanup": 1684196993.3368347,
    "t_inactive": 1684196993.3385465,
    "state": "INACTIVE",
    "name": "hello_cxx",
    "ntasks": 448,
    "ncores": 448,
    "duration": 0.0,
    "nnodes": 8,
    "ranks": "[0-7]",
    "nodelist": "flux-sample-[0-7]",
    "success": true,
    "exception_occurred": false,
    "result": "COMPLETED",
    "expiration": 4837796993.0,
    "waitstatus": 0,
    "returncode": 0,
    "runtime": 0.307603120803833,
    "exception": {
        "occurred": false,
        "severity": "",
        "type": "",
        "note": ""
    }
}