{
    "id": 1309512040448,
    "userid": 1234,
    "urgency": 16,
    "priority": 16,
    "t_submit": 1684196993.4469357,
    "t_depend": 1684196993.4586442,
    "t_run": 1684196993.4739635,
    "t_cleanup": 1684196993.7976992,
    "t_inactive": 1684196993.7994063,
    "state": "INACTIVE",
    "name": "hello_cxx",
    "ntasks": 448,
    "ncores": 448,
    "duration": 0.0,
    "nnodes": 8,
    "ranks": "[0-7]",
    "nodelist": "flux-sample-[0-7]",
    "success": true,
    "exception_occurred": false,
    "result": "COMPLETED",
    "expiration": 4837796993.0,
    "waitstatus": 0,
    "returncode": 0,
    "runtime": 0.32373571395874023,
    "exception": {
        "occurred": false,
        "severity": "",
        "type": "",
        "note": ""
    }
}