{
    "id": 1317179228160,
    "userid": 1234,
    "urgency": 16,
    "priority": 16,
    "t_submit": 1684196993.9034905,
    "t_depend": 1684196993.9149761,
    "t_run": 1684196993.9304302,
    "t_cleanup": 1684196994.230595,
    "t_inactive": 1684196994.2323472,
    "state": "INACTIVE",
    "name": "hello_cxx",
    "ntasks": 448,
    "ncores": 448,
    "duration": 0.0,
    "nnodes": 8,
    "ranks": "[0-7]",
    "nodelist": "flux-sample-[0-7]",
    "success": true,
    "exception_occurred": false,
    "result": "COMPLETED",
    "expiration": 4837796993.0,
    "waitstatus": 0,
    "returncode": 0,
    "runtime": 0.30016493797302246,
    "exception": {
        "occurred": false,
        "severity": "",
        "type": "",
        "note": ""
    }
}