{
    "id": 1346925232128,
    "userid": 1234,
    "urgency": 16,
    "priority": 16,
    "t_submit": 1684196995.6774075,
    "t_depend": 1684196995.6889567,
    "t_run": 1684196995.7040703,
    "t_cleanup": 1684196996.005702,
    "t_inactive": 1684196996.0073426,
    "state": "INACTIVE",
    "name": "hello_cxx",
    "ntasks": 448,
    "ncores": 448,
    "duration": 0.0,
    "nnodes": 8,
    "ranks": "[0-7]",
    "nodelist": "flux-sample-[0-7]",
    "success": true,
    "exception_occurred": false,
    "result": "COMPLETED",
    "expiration": 4837796995.0,
    "waitstatus": 0,
    "returncode": 0,
    "runtime": 0.3016316890716553,
    "exception": {
        "occurred": false,
        "severity": "",
        "type": "",
        "note": ""
    }
}