{
    "id": 1248073875456,
    "userid": 1234,
    "urgency": 16,
    "priority": 16,
    "t_submit": 1684196989.7845259,
    "t_depend": 1684196989.7958746,
    "t_run": 1684196989.8110158,
    "t_cleanup": 1684196990.1364746,
    "t_inactive": 1684196990.1380882,
    "state": "INACTIVE",
    "name": "hello_cxx",
    "ntasks": 448,
    "ncores": 448,
    "duration": 0.0,
    "nnodes": 8,
    "ranks": "[0-7]",
    "nodelist": "flux-sample-[0-7]",
    "success": true,
    "exception_occurred": false,
    "result": "COMPLETED",
    "expiration": 4837796989.0,
    "waitstatus": 0,
    "returncode": 0,
    "runtime": 0.3254587650299072,
    "exception": {
        "occurred": false,
        "severity": "",
        "type": "",
        "note": ""
    }
}