{
    "id": 1339442593792,
    "userid": 1234,
    "urgency": 16,
    "priority": 16,
    "t_submit": 1684196995.231106,
    "t_depend": 1684196995.242628,
    "t_run": 1684196995.2580857,
    "t_cleanup": 1684196995.5683253,
    "t_inactive": 1684196995.5711608,
    "state": "INACTIVE",
    "name": "hello_cxx",
    "ntasks": 448,
    "ncores": 448,
    "duration": 0.0,
    "nnodes": 8,
    "ranks": "[0-7]",
    "nodelist": "flux-sample-[0-7]",
    "success": true,
    "exception_occurred": false,
    "result": "COMPLETED",
    "expiration": 4837796995.0,
    "waitstatus": 0,
    "returncode": 0,
    "runtime": 0.3102395534515381,
    "exception": {
        "occurred": false,
        "severity": "",
        "type": "",
        "note": ""
    }
}