{
    "id": 1233293148160,
    "userid": 1234,
    "urgency": 16,
    "priority": 16,
    "t_submit": 1684196988.904426,
    "t_depend": 1684196988.9160287,
    "t_run": 1684196988.9311697,
    "t_cleanup": 1684196989.2328806,
    "t_inactive": 1684196989.2345738,
    "state": "INACTIVE",
    "name": "hello_cxx",
    "ntasks": 448,
    "ncores": 448,
    "duration": 0.0,
    "nnodes": 8,
    "ranks": "[0-7]",
    "nodelist": "flux-sample-[0-7]",
    "success": true,
    "exception_occurred": false,
    "result": "COMPLETED",
    "expiration": 4837796988.0,
    "waitstatus": 0,
    "returncode": 0,
    "runtime": 0.301710844039917,
    "exception": {
        "occurred": false,
        "severity": "",
        "type": "",
        "note": ""
    }
}