{
    "id": 1210627129344,
    "userid": 1234,
    "urgency": 16,
    "priority": 16,
    "t_submit": 1684196987.553146,
    "t_depend": 1684196987.5643828,
    "t_run": 1684196987.57906,
    "t_cleanup": 1684196987.8900175,
    "t_inactive": 1684196987.8917255,
    "state": "INACTIVE",
    "name": "hello_cxx",
    "ntasks": 448,
    "ncores": 448,
    "duration": 0.0,
    "nnodes": 8,
    "ranks": "[0-7]",
    "nodelist": "flux-sample-[0-7]",
    "success": true,
    "exception_occurred": false,
    "result": "COMPLETED",
    "expiration": 4837796987.0,
    "waitstatus": 0,
    "returncode": 0,
    "runtime": 0.3109574317932129,
    "exception": {
        "occurred": false,
        "severity": "",
        "type": "",
        "note": ""
    }
}