{
    "id": 1271679418368,
    "userid": 1234,
    "urgency": 16,
    "priority": 16,
    "t_submit": 1684196991.1923084,
    "t_depend": 1684196991.2036705,
    "t_run": 1684196991.218849,
    "t_cleanup": 1684196991.5459013,
    "t_inactive": 1684196991.5476785,
    "state": "INACTIVE",
    "name": "hello_cxx",
    "ntasks": 448,
    "ncores": 448,
    "duration": 0.0,
    "nnodes": 8,
    "ranks": "[0-7]",
    "nodelist": "flux-sample-[0-7]",
    "success": true,
    "exception_occurred": false,
    "result": "COMPLETED",
    "expiration": 4837796991.0,
    "waitstatus": 0,
    "returncode": 0,
    "runtime": 0.32705235481262207,
    "exception": {
        "occurred": false,
        "severity": "",
        "type": "",
        "note": ""
    }
}