{
    "id": 1324510871552,
    "userid": 1234,
    "urgency": 16,
    "priority": 16,
    "t_submit": 1684196994.340668,
    "t_depend": 1684196994.3520432,
    "t_run": 1684196994.3672812,
    "t_cleanup": 1684196994.673763,
    "t_inactive": 1684196994.67541,
    "state": "INACTIVE",
    "name": "hello_cxx",
    "ntasks": 448,
    "ncores": 448,
    "duration": 0.0,
    "nnodes": 8,
    "ranks": "[0-7]",
    "nodelist": "flux-sample-[0-7]",
    "success": true,
    "exception_occurred": false,
    "result": "COMPLETED",
    "expiration": 4837796994.0,
    "waitstatus": 0,
    "returncode": 0,
    "runtime": 0.30648183822631836,
    "exception": {
        "occurred": false,
        "severity": "",
        "type": "",
        "note": ""
    }
}