{
    "id": 7272772141056,
    "userid": 1000,
    "urgency": 16,
    "priority": 16,
    "t_submit": 1684014114.896238,
    "t_depend": 1684014114.9080281,
    "t_run": 1684014114.9311466,
    "t_cleanup": 1684014129.8645406,
    "t_inactive": 1684014129.866589,
    "state": "INACTIVE",
    "name": "lmp",
    "ntasks": 224,
    "ncores": 224,
    "duration": 0.0,
    "nnodes": 4,
    "ranks": "[0-3]",
    "nodelist": "flux-sample-[0-3]",
    "success": true,
    "exception_occurred": false,
    "result": "COMPLETED",
    "expiration": 4837614114.0,
    "waitstatus": 0,
    "returncode": 0,
    "runtime": 14.933393955230713,
    "exception": {
        "occurred": false,
        "severity": "",
        "type": "",
        "note": ""
    }
}