{
    "id": 3009127907328,
    "userid": 1000,
    "urgency": 16,
    "priority": 16,
    "t_submit": 1684013860.7636137,
    "t_depend": 1684013860.775368,
    "t_run": 1684013860.7975116,
    "t_cleanup": 1684013875.8635874,
    "t_inactive": 1684013875.865693,
    "state": "INACTIVE",
    "name": "lmp",
    "ntasks": 224,
    "ncores": 224,
    "duration": 0.0,
    "nnodes": 4,
    "ranks": "[0-3]",
    "nodelist": "flux-sample-[0-3]",
    "success": true,
    "exception_occurred": false,
    "result": "COMPLETED",
    "expiration": 4837613860.0,
    "waitstatus": 0,
    "returncode": 0,
    "runtime": 15.066075801849365,
    "exception": {
        "occurred": false,
        "severity": "",
        "type": "",
        "note": ""
    }
}