{
    "id": 6273017839616,
    "userid": 1000,
    "urgency": 16,
    "priority": 16,
    "t_submit": 1684014055.3063142,
    "t_depend": 1684014055.318101,
    "t_run": 1684014055.341332,
    "t_cleanup": 1684014069.4847584,
    "t_inactive": 1684014069.4869213,
    "state": "INACTIVE",
    "name": "lmp",
    "ntasks": 224,
    "ncores": 224,
    "duration": 0.0,
    "nnodes": 4,
    "ranks": "[0-3]",
    "nodelist": "flux-sample-[0-3]",
    "success": true,
    "exception_occurred": false,
    "result": "COMPLETED",
    "expiration": 4837614055.0,
    "waitstatus": 0,
    "returncode": 0,
    "runtime": 14.143426418304443,
    "exception": {
        "occurred": false,
        "severity": "",
        "type": "",
        "note": ""
    }
}