{
    "id": 3267060826112,
    "userid": 1000,
    "urgency": 16,
    "priority": 16,
    "t_submit": 1684013876.1379676,
    "t_depend": 1684013876.1495552,
    "t_run": 1684013876.1721578,
    "t_cleanup": 1684013890.7657182,
    "t_inactive": 1684013890.7677007,
    "state": "INACTIVE",
    "name": "lmp",
    "ntasks": 224,
    "ncores": 224,
    "duration": 0.0,
    "nnodes": 4,
    "ranks": "[0-3]",
    "nodelist": "flux-sample-[0-3]",
    "success": true,
    "exception_occurred": false,
    "result": "COMPLETED",
    "expiration": 4837613876.0,
    "waitstatus": 0,
    "returncode": 0,
    "runtime": 14.593560457229614,
    "exception": {
        "occurred": false,
        "severity": "",
        "type": "",
        "note": ""
    }
}