{
    "id": 2598337773568,
    "userid": 1234,
    "urgency": 16,
    "priority": 16,
    "t_submit": 1684197637.635717,
    "t_depend": 1684197637.647293,
    "t_run": 1684197637.6627414,
    "t_cleanup": 1684197638.1362615,
    "t_inactive": 1684197638.1381264,
    "state": "INACTIVE",
    "name": "hello_usempi",
    "ntasks": 336,
    "ncores": 336,
    "duration": 0.0,
    "nnodes": 6,
    "ranks": "[0-5]",
    "nodelist": "flux-sample-[2-7]",
    "success": true,
    "exception_occurred": false,
    "result": "COMPLETED",
    "expiration": 4837797637.0,
    "waitstatus": 0,
    "returncode": 0,
    "runtime": 0.47352004051208496,
    "exception": {
        "occurred": false,
        "severity": "",
        "type": "",
        "note": ""
    }
}