{
    "id": 2649827049472,
    "userid": 1234,
    "urgency": 16,
    "priority": 16,
    "t_submit": 1684197640.7052257,
    "t_depend": 1684197640.7167716,
    "t_run": 1684197640.7320988,
    "t_cleanup": 1684197641.2730615,
    "t_inactive": 1684197641.2753265,
    "state": "INACTIVE",
    "name": "hello_usempi",
    "ntasks": 336,
    "ncores": 336,
    "duration": 0.0,
    "nnodes": 6,
    "ranks": "[0-5]",
    "nodelist": "flux-sample-[2-7]",
    "success": true,
    "exception_occurred": false,
    "result": "COMPLETED",
    "expiration": 4837797640.0,
    "waitstatus": 0,
    "returncode": 0,
    "runtime": 0.5409626960754395,
    "exception": {
        "occurred": false,
        "severity": "",
        "type": "",
        "note": ""
    }
}