{
    "id": 2535205109760,
    "userid": 1234,
    "urgency": 16,
    "priority": 16,
    "t_submit": 1684197633.8731718,
    "t_depend": 1684197633.8849163,
    "t_run": 1684197633.899912,
    "t_cleanup": 1684197634.373437,
    "t_inactive": 1684197634.3756008,
    "state": "INACTIVE",
    "name": "hello_usempi",
    "ntasks": 336,
    "ncores": 336,
    "duration": 0.0,
    "nnodes": 6,
    "ranks": "[0-5]",
    "nodelist": "flux-sample-[2-7]",
    "success": true,
    "exception_occurred": false,
    "result": "COMPLETED",
    "expiration": 4837797633.0,
    "waitstatus": 0,
    "returncode": 0,
    "runtime": 0.473524808883667,
    "exception": {
        "occurred": false,
        "severity": "",
        "type": "",
        "note": ""
    }
}