{
    "id": 2608504766464,
    "userid": 1234,
    "urgency": 16,
    "priority": 16,
    "t_submit": 1684197638.2419152,
    "t_depend": 1684197638.2538273,
    "t_run": 1684197638.2689466,
    "t_cleanup": 1684197638.803942,
    "t_inactive": 1684197638.808109,
    "state": "INACTIVE",
    "name": "hello_usempi",
    "ntasks": 336,
    "ncores": 336,
    "duration": 0.0,
    "nnodes": 6,
    "ranks": "[0-5]",
    "nodelist": "flux-sample-[2-7]",
    "success": true,
    "exception_occurred": false,
    "result": "COMPLETED",
    "expiration": 4837797638.0,
    "waitstatus": 0,
    "returncode": 0,
    "runtime": 0.5349953174591064,
    "exception": {
        "occurred": false,
        "severity": "",
        "type": "",
        "note": ""
    }
}