{
    "id": 2576829382656,
    "userid": 1234,
    "urgency": 16,
    "priority": 16,
    "t_submit": 1684197636.3543277,
    "t_depend": 1684197636.3658628,
    "t_run": 1684197636.3810813,
    "t_cleanup": 1684197636.8941875,
    "t_inactive": 1684197636.898182,
    "state": "INACTIVE",
    "name": "hello_usempi",
    "ntasks": 336,
    "ncores": 336,
    "duration": 0.0,
    "nnodes": 6,
    "ranks": "[0-5]",
    "nodelist": "flux-sample-[2-7]",
    "success": true,
    "exception_occurred": false,
    "result": "COMPLETED",
    "expiration": 4837797636.0,
    "waitstatus": 0,
    "returncode": 0,
    "runtime": 0.513106107711792,
    "exception": {
        "occurred": false,
        "severity": "",
        "type": "",
        "note": ""
    }
}