{
    "id": 2712758386688,
    "userid": 1234,
    "urgency": 16,
    "priority": 16,
    "t_submit": 1684197644.4564152,
    "t_depend": 1684197644.4680579,
    "t_run": 1684197644.4837685,
    "t_cleanup": 1684197644.951475,
    "t_inactive": 1684197644.9548204,
    "state": "INACTIVE",
    "name": "hello_usempi",
    "ntasks": 336,
    "ncores": 336,
    "duration": 0.0,
    "nnodes": 6,
    "ranks": "[0-5]",
    "nodelist": "flux-sample-[2-7]",
    "success": true,
    "exception_occurred": false,
    "result": "COMPLETED",
    "expiration": 4837797644.0,
    "waitstatus": 0,
    "returncode": 0,
    "runtime": 0.46770644187927246,
    "exception": {
        "occurred": false,
        "severity": "",
        "type": "",
        "note": ""
    }
}