{
    "id": 2672610508800,
    "userid": 1234,
    "urgency": 16,
    "priority": 16,
    "t_submit": 1684197642.0629885,
    "t_depend": 1684197642.074856,
    "t_run": 1684197642.0899174,
    "t_cleanup": 1684197642.5818403,
    "t_inactive": 1684197642.5838292,
    "state": "INACTIVE",
    "name": "hello_usempi",
    "ntasks": 336,
    "ncores": 336,
    "duration": 0.0,
    "nnodes": 6,
    "ranks": "[0-5]",
    "nodelist": "flux-sample-[2-7]",
    "success": true,
    "exception_occurred": false,
    "result": "COMPLETED",
    "expiration": 4837797642.0,
    "waitstatus": 0,
    "returncode": 0,
    "runtime": 0.49192285537719727,
    "exception": {
        "occurred": false,
        "severity": "",
        "type": "",
        "note": ""
    }
}