{
    "id": 2566226182144,
    "userid": 1234,
    "urgency": 16,
    "priority": 16,
    "t_submit": 1684197635.7215075,
    "t_depend": 1684197635.7331343,
    "t_run": 1684197635.748322,
    "t_cleanup": 1684197636.2494893,
    "t_inactive": 1684197636.251407,
    "state": "INACTIVE",
    "name": "hello_usempi",
    "ntasks": 336,
    "ncores": 336,
    "duration": 0.0,
    "nnodes": 6,
    "ranks": "[0-5]",
    "nodelist": "flux-sample-[2-7]",
    "success": true,
    "exception_occurred": false,
    "result": "COMPLETED",
    "expiration": 4837797635.0,
    "waitstatus": 0,
    "returncode": 0,
    "runtime": 0.5011672973632812,
    "exception": {
        "occurred": false,
        "severity": "",
        "type": "",
        "note": ""
    }
}