{
    "id": 2556277293056,
    "userid": 1234,
    "urgency": 16,
    "priority": 16,
    "t_submit": 1684197635.129288,
    "t_depend": 1684197635.1410131,
    "t_run": 1684197635.1565533,
    "t_cleanup": 1684197635.617604,
    "t_inactive": 1684197635.6195624,
    "state": "INACTIVE",
    "name": "hello_usempi",
    "ntasks": 336,
    "ncores": 336,
    "duration": 0.0,
    "nnodes": 6,
    "ranks": "[0-5]",
    "nodelist": "flux-sample-[2-7]",
    "success": true,
    "exception_occurred": false,
    "result": "COMPLETED",
    "expiration": 4837797635.0,
    "waitstatus": 0,
    "returncode": 0,
    "runtime": 0.46105074882507324,
    "exception": {
        "occurred": false,
        "severity": "",
        "type": "",
        "note": ""
    }
}