{
    "id": 2525138780160,
    "userid": 1234,
    "urgency": 16,
    "priority": 16,
    "t_submit": 1684197633.272485,
    "t_depend": 1684197633.2843032,
    "t_run": 1684197633.299717,
    "t_cleanup": 1684197633.7668622,
    "t_inactive": 1684197633.768775,
    "state": "INACTIVE",
    "name": "hello_usempi",
    "ntasks": 336,
    "ncores": 336,
    "duration": 0.0,
    "nnodes": 6,
    "ranks": "[0-5]",
    "nodelist": "flux-sample-[2-7]",
    "success": true,
    "exception_occurred": false,
    "result": "COMPLETED",
    "expiration": 4837797633.0,
    "waitstatus": 0,
    "returncode": 0,
    "runtime": 0.4671452045440674,
    "exception": {
        "occurred": false,
        "severity": "",
        "type": "",
        "note": ""
    }
}