{
    "id": 3516571582464,
    "userid": 1234,
    "urgency": 16,
    "priority": 16,
    "t_submit": 1684197692.3673127,
    "t_depend": 1684197692.3796327,
    "t_run": 1684197692.3963897,
    "t_cleanup": 1684197692.5975204,
    "t_inactive": 1684197692.5998101,
    "state": "INACTIVE",
    "name": "ring_mpifh",
    "ntasks": 336,
    "ncores": 336,
    "duration": 0.0,
    "nnodes": 6,
    "ranks": "[0-5]",
    "nodelist": "flux-sample-[2-7]",
    "success": true,
    "exception_occurred": false,
    "result": "COMPLETED",
    "expiration": 4837797692.0,
    "waitstatus": 0,
    "returncode": 0,
    "runtime": 0.20113062858581543,
    "exception": {
        "occurred": false,
        "severity": "",
        "type": "",
        "note": ""
    }
}