{
    "id": 3539774472192,
    "userid": 1234,
    "urgency": 16,
    "priority": 16,
    "t_submit": 1684197693.7495534,
    "t_depend": 1684197693.7615602,
    "t_run": 1684197693.777581,
    "t_cleanup": 1684197693.9786434,
    "t_inactive": 1684197693.9808426,
    "state": "INACTIVE",
    "name": "ring_mpifh",
    "ntasks": 336,
    "ncores": 336,
    "duration": 0.0,
    "nnodes": 6,
    "ranks": "[0-5]",
    "nodelist": "flux-sample-[2-7]",
    "success": true,
    "exception_occurred": false,
    "result": "COMPLETED",
    "expiration": 4837797693.0,
    "waitstatus": 0,
    "returncode": 0,
    "runtime": 0.20106244087219238,
    "exception": {
        "occurred": false,
        "severity": "",
        "type": "",
        "note": ""
    }
}