{
    "id": 3493620350976,
    "userid": 1234,
    "urgency": 16,
    "priority": 16,
    "t_submit": 1684197690.9987566,
    "t_depend": 1684197691.0109515,
    "t_run": 1684197691.02706,
    "t_cleanup": 1684197691.2374246,
    "t_inactive": 1684197691.2396023,
    "state": "INACTIVE",
    "name": "ring_mpifh",
    "ntasks": 336,
    "ncores": 336,
    "duration": 0.0,
    "nnodes": 6,
    "ranks": "[0-5]",
    "nodelist": "flux-sample-[2-7]",
    "success": true,
    "exception_occurred": false,
    "result": "COMPLETED",
    "expiration": 4837797691.0,
    "waitstatus": 0,
    "returncode": 0,
    "runtime": 0.21036458015441895,
    "exception": {
        "occurred": false,
        "severity": "",
        "type": "",
        "note": ""
    }
}