{
    "id": 3528080752640,
    "userid": 1234,
    "urgency": 16,
    "priority": 16,
    "t_submit": 1684197693.0533364,
    "t_depend": 1684197693.065487,
    "t_run": 1684197693.0823848,
    "t_cleanup": 1684197693.296737,
    "t_inactive": 1684197693.2990348,
    "state": "INACTIVE",
    "name": "ring_mpifh",
    "ntasks": 336,
    "ncores": 336,
    "duration": 0.0,
    "nnodes": 6,
    "ranks": "[0-5]",
    "nodelist": "flux-sample-[2-7]",
    "success": true,
    "exception_occurred": false,
    "result": "COMPLETED",
    "expiration": 4837797693.0,
    "waitstatus": 0,
    "returncode": 0,
    "runtime": 0.21435213088989258,
    "exception": {
        "occurred": false,
        "severity": "",
        "type": "",
        "note": ""
    }
}