{
    "id": 3568396402688,
    "userid": 1234,
    "urgency": 16,
    "priority": 16,
    "t_submit": 1684197695.4557908,
    "t_depend": 1684197695.4678788,
    "t_run": 1684197695.4844437,
    "t_cleanup": 1684197695.6835766,
    "t_inactive": 1684197695.685756,
    "state": "INACTIVE",
    "name": "ring_mpifh",
    "ntasks": 336,
    "ncores": 336,
    "duration": 0.0,
    "nnodes": 6,
    "ranks": "[0-5]",
    "nodelist": "flux-sample-[2-7]",
    "success": true,
    "exception_occurred": false,
    "result": "COMPLETED",
    "expiration": 4837797695.0,
    "waitstatus": 0,
    "returncode": 0,
    "runtime": 0.19913291931152344,
    "exception": {
        "occurred": false,
        "severity": "",
        "type": "",
        "note": ""
    }
}