{
    "id": 3522175172608,
    "userid": 1234,
    "urgency": 16,
    "priority": 16,
    "t_submit": 1684197692.7011077,
    "t_depend": 1684197692.713061,
    "t_run": 1684197692.7291355,
    "t_cleanup": 1684197692.9475937,
    "t_inactive": 1684197692.9502957,
    "state": "INACTIVE",
    "name": "ring_mpifh",
    "ntasks": 336,
    "ncores": 336,
    "duration": 0.0,
    "nnodes": 6,
    "ranks": "[0-5]",
    "nodelist": "flux-sample-[2-7]",
    "success": true,
    "exception_occurred": false,
    "result": "COMPLETED",
    "expiration": 4837797692.0,
    "waitstatus": 0,
    "returncode": 0,
    "runtime": 0.2184581756591797,
    "exception": {
        "occurred": false,
        "severity": "",
        "type": "",
        "note": ""
    }
}