{
    "id": 3585291059200,
    "userid": 1234,
    "urgency": 16,
    "priority": 16,
    "t_submit": 1684197696.4628217,
    "t_depend": 1684197696.4750068,
    "t_run": 1684197696.4916604,
    "t_cleanup": 1684197696.7111588,
    "t_inactive": 1684197696.7133696,
    "state": "INACTIVE",
    "name": "ring_mpifh",
    "ntasks": 336,
    "ncores": 336,
    "duration": 0.0,
    "nnodes": 6,
    "ranks": "[0-5]",
    "nodelist": "flux-sample-[2-7]",
    "success": true,
    "exception_occurred": false,
    "result": "COMPLETED",
    "expiration": 4837797696.0,
    "waitstatus": 0,
    "returncode": 0,
    "runtime": 0.2194983959197998,
    "exception": {
        "occurred": false,
        "severity": "",
        "type": "",
        "note": ""
    }
}