{
    "id": 3573949661184,
    "userid": 1234,
    "urgency": 16,
    "priority": 16,
    "t_submit": 1684197695.787012,
    "t_depend": 1684197695.798932,
    "t_run": 1684197695.8149304,
    "t_cleanup": 1684197696.0174036,
    "t_inactive": 1684197696.019585,
    "state": "INACTIVE",
    "name": "ring_mpifh",
    "ntasks": 336,
    "ncores": 336,
    "duration": 0.0,
    "nnodes": 6,
    "ranks": "[0-5]",
    "nodelist": "flux-sample-[2-7]",
    "success": true,
    "exception_occurred": false,
    "result": "COMPLETED",
    "expiration": 4837797695.0,
    "waitstatus": 0,
    "returncode": 0,
    "runtime": 0.20247316360473633,
    "exception": {
        "occurred": false,
        "severity": "",
        "type": "",
        "note": ""
    }
}