{
    "id": 3533936001024,
    "userid": 1234,
    "urgency": 16,
    "priority": 16,
    "t_submit": 1684197693.4017532,
    "t_depend": 1684197693.4137866,
    "t_run": 1684197693.4325302,
    "t_cleanup": 1684197693.6433663,
    "t_inactive": 1684197693.6455133,
    "state": "INACTIVE",
    "name": "ring_mpifh",
    "ntasks": 336,
    "ncores": 336,
    "duration": 0.0,
    "nnodes": 6,
    "ranks": "[0-5]",
    "nodelist": "flux-sample-[2-7]",
    "success": true,
    "exception_occurred": false,
    "result": "COMPLETED",
    "expiration": 4837797693.0,
    "waitstatus": 0,
    "returncode": 0,
    "runtime": 0.21083617210388184,
    "exception": {
        "occurred": false,
        "severity": "",
        "type": "",
        "note": ""
    }
}