{
    "id": 3579603582976,
    "userid": 1234,
    "urgency": 16,
    "priority": 16,
    "t_submit": 1684197696.1242266,
    "t_depend": 1684197696.1361969,
    "t_run": 1684197696.1524177,
    "t_cleanup": 1684197696.3568263,
    "t_inactive": 1684197696.359106,
    "state": "INACTIVE",
    "name": "ring_mpifh",
    "ntasks": 336,
    "ncores": 336,
    "duration": 0.0,
    "nnodes": 6,
    "ranks": "[0-5]",
    "nodelist": "flux-sample-[2-7]",
    "success": true,
    "exception_occurred": false,
    "result": "COMPLETED",
    "expiration": 4837797696.0,
    "waitstatus": 0,
    "returncode": 0,
    "runtime": 0.2044086456298828,
    "exception": {
        "occurred": false,
        "severity": "",
        "type": "",
        "note": ""
    }
}