{
    "id": 2416070098944,
    "userid": 1234,
    "urgency": 16,
    "priority": 16,
    "t_submit": 1684197901.9998288,
    "t_depend": 1684197902.0130696,
    "t_run": 1684197902.0283403,
    "t_cleanup": 1684197902.2200794,
    "t_inactive": 1684197902.2221398,
    "state": "INACTIVE",
    "name": "ring_usempi",
    "ntasks": 168,
    "ncores": 168,
    "duration": 0.0,
    "nnodes": 3,
    "ranks": "[0-2]",
    "nodelist": "flux-sample-[0-2]",
    "success": true,
    "exception_occurred": false,
    "result": "COMPLETED",
    "expiration": 4837797902.0,
    "waitstatus": 0,
    "returncode": 0,
    "runtime": 0.19173908233642578,
    "exception": {
        "occurred": false,
        "severity": "",
        "type": "",
        "note": ""
    }
}