{
    "id": 2382968651776,
    "userid": 1234,
    "urgency": 16,
    "priority": 16,
    "t_submit": 1684197900.026962,
    "t_depend": 1684197900.0400338,
    "t_run": 1684197900.0550551,
    "t_cleanup": 1684197900.256748,
    "t_inactive": 1684197900.2587218,
    "state": "INACTIVE",
    "name": "ring_usempi",
    "ntasks": 168,
    "ncores": 168,
    "duration": 0.0,
    "nnodes": 3,
    "ranks": "[0-2]",
    "nodelist": "flux-sample-[0-2]",
    "success": true,
    "exception_occurred": false,
    "result": "COMPLETED",
    "expiration": 4837797900.0,
    "waitstatus": 0,
    "returncode": 0,
    "runtime": 0.20169281959533691,
    "exception": {
        "occurred": false,
        "severity": "",
        "type": "",
        "note": ""
    }
}