{
    "id": 2399645204480,
    "userid": 1234,
    "urgency": 16,
    "priority": 16,
    "t_submit": 1684197901.0208733,
    "t_depend": 1684197901.0326498,
    "t_run": 1684197901.0480716,
    "t_cleanup": 1684197901.2454052,
    "t_inactive": 1684197901.2475662,
    "state": "INACTIVE",
    "name": "ring_usempi",
    "ntasks": 168,
    "ncores": 168,
    "duration": 0.0,
    "nnodes": 3,
    "ranks": "[0-2]",
    "nodelist": "flux-sample-[0-2]",
    "success": true,
    "exception_occurred": false,
    "result": "COMPLETED",
    "expiration": 4837797901.0,
    "waitstatus": 0,
    "returncode": 0,
    "runtime": 0.19733357429504395,
    "exception": {
        "occurred": false,
        "severity": "",
        "type": "",
        "note": ""
    }
}