{
    "id": 2459355316224,
    "userid": 1234,
    "urgency": 16,
    "priority": 16,
    "t_submit": 1684197904.5802164,
    "t_depend": 1684197904.5921314,
    "t_run": 1684197904.6074345,
    "t_cleanup": 1684197904.8077757,
    "t_inactive": 1684197904.8098862,
    "state": "INACTIVE",
    "name": "ring_usempi",
    "ntasks": 168,
    "ncores": 168,
    "duration": 0.0,
    "nnodes": 3,
    "ranks": "[0-2]",
    "nodelist": "flux-sample-[0-2]",
    "success": true,
    "exception_occurred": false,
    "result": "COMPLETED",
    "expiration": 4837797904.0,
    "waitstatus": 0,
    "returncode": 0,
    "runtime": 0.20034122467041016,
    "exception": {
        "occurred": false,
        "severity": "",
        "type": "",
        "note": ""
    }
}