{
    "id": 2448466903040,
    "userid": 1234,
    "urgency": 16,
    "priority": 16,
    "t_submit": 1684197903.9308305,
    "t_depend": 1684197903.9427907,
    "t_run": 1684197903.958097,
    "t_cleanup": 1684197904.1545205,
    "t_inactive": 1684197904.1569498,
    "state": "INACTIVE",
    "name": "ring_usempi",
    "ntasks": 168,
    "ncores": 168,
    "duration": 0.0,
    "nnodes": 3,
    "ranks": "[0-2]",
    "nodelist": "flux-sample-[0-2]",
    "success": true,
    "exception_occurred": false,
    "result": "COMPLETED",
    "expiration": 4837797903.0,
    "waitstatus": 0,
    "returncode": 0,
    "runtime": 0.19642353057861328,
    "exception": {
        "occurred": false,
        "severity": "",
        "type": "",
        "note": ""
    }
}