{
    "id": 2371929243648,
    "userid": 1234,
    "urgency": 16,
    "priority": 16,
    "t_submit": 1684197899.3693082,
    "t_depend": 1684197899.3813915,
    "t_run": 1684197899.396374,
    "t_cleanup": 1684197899.5863829,
    "t_inactive": 1684197899.5884564,
    "state": "INACTIVE",
    "name": "ring_usempi",
    "ntasks": 168,
    "ncores": 168,
    "duration": 0.0,
    "nnodes": 3,
    "ranks": "[0-2]",
    "nodelist": "flux-sample-[0-2]",
    "success": true,
    "exception_occurred": false,
    "result": "COMPLETED",
    "expiration": 4837797899.0,
    "waitstatus": 0,
    "returncode": 0,
    "runtime": 0.19000887870788574,
    "exception": {
        "occurred": false,
        "severity": "",
        "type": "",
        "note": ""
    }
}