{
    "id": 2421505916928,
    "userid": 1234,
    "urgency": 16,
    "priority": 16,
    "t_submit": 1684197902.3244014,
    "t_depend": 1684197902.336319,
    "t_run": 1684197902.3516634,
    "t_cleanup": 1684197902.5331457,
    "t_inactive": 1684197902.5351386,
    "state": "INACTIVE",
    "name": "ring_usempi",
    "ntasks": 168,
    "ncores": 168,
    "duration": 0.0,
    "nnodes": 3,
    "ranks": "[0-2]",
    "nodelist": "flux-sample-[0-2]",
    "success": true,
    "exception_occurred": false,
    "result": "COMPLETED",
    "expiration": 4837797902.0,
    "waitstatus": 0,
    "returncode": 0,
    "runtime": 0.18148231506347656,
    "exception": {
        "occurred": false,
        "severity": "",
        "type": "",
        "note": ""
    }
}