{
    "id": 2388589019136,
    "userid": 1234,
    "urgency": 16,
    "priority": 16,
    "t_submit": 1684197900.3622704,
    "t_depend": 1684197900.3740218,
    "t_run": 1684197900.3888617,
    "t_cleanup": 1684197900.5865414,
    "t_inactive": 1684197900.588611,
    "state": "INACTIVE",
    "name": "ring_usempi",
    "ntasks": 168,
    "ncores": 168,
    "duration": 0.0,
    "nnodes": 3,
    "ranks": "[0-2]",
    "nodelist": "flux-sample-[0-2]",
    "success": true,
    "exception_occurred": false,
    "result": "COMPLETED",
    "expiration": 4837797900.0,
    "waitstatus": 0,
    "returncode": 0,
    "runtime": 0.19767975807189941,
    "exception": {
        "occurred": false,
        "severity": "",
        "type": "",
        "note": ""
    }
}