{
    "id": 2432260112384,
    "userid": 1234,
    "urgency": 16,
    "priority": 16,
    "t_submit": 1684197902.9645038,
    "t_depend": 1684197902.976417,
    "t_run": 1684197902.991937,
    "t_cleanup": 1684197903.17805,
    "t_inactive": 1684197903.1800814,
    "state": "INACTIVE",
    "name": "ring_usempi",
    "ntasks": 168,
    "ncores": 168,
    "duration": 0.0,
    "nnodes": 3,
    "ranks": "[0-2]",
    "nodelist": "flux-sample-[0-2]",
    "success": true,
    "exception_occurred": false,
    "result": "COMPLETED",
    "expiration": 4837797902.0,
    "waitstatus": 0,
    "returncode": 0,
    "runtime": 0.1861131191253662,
    "exception": {
        "occurred": false,
        "severity": "",
        "type": "",
        "note": ""
    }
}