{
    "id": 2470327615488,
    "userid": 1234,
    "urgency": 16,
    "priority": 16,
    "t_submit": 1684197905.2335865,
    "t_depend": 1684197905.2456656,
    "t_run": 1684197905.261455,
    "t_cleanup": 1684197905.4494135,
    "t_inactive": 1684197905.4517183,
    "state": "INACTIVE",
    "name": "ring_usempi",
    "ntasks": 168,
    "ncores": 168,
    "duration": 0.0,
    "nnodes": 3,
    "ranks": "[0-2]",
    "nodelist": "flux-sample-[0-2]",
    "success": true,
    "exception_occurred": false,
    "result": "COMPLETED",
    "expiration": 4837797905.0,
    "waitstatus": 0,
    "returncode": 0,
    "runtime": 0.1879584789276123,
    "exception": {
        "occurred": false,
        "severity": "",
        "type": "",
        "note": ""
    }
}