{
    "id": 2405349457920,
    "userid": 1234,
    "urgency": 16,
    "priority": 16,
    "t_submit": 1684197901.3609877,
    "t_depend": 1684197901.3727949,
    "t_run": 1684197901.38788,
    "t_cleanup": 1684197901.5827475,
    "t_inactive": 1684197901.5847669,
    "state": "INACTIVE",
    "name": "ring_usempi",
    "ntasks": 168,
    "ncores": 168,
    "duration": 0.0,
    "nnodes": 3,
    "ranks": "[0-2]",
    "nodelist": "flux-sample-[0-2]",
    "success": true,
    "exception_occurred": false,
    "result": "COMPLETED",
    "expiration": 4837797901.0,
    "waitstatus": 0,
    "returncode": 0,
    "runtime": 0.19486737251281738,
    "exception": {
        "occurred": false,
        "severity": "",
        "type": "",
        "note": ""
    }
}