{
    "id": 2454003384320,
    "userid": 1234,
    "urgency": 16,
    "priority": 16,
    "t_submit": 1684197904.2609332,
    "t_depend": 1684197904.2728314,
    "t_run": 1684197904.2882302,
    "t_cleanup": 1684197904.4738817,
    "t_inactive": 1684197904.4762208,
    "state": "INACTIVE",
    "name": "ring_usempi",
    "ntasks": 168,
    "ncores": 168,
    "duration": 0.0,
    "nnodes": 3,
    "ranks": "[0-2]",
    "nodelist": "flux-sample-[0-2]",
    "success": true,
    "exception_occurred": false,
    "result": "COMPLETED",
    "expiration": 4837797904.0,
    "waitstatus": 0,
    "returncode": 0,
    "runtime": 0.18565154075622559,
    "exception": {
        "occurred": false,
        "severity": "",
        "type": "",
        "note": ""
    }
}