{
    "times": [
        6.494278907775879,
        5.493455171585083,
        5.508414030075073,
        5.552281141281128,
        5.568915128707886,
        5.554161548614502,
        5.537572145462036,
        6.539680480957031,
        5.528064727783203,
        4.489533185958862,
        5.526040315628052,
        4.493676424026489,
        5.567316293716431,
        5.5167107582092285,
        5.576395034790039,
        5.481983661651611,
        5.475679397583008,
        5.539073467254639,
        5.437485694885254,
        5.499444246292114,
        5.509314775466919
    ],
    "mean": 5.518546501795451,
    "std": 0.4542314892051698
}