{
    "id": 1851500003328,
    "userid": 1234,
    "urgency": 16,
    "priority": 16,
    "t_submit": 1684197593.1208644,
    "t_depend": 1684197593.1322544,
    "t_run": 1684197593.1470056,
    "t_cleanup": 1684197593.5804133,
    "t_inactive": 1684197593.582145,
    "state": "INACTIVE",
    "name": "hello_cxx",
    "ntasks": 336,
    "ncores": 336,
    "duration": 0.0,
    "nnodes": 6,
    "ranks": "[0-5]",
    "nodelist": "flux-sample-[2-7]",
    "success": true,
    "exception_occurred": false,
    "result": "COMPLETED",
    "expiration": 4837797593.0,
    "waitstatus": 0,
    "returncode": 0,
    "runtime": 0.4334077835083008,
    "exception": {
        "occurred": false,
        "severity": "",
        "type": "",
        "note": ""
    }
}