{
    "id": 1919179292672,
    "userid": 1234,
    "urgency": 16,
    "priority": 16,
    "t_submit": 1684197597.1545153,
    "t_depend": 1684197597.1662292,
    "t_run": 1684197597.1812053,
    "t_cleanup": 1684197597.6348116,
    "t_inactive": 1684197597.6364982,
    "state": "INACTIVE",
    "name": "hello_cxx",
    "ntasks": 336,
    "ncores": 336,
    "duration": 0.0,
    "nnodes": 6,
    "ranks": "[0-5]",
    "nodelist": "flux-sample-[2-7]",
    "success": true,
    "exception_occurred": false,
    "result": "COMPLETED",
    "expiration": 4837797597.0,
    "waitstatus": 0,
    "returncode": 0,
    "runtime": 0.45360636711120605,
    "exception": {
        "occurred": false,
        "severity": "",
        "type": "",
        "note": ""
    }
}