{
    "id": 1909180071936,
    "userid": 1234,
    "urgency": 16,
    "priority": 16,
    "t_submit": 1684197596.5591505,
    "t_depend": 1684197596.5705552,
    "t_run": 1684197596.5853999,
    "t_cleanup": 1684197597.0491362,
    "t_inactive": 1684197597.0531209,
    "state": "INACTIVE",
    "name": "hello_cxx",
    "ntasks": 336,
    "ncores": 336,
    "duration": 0.0,
    "nnodes": 6,
    "ranks": "[0-5]",
    "nodelist": "flux-sample-[2-7]",
    "success": true,
    "exception_occurred": false,
    "result": "COMPLETED",
    "expiration": 4837797596.0,
    "waitstatus": 0,
    "returncode": 0,
    "runtime": 0.46373629570007324,
    "exception": {
        "occurred": false,
        "severity": "",
        "type": "",
        "note": ""
    }
}