{
    "id": 1823247171584,
    "userid": 1234,
    "urgency": 16,
    "priority": 16,
    "t_submit": 1684197591.4370165,
    "t_depend": 1684197591.4487379,
    "t_run": 1684197591.4636908,
    "t_cleanup": 1684197591.9305933,
    "t_inactive": 1684197591.9325516,
    "state": "INACTIVE",
    "name": "hello_cxx",
    "ntasks": 336,
    "ncores": 336,
    "duration": 0.0,
    "nnodes": 6,
    "ranks": "[0-5]",
    "nodelist": "flux-sample-[2-7]",
    "success": true,
    "exception_occurred": false,
    "result": "COMPLETED",
    "expiration": 4837797591.0,
    "waitstatus": 0,
    "returncode": 0,
    "runtime": 0.466902494430542,
    "exception": {
        "occurred": false,
        "severity": "",
        "type": "",
        "note": ""
    }
}