{
    "id": 1899365400576,
    "userid": 1234,
    "urgency": 16,
    "priority": 16,
    "t_submit": 1684197595.9742093,
    "t_depend": 1684197595.9858737,
    "t_run": 1684197596.0007546,
    "t_cleanup": 1684197596.4465806,
    "t_inactive": 1684197596.4481506,
    "state": "INACTIVE",
    "name": "hello_cxx",
    "ntasks": 336,
    "ncores": 336,
    "duration": 0.0,
    "nnodes": 6,
    "ranks": "[0-5]",
    "nodelist": "flux-sample-[2-7]",
    "success": true,
    "exception_occurred": false,
    "result": "COMPLETED",
    "expiration": 4837797595.0,
    "waitstatus": 0,
    "returncode": 0,
    "runtime": 0.44582605361938477,
    "exception": {
        "occurred": false,
        "severity": "",
        "type": "",
        "note": ""
    }
}