{
    "id": 1958286983168,
    "userid": 1234,
    "urgency": 16,
    "priority": 16,
    "t_submit": 1684197599.4864004,
    "t_depend": 1684197599.4978752,
    "t_run": 1684197599.5129688,
    "t_cleanup": 1684197599.9651985,
    "t_inactive": 1684197599.9669333,
    "state": "INACTIVE",
    "name": "hello_cxx",
    "ntasks": 336,
    "ncores": 336,
    "duration": 0.0,
    "nnodes": 6,
    "ranks": "[0-5]",
    "nodelist": "flux-sample-[2-7]",
    "success": true,
    "exception_occurred": false,
    "result": "COMPLETED",
    "expiration": 4837797599.0,
    "waitstatus": 0,
    "returncode": 0,
    "runtime": 0.45222973823547363,
    "exception": {
        "occurred": false,
        "severity": "",
        "type": "",
        "note": ""
    }
}