{
    "id": 1880558141440,
    "userid": 1234,
    "urgency": 16,
    "priority": 16,
    "t_submit": 1684197594.8528986,
    "t_depend": 1684197594.8659134,
    "t_run": 1684197594.8808293,
    "t_cleanup": 1684197595.3134294,
    "t_inactive": 1684197595.3153641,
    "state": "INACTIVE",
    "name": "hello_cxx",
    "ntasks": 336,
    "ncores": 336,
    "duration": 0.0,
    "nnodes": 6,
    "ranks": "[0-5]",
    "nodelist": "flux-sample-[2-7]",
    "success": true,
    "exception_occurred": false,
    "result": "COMPLETED",
    "expiration": 4837797594.0,
    "waitstatus": 0,
    "returncode": 0,
    "runtime": 0.4326000213623047,
    "exception": {
        "occurred": false,
        "severity": "",
        "type": "",
        "note": ""
    }
}