{
    "id": 1871162900480,
    "userid": 1234,
    "urgency": 16,
    "priority": 16,
    "t_submit": 1684197594.2927682,
    "t_depend": 1684197594.304258,
    "t_run": 1684197594.3190167,
    "t_cleanup": 1684197594.7495728,
    "t_inactive": 1684197594.7513497,
    "state": "INACTIVE",
    "name": "hello_cxx",
    "ntasks": 336,
    "ncores": 336,
    "duration": 0.0,
    "nnodes": 6,
    "ranks": "[0-5]",
    "nodelist": "flux-sample-[2-7]",
    "success": true,
    "exception_occurred": false,
    "result": "COMPLETED",
    "expiration": 4837797594.0,
    "waitstatus": 0,
    "returncode": 0,
    "runtime": 0.430556058883667,
    "exception": {
        "occurred": false,
        "severity": "",
        "type": "",
        "note": ""
    }
}