{
    "id": 1890003714048,
    "userid": 1234,
    "urgency": 16,
    "priority": 16,
    "t_submit": 1684197595.4160843,
    "t_depend": 1684197595.4277313,
    "t_run": 1684197595.4429345,
    "t_cleanup": 1684197595.8701043,
    "t_inactive": 1684197595.87193,
    "state": "INACTIVE",
    "name": "hello_cxx",
    "ntasks": 336,
    "ncores": 336,
    "duration": 0.0,
    "nnodes": 6,
    "ranks": "[0-5]",
    "nodelist": "flux-sample-[2-7]",
    "success": true,
    "exception_occurred": false,
    "result": "COMPLETED",
    "expiration": 4837797595.0,
    "waitstatus": 0,
    "returncode": 0,
    "runtime": 0.4271697998046875,
    "exception": {
        "occurred": false,
        "severity": "",
        "type": "",
        "note": ""
    }
}