{
    "id": 1833229615104,
    "userid": 1234,
    "urgency": 16,
    "priority": 16,
    "t_submit": 1684197592.0316775,
    "t_depend": 1684197592.0433412,
    "t_run": 1684197592.0585742,
    "t_cleanup": 1684197592.4848273,
    "t_inactive": 1684197592.4864564,
    "state": "INACTIVE",
    "name": "hello_cxx",
    "ntasks": 336,
    "ncores": 336,
    "duration": 0.0,
    "nnodes": 6,
    "ranks": "[0-5]",
    "nodelist": "flux-sample-[2-7]",
    "success": true,
    "exception_occurred": false,
    "result": "COMPLETED",
    "expiration": 4837797592.0,
    "waitstatus": 0,
    "returncode": 0,
    "runtime": 0.426253080368042,
    "exception": {
        "occurred": false,
        "severity": "",
        "type": "",
        "note": ""
    }
}