{
    "id": 1842591301632,
    "userid": 1234,
    "urgency": 16,
    "priority": 16,
    "t_submit": 1684197592.5894406,
    "t_depend": 1684197592.600912,
    "t_run": 1684197592.6159842,
    "t_cleanup": 1684197593.0180974,
    "t_inactive": 1684197593.0219986,
    "state": "INACTIVE",
    "name": "hello_cxx",
    "ntasks": 336,
    "ncores": 336,
    "duration": 0.0,
    "nnodes": 6,
    "ranks": "[0-5]",
    "nodelist": "flux-sample-[2-7]",
    "success": true,
    "exception_occurred": false,
    "result": "COMPLETED",
    "expiration": 4837797592.0,
    "waitstatus": 0,
    "returncode": 0,
    "runtime": 0.4021131992340088,
    "exception": {
        "occurred": false,
        "severity": "",
        "type": "",
        "note": ""
    }
}