{
    "id": 954606813184,
    "userid": 1234,
    "urgency": 16,
    "priority": 16,
    "t_submit": 1684197341.2939062,
    "t_depend": 1684197341.3054438,
    "t_run": 1684197341.3190506,
    "t_cleanup": 1684197341.8536904,
    "t_inactive": 1684197341.8555765,
    "state": "INACTIVE",
    "name": "connectivity_c",
    "ntasks": 56,
    "ncores": 56,
    "duration": 0.0,
    "nnodes": 1,
    "ranks": "0",
    "nodelist": "flux-sample-0",
    "success": true,
    "exception_occurred": false,
    "result": "COMPLETED",
    "expiration": 4837797341.0,
    "waitstatus": 0,
    "returncode": 0,
    "runtime": 0.534639835357666,
    "exception": {
        "occurred": false,
        "severity": "",
        "type": "",
        "note": ""
    }
}