{
    "id": 984956796928,
    "userid": 1234,
    "urgency": 16,
    "priority": 16,
    "t_submit": 1684197343.1026273,
    "t_depend": 1684197343.1140583,
    "t_run": 1684197343.1276698,
    "t_cleanup": 1684197343.543953,
    "t_inactive": 1684197343.5456126,
    "state": "INACTIVE",
    "name": "connectivity_c",
    "ntasks": 56,
    "ncores": 56,
    "duration": 0.0,
    "nnodes": 1,
    "ranks": "0",
    "nodelist": "flux-sample-0",
    "success": true,
    "exception_occurred": false,
    "result": "COMPLETED",
    "expiration": 4837797343.0,
    "waitstatus": 0,
    "returncode": 0,
    "runtime": 0.41628313064575195,
    "exception": {
        "occurred": false,
        "severity": "",
        "type": "",
        "note": ""
    }
}