{
    "id": 846980972544,
    "userid": 1234,
    "urgency": 16,
    "priority": 16,
    "t_submit": 1684197334.8786204,
    "t_depend": 1684197334.889972,
    "t_run": 1684197334.9034088,
    "t_cleanup": 1684197335.3048947,
    "t_inactive": 1684197335.3064015,
    "state": "INACTIVE",
    "name": "connectivity_c",
    "ntasks": 56,
    "ncores": 56,
    "duration": 0.0,
    "nnodes": 1,
    "ranks": "0",
    "nodelist": "flux-sample-0",
    "success": true,
    "exception_occurred": false,
    "result": "COMPLETED",
    "expiration": 4837797334.0,
    "waitstatus": 0,
    "returncode": 0,
    "runtime": 0.4014859199523926,
    "exception": {
        "occurred": false,
        "severity": "",
        "type": "",
        "note": ""
    }
}