{
    "id": 994167488512,
    "userid": 1234,
    "urgency": 16,
    "priority": 16,
    "t_submit": 1684197343.6520576,
    "t_depend": 1684197343.6634154,
    "t_run": 1684197343.6770735,
    "t_cleanup": 1684197343.980769,
    "t_inactive": 1684197343.982425,
    "state": "INACTIVE",
    "name": "connectivity_c",
    "ntasks": 56,
    "ncores": 56,
    "duration": 0.0,
    "nnodes": 1,
    "ranks": "0",
    "nodelist": "flux-sample-0",
    "success": true,
    "exception_occurred": false,
    "result": "COMPLETED",
    "expiration": 4837797343.0,
    "waitstatus": 0,
    "returncode": 0,
    "runtime": 0.3036954402923584,
    "exception": {
        "occurred": false,
        "severity": "",
        "type": "",
        "note": ""
    }
}