{
    "id": 865184251904,
    "userid": 1234,
    "urgency": 16,
    "priority": 16,
    "t_submit": 1684197335.9637375,
    "t_depend": 1684197335.9752316,
    "t_run": 1684197335.9884655,
    "t_cleanup": 1684197336.3944242,
    "t_inactive": 1684197336.3958929,
    "state": "INACTIVE",
    "name": "connectivity_c",
    "ntasks": 56,
    "ncores": 56,
    "duration": 0.0,
    "nnodes": 1,
    "ranks": "0",
    "nodelist": "flux-sample-0",
    "success": true,
    "exception_occurred": false,
    "result": "COMPLETED",
    "expiration": 4837797335.0,
    "waitstatus": 0,
    "returncode": 0,
    "runtime": 0.4059586524963379,
    "exception": {
        "occurred": false,
        "severity": "",
        "type": "",
        "note": ""
    }
}