{
    "id": 976517857280,
    "userid": 1234,
    "urgency": 16,
    "priority": 16,
    "t_submit": 1684197342.5998867,
    "t_depend": 1684197342.6113882,
    "t_run": 1684197342.6247504,
    "t_cleanup": 1684197342.994364,
    "t_inactive": 1684197342.9959736,
    "state": "INACTIVE",
    "name": "connectivity_c",
    "ntasks": 56,
    "ncores": 56,
    "duration": 0.0,
    "nnodes": 1,
    "ranks": "0",
    "nodelist": "flux-sample-0",
    "success": true,
    "exception_occurred": false,
    "result": "COMPLETED",
    "expiration": 4837797342.0,
    "waitstatus": 0,
    "returncode": 0,
    "runtime": 0.3696136474609375,
    "exception": {
        "occurred": false,
        "severity": "",
        "type": "",
        "note": ""
    }
}