{
    "id": 839749992448,
    "userid": 1234,
    "urgency": 16,
    "priority": 16,
    "t_submit": 1684197334.447846,
    "t_depend": 1684197334.4598794,
    "t_run": 1684197334.4732444,
    "t_cleanup": 1684197334.7739549,
    "t_inactive": 1684197334.7754445,
    "state": "INACTIVE",
    "name": "connectivity_c",
    "ntasks": 56,
    "ncores": 56,
    "duration": 0.0,
    "nnodes": 1,
    "ranks": "0",
    "nodelist": "flux-sample-0",
    "success": true,
    "exception_occurred": false,
    "result": "COMPLETED",
    "expiration": 4837797334.0,
    "waitstatus": 0,
    "returncode": 0,
    "runtime": 0.30071043968200684,
    "exception": {
        "occurred": false,
        "severity": "",
        "type": "",
        "note": ""
    }
}