{
    "id": 965830770688,
    "userid": 1234,
    "urgency": 16,
    "priority": 16,
    "t_submit": 1684197341.9628925,
    "t_depend": 1684197341.9742615,
    "t_run": 1684197341.9877305,
    "t_cleanup": 1684197342.4934227,
    "t_inactive": 1684197342.4953678,
    "state": "INACTIVE",
    "name": "connectivity_c",
    "ntasks": 56,
    "ncores": 56,
    "duration": 0.0,
    "nnodes": 1,
    "ranks": "0",
    "nodelist": "flux-sample-0",
    "success": true,
    "exception_occurred": false,
    "result": "COMPLETED",
    "expiration": 4837797341.0,
    "waitstatus": 0,
    "returncode": 0,
    "runtime": 0.5056922435760498,
    "exception": {
        "occurred": false,
        "severity": "",
        "type": "",
        "note": ""
    }
}