{
    "id": 945178017792,
    "userid": 1234,
    "urgency": 16,
    "priority": 16,
    "t_submit": 1684197340.7319658,
    "t_depend": 1684197340.743284,
    "t_run": 1684197340.75683,
    "t_cleanup": 1684197341.184225,
    "t_inactive": 1684197341.1859071,
    "state": "INACTIVE",
    "name": "connectivity_c",
    "ntasks": 56,
    "ncores": 56,
    "duration": 0.0,
    "nnodes": 1,
    "ranks": "0",
    "nodelist": "flux-sample-0",
    "success": true,
    "exception_occurred": false,
    "result": "COMPLETED",
    "expiration": 4837797340.0,
    "waitstatus": 0,
    "returncode": 0,
    "runtime": 0.4273951053619385,
    "exception": {
        "occurred": false,
        "severity": "",
        "type": "",
        "note": ""
    }
}