{
    "id": 936537751552,
    "userid": 1234,
    "urgency": 16,
    "priority": 16,
    "t_submit": 1684197340.2172954,
    "t_depend": 1684197340.2288473,
    "t_run": 1684197340.2426326,
    "t_cleanup": 1684197340.624575,
    "t_inactive": 1684197340.6293092,
    "state": "INACTIVE",
    "name": "connectivity_c",
    "ntasks": 56,
    "ncores": 56,
    "duration": 0.0,
    "nnodes": 1,
    "ranks": "0",
    "nodelist": "flux-sample-0",
    "success": true,
    "exception_occurred": false,
    "result": "COMPLETED",
    "expiration": 4837797340.0,
    "waitstatus": 0,
    "returncode": 0,
    "runtime": 0.3819422721862793,
    "exception": {
        "occurred": false,
        "severity": "",
        "type": "",
        "note": ""
    }
}