{
    "id": 890870169600,
    "userid": 1234,
    "urgency": 16,
    "priority": 16,
    "t_submit": 1684197337.4950395,
    "t_depend": 1684197337.5063798,
    "t_run": 1684197337.5196435,
    "t_cleanup": 1684197337.910176,
    "t_inactive": 1684197337.9115963,
    "state": "INACTIVE",
    "name": "connectivity_c",
    "ntasks": 56,
    "ncores": 56,
    "duration": 0.0,
    "nnodes": 1,
    "ranks": "0",
    "nodelist": "flux-sample-0",
    "success": true,
    "exception_occurred": false,
    "result": "COMPLETED",
    "expiration": 4837797337.0,
    "waitstatus": 0,
    "returncode": 0,
    "runtime": 0.3905324935913086,
    "exception": {
        "occurred": false,
        "severity": "",
        "type": "",
        "note": ""
    }
}