{
    "id": 927813599232,
    "userid": 1234,
    "urgency": 16,
    "priority": 16,
    "t_submit": 1684197339.6968691,
    "t_depend": 1684197339.708453,
    "t_run": 1684197339.7218263,
    "t_cleanup": 1684197340.1097775,
    "t_inactive": 1684197340.1114936,
    "state": "INACTIVE",
    "name": "connectivity_c",
    "ntasks": 56,
    "ncores": 56,
    "duration": 0.0,
    "nnodes": 1,
    "ranks": "0",
    "nodelist": "flux-sample-0",
    "success": true,
    "exception_occurred": false,
    "result": "COMPLETED",
    "expiration": 4837797339.0,
    "waitstatus": 0,
    "returncode": 0,
    "runtime": 0.387951135635376,
    "exception": {
        "occurred": false,
        "severity": "",
        "type": "",
        "note": ""
    }
}