{
    "id": 822872113152,
    "userid": 1234,
    "urgency": 16,
    "priority": 16,
    "t_submit": 1684197333.4416213,
    "t_depend": 1684197333.4528503,
    "t_run": 1684197333.4664724,
    "t_cleanup": 1684197333.863752,
    "t_inactive": 1684197333.8671732,
    "state": "INACTIVE",
    "name": "connectivity_c",
    "ntasks": 56,
    "ncores": 56,
    "duration": 0.0,
    "nnodes": 1,
    "ranks": "0",
    "nodelist": "flux-sample-0",
    "success": true,
    "exception_occurred": false,
    "result": "COMPLETED",
    "expiration": 4837797333.0,
    "waitstatus": 0,
    "returncode": 0,
    "runtime": 0.3972795009613037,
    "exception": {
        "occurred": false,
        "severity": "",
        "type": "",
        "note": ""
    }
}