{
    "id": 855889674240,
    "userid": 1234,
    "urgency": 16,
    "priority": 16,
    "t_submit": 1684197335.410332,
    "t_depend": 1684197335.4217074,
    "t_run": 1684197335.435053,
    "t_cleanup": 1684197335.8585863,
    "t_inactive": 1684197335.8600166,
    "state": "INACTIVE",
    "name": "connectivity_c",
    "ntasks": 56,
    "ncores": 56,
    "duration": 0.0,
    "nnodes": 1,
    "ranks": "0",
    "nodelist": "flux-sample-0",
    "success": true,
    "exception_occurred": false,
    "result": "COMPLETED",
    "expiration": 4837797335.0,
    "waitstatus": 0,
    "returncode": 0,
    "runtime": 0.42353320121765137,
    "exception": {
        "occurred": false,
        "severity": "",
        "type": "",
        "note": ""
    }
}