{
    "id": 3339588730880,
    "userid": 1234,
    "urgency": 16,
    "priority": 16,
    "t_submit": 1684197423.428903,
    "t_depend": 1684197423.441087,
    "t_run": 1684197423.4574327,
    "t_cleanup": 1684197423.673639,
    "t_inactive": 1684197423.6757047,
    "state": "INACTIVE",
    "name": "ring_usempi",
    "ntasks": 392,
    "ncores": 392,
    "duration": 0.0,
    "nnodes": 7,
    "ranks": "[0-6]",
    "nodelist": "flux-sample-[1-7]",
    "success": true,
    "exception_occurred": false,
    "result": "COMPLETED",
    "expiration": 4837797423.0,
    "waitstatus": 0,
    "returncode": 0,
    "runtime": 0.21620631217956543,
    "exception": {
        "occurred": false,
        "severity": "",
        "type": "",
        "note": ""
    }
}