{
    "id": 3403325374464,
    "userid": 1234,
    "urgency": 16,
    "priority": 16,
    "t_submit": 1684197427.227963,
    "t_depend": 1684197427.2400317,
    "t_run": 1684197427.2564592,
    "t_cleanup": 1684197427.4707234,
    "t_inactive": 1684197427.4727623,
    "state": "INACTIVE",
    "name": "ring_usempi",
    "ntasks": 392,
    "ncores": 392,
    "duration": 0.0,
    "nnodes": 7,
    "ranks": "[0-6]",
    "nodelist": "flux-sample-[1-7]",
    "success": true,
    "exception_occurred": false,
    "result": "COMPLETED",
    "expiration": 4837797427.0,
    "waitstatus": 0,
    "returncode": 0,
    "runtime": 0.2142641544342041,
    "exception": {
        "occurred": false,
        "severity": "",
        "type": "",
        "note": ""
    }
}