{
    "id": 3357037035520,
    "userid": 1234,
    "urgency": 16,
    "priority": 16,
    "t_submit": 1684197424.4684489,
    "t_depend": 1684197424.4814167,
    "t_run": 1684197424.4975734,
    "t_cleanup": 1684197424.7047727,
    "t_inactive": 1684197424.7068172,
    "state": "INACTIVE",
    "name": "ring_usempi",
    "ntasks": 392,
    "ncores": 392,
    "duration": 0.0,
    "nnodes": 7,
    "ranks": "[0-6]",
    "nodelist": "flux-sample-[1-7]",
    "success": true,
    "exception_occurred": false,
    "result": "COMPLETED",
    "expiration": 4837797424.0,
    "waitstatus": 0,
    "returncode": 0,
    "runtime": 0.2071993350982666,
    "exception": {
        "occurred": false,
        "severity": "",
        "type": "",
        "note": ""
    }
}