{
    "id": 3438339424256,
    "userid": 1234,
    "urgency": 16,
    "priority": 16,
    "t_submit": 1684197429.3150496,
    "t_depend": 1684197429.3268268,
    "t_run": 1684197429.3432572,
    "t_cleanup": 1684197429.5597003,
    "t_inactive": 1684197429.5617883,
    "state": "INACTIVE",
    "name": "ring_usempi",
    "ntasks": 392,
    "ncores": 392,
    "duration": 0.0,
    "nnodes": 7,
    "ranks": "[0-6]",
    "nodelist": "flux-sample-[1-7]",
    "success": true,
    "exception_occurred": false,
    "result": "COMPLETED",
    "expiration": 4837797429.0,
    "waitstatus": 0,
    "returncode": 0,
    "runtime": 0.21644306182861328,
    "exception": {
        "occurred": false,
        "severity": "",
        "type": "",
        "note": ""
    }
}