{
    "id": 3380038598656,
    "userid": 1234,
    "urgency": 16,
    "priority": 16,
    "t_submit": 1684197425.839727,
    "t_depend": 1684197425.8515224,
    "t_run": 1684197425.867923,
    "t_cleanup": 1684197426.078864,
    "t_inactive": 1684197426.0808978,
    "state": "INACTIVE",
    "name": "ring_usempi",
    "ntasks": 392,
    "ncores": 392,
    "duration": 0.0,
    "nnodes": 7,
    "ranks": "[0-6]",
    "nodelist": "flux-sample-[1-7]",
    "success": true,
    "exception_occurred": false,
    "result": "COMPLETED",
    "expiration": 4837797425.0,
    "waitstatus": 0,
    "returncode": 0,
    "runtime": 0.21094107627868652,
    "exception": {
        "occurred": false,
        "severity": "",
        "type": "",
        "note": ""
    }
}