{
    "id": 3362707734528,
    "userid": 1234,
    "urgency": 16,
    "priority": 16,
    "t_submit": 1684197424.80707,
    "t_depend": 1684197424.819141,
    "t_run": 1684197424.835326,
    "t_cleanup": 1684197425.046805,
    "t_inactive": 1684197425.048998,
    "state": "INACTIVE",
    "name": "ring_usempi",
    "ntasks": 392,
    "ncores": 392,
    "duration": 0.0,
    "nnodes": 7,
    "ranks": "[0-6]",
    "nodelist": "flux-sample-[1-7]",
    "success": true,
    "exception_occurred": false,
    "result": "COMPLETED",
    "expiration": 4837797424.0,
    "waitstatus": 0,
    "returncode": 0,
    "runtime": 0.21147894859313965,
    "exception": {
        "occurred": false,
        "severity": "",
        "type": "",
        "note": ""
    }
}