{
    "id": 3420958228480,
    "userid": 1234,
    "urgency": 16,
    "priority": 16,
    "t_submit": 1684197428.278968,
    "t_depend": 1684197428.2908258,
    "t_run": 1684197428.3070784,
    "t_cleanup": 1684197428.5218172,
    "t_inactive": 1684197428.52422,
    "state": "INACTIVE",
    "name": "ring_usempi",
    "ntasks": 392,
    "ncores": 392,
    "duration": 0.0,
    "nnodes": 7,
    "ranks": "[0-6]",
    "nodelist": "flux-sample-[1-7]",
    "success": true,
    "exception_occurred": false,
    "result": "COMPLETED",
    "expiration": 4837797428.0,
    "waitstatus": 0,
    "returncode": 0,
    "runtime": 0.2147388458251953,
    "exception": {
        "occurred": false,
        "severity": "",
        "type": "",
        "note": ""
    }
}