{
    "id": 3444211449856,
    "userid": 1234,
    "urgency": 16,
    "priority": 16,
    "t_submit": 1684197429.6648874,
    "t_depend": 1684197429.6769972,
    "t_run": 1684197429.6933372,
    "t_cleanup": 1684197429.9211562,
    "t_inactive": 1684197429.9235868,
    "state": "INACTIVE",
    "name": "ring_usempi",
    "ntasks": 392,
    "ncores": 392,
    "duration": 0.0,
    "nnodes": 7,
    "ranks": "[0-6]",
    "nodelist": "flux-sample-[1-7]",
    "success": true,
    "exception_occurred": false,
    "result": "COMPLETED",
    "expiration": 4837797429.0,
    "waitstatus": 0,
    "returncode": 0,
    "runtime": 0.22781896591186523,
    "exception": {
        "occurred": false,
        "severity": "",
        "type": "",
        "note": ""
    }
}