{
    "id": 3397604343808,
    "userid": 1234,
    "urgency": 16,
    "priority": 16,
    "t_submit": 1684197426.8871753,
    "t_depend": 1684197426.899214,
    "t_run": 1684197426.9150965,
    "t_cleanup": 1684197427.1231823,
    "t_inactive": 1684197427.1252773,
    "state": "INACTIVE",
    "name": "ring_usempi",
    "ntasks": 392,
    "ncores": 392,
    "duration": 0.0,
    "nnodes": 7,
    "ranks": "[0-6]",
    "nodelist": "flux-sample-[1-7]",
    "success": true,
    "exception_occurred": false,
    "result": "COMPLETED",
    "expiration": 4837797426.0,
    "waitstatus": 0,
    "returncode": 0,
    "runtime": 0.2080857753753662,
    "exception": {
        "occurred": false,
        "severity": "",
        "type": "",
        "note": ""
    }
}