{
    "id": 3385776406528,
    "userid": 1234,
    "urgency": 16,
    "priority": 16,
    "t_submit": 1684197426.182062,
    "t_depend": 1684197426.1941664,
    "t_run": 1684197426.2103467,
    "t_cleanup": 1684197426.4243393,
    "t_inactive": 1684197426.4281938,
    "state": "INACTIVE",
    "name": "ring_usempi",
    "ntasks": 392,
    "ncores": 392,
    "duration": 0.0,
    "nnodes": 7,
    "ranks": "[0-6]",
    "nodelist": "flux-sample-[1-7]",
    "success": true,
    "exception_occurred": false,
    "result": "COMPLETED",
    "expiration": 4837797426.0,
    "waitstatus": 0,
    "returncode": 0,
    "runtime": 0.21399259567260742,
    "exception": {
        "occurred": false,
        "severity": "",
        "type": "",
        "note": ""
    }
}