{
    "id": 3391598100480,
    "userid": 1234,
    "urgency": 16,
    "priority": 16,
    "t_submit": 1684197426.5287135,
    "t_depend": 1684197426.540601,
    "t_run": 1684197426.5567012,
    "t_cleanup": 1684197426.7842913,
    "t_inactive": 1684197426.7863727,
    "state": "INACTIVE",
    "name": "ring_usempi",
    "ntasks": 392,
    "ncores": 392,
    "duration": 0.0,
    "nnodes": 7,
    "ranks": "[0-6]",
    "nodelist": "flux-sample-[1-7]",
    "success": true,
    "exception_occurred": false,
    "result": "COMPLETED",
    "expiration": 4837797426.0,
    "waitstatus": 0,
    "returncode": 0,
    "runtime": 0.22759008407592773,
    "exception": {
        "occurred": false,
        "severity": "",
        "type": "",
        "note": ""
    }
}