{
    "id": 3345410424832,
    "userid": 1234,
    "urgency": 16,
    "priority": 16,
    "t_submit": 1684197423.7755752,
    "t_depend": 1684197423.787466,
    "t_run": 1684197423.803792,
    "t_cleanup": 1684197424.0162685,
    "t_inactive": 1684197424.0182512,
    "state": "INACTIVE",
    "name": "ring_usempi",
    "ntasks": 392,
    "ncores": 392,
    "duration": 0.0,
    "nnodes": 7,
    "ranks": "[0-6]",
    "nodelist": "flux-sample-[1-7]",
    "success": true,
    "exception_occurred": false,
    "result": "COMPLETED",
    "expiration": 4837797423.0,
    "waitstatus": 0,
    "returncode": 0,
    "runtime": 0.21247649192810059,
    "exception": {
        "occurred": false,
        "severity": "",
        "type": "",
        "note": ""
    }
}