{
    "id": 1345650163712,
    "userid": 1234,
    "urgency": 16,
    "priority": 16,
    "t_submit": 1684197562.9699006,
    "t_depend": 1684197562.9814785,
    "t_run": 1684197562.9962335,
    "t_cleanup": 1684197563.2628913,
    "t_inactive": 1684197563.2645512,
    "state": "INACTIVE",
    "name": "hello_c",
    "ntasks": 336,
    "ncores": 336,
    "duration": 0.0,
    "nnodes": 6,
    "ranks": "[0-5]",
    "nodelist": "flux-sample-[2-7]",
    "success": true,
    "exception_occurred": false,
    "result": "COMPLETED",
    "expiration": 4837797562.0,
    "waitstatus": 0,
    "returncode": 0,
    "runtime": 0.26665782928466797,
    "exception": {
        "occurred": false,
        "severity": "",
        "type": "",
        "note": ""
    }
}