{
    "id": 1384590082048,
    "userid": 1234,
    "urgency": 16,
    "priority": 16,
    "t_submit": 1684197565.2907572,
    "t_depend": 1684197565.3019683,
    "t_run": 1684197565.3162358,
    "t_cleanup": 1684197565.5866642,
    "t_inactive": 1684197565.5883403,
    "state": "INACTIVE",
    "name": "hello_c",
    "ntasks": 336,
    "ncores": 336,
    "duration": 0.0,
    "nnodes": 6,
    "ranks": "[0-5]",
    "nodelist": "flux-sample-[2-7]",
    "success": true,
    "exception_occurred": false,
    "result": "COMPLETED",
    "expiration": 4837797565.0,
    "waitstatus": 0,
    "returncode": 0,
    "runtime": 0.2704284191131592,
    "exception": {
        "occurred": false,
        "severity": "",
        "type": "",
        "note": ""
    }
}