{
    "id": 1405007953920,
    "userid": 1234,
    "urgency": 16,
    "priority": 16,
    "t_submit": 1684197566.5077193,
    "t_depend": 1684197566.5192122,
    "t_run": 1684197566.53389,
    "t_cleanup": 1684197566.8068957,
    "t_inactive": 1684197566.808409,
    "state": "INACTIVE",
    "name": "hello_c",
    "ntasks": 336,
    "ncores": 336,
    "duration": 0.0,
    "nnodes": 6,
    "ranks": "[0-5]",
    "nodelist": "flux-sample-[2-7]",
    "success": true,
    "exception_occurred": false,
    "result": "COMPLETED",
    "expiration": 4837797566.0,
    "waitstatus": 0,
    "returncode": 0,
    "runtime": 0.27300572395324707,
    "exception": {
        "occurred": false,
        "severity": "",
        "type": "",
        "note": ""
    }
}