{
    "id": 1411752394752,
    "userid": 1234,
    "urgency": 16,
    "priority": 16,
    "t_submit": 1684197566.9097402,
    "t_depend": 1684197566.9211447,
    "t_run": 1684197566.935537,
    "t_cleanup": 1684197567.1915712,
    "t_inactive": 1684197567.1930616,
    "state": "INACTIVE",
    "name": "hello_c",
    "ntasks": 336,
    "ncores": 336,
    "duration": 0.0,
    "nnodes": 6,
    "ranks": "[0-5]",
    "nodelist": "flux-sample-[2-7]",
    "success": true,
    "exception_occurred": false,
    "result": "COMPLETED",
    "expiration": 4837797566.0,
    "waitstatus": 0,
    "returncode": 0,
    "runtime": 0.25603413581848145,
    "exception": {
        "occurred": false,
        "severity": "",
        "type": "",
        "note": ""
    }
}