{
    "id": 1424603742208,
    "userid": 1234,
    "urgency": 16,
    "priority": 16,
    "t_submit": 1684197567.676114,
    "t_depend": 1684197567.68729,
    "t_run": 1684197567.7017784,
    "t_cleanup": 1684197567.9574013,
    "t_inactive": 1684197567.9588327,
    "state": "INACTIVE",
    "name": "hello_c",
    "ntasks": 336,
    "ncores": 336,
    "duration": 0.0,
    "nnodes": 6,
    "ranks": "[0-5]",
    "nodelist": "flux-sample-[2-7]",
    "success": true,
    "exception_occurred": false,
    "result": "COMPLETED",
    "expiration": 4837797567.0,
    "waitstatus": 0,
    "returncode": 0,
    "runtime": 0.25562286376953125,
    "exception": {
        "occurred": false,
        "severity": "",
        "type": "",
        "note": ""
    }
}