{
    "id": 1458107842560,
    "userid": 1234,
    "urgency": 16,
    "priority": 16,
    "t_submit": 1684197569.67283,
    "t_depend": 1684197569.684212,
    "t_run": 1684197569.698594,
    "t_cleanup": 1684197569.945501,
    "t_inactive": 1684197569.9468093,
    "state": "INACTIVE",
    "name": "hello_c",
    "ntasks": 336,
    "ncores": 336,
    "duration": 0.0,
    "nnodes": 6,
    "ranks": "[0-5]",
    "nodelist": "flux-sample-[2-7]",
    "success": true,
    "exception_occurred": false,
    "result": "COMPLETED",
    "expiration": 4837797569.0,
    "waitstatus": 0,
    "returncode": 0,
    "runtime": 0.24690699577331543,
    "exception": {
        "occurred": false,
        "severity": "",
        "type": "",
        "note": ""
    }
}