{
    "id": 1398280290304,
    "userid": 1234,
    "urgency": 16,
    "priority": 16,
    "t_submit": 1684197566.1071286,
    "t_depend": 1684197566.1185427,
    "t_run": 1684197566.1331143,
    "t_cleanup": 1684197566.4039261,
    "t_inactive": 1684197566.4055102,
    "state": "INACTIVE",
    "name": "hello_c",
    "ntasks": 336,
    "ncores": 336,
    "duration": 0.0,
    "nnodes": 6,
    "ranks": "[0-5]",
    "nodelist": "flux-sample-[2-7]",
    "success": true,
    "exception_occurred": false,
    "result": "COMPLETED",
    "expiration": 4837797566.0,
    "waitstatus": 0,
    "returncode": 0,
    "runtime": 0.2708117961883545,
    "exception": {
        "occurred": false,
        "severity": "",
        "type": "",
        "note": ""
    }
}