{
    "id": 1365212397568,
    "userid": 1234,
    "urgency": 16,
    "priority": 16,
    "t_submit": 1684197564.1360748,
    "t_depend": 1684197564.1472497,
    "t_run": 1684197564.161482,
    "t_cleanup": 1684197564.4282153,
    "t_inactive": 1684197564.429577,
    "state": "INACTIVE",
    "name": "hello_c",
    "ntasks": 336,
    "ncores": 336,
    "duration": 0.0,
    "nnodes": 6,
    "ranks": "[0-5]",
    "nodelist": "flux-sample-[2-7]",
    "success": true,
    "exception_occurred": false,
    "result": "COMPLETED",
    "expiration": 4837797564.0,
    "waitstatus": 0,
    "returncode": 0,
    "runtime": 0.26673316955566406,
    "exception": {
        "occurred": false,
        "severity": "",
        "type": "",
        "note": ""
    }
}