{
    "id": 1431062970368,
    "userid": 1234,
    "urgency": 16,
    "priority": 16,
    "t_submit": 1684197568.0611224,
    "t_depend": 1684197568.0725715,
    "t_run": 1684197568.0869918,
    "t_cleanup": 1684197568.378525,
    "t_inactive": 1684197568.3799636,
    "state": "INACTIVE",
    "name": "hello_c",
    "ntasks": 336,
    "ncores": 336,
    "duration": 0.0,
    "nnodes": 6,
    "ranks": "[0-5]",
    "nodelist": "flux-sample-[2-7]",
    "success": true,
    "exception_occurred": false,
    "result": "COMPLETED",
    "expiration": 4837797568.0,
    "waitstatus": 0,
    "returncode": 0,
    "runtime": 0.2915332317352295,
    "exception": {
        "occurred": false,
        "severity": "",
        "type": "",
        "note": ""
    }
}