{
    "id": 1418178068480,
    "userid": 1234,
    "urgency": 16,
    "priority": 16,
    "t_submit": 1684197567.2933779,
    "t_depend": 1684197567.3044791,
    "t_run": 1684197567.318728,
    "t_cleanup": 1684197567.5715854,
    "t_inactive": 1684197567.5731678,
    "state": "INACTIVE",
    "name": "hello_c",
    "ntasks": 336,
    "ncores": 336,
    "duration": 0.0,
    "nnodes": 6,
    "ranks": "[0-5]",
    "nodelist": "flux-sample-[2-7]",
    "success": true,
    "exception_occurred": false,
    "result": "COMPLETED",
    "expiration": 4837797567.0,
    "waitstatus": 0,
    "returncode": 0,
    "runtime": 0.2528574466705322,
    "exception": {
        "occurred": false,
        "severity": "",
        "type": "",
        "note": ""
    }
}