{
    "id": 1438142955520,
    "userid": 1234,
    "urgency": 16,
    "priority": 16,
    "t_submit": 1684197568.483003,
    "t_depend": 1684197568.4943209,
    "t_run": 1684197568.5087306,
    "t_cleanup": 1684197568.7650805,
    "t_inactive": 1684197568.7664878,
    "state": "INACTIVE",
    "name": "hello_c",
    "ntasks": 336,
    "ncores": 336,
    "duration": 0.0,
    "nnodes": 6,
    "ranks": "[0-5]",
    "nodelist": "flux-sample-[2-7]",
    "success": true,
    "exception_occurred": false,
    "result": "COMPLETED",
    "expiration": 4837797568.0,
    "waitstatus": 0,
    "returncode": 0,
    "runtime": 0.2563498020172119,
    "exception": {
        "occurred": false,
        "severity": "",
        "type": "",
        "note": ""
    }
}