{
    "id": 1451363401728,
    "userid": 1234,
    "urgency": 16,
    "priority": 16,
    "t_submit": 1684197569.27072,
    "t_depend": 1684197569.2821918,
    "t_run": 1684197569.2965808,
    "t_cleanup": 1684197569.5680962,
    "t_inactive": 1684197569.5695267,
    "state": "INACTIVE",
    "name": "hello_c",
    "ntasks": 336,
    "ncores": 336,
    "duration": 0.0,
    "nnodes": 6,
    "ranks": "[0-5]",
    "nodelist": "flux-sample-[2-7]",
    "success": true,
    "exception_occurred": false,
    "result": "COMPLETED",
    "expiration": 4837797569.0,
    "waitstatus": 0,
    "returncode": 0,
    "runtime": 0.2715153694152832,
    "exception": {
        "occurred": false,
        "severity": "",
        "type": "",
        "note": ""
    }
}