{
    "times": {
        "1s": [
            15.811485767364502,
            14.507805109024048,
            14.338891506195068,
            13.019065380096436,
            14.440992832183838,
            14.84950876235962,
            12.614767074584961,
            13.373958826065063,
            11.752058744430542,
            12.49140453338623,
            13.830073118209839,
            13.886524200439453,
            11.879828453063965,
            14.328920841217041,
            13.120812177658081,
            12.044361352920532,
            14.048835277557373,
            13.842628240585327,
            13.807434797286987,
            15.08818507194519
        ],
        "2s": [
            13.40781569480896,
            14.243858098983765,
            11.905485153198242,
            13.499619245529175,
            13.709498405456543,
            13.777620553970337,
            15.978149175643921,
            13.82835602760315,
            14.12943983078003,
            13.436567783355713,
            13.592259168624878,
            13.789366245269775,
            13.03170371055603,
            14.092393159866333,
            11.813852310180664,
            12.067428588867188,
            12.757803678512573,
            12.47509503364563,
            12.021243572235107,
            13.366411924362183
        ],
        "3s": [
            12.091127157211304,
            12.948015451431274,
            12.002254247665405,
            12.622936725616455,
            12.352490663528442,
            12.181497573852539,
            12.167476892471313,
            12.138336658477783,
            13.01217007637024,
            13.318453073501587,
            12.61413836479187,
            12.383706092834473,
            12.278491973876953,
            11.881482601165771,
            13.929176330566406,
            14.394938707351685,
            11.764145851135254,
            11.960833549499512,
            11.964775800704956,
            14.694378137588501
        ],
        "4s": [
            11.597707509994507,
            11.95116114616394,
            13.900943517684937,
            11.857934474945068,
            11.610835790634155,
            12.097218036651611,
            15.250904083251953,
            15.613629817962646,
            15.266965866088867,
            12.513372421264648,
            11.978932857513428,
            11.595450401306152,
            11.8277428150177,
            15.21703577041626,
            11.515880346298218,
            11.833406448364258,
            11.774908304214478,
            15.063416957855225,
            12.826721906661987,
            11.206692218780518
        ],
        "5s": [
            11.640002489089966,
            11.987481832504272,
            11.599341630935669,
            12.869800567626953,
            13.116197347640991,
            16.806990385055542,
            17.636489391326904,
            16.37696146965027,
            11.734822034835815,
            16.304210424423218,
            16.328203439712524,
            11.56847596168518,
            11.882787942886353,
            16.688650369644165,
            12.396209955215454,
            16.70951223373413,
            16.138245105743408,
            16.28005313873291,
            16.590770483016968,
            16.370887517929077
        ],
        "6s": [
            17.44348692893982,
            17.641932249069214,
            17.169859170913696,
            17.19602346420288,
            17.261456727981567,
            17.134944677352905,
            13.03127145767212,
            17.4539532661438,
            17.656328201293945,
            17.33213973045349,
            17.440288066864014,
            12.266926050186157,
            17.29118514060974,
            12.701877355575562,
            12.779604196548462,
            17.459761381149292,
            17.273842573165894,
            11.685710668563843,
            17.607248067855835,
            12.888349533081055
        ],
        "7s": [
            18.569174766540527,
            18.133586645126343,
            18.127637147903442,
            12.379688262939453,
            18.315360069274902,
            18.38071870803833,
            18.445883750915527,
            18.66013479232788,
            18.527004718780518,
            18.3596670627594,
            12.596066236495972,
            18.5980007648468,
            18.46766471862793,
            18.52396559715271,
            18.860891819000244,
            18.484484434127808,
            18.603574514389038,
            19.18465518951416,
            18.526370525360107,
            18.321051120758057
        ],
        "8s": [
            19.694355249404907,
            19.916042804718018,
            19.555326461791992,
            19.378297567367554,
            19.567358255386353,
            19.260929346084595,
            12.839277267456055,
            19.49631905555725,
            19.357150077819824,
            19.258857488632202,
            20.358493328094482,
            19.153629064559937,
            19.62275266647339,
            19.311689376831055,
            19.394890546798706,
            11.391953468322754,
            19.19399929046631,
            11.496373176574707,
            19.485240697860718,
            19.73762321472168
        ],
        "9s": [
            20.210360765457153,
            20.566953420639038,
            20.767587423324585,
            20.17167067527771,
            21.61770725250244,
            20.036572456359863,
            21.26475715637207,
            12.712657928466797,
            12.928723096847534,
            20.58635687828064,
            12.590803384780884,
            11.957724809646606,
            20.67336344718933,
            12.115429639816284,
            12.384438514709473,
            12.497780323028564,
            11.973571300506592,
            21.252244234085083,
            12.803414106369019,
            14.165608167648315
        ],
        "10s": [
            12.42241883277893,
            12.785817384719849,
            12.533951759338379,
            12.034372329711914,
            13.967559099197388,
            14.41937255859375,
            12.333302021026611,
            12.197469234466553,
            12.679219245910645,
            13.661714553833008,
            12.688628435134888,
            21.676462411880493,
            22.33713173866272,
            12.042537689208984,
            12.785749435424805,
            21.989877462387085,
            21.94325828552246,
            21.456844806671143,
            21.65712881088257,
            22.1262629032135
        ],
        "no-timeout-set": [
            41.807401180267334,
            12.172935962677002,
            13.101218223571777,
            12.061964511871338,
            11.84053921699524,
            11.875802278518677,
            13.168085813522339,
            12.73781967163086,
            41.63922357559204,
            41.90772271156311,
            13.994069814682007,
            13.10552978515625,
            41.75011086463928,
            41.66084289550781,
            12.285069227218628,
            41.955495834350586,
            42.1129937171936,
            42.03840231895447,
            41.678380250930786,
            13.068671703338623
        ]
    },
    "means": {
        "1s": 13.653877103328705,
        "2s": 13.34619836807251,
        "3s": 12.635041296482086,
        "4s": 12.825043034553527,
        "5s": 14.55130468606949,
        "6s": 15.935809445381164,
        "7s": 17.90327904224396,
        "8s": 18.373527920246126,
        "9s": 16.6638862490654,
        "10s": 15.986953949928283,
        "no-timeout-set": 25.79811397790909
    },
    "stds": {
        "1s": 1.10661609177501,
        "2s": 0.9937993571329667,
        "3s": 0.8456780444885397,
        "4s": 1.5637590598957285,
        "5s": 2.3352911769850806,
        "6s": 2.287025519672219,
        "7s": 1.866914849693546,
        "8s": 2.8118431903680285,