{
    "times": {
        "1s": [
            12.02410101890564,
            11.116503953933716,
            11.917439460754395,
            11.639827489852905,
            13.10404920578003,
            12.147526741027832,
            12.073622703552246,
            11.593209981918335,
            12.031421184539795,
            12.680885076522827,
            11.725030183792114,
            11.822511911392212,
            13.437148094177246,
            11.947243928909302,
            12.68992280960083,
            13.143273830413818,
            12.750244855880737,
            12.709693670272827,
            12.256712675094604,
            12.07499623298645
        ],
        "2s": [
            12.472124576568604,
            12.189276456832886,
            11.413909196853638,
            11.181385278701782,
            12.654395341873169,
            12.990803241729736,
            13.80753469467163,
            12.153300285339355,
            13.39852261543274,
            11.862753629684448,
            13.071578979492188,
            11.293705701828003,
            12.565041542053223,
            13.747094869613647,
            12.448180913925171,
            13.199342012405396,
            12.536040306091309,
            13.09917688369751,
            12.143042087554932,
            13.103175640106201
        ],
        "3s": [
            11.77253794670105,
            11.46910572052002,
            12.048776865005493,
            11.739439725875854,
            13.907354593276978,
            13.986879348754883,
            14.19142770767212,
            12.080923318862915,
            12.75346302986145,
            11.670531511306763,
            12.269169092178345,
            11.79667067527771,
            12.614628076553345,
            14.418737411499023,
            12.099055051803589,
            13.60690689086914,
            12.19699501991272,
            15.521114349365234,
            13.980017185211182,
            12.219340085983276
        ],
        "4s": [
            15.328245639801025,
            12.981276273727417,
            13.780521154403687,
            15.148976802825928,
            13.213687419891357,
            14.12352442741394,
            12.524383306503296,
            12.59927225112915,
            12.57929515838623,
            13.838630199432373,
            12.323085308074951,
            12.398969888687134,
            13.744066715240479,
            12.200434446334839,
            12.051856994628906,
            13.022548198699951,
            13.41299843788147,
            11.885374784469604,
            11.363080501556396,
            13.31466031074524
        ],
        "5s": [
            12.183189868927002,
            12.246066570281982,
            13.358418703079224,
            13.370794296264648,
            11.789141178131104,
            12.025830745697021,
            16.046573162078857,
            12.006855964660645,
            12.224360942840576,
            12.447627782821655,
            12.370492458343506,
            12.35276484489441,
            11.798681020736694,
            12.312433958053589,
            16.071827173233032,
            13.506704807281494,
            12.985897541046143,
            12.174029111862183,
            12.733190059661865,
            11.859848737716675
        ],
        "6s": [
            12.140377283096313,
            11.657225847244263,
            11.837030410766602,
            12.560407638549805,
            12.321774959564209,
            12.285622835159302,
            13.382869243621826,
            14.074193954467773,
            11.473690509796143,
            12.422256231307983,
            11.648655891418457,
            12.953797340393066,
            12.202513456344604,
            12.947398662567139,
            11.760568141937256,
            12.952417612075806,
            12.474118947982788,
            12.678332805633545,
            12.257608413696289,
            13.253904819488525
        ],
        "7s": [
            13.083068132400513,
            12.78717565536499,
            12.226812362670898,
            11.611109733581543,
            13.497968196868896,
            12.627902507781982,
            12.336267471313477,
            12.920279502868652,
            11.794198751449585,
            13.20982575416565,
            12.979390382766724,
            14.062485694885254,
            11.617224216461182,
            13.302114725112915,
            12.249429941177368,
            13.02548098564148,
            12.388525247573853,
            13.129922866821289,
            12.118088722229004,
            12.226495265960693
        ],
        "8s": [
            12.417837858200073,
            12.157679557800293,
            13.111268520355225,
            19.186753511428833,
            12.094407558441162,
            12.862548828125,
            18.875908374786377,
            19.166038036346436,
            11.572550773620605,
            14.302510976791382,
            19.345427989959717,
            13.621155738830566,
            12.484791994094849,
            19.487627029418945,
            12.944184303283691,
            19.491793870925903,
            14.205353021621704,
            19.093507289886475,
            12.462865114212036,
            12.922442436218262
        ],
        "9s": [
            12.844071865081787,
            12.263750791549683,
            21.36912202835083,
            12.792870998382568,
            12.461312294006348,
            20.09566855430603,
            11.597488403320312,
            12.90870189666748,
            11.878214836120605,
            12.845115184783936,
            12.687965154647827,
            13.100183486938477,
            11.382819175720215,
            11.274998426437378,
            19.81123161315918,
            12.134887456893921,
            11.289848804473877,
            11.69539737701416,
            11.532806634902954,
            11.729372501373291
        ],
        "10s": [
            11.812303304672241,
            11.964736700057983,
            12.232529878616333,
            12.42380404472351,
            11.410246133804321,
            11.65158724784851,
            11.948399543762207,
            11.92749547958374,
            11.729310274124146,
            11.413952827453613,
            12.041545152664185,
            12.223201036453247,
            12.560620069503784,
            11.702897071838379,
            11.44253420829773,
            13.059534788131714,
            11.596127033233643,
            11.519928455352783,
            12.136388301849365,
            13.747469186782837
        ],
        "no-timeout-set": [
            12.30078387260437,
            12.584783792495728,
            12.727988004684448,
            12.108355283737183,
            13.251811265945435,
            12.837783336639404,
            12.95666241645813,
            12.52117109298706,
            12.731366634368896,
            13.282332181930542,
            12.944936037063599,
            12.963175058364868,
            12.641726970672607,
            12.538701295852661,
            12.869860887527466,
            12.750887632369995,
            12.478281259536743,
            12.063830614089966,
            12.621700048446655,
            12.816273212432861
        ]
    },
    "means": {
        "1s": 12.244268250465392,
        "2s": 12.566519212722778,
        "3s": 12.817153680324555,
        "4s": 13.09174441099167,
        "5s": 12.793236446380615,
        "6s": 12.464238250255585,
        "7s": 12.659688305854797,
        "8s": 15.090332639217376,
        "9s": 13.384791374206543,
        "10s": 12.027230536937713,
        "no-timeout-set": 12.699620544910431
    },
    "stds": {
        "1s": 0.5936923317890035,
        "2s": 0.7581073349923203,
        "3s": 1.157568985063003,
        "4s": 1.0300346705357,
        "5s": 1.229332745918185,
        "6s": 0.6602328356853823,
        "7s": 0.6512176165511054,