{
    "id": 823895523328,
    "userid": 1000,
    "urgency": 16,
    "priority": 16,
    "t_submit": 1684112219.778238,
    "t_depend": 1684112219.7898252,
    "t_run": 1684112219.8167655,
    "t_cleanup": 1684112220.071926,
    "t_inactive": 1684112220.0733657,
    "state": "INACTIVE",
    "name": "hostname",
    "ntasks": 336,
    "ncores": 336,
    "duration": 0.0,
    "nnodes": 6,
    "ranks": "[0-5]",
    "nodelist": "flux-sample-[2-7]",
    "success": true,
    "exception_occurred": false,
    "result": "COMPLETED",
    "expiration": 4837712219.0,
    "waitstatus": 0,
    "returncode": 0,
    "runtime": 0.2551605701446533,
    "exception": {
        "occurred": false,
        "severity": "",
        "type": "",
        "note": ""
    }
}