{
    "id": 797320413184,
    "userid": 1000,
    "urgency": 16,
    "priority": 16,
    "t_submit": 1684112218.1947691,
    "t_depend": 1684112218.2061646,
    "t_run": 1684112218.2332969,
    "t_cleanup": 1684112218.4564772,
    "t_inactive": 1684112218.457937,
    "state": "INACTIVE",
    "name": "hostname",
    "ntasks": 336,
    "ncores": 336,
    "duration": 0.0,
    "nnodes": 6,
    "ranks": "[0-5]",
    "nodelist": "flux-sample-[2-7]",
    "success": true,
    "exception_occurred": false,
    "result": "COMPLETED",
    "expiration": 4837712218.0,
    "waitstatus": 0,
    "returncode": 0,
    "runtime": 0.22318029403686523,
    "exception": {
        "occurred": false,
        "severity": "",
        "type": "",
        "note": ""
    }
}