{
    "id": 2283630755840,
    "userid": 1234,
    "urgency": 16,
    "priority": 16,
    "t_submit": 1684197866.3357532,
    "t_depend": 1684197866.3473809,
    "t_run": 1684197866.3623831,
    "t_cleanup": 1684197866.629252,
    "t_inactive": 1684197866.6314263,
    "state": "INACTIVE",
    "name": "hello_usempi",
    "ntasks": 280,
    "ncores": 280,
    "duration": 0.0,
    "nnodes": 5,
    "ranks": "[0-4]",
    "nodelist": "flux-sample-[3-7]",
    "success": true,
    "exception_occurred": false,
    "result": "COMPLETED",
    "expiration": 4837797866.0,
    "waitstatus": 0,
    "returncode": 0,
    "runtime": 0.26686882972717285,
    "exception": {
        "occurred": false,
        "severity": "",
        "type": "",
        "note": ""
    }
}