{
    "id": 2196825440256,
    "userid": 1234,
    "urgency": 16,
    "priority": 16,
    "t_submit": 1684197861.161729,
    "t_depend": 1684197861.1733897,
    "t_run": 1684197861.1884172,
    "t_cleanup": 1684197861.4496686,
    "t_inactive": 1684197861.4515002,
    "state": "INACTIVE",
    "name": "hello_usempi",
    "ntasks": 280,
    "ncores": 280,
    "duration": 0.0,
    "nnodes": 5,
    "ranks": "[0-4]",
    "nodelist": "flux-sample-[3-7]",
    "success": true,
    "exception_occurred": false,
    "result": "COMPLETED",
    "expiration": 4837797861.0,
    "waitstatus": 0,
    "returncode": 0,
    "runtime": 0.26125144958496094,
    "exception": {
        "occurred": false,
        "severity": "",
        "type": "",
        "note": ""
    }
}