{
    "id": 2263279992832,
    "userid": 1234,
    "urgency": 16,
    "priority": 16,
    "t_submit": 1684197865.1228914,
    "t_depend": 1684197865.134643,
    "t_run": 1684197865.1500115,
    "t_cleanup": 1684197865.428345,
    "t_inactive": 1684197865.4301767,
    "state": "INACTIVE",
    "name": "hello_usempi",
    "ntasks": 280,
    "ncores": 280,
    "duration": 0.0,
    "nnodes": 5,
    "ranks": "[0-4]",
    "nodelist": "flux-sample-[3-7]",
    "success": true,
    "exception_occurred": false,
    "result": "COMPLETED",
    "expiration": 4837797865.0,
    "waitstatus": 0,
    "returncode": 0,
    "runtime": 0.2783334255218506,
    "exception": {
        "occurred": false,
        "severity": "",
        "type": "",
        "note": ""
    }
}