{
    "id": 2297002196992,
    "userid": 1234,
    "urgency": 16,
    "priority": 16,
    "t_submit": 1684197867.1327436,
    "t_depend": 1684197867.1443942,
    "t_run": 1684197867.1594093,
    "t_cleanup": 1684197867.4252396,
    "t_inactive": 1684197867.4276009,
    "state": "INACTIVE",
    "name": "hello_usempi",
    "ntasks": 280,
    "ncores": 280,
    "duration": 0.0,
    "nnodes": 5,
    "ranks": "[0-4]",
    "nodelist": "flux-sample-[3-7]",
    "success": true,
    "exception_occurred": false,
    "result": "COMPLETED",
    "expiration": 4837797867.0,
    "waitstatus": 0,
    "returncode": 0,
    "runtime": 0.26583027839660645,
    "exception": {
        "occurred": false,
        "severity": "",
        "type": "",
        "note": ""
    }
}