{
    "id": 2223249555456,
    "userid": 1234,
    "urgency": 16,
    "priority": 16,
    "t_submit": 1684197862.7372015,
    "t_depend": 1684197862.7487857,
    "t_run": 1684197862.7637064,
    "t_cleanup": 1684197863.0233085,
    "t_inactive": 1684197863.025263,
    "state": "INACTIVE",
    "name": "hello_usempi",
    "ntasks": 280,
    "ncores": 280,
    "duration": 0.0,
    "nnodes": 5,
    "ranks": "[0-4]",
    "nodelist": "flux-sample-[3-7]",
    "success": true,
    "exception_occurred": false,
    "result": "COMPLETED",
    "expiration": 4837797862.0,
    "waitstatus": 0,
    "returncode": 0,
    "runtime": 0.25960206985473633,
    "exception": {
        "occurred": false,
        "severity": "",
        "type": "",
        "note": ""
    }
}