{
    "id": 2190064222208,
    "userid": 1234,
    "urgency": 16,
    "priority": 16,
    "t_submit": 1684197860.759304,
    "t_depend": 1684197860.7707222,
    "t_run": 1684197860.7856333,
    "t_cleanup": 1684197861.05849,
    "t_inactive": 1684197861.060238,
    "state": "INACTIVE",
    "name": "hello_usempi",
    "ntasks": 280,
    "ncores": 280,
    "duration": 0.0,
    "nnodes": 5,
    "ranks": "[0-4]",
    "nodelist": "flux-sample-[3-7]",
    "success": true,
    "exception_occurred": false,
    "result": "COMPLETED",
    "expiration": 4837797860.0,
    "waitstatus": 0,
    "returncode": 0,
    "runtime": 0.2728567123413086,
    "exception": {
        "occurred": false,
        "severity": "",
        "type": "",
        "note": ""
    }
}