{
    "id": 2270141874176,
    "userid": 1234,
    "urgency": 16,
    "priority": 16,
    "t_submit": 1684197865.531958,
    "t_depend": 1684197865.543718,
    "t_run": 1684197865.5590775,
    "t_cleanup": 1684197865.839702,
    "t_inactive": 1684197865.8415434,
    "state": "INACTIVE",
    "name": "hello_usempi",
    "ntasks": 280,
    "ncores": 280,
    "duration": 0.0,
    "nnodes": 5,
    "ranks": "[0-4]",
    "nodelist": "flux-sample-[3-7]",
    "success": true,
    "exception_occurred": false,
    "result": "COMPLETED",
    "expiration": 4837797865.0,
    "waitstatus": 0,
    "returncode": 0,
    "runtime": 0.2806243896484375,
    "exception": {
        "occurred": false,
        "severity": "",
        "type": "",
        "note": ""
    }
}