{
    "id": 2290308087808,
    "userid": 1234,
    "urgency": 16,
    "priority": 16,
    "t_submit": 1684197866.7343917,
    "t_depend": 1684197866.7462375,
    "t_run": 1684197866.7616613,
    "t_cleanup": 1684197867.0285537,
    "t_inactive": 1684197867.0305886,
    "state": "INACTIVE",
    "name": "hello_usempi",
    "ntasks": 280,
    "ncores": 280,
    "duration": 0.0,
    "nnodes": 5,
    "ranks": "[0-4]",
    "nodelist": "flux-sample-[3-7]",
    "success": true,
    "exception_occurred": false,
    "result": "COMPLETED",
    "expiration": 4837797866.0,
    "waitstatus": 0,
    "returncode": 0,
    "runtime": 0.2668924331665039,
    "exception": {
        "occurred": false,
        "severity": "",
        "type": "",
        "note": ""
    }
}