{
    "id": 2229792669696,
    "userid": 1234,
    "urgency": 16,
    "priority": 16,
    "t_submit": 1684197863.1270502,
    "t_depend": 1684197863.138704,
    "t_run": 1684197863.1533954,
    "t_cleanup": 1684197863.4181457,
    "t_inactive": 1684197863.420118,
    "state": "INACTIVE",
    "name": "hello_usempi",
    "ntasks": 280,
    "ncores": 280,
    "duration": 0.0,
    "nnodes": 5,
    "ranks": "[0-4]",
    "nodelist": "flux-sample-[3-7]",
    "success": true,
    "exception_occurred": false,
    "result": "COMPLETED",
    "expiration": 4837797863.0,
    "waitstatus": 0,
    "returncode": 0,
    "runtime": 0.26475024223327637,
    "exception": {
        "occurred": false,
        "severity": "",
        "type": "",
        "note": ""
    }
}