{
    "id": 2209962000384,
    "userid": 1234,
    "urgency": 16,
    "priority": 16,
    "t_submit": 1684197861.9452913,
    "t_depend": 1684197861.9568713,
    "t_run": 1684197861.9713807,
    "t_cleanup": 1684197862.236684,
    "t_inactive": 1684197862.240218,
    "state": "INACTIVE",
    "name": "hello_usempi",
    "ntasks": 280,
    "ncores": 280,
    "duration": 0.0,
    "nnodes": 5,
    "ranks": "[0-4]",
    "nodelist": "flux-sample-[3-7]",
    "success": true,
    "exception_occurred": false,
    "result": "COMPLETED",
    "expiration": 4837797861.0,
    "waitstatus": 0,
    "returncode": 0,
    "runtime": 0.265303373336792,
    "exception": {
        "occurred": false,
        "severity": "",
        "type": "",
        "note": ""
    }
}