{
    "id": 2236402892800,
    "userid": 1234,
    "urgency": 16,
    "priority": 16,
    "t_submit": 1684197863.5211055,
    "t_depend": 1684197863.532917,
    "t_run": 1684197863.5479152,
    "t_cleanup": 1684197863.8151832,
    "t_inactive": 1684197863.8173702,
    "state": "INACTIVE",
    "name": "hello_usempi",
    "ntasks": 280,
    "ncores": 280,
    "duration": 0.0,
    "nnodes": 5,
    "ranks": "[0-4]",
    "nodelist": "flux-sample-[3-7]",
    "success": true,
    "exception_occurred": false,
    "result": "COMPLETED",
    "expiration": 4837797863.0,
    "waitstatus": 0,
    "returncode": 0,
    "runtime": 0.26726794242858887,
    "exception": {
        "occurred": false,
        "severity": "",
        "type": "",
        "note": ""
    }
}