{
    "id": 2317084524544,
    "userid": 1234,
    "urgency": 16,
    "priority": 16,
    "t_submit": 1684197868.3303113,
    "t_depend": 1684197868.341919,
    "t_run": 1684197868.3573513,
    "t_cleanup": 1684197868.6154523,
    "t_inactive": 1684197868.6176267,
    "state": "INACTIVE",
    "name": "hello_usempi",
    "ntasks": 280,
    "ncores": 280,
    "duration": 0.0,
    "nnodes": 5,
    "ranks": "[0-4]",
    "nodelist": "flux-sample-[3-7]",
    "success": true,
    "exception_occurred": false,
    "result": "COMPLETED",
    "expiration": 4837797868.0,
    "waitstatus": 0,
    "returncode": 0,
    "runtime": 0.2581009864807129,
    "exception": {
        "occurred": false,
        "severity": "",
        "type": "",
        "note": ""
    }
}