{
    "id": 2310407192576,
    "userid": 1234,
    "urgency": 16,
    "priority": 16,
    "t_submit": 1684197867.9322207,
    "t_depend": 1684197867.943923,
    "t_run": 1684197867.9590697,
    "t_cleanup": 1684197868.2235198,
    "t_inactive": 1684197868.2255085,
    "state": "INACTIVE",
    "name": "hello_usempi",
    "ntasks": 280,
    "ncores": 280,
    "duration": 0.0,
    "nnodes": 5,
    "ranks": "[0-4]",
    "nodelist": "flux-sample-[3-7]",
    "success": true,
    "exception_occurred": false,
    "result": "COMPLETED",
    "expiration": 4837797867.0,
    "waitstatus": 0,
    "returncode": 0,
    "runtime": 0.2644500732421875,
    "exception": {
        "occurred": false,
        "severity": "",
        "type": "",
        "note": ""
    }
}