{
    "id": 615237287936,
    "userid": 1000,
    "urgency": 16,
    "priority": 16,
    "t_submit": 1684112466.7791495,
    "t_depend": 1684112466.7905228,
    "t_run": 1684112466.812482,
    "t_cleanup": 1684112467.0511622,
    "t_inactive": 1684112467.0524201,
    "state": "INACTIVE",
    "name": "hostname",
    "ntasks": 224,
    "ncores": 224,
    "duration": 0.0,
    "nnodes": 4,
    "ranks": "[0-3]",
    "nodelist": "flux-sample-[4-7]",
    "success": true,
    "exception_occurred": false,
    "result": "COMPLETED",
    "expiration": 4837712466.0,
    "waitstatus": 0,
    "returncode": 0,
    "runtime": 0.23868012428283691,
    "exception": {
        "occurred": false,
        "severity": "",
        "type": "",
        "note": ""
    }
}