{
    "id": 555611062272,
    "userid": 1000,
    "urgency": 16,
    "priority": 16,
    "t_submit": 1684112463.224523,
    "t_depend": 1684112463.2357996,
    "t_run": 1684112463.2580826,
    "t_cleanup": 1684112463.4883375,
    "t_inactive": 1684112463.4896204,
    "state": "INACTIVE",
    "name": "hostname",
    "ntasks": 224,
    "ncores": 224,
    "duration": 0.0,
    "nnodes": 4,
    "ranks": "[0-3]",
    "nodelist": "flux-sample-[4-7]",
    "success": true,
    "exception_occurred": false,
    "result": "COMPLETED",
    "expiration": 4837712463.0,
    "waitstatus": 0,
    "returncode": 0,
    "runtime": 0.2302548885345459,
    "exception": {
        "occurred": false,
        "severity": "",
        "type": "",
        "note": ""
    }
}