{
    "id": 608643842048,
    "userid": 1000,
    "urgency": 16,
    "priority": 16,
    "t_submit": 1684112466.3861074,
    "t_depend": 1684112466.3975823,
    "t_run": 1684112466.419393,
    "t_cleanup": 1684112466.653179,
    "t_inactive": 1684112466.654461,
    "state": "INACTIVE",
    "name": "hostname",
    "ntasks": 224,
    "ncores": 224,
    "duration": 0.0,
    "nnodes": 4,
    "ranks": "[0-3]",
    "nodelist": "flux-sample-[4-7]",
    "success": true,
    "exception_occurred": false,
    "result": "COMPLETED",
    "expiration": 4837712466.0,
    "waitstatus": 0,
    "returncode": 0,
    "runtime": 0.23378586769104004,
    "exception": {
        "occurred": false,
        "severity": "",
        "type": "",
        "note": ""
    }
}