{
    "id": 535344185344,
    "userid": 1000,
    "urgency": 16,
    "priority": 16,
    "t_submit": 1684112462.0165772,
    "t_depend": 1684112462.028092,
    "t_run": 1684112462.0499012,
    "t_cleanup": 1684112462.299427,
    "t_inactive": 1684112462.3006682,
    "state": "INACTIVE",
    "name": "hostname",
    "ntasks": 224,
    "ncores": 224,
    "duration": 0.0,
    "nnodes": 4,
    "ranks": "[0-3]",
    "nodelist": "flux-sample-[4-7]",
    "success": true,
    "exception_occurred": false,
    "result": "COMPLETED",
    "expiration": 4837712462.0,
    "waitstatus": 0,
    "returncode": 0,
    "runtime": 0.249525785446167,
    "exception": {
        "occurred": false,
        "severity": "",
        "type": "",
        "note": ""
    }
}