{
    "id": 568747622400,
    "userid": 1000,
    "urgency": 16,
    "priority": 16,
    "t_submit": 1684112464.0081546,
    "t_depend": 1684112464.0195096,
    "t_run": 1684112464.0413435,
    "t_cleanup": 1684112464.2736194,
    "t_inactive": 1684112464.2748907,
    "state": "INACTIVE",
    "name": "hostname",
    "ntasks": 224,
    "ncores": 224,
    "duration": 0.0,
    "nnodes": 4,
    "ranks": "[0-3]",
    "nodelist": "flux-sample-[4-7]",
    "success": true,
    "exception_occurred": false,
    "result": "COMPLETED",
    "expiration": 4837712464.0,
    "waitstatus": 0,
    "returncode": 0,
    "runtime": 0.23227596282958984,
    "exception": {
        "occurred": false,
        "severity": "",
        "type": "",
        "note": ""
    }
}