{
    "id": 628793278464,
    "userid": 1000,
    "urgency": 16,
    "priority": 16,
    "t_submit": 1684112467.5868962,
    "t_depend": 1684112467.5983744,
    "t_run": 1684112467.6202962,
    "t_cleanup": 1684112467.8601606,
    "t_inactive": 1684112467.8615172,
    "state": "INACTIVE",
    "name": "hostname",
    "ntasks": 224,
    "ncores": 224,
    "duration": 0.0,
    "nnodes": 4,
    "ranks": "[0-3]",
    "nodelist": "flux-sample-[4-7]",
    "success": true,
    "exception_occurred": false,
    "result": "COMPLETED",
    "expiration": 4837712467.0,
    "waitstatus": 0,
    "returncode": 0,
    "runtime": 0.23986434936523438,
    "exception": {
        "occurred": false,
        "severity": "",
        "type": "",
        "note": ""
    }
}