{
    "id": 3207367491584,
    "userid": 1234,
    "urgency": 16,
    "priority": 16,
    "t_submit": 1684197106.567524,
    "t_depend": 1684197106.5793462,
    "t_run": 1684197106.5957568,
    "t_cleanup": 1684197106.8124871,
    "t_inactive": 1684197106.81467,
    "state": "INACTIVE",
    "name": "ring_mpifh",
    "ntasks": 448,
    "ncores": 448,
    "duration": 0.0,
    "nnodes": 8,
    "ranks": "[0-7]",
    "nodelist": "flux-sample-[0-7]",
    "success": true,
    "exception_occurred": false,
    "result": "COMPLETED",
    "expiration": 4837797106.0,
    "waitstatus": 0,
    "returncode": 0,
    "runtime": 0.21673035621643066,
    "exception": {
        "occurred": false,
        "severity": "",
        "type": "",
        "note": ""
    }
}