{
    "id": 3177369829376,
    "userid": 1234,
    "urgency": 16,
    "priority": 16,
    "t_submit": 1684197104.7801995,
    "t_depend": 1684197104.7919302,
    "t_run": 1684197104.8086467,
    "t_cleanup": 1684197105.0268435,
    "t_inactive": 1684197105.029029,
    "state": "INACTIVE",
    "name": "ring_mpifh",
    "ntasks": 448,
    "ncores": 448,
    "duration": 0.0,
    "nnodes": 8,
    "ranks": "[0-7]",
    "nodelist": "flux-sample-[0-7]",
    "success": true,
    "exception_occurred": false,
    "result": "COMPLETED",
    "expiration": 4837797104.0,
    "waitstatus": 0,
    "returncode": 0,
    "runtime": 0.21819686889648438,
    "exception": {
        "occurred": false,
        "severity": "",
        "type": "",
        "note": ""
    }
}