{
    "id": 3213256294400,
    "userid": 1234,
    "urgency": 16,
    "priority": 16,
    "t_submit": 1684197106.919399,
    "t_depend": 1684197106.9312534,
    "t_run": 1684197106.947906,
    "t_cleanup": 1684197107.1670508,
    "t_inactive": 1684197107.1691318,
    "state": "INACTIVE",
    "name": "ring_mpifh",
    "ntasks": 448,
    "ncores": 448,
    "duration": 0.0,
    "nnodes": 8,
    "ranks": "[0-7]",
    "nodelist": "flux-sample-[0-7]",
    "success": true,
    "exception_occurred": false,
    "result": "COMPLETED",
    "expiration": 4837797106.0,
    "waitstatus": 0,
    "returncode": 0,
    "runtime": 0.2191448211669922,
    "exception": {
        "occurred": false,
        "severity": "",
        "type": "",
        "note": ""
    }
}