{
    "id": 3189180989440,
    "userid": 1234,
    "urgency": 16,
    "priority": 16,
    "t_submit": 1684197105.4839888,
    "t_depend": 1684197105.4969835,
    "t_run": 1684197105.5139635,
    "t_cleanup": 1684197105.741551,
    "t_inactive": 1684197105.74385,
    "state": "INACTIVE",
    "name": "ring_mpifh",
    "ntasks": 448,
    "ncores": 448,
    "duration": 0.0,
    "nnodes": 8,
    "ranks": "[0-7]",
    "nodelist": "flux-sample-[0-7]",
    "success": true,
    "exception_occurred": false,
    "result": "COMPLETED",
    "expiration": 4837797105.0,
    "waitstatus": 0,
    "returncode": 0,
    "runtime": 0.22758746147155762,
    "exception": {
        "occurred": false,
        "severity": "",
        "type": "",
        "note": ""
    }
}