{
    "id": 3225067454464,
    "userid": 1234,
    "urgency": 16,
    "priority": 16,
    "t_submit": 1684197107.623191,
    "t_depend": 1684197107.6351058,
    "t_run": 1684197107.6519585,
    "t_cleanup": 1684197107.8773983,
    "t_inactive": 1684197107.8795946,
    "state": "INACTIVE",
    "name": "ring_mpifh",
    "ntasks": 448,
    "ncores": 448,
    "duration": 0.0,
    "nnodes": 8,
    "ranks": "[0-7]",
    "nodelist": "flux-sample-[0-7]",
    "success": true,
    "exception_occurred": false,
    "result": "COMPLETED",
    "expiration": 4837797107.0,
    "waitstatus": 0,
    "returncode": 0,
    "runtime": 0.22543978691101074,
    "exception": {
        "occurred": false,
        "severity": "",
        "type": "",
        "note": ""
    }
}