{
    "id": 3231124029440,
    "userid": 1234,
    "urgency": 16,
    "priority": 16,
    "t_submit": 1684197107.9838827,
    "t_depend": 1684197107.9960227,
    "t_run": 1684197108.0126848,
    "t_cleanup": 1684197108.229992,
    "t_inactive": 1684197108.2322218,
    "state": "INACTIVE",
    "name": "ring_mpifh",
    "ntasks": 448,
    "ncores": 448,
    "duration": 0.0,
    "nnodes": 8,
    "ranks": "[0-7]",
    "nodelist": "flux-sample-[0-7]",
    "success": true,
    "exception_occurred": false,
    "result": "COMPLETED",
    "expiration": 4837797108.0,
    "waitstatus": 0,
    "returncode": 0,
    "runtime": 0.21730709075927734,
    "exception": {
        "occurred": false,
        "severity": "",
        "type": "",
        "note": ""
    }
}