{
    "id": 3171363586048,
    "userid": 1234,
    "urgency": 16,
    "priority": 16,
    "t_submit": 1684197104.4218214,
    "t_depend": 1684197104.4334943,
    "t_run": 1684197104.4498494,
    "t_cleanup": 1684197104.674191,
    "t_inactive": 1684197104.676321,
    "state": "INACTIVE",
    "name": "ring_mpifh",
    "ntasks": 448,
    "ncores": 448,
    "duration": 0.0,
    "nnodes": 8,
    "ranks": "[0-7]",
    "nodelist": "flux-sample-[0-7]",
    "success": true,
    "exception_occurred": false,
    "result": "COMPLETED",
    "expiration": 4837797104.0,
    "waitstatus": 0,
    "returncode": 0,
    "runtime": 0.22434163093566895,
    "exception": {
        "occurred": false,
        "severity": "",
        "type": "",
        "note": ""
    }
}