{
    "id": 3243019075584,
    "userid": 1234,
    "urgency": 16,
    "priority": 16,
    "t_submit": 1684197108.692639,
    "t_depend": 1684197108.7044942,
    "t_run": 1684197108.7214725,
    "t_cleanup": 1684197108.9511027,
    "t_inactive": 1684197108.9532278,
    "state": "INACTIVE",
    "name": "ring_mpifh",
    "ntasks": 448,
    "ncores": 448,
    "duration": 0.0,
    "nnodes": 8,
    "ranks": "[0-7]",
    "nodelist": "flux-sample-[0-7]",
    "success": true,
    "exception_occurred": false,
    "result": "COMPLETED",
    "expiration": 4837797108.0,
    "waitstatus": 0,
    "returncode": 0,
    "runtime": 0.2296302318572998,
    "exception": {
        "occurred": false,
        "severity": "",
        "type": "",
        "note": ""
    }
}