{
    "id": 561248206848,
    "userid": 1000,
    "urgency": 16,
    "priority": 16,
    "t_submit": 1684112261.118825,
    "t_depend": 1684112261.1305056,
    "t_run": 1684112261.154524,
    "t_cleanup": 1684112261.3706818,
    "t_inactive": 1684112261.372006,
    "state": "INACTIVE",
    "name": "hostname",
    "ntasks": 280,
    "ncores": 280,
    "duration": 0.0,
    "nnodes": 5,
    "ranks": "[0-4]",
    "nodelist": "flux-sample-[3-7]",
    "success": true,
    "exception_occurred": false,
    "result": "COMPLETED",
    "expiration": 4837712261.0,
    "waitstatus": 0,
    "returncode": 0,
    "runtime": 0.2161576747894287,
    "exception": {
        "occurred": false,
        "severity": "",
        "type": "",
        "note": ""
    }
}