{
    "id": 535511957504,
    "userid": 1000,
    "urgency": 16,
    "priority": 16,
    "t_submit": 1684112259.5843709,
    "t_depend": 1684112259.5958064,
    "t_run": 1684112259.6202986,
    "t_cleanup": 1684112259.8552804,
    "t_inactive": 1684112259.8570585,
    "state": "INACTIVE",
    "name": "hostname",
    "ntasks": 280,
    "ncores": 280,
    "duration": 0.0,
    "nnodes": 5,
    "ranks": "[0-4]",
    "nodelist": "flux-sample-[3-7]",
    "success": true,
    "exception_occurred": false,
    "result": "COMPLETED",
    "expiration": 4837712259.0,
    "waitstatus": 0,
    "returncode": 0,
    "runtime": 0.23498177528381348,
    "exception": {
        "occurred": false,
        "severity": "",
        "type": "",
        "note": ""
    }
}