{
    "id": 554889641984,
    "userid": 1000,
    "urgency": 16,
    "priority": 16,
    "t_submit": 1684112260.7395668,
    "t_depend": 1684112260.751027,
    "t_run": 1684112260.77504,
    "t_cleanup": 1684112260.991119,
    "t_inactive": 1684112260.9925456,
    "state": "INACTIVE",
    "name": "hostname",
    "ntasks": 280,
    "ncores": 280,
    "duration": 0.0,
    "nnodes": 5,
    "ranks": "[0-4]",
    "nodelist": "flux-sample-[3-7]",
    "success": true,
    "exception_occurred": false,
    "result": "COMPLETED",
    "expiration": 4837712260.0,
    "waitstatus": 0,
    "returncode": 0,
    "runtime": 0.2160789966583252,
    "exception": {
        "occurred": false,
        "severity": "",
        "type": "",
        "note": ""
    }
}