{
    "id": 515916169216,
    "userid": 1000,
    "urgency": 16,
    "priority": 16,
    "t_submit": 1684112258.4168386,
    "t_depend": 1684112258.4284384,
    "t_run": 1684112258.4529529,
    "t_cleanup": 1684112258.6715994,
    "t_inactive": 1684112258.673166,
    "state": "INACTIVE",
    "name": "hostname",
    "ntasks": 280,
    "ncores": 280,
    "duration": 0.0,
    "nnodes": 5,
    "ranks": "[0-4]",
    "nodelist": "flux-sample-[3-7]",
    "success": true,
    "exception_occurred": false,
    "result": "COMPLETED",
    "expiration": 4837712258.0,
    "waitstatus": 0,
    "returncode": 0,
    "runtime": 0.21864652633666992,
    "exception": {
        "occurred": false,
        "severity": "",
        "type": "",
        "note": ""
    }
}