{
    "id": 542239621120,
    "userid": 1000,
    "urgency": 16,
    "priority": 16,
    "t_submit": 1684112259.9850128,
    "t_depend": 1684112259.996547,
    "t_run": 1684112260.0211518,
    "t_cleanup": 1684112260.230192,
    "t_inactive": 1684112260.2317054,
    "state": "INACTIVE",
    "name": "hostname",
    "ntasks": 280,
    "ncores": 280,
    "duration": 0.0,
    "nnodes": 5,
    "ranks": "[0-4]",
    "nodelist": "flux-sample-[3-7]",
    "success": true,
    "exception_occurred": false,
    "result": "COMPLETED",
    "expiration": 4837712260.0,
    "waitstatus": 0,
    "returncode": 0,
    "runtime": 0.20904016494750977,
    "exception": {
        "occurred": false,
        "severity": "",
        "type": "",
        "note": ""
    }
}