{
    "id": 490515464192,
    "userid": 1000,
    "urgency": 16,
    "priority": 16,
    "t_submit": 1684112256.902522,
    "t_depend": 1684112256.9139683,
    "t_run": 1684112256.938139,
    "t_cleanup": 1684112257.154108,
    "t_inactive": 1684112257.1556728,
    "state": "INACTIVE",
    "name": "hostname",
    "ntasks": 280,
    "ncores": 280,
    "duration": 0.0,
    "nnodes": 5,
    "ranks": "[0-4]",
    "nodelist": "flux-sample-[3-7]",
    "success": true,
    "exception_occurred": false,
    "result": "COMPLETED",
    "expiration": 4837712256.0,
    "waitstatus": 0,
    "returncode": 0,
    "runtime": 0.21596908569335938,
    "exception": {
        "occurred": false,
        "severity": "",
        "type": "",
        "note": ""
    }
}