{
    "id": 483737468928,
    "userid": 1000,
    "urgency": 16,
    "priority": 16,
    "t_submit": 1684112256.4982674,
    "t_depend": 1684112256.509891,
    "t_run": 1684112256.5342152,
    "t_cleanup": 1684112256.7752514,
    "t_inactive": 1684112256.7769418,
    "state": "INACTIVE",
    "name": "hostname",
    "ntasks": 280,
    "ncores": 280,
    "duration": 0.0,
    "nnodes": 5,
    "ranks": "[0-4]",
    "nodelist": "flux-sample-[3-7]",
    "success": true,
    "exception_occurred": false,
    "result": "COMPLETED",
    "expiration": 4837712256.0,
    "waitstatus": 0,
    "returncode": 0,
    "runtime": 0.24103617668151855,
    "exception": {
        "occurred": false,
        "severity": "",
        "type": "",
        "note": ""
    }
}