{
    "id": 1519260794880,
    "userid": 1234,
    "urgency": 16,
    "priority": 16,
    "t_submit": 1684198042.0259225,
    "t_depend": 1684198042.037448,
    "t_run": 1684198042.0517483,
    "t_cleanup": 1684198042.4624712,
    "t_inactive": 1684198042.464676,
    "state": "INACTIVE",
    "name": "hello_cxx",
    "ntasks": 224,
    "ncores": 224,
    "duration": 0.0,
    "nnodes": 4,
    "ranks": "[0-3]",
    "nodelist": "flux-sample-[4-7]",
    "success": true,
    "exception_occurred": false,
    "result": "COMPLETED",
    "expiration": 4837798042.0,
    "waitstatus": 0,
    "returncode": 0,
    "runtime": 0.4107229709625244,
    "exception": {
        "occurred": false,
        "severity": "",
        "type": "",
        "note": ""
    }
}