{
    "id": 1453577994240,
    "userid": 1234,
    "urgency": 16,
    "priority": 16,
    "t_submit": 1684198038.1105795,
    "t_depend": 1684198038.122347,
    "t_run": 1684198038.1366863,
    "t_cleanup": 1684198038.559681,
    "t_inactive": 1684198038.5611382,
    "state": "INACTIVE",
    "name": "hello_cxx",
    "ntasks": 224,
    "ncores": 224,
    "duration": 0.0,
    "nnodes": 4,
    "ranks": "[0-3]",
    "nodelist": "flux-sample-[4-7]",
    "success": true,
    "exception_occurred": false,
    "result": "COMPLETED",
    "expiration": 4837798038.0,
    "waitstatus": 0,
    "returncode": 0,
    "runtime": 0.42299461364746094,
    "exception": {
        "occurred": false,
        "severity": "",
        "type": "",
        "note": ""
    }
}