{
    "id": 1490890522624,
    "userid": 1234,
    "urgency": 16,
    "priority": 16,
    "t_submit": 1684198040.334677,
    "t_depend": 1684198040.346064,
    "t_run": 1684198040.3601375,
    "t_cleanup": 1684198040.7618656,
    "t_inactive": 1684198040.7634206,
    "state": "INACTIVE",
    "name": "hello_cxx",
    "ntasks": 224,
    "ncores": 224,
    "duration": 0.0,
    "nnodes": 4,
    "ranks": "[0-3]",
    "nodelist": "flux-sample-[4-7]",
    "success": true,
    "exception_occurred": false,
    "result": "COMPLETED",
    "expiration": 4837798040.0,
    "waitstatus": 0,
    "returncode": 0,
    "runtime": 0.40172815322875977,
    "exception": {
        "occurred": false,
        "severity": "",
        "type": "",
        "note": ""
    }
}