{
    "id": 1509311905792,
    "userid": 1234,
    "urgency": 16,
    "priority": 16,
    "t_submit": 1684198041.4328742,
    "t_depend": 1684198041.4444745,
    "t_run": 1684198041.4589725,
    "t_cleanup": 1684198041.9184356,
    "t_inactive": 1684198041.920131,
    "state": "INACTIVE",
    "name": "hello_cxx",
    "ntasks": 224,
    "ncores": 224,
    "duration": 0.0,
    "nnodes": 4,
    "ranks": "[0-3]",
    "nodelist": "flux-sample-[4-7]",
    "success": true,
    "exception_occurred": false,
    "result": "COMPLETED",
    "expiration": 4837798041.0,
    "waitstatus": 0,
    "returncode": 0,
    "runtime": 0.45946311950683594,
    "exception": {
        "occurred": false,
        "severity": "",
        "type": "",
        "note": ""
    }
}