{
    "id": 1557059862528,
    "userid": 1234,
    "urgency": 16,
    "priority": 16,
    "t_submit": 1684198044.278623,
    "t_depend": 1684198044.290324,
    "t_run": 1684198044.304937,
    "t_cleanup": 1684198044.74261,
    "t_inactive": 1684198044.7444377,
    "state": "INACTIVE",
    "name": "hello_cxx",
    "ntasks": 224,
    "ncores": 224,
    "duration": 0.0,
    "nnodes": 4,
    "ranks": "[0-3]",
    "nodelist": "flux-sample-[4-7]",
    "success": true,
    "exception_occurred": false,
    "result": "COMPLETED",
    "expiration": 4837798044.0,
    "waitstatus": 0,
    "returncode": 0,
    "runtime": 0.43767309188842773,
    "exception": {
        "occurred": false,
        "severity": "",
        "type": "",
        "note": ""
    }
}