{
    "id": 1566606098432,
    "userid": 1234,
    "urgency": 16,
    "priority": 16,
    "t_submit": 1684198044.8475947,
    "t_depend": 1684198044.858942,
    "t_run": 1684198044.8732555,
    "t_cleanup": 1684198045.2643313,
    "t_inactive": 1684198045.2661247,
    "state": "INACTIVE",
    "name": "hello_cxx",
    "ntasks": 224,
    "ncores": 224,
    "duration": 0.0,
    "nnodes": 4,
    "ranks": "[0-3]",
    "nodelist": "flux-sample-[4-7]",
    "success": true,
    "exception_occurred": false,
    "result": "COMPLETED",
    "expiration": 4837798044.0,
    "waitstatus": 0,
    "returncode": 0,
    "runtime": 0.39107584953308105,
    "exception": {
        "occurred": false,
        "severity": "",
        "type": "",
        "note": ""
    }
}