{
    "id": 1584373170176,
    "userid": 1234,
    "urgency": 16,
    "priority": 16,
    "t_submit": 1684198045.9072306,
    "t_depend": 1684198045.9186351,
    "t_run": 1684198045.9333673,
    "t_cleanup": 1684198046.3363836,
    "t_inactive": 1684198046.3380039,
    "state": "INACTIVE",
    "name": "hello_cxx",
    "ntasks": 224,
    "ncores": 224,
    "duration": 0.0,
    "nnodes": 4,
    "ranks": "[0-3]",
    "nodelist": "flux-sample-[4-7]",
    "success": true,
    "exception_occurred": false,
    "result": "COMPLETED",
    "expiration": 4837798045.0,
    "waitstatus": 0,
    "returncode": 0,
    "runtime": 0.4030163288116455,
    "exception": {
        "occurred": false,
        "severity": "",
        "type": "",
        "note": ""
    }
}