{
    "id": 1434921730048,
    "userid": 1234,
    "urgency": 16,
    "priority": 16,
    "t_submit": 1684198036.9986062,
    "t_depend": 1684198037.0100396,
    "t_run": 1684198037.0245473,
    "t_cleanup": 1684198037.4704683,
    "t_inactive": 1684198037.4719744,
    "state": "INACTIVE",
    "name": "hello_cxx",
    "ntasks": 224,
    "ncores": 224,
    "duration": 0.0,
    "nnodes": 4,
    "ranks": "[0-3]",
    "nodelist": "flux-sample-[4-7]",
    "success": true,
    "exception_occurred": false,
    "result": "COMPLETED",
    "expiration": 4837798037.0,
    "waitstatus": 0,
    "returncode": 0,
    "runtime": 0.4459209442138672,
    "exception": {
        "occurred": false,
        "severity": "",
        "type": "",
        "note": ""
    }
}