{
    "id": 1575347027968,
    "userid": 1234,
    "urgency": 16,
    "priority": 16,
    "t_submit": 1684198045.3690214,
    "t_depend": 1684198045.3807375,
    "t_run": 1684198045.3953476,
    "t_cleanup": 1684198045.8004198,
    "t_inactive": 1684198045.8057375,
    "state": "INACTIVE",
    "name": "hello_cxx",
    "ntasks": 224,
    "ncores": 224,
    "duration": 0.0,
    "nnodes": 4,
    "ranks": "[0-3]",
    "nodelist": "flux-sample-[4-7]",
    "success": true,
    "exception_occurred": false,
    "result": "COMPLETED",
    "expiration": 4837798045.0,
    "waitstatus": 0,
    "returncode": 0,
    "runtime": 0.4050722122192383,
    "exception": {
        "occurred": false,
        "severity": "",
        "type": "",
        "note": ""
    }
}