{
    "id": 1471932268544,
    "userid": 1234,
    "urgency": 16,
    "priority": 16,
    "t_submit": 1684198039.2045457,
    "t_depend": 1684198039.2160532,
    "t_run": 1684198039.2305036,
    "t_cleanup": 1684198039.6654494,
    "t_inactive": 1684198039.6696537,
    "state": "INACTIVE",
    "name": "hello_cxx",
    "ntasks": 224,
    "ncores": 224,
    "duration": 0.0,
    "nnodes": 4,
    "ranks": "[0-3]",
    "nodelist": "flux-sample-[4-7]",
    "success": true,
    "exception_occurred": false,
    "result": "COMPLETED",
    "expiration": 4837798039.0,
    "waitstatus": 0,
    "returncode": 0,
    "runtime": 0.43494582176208496,
    "exception": {
        "occurred": false,
        "severity": "",
        "type": "",
        "note": ""
    }
}