{
    "id": 1528354045952,
    "userid": 1234,
    "urgency": 16,
    "priority": 16,
    "t_submit": 1684198042.5679245,
    "t_depend": 1684198042.5793858,
    "t_run": 1684198042.594215,
    "t_cleanup": 1684198043.0064826,
    "t_inactive": 1684198043.008361,
    "state": "INACTIVE",
    "name": "hello_cxx",
    "ntasks": 224,
    "ncores": 224,
    "duration": 0.0,
    "nnodes": 4,
    "ranks": "[0-3]",
    "nodelist": "flux-sample-[4-7]",
    "success": true,
    "exception_occurred": false,
    "result": "COMPLETED",
    "expiration": 4837798042.0,
    "waitstatus": 0,
    "returncode": 0,
    "runtime": 0.41226768493652344,
    "exception": {
        "occurred": false,
        "severity": "",
        "type": "",
        "note": ""
    }
}