{
    "id": 1593332203520,
    "userid": 1234,
    "urgency": 16,
    "priority": 16,
    "t_submit": 1684198046.4410744,
    "t_depend": 1684198046.4527078,
    "t_run": 1684198046.4671018,
    "t_cleanup": 1684198046.8719292,
    "t_inactive": 1684198046.8737035,
    "state": "INACTIVE",
    "name": "hello_cxx",
    "ntasks": 224,
    "ncores": 224,
    "duration": 0.0,
    "nnodes": 4,
    "ranks": "[0-3]",
    "nodelist": "flux-sample-[4-7]",
    "success": true,
    "exception_occurred": false,
    "result": "COMPLETED",
    "expiration": 4837798046.0,
    "waitstatus": 0,
    "returncode": 0,
    "runtime": 0.404827356338501,
    "exception": {
        "occurred": false,
        "severity": "",
        "type": "",
        "note": ""
    }
}