{
    "id": 1462839017472,
    "userid": 1234,
    "urgency": 16,
    "priority": 16,
    "t_submit": 1684198038.663038,
    "t_depend": 1684198038.6744545,
    "t_run": 1684198038.6889458,
    "t_cleanup": 1684198039.1009831,
    "t_inactive": 1684198039.1028361,
    "state": "INACTIVE",
    "name": "hello_cxx",
    "ntasks": 224,
    "ncores": 224,
    "duration": 0.0,
    "nnodes": 4,
    "ranks": "[0-3]",
    "nodelist": "flux-sample-[4-7]",
    "success": true,
    "exception_occurred": false,
    "result": "COMPLETED",
    "expiration": 4837798038.0,
    "waitstatus": 0,
    "returncode": 0,
    "runtime": 0.41203737258911133,
    "exception": {
        "occurred": false,
        "severity": "",
        "type": "",
        "note": ""
    }
}