{
    "id": 1434485522432,
    "userid": 1234,
    "urgency": 16,
    "priority": 16,
    "t_submit": 1684197000.895784,
    "t_depend": 1684197000.9070559,
    "t_run": 1684197000.9217746,
    "t_cleanup": 1684197001.4204822,
    "t_inactive": 1684197001.4225311,
    "state": "INACTIVE",
    "name": "hello_cxx",
    "ntasks": 448,
    "ncores": 448,
    "duration": 0.0,
    "nnodes": 8,
    "ranks": "[0-7]",
    "nodelist": "flux-sample-[0-7]",
    "success": true,
    "exception_occurred": false,
    "result": "COMPLETED",
    "expiration": 4837797000.0,
    "waitstatus": 0,
    "returncode": 0,
    "runtime": 0.49870753288269043,
    "exception": {
        "occurred": false,
        "severity": "",
        "type": "",
        "note": ""
    }
}