{
    "id": 1542631456768,
    "userid": 1234,
    "urgency": 16,
    "priority": 16,
    "t_submit": 1684197007.3414743,
    "t_depend": 1684197007.3527617,
    "t_run": 1684197007.3679967,
    "t_cleanup": 1684197007.9007344,
    "t_inactive": 1684197007.9026108,
    "state": "INACTIVE",
    "name": "hello_cxx",
    "ntasks": 448,
    "ncores": 448,
    "duration": 0.0,
    "nnodes": 8,
    "ranks": "[0-7]",
    "nodelist": "flux-sample-[0-7]",
    "success": true,
    "exception_occurred": false,
    "result": "COMPLETED",
    "expiration": 4837797007.0,
    "waitstatus": 0,
    "returncode": 0,
    "runtime": 0.5327377319335938,
    "exception": {
        "occurred": false,
        "severity": "",
        "type": "",
        "note": ""
    }
}