{
    "id": 1499161690112,
    "userid": 1234,
    "urgency": 16,
    "priority": 16,
    "t_submit": 1684197004.7505221,
    "t_depend": 1684197004.7621195,
    "t_run": 1684197004.777299,
    "t_cleanup": 1684197005.281279,
    "t_inactive": 1684197005.2830253,
    "state": "INACTIVE",
    "name": "hello_cxx",
    "ntasks": 448,
    "ncores": 448,
    "duration": 0.0,
    "nnodes": 8,
    "ranks": "[0-7]",
    "nodelist": "flux-sample-[0-7]",
    "success": true,
    "exception_occurred": false,
    "result": "COMPLETED",
    "expiration": 4837797004.0,
    "waitstatus": 0,
    "returncode": 0,
    "runtime": 0.5039801597595215,
    "exception": {
        "occurred": false,
        "severity": "",
        "type": "",
        "note": ""
    }
}