{
    "id": 1379875684352,
    "userid": 1234,
    "urgency": 16,
    "priority": 16,
    "t_submit": 1684196997.640474,
    "t_depend": 1684196997.6518712,
    "t_run": 1684196997.666708,
    "t_cleanup": 1684196998.1881902,
    "t_inactive": 1684196998.1898713,
    "state": "INACTIVE",
    "name": "hello_cxx",
    "ntasks": 448,
    "ncores": 448,
    "duration": 0.0,
    "nnodes": 8,
    "ranks": "[0-7]",
    "nodelist": "flux-sample-[0-7]",
    "success": true,
    "exception_occurred": false,
    "result": "COMPLETED",
    "expiration": 4837796997.0,
    "waitstatus": 0,
    "returncode": 0,
    "runtime": 0.5214822292327881,
    "exception": {
        "occurred": false,
        "severity": "",
        "type": "",
        "note": ""
    }
}