{
    "id": 1477586190336,
    "userid": 1234,
    "urgency": 16,
    "priority": 16,
    "t_submit": 1684197003.4651284,
    "t_depend": 1684197003.4774086,
    "t_run": 1684197003.4925106,
    "t_cleanup": 1684197004.0273118,
    "t_inactive": 1684197004.0289047,
    "state": "INACTIVE",
    "name": "hello_cxx",
    "ntasks": 448,
    "ncores": 448,
    "duration": 0.0,
    "nnodes": 8,
    "ranks": "[0-7]",
    "nodelist": "flux-sample-[0-7]",
    "success": true,
    "exception_occurred": false,
    "result": "COMPLETED",
    "expiration": 4837797003.0,
    "waitstatus": 0,
    "returncode": 0,
    "runtime": 0.5348012447357178,
    "exception": {
        "occurred": false,
        "severity": "",
        "type": "",
        "note": ""
    }
}