{
    "id": 1564542500864,
    "userid": 1234,
    "urgency": 16,
    "priority": 16,
    "t_submit": 1684197008.6482327,
    "t_depend": 1684197008.6597898,
    "t_run": 1684197008.6749759,
    "t_cleanup": 1684197009.1709924,
    "t_inactive": 1684197009.17257,
    "state": "INACTIVE",
    "name": "hello_cxx",
    "ntasks": 448,
    "ncores": 448,
    "duration": 0.0,
    "nnodes": 8,
    "ranks": "[0-7]",
    "nodelist": "flux-sample-[0-7]",
    "success": true,
    "exception_occurred": false,
    "result": "COMPLETED",
    "expiration": 4837797008.0,
    "waitstatus": 0,
    "returncode": 0,
    "runtime": 0.4960165023803711,
    "exception": {
        "occurred": false,
        "severity": "",
        "type": "",
        "note": ""
    }
}