{
    "id": 1553788305408,
    "userid": 1234,
    "urgency": 16,
    "priority": 16,
    "t_submit": 1684197008.006509,
    "t_depend": 1684197008.0180757,
    "t_run": 1684197008.033496,
    "t_cleanup": 1684197008.5412583,
    "t_inactive": 1684197008.542901,
    "state": "INACTIVE",
    "name": "hello_cxx",
    "ntasks": 448,
    "ncores": 448,
    "duration": 0.0,
    "nnodes": 8,
    "ranks": "[0-7]",
    "nodelist": "flux-sample-[0-7]",
    "success": true,
    "exception_occurred": false,
    "result": "COMPLETED",
    "expiration": 4837797008.0,
    "waitstatus": 0,
    "returncode": 0,
    "runtime": 0.5077624320983887,
    "exception": {
        "occurred": false,
        "severity": "",
        "type": "",
        "note": ""
    }
}