{
    "id": 1466462896128,
    "userid": 1234,
    "urgency": 16,
    "priority": 16,
    "t_submit": 1684197002.8023307,
    "t_depend": 1684197002.8137298,
    "t_run": 1684197002.829042,
    "t_cleanup": 1684197003.3599906,
    "t_inactive": 1684197003.361653,
    "state": "INACTIVE",
    "name": "hello_cxx",
    "ntasks": 448,
    "ncores": 448,
    "duration": 0.0,
    "nnodes": 8,
    "ranks": "[0-7]",
    "nodelist": "flux-sample-[0-7]",
    "success": true,
    "exception_occurred": false,
    "result": "COMPLETED",
    "expiration": 4837797002.0,
    "waitstatus": 0,
    "returncode": 0,
    "runtime": 0.5309486389160156,
    "exception": {
        "occurred": false,
        "severity": "",
        "type": "",
        "note": ""
    }
}