{
    "id": 1456178462720,
    "userid": 1234,
    "urgency": 16,
    "priority": 16,
    "t_submit": 1684197002.1884773,
    "t_depend": 1684197002.2000735,
    "t_run": 1684197002.215359,
    "t_cleanup": 1684197002.6977022,
    "t_inactive": 1684197002.6993082,
    "state": "INACTIVE",
    "name": "hello_cxx",
    "ntasks": 448,
    "ncores": 448,
    "duration": 0.0,
    "nnodes": 8,
    "ranks": "[0-7]",
    "nodelist": "flux-sample-[0-7]",
    "success": true,
    "exception_occurred": false,
    "result": "COMPLETED",
    "expiration": 4837797002.0,
    "waitstatus": 0,
    "returncode": 0,
    "runtime": 0.4823431968688965,
    "exception": {
        "occurred": false,
        "severity": "",
        "type": "",
        "note": ""
    }
}