{
    "id": 1412910022656,
    "userid": 1234,
    "urgency": 16,
    "priority": 16,
    "t_submit": 1684196999.61041,
    "t_depend": 1684196999.6217988,
    "t_run": 1684196999.6367636,
    "t_cleanup": 1684197000.169955,
    "t_inactive": 1684197000.171848,
    "state": "INACTIVE",
    "name": "hello_cxx",
    "ntasks": 448,
    "ncores": 448,
    "duration": 0.0,
    "nnodes": 8,
    "ranks": "[0-7]",
    "nodelist": "flux-sample-[0-7]",
    "success": true,
    "exception_occurred": false,
    "result": "COMPLETED",
    "expiration": 4837796999.0,
    "waitstatus": 0,
    "returncode": 0,
    "runtime": 0.533191442489624,
    "exception": {
        "occurred": false,
        "severity": "",
        "type": "",
        "note": ""
    }
}