{
    "id": 1424083648512,
    "userid": 1234,
    "urgency": 16,
    "priority": 16,
    "t_submit": 1684197000.2759306,
    "t_depend": 1684197000.2872643,
    "t_run": 1684197000.3026178,
    "t_cleanup": 1684197000.789678,
    "t_inactive": 1684197000.7912261,
    "state": "INACTIVE",
    "name": "hello_cxx",
    "ntasks": 448,
    "ncores": 448,
    "duration": 0.0,
    "nnodes": 8,
    "ranks": "[0-7]",
    "nodelist": "flux-sample-[0-7]",
    "success": true,
    "exception_occurred": false,
    "result": "COMPLETED",
    "expiration": 4837797000.0,
    "waitstatus": 0,
    "returncode": 0,
    "runtime": 0.4870603084564209,
    "exception": {
        "occurred": false,
        "severity": "",
        "type": "",
        "note": ""
    }
}