{
    "id": 1369775800320,
    "userid": 1234,
    "urgency": 16,
    "priority": 16,
    "t_submit": 1684196997.038558,
    "t_depend": 1684196997.050199,
    "t_run": 1684196997.0653708,
    "t_cleanup": 1684196997.535453,
    "t_inactive": 1684196997.537998,
    "state": "INACTIVE",
    "name": "hello_cxx",
    "ntasks": 448,
    "ncores": 448,
    "duration": 0.0,
    "nnodes": 8,
    "ranks": "[0-7]",
    "nodelist": "flux-sample-[0-7]",
    "success": true,
    "exception_occurred": false,
    "result": "COMPLETED",
    "expiration": 4837796997.0,
    "waitstatus": 0,
    "returncode": 0,
    "runtime": 0.47008228302001953,
    "exception": {
        "occurred": false,
        "severity": "",
        "type": "",
        "note": ""
    }
}