{
    "id": 1390864760832,
    "userid": 1234,
    "urgency": 16,
    "priority": 16,
    "t_submit": 1684196998.2955675,
    "t_depend": 1684196998.3070464,
    "t_run": 1684196998.322222,
    "t_cleanup": 1684196998.8355772,
    "t_inactive": 1684196998.8373172,
    "state": "INACTIVE",
    "name": "hello_cxx",
    "ntasks": 448,
    "ncores": 448,
    "duration": 0.0,
    "nnodes": 8,
    "ranks": "[0-7]",
    "nodelist": "flux-sample-[0-7]",
    "success": true,
    "exception_occurred": false,
    "result": "COMPLETED",
    "expiration": 4837796998.0,
    "waitstatus": 0,
    "returncode": 0,
    "runtime": 0.5133552551269531,
    "exception": {
        "occurred": false,
        "severity": "",
        "type": "",
        "note": ""
    }
}