{
    "id": 522325065728,
    "userid": 1000,
    "urgency": 16,
    "priority": 16,
    "t_submit": 1684112258.79853,
    "t_depend": 1684112258.8099437,
    "t_run": 1684112258.8342855,
    "t_cleanup": 1684112259.0721226,
    "t_inactive": 1684112259.073746,
    "state": "INACTIVE",
    "name": "hostname",
    "ntasks": 280,
    "ncores": 280,
    "duration": 0.0,
    "nnodes": 5,
    "ranks": "[0-4]",
    "nodelist": "flux-sample-[3-7]",
    "success": true,
    "exception_occurred": false,
    "result": "COMPLETED",
    "expiration": 4837712258.0,
    "waitstatus": 0,
    "returncode": 0,
    "runtime": 0.2378370761871338,
    "exception": {
        "occurred": false,
        "severity": "",
        "type": "",
        "note": ""
    }
}