{
    "id": 397485801472,
    "userid": 1000,
    "urgency": 16,
    "priority": 16,
    "t_submit": 1684111902.789707,
    "t_depend": 1684111902.801226,
    "t_run": 1684111902.8298793,
    "t_cleanup": 1684111903.0980484,
    "t_inactive": 1684111903.099378,
    "state": "INACTIVE",
    "name": "hostname",
    "ntasks": 392,
    "ncores": 392,
    "duration": 0.0,
    "nnodes": 7,
    "ranks": "[0-6]",
    "nodelist": "flux-sample-[1-7]",
    "success": true,
    "exception_occurred": false,
    "result": "COMPLETED",
    "expiration": 4837711902.0,
    "waitstatus": 0,
    "returncode": 0,
    "runtime": 0.2681691646575928,
    "exception": {
        "occurred": false,
        "severity": "",
        "type": "",
        "note": ""
    }
}