{
    "id": 257396047872,
    "userid": 1000,
    "urgency": 16,
    "priority": 16,
    "t_submit": 1684111894.4400587,
    "t_depend": 1684111894.4516814,
    "t_run": 1684111894.4836652,
    "t_cleanup": 1684111894.7872941,
    "t_inactive": 1684111894.7887018,
    "state": "INACTIVE",
    "name": "hostname",
    "ntasks": 392,
    "ncores": 392,
    "duration": 0.0,
    "nnodes": 7,
    "ranks": "[0-6]",
    "nodelist": "flux-sample-[1-7]",
    "success": true,
    "exception_occurred": false,
    "result": "COMPLETED",
    "expiration": 4837711894.0,
    "waitstatus": 0,
    "returncode": 0,
    "runtime": 0.30362892150878906,
    "exception": {
        "occurred": false,
        "severity": "",
        "type": "",
        "note": ""
    }
}