{
    "id": 360391376896,
    "userid": 1000,
    "urgency": 16,
    "priority": 16,
    "t_submit": 1684111900.578364,
    "t_depend": 1684111900.589702,
    "t_run": 1684111900.618403,
    "t_cleanup": 1684111900.892299,
    "t_inactive": 1684111900.8936415,
    "state": "INACTIVE",
    "name": "hostname",
    "ntasks": 392,
    "ncores": 392,
    "duration": 0.0,
    "nnodes": 7,
    "ranks": "[0-6]",
    "nodelist": "flux-sample-[1-7]",
    "success": true,
    "exception_occurred": false,
    "result": "COMPLETED",
    "expiration": 4837711900.0,
    "waitstatus": 0,
    "returncode": 0,
    "runtime": 0.2738959789276123,
    "exception": {
        "occurred": false,
        "severity": "",
        "type": "",
        "note": ""
    }
}