{
    "id": 2027576885248,
    "userid": 1000,
    "urgency": 16,
    "priority": 16,
    "t_submit": 1684111833.0040407,
    "t_depend": 1684111833.015504,
    "t_run": 1684111833.0334568,
    "t_cleanup": 1684111842.3806221,
    "t_inactive": 1684111842.3827875,
    "state": "INACTIVE",
    "name": "lmp",
    "ntasks": 112,
    "ncores": 112,
    "duration": 0.0,
    "nnodes": 2,
    "ranks": "[0-1]",
    "nodelist": "flux-sample-[6-7]",
    "success": true,
    "exception_occurred": false,
    "result": "COMPLETED",
    "expiration": 4837711833.0,
    "waitstatus": 0,
    "returncode": 0,
    "runtime": 9.34716534614563,
    "exception": {
        "occurred": false,
        "severity": "",
        "type": "",
        "note": ""
    }
}