{
    "id": 2189577682944,
    "userid": 1000,
    "urgency": 16,
    "priority": 16,
    "t_submit": 1684111842.6592145,
    "t_depend": 1684111842.6707232,
    "t_run": 1684111842.6890044,
    "t_cleanup": 1684111852.024131,
    "t_inactive": 1684111852.0256982,
    "state": "INACTIVE",
    "name": "lmp",
    "ntasks": 112,
    "ncores": 112,
    "duration": 0.0,
    "nnodes": 2,
    "ranks": "[0-1]",
    "nodelist": "flux-sample-[6-7]",
    "success": true,
    "exception_occurred": false,
    "result": "COMPLETED",
    "expiration": 4837711842.0,
    "waitstatus": 0,
    "returncode": 0,
    "runtime": 9.335126638412476,
    "exception": {
        "occurred": false,
        "severity": "",
        "type": "",
        "note": ""
    }
}