{
    "id": 1863109836800,
    "userid": 1000,
    "urgency": 16,
    "priority": 16,
    "t_submit": 1684111823.2005234,
    "t_depend": 1684111823.2120295,
    "t_run": 1684111823.230271,
    "t_cleanup": 1684111832.7239509,
    "t_inactive": 1684111832.7258732,
    "state": "INACTIVE",
    "name": "lmp",
    "ntasks": 112,
    "ncores": 112,
    "duration": 0.0,
    "nnodes": 2,
    "ranks": "[0-1]",
    "nodelist": "flux-sample-[6-7]",
    "success": true,
    "exception_occurred": false,
    "result": "COMPLETED",
    "expiration": 4837711823.0,
    "waitstatus": 0,
    "returncode": 0,
    "runtime": 9.493679761886597,
    "exception": {
        "occurred": false,
        "severity": "",
        "type": "",
        "note": ""
    }
}