{
    "id": 1049934954496,
    "userid": 1000,
    "urgency": 16,
    "priority": 16,
    "t_submit": 1684111774.7313719,
    "t_depend": 1684111774.742965,
    "t_run": 1684111774.7610126,
    "t_cleanup": 1684111784.1604798,
    "t_inactive": 1684111784.1621294,
    "state": "INACTIVE",
    "name": "lmp",
    "ntasks": 112,
    "ncores": 112,
    "duration": 0.0,
    "nnodes": 2,
    "ranks": "[0-1]",
    "nodelist": "flux-sample-[6-7]",
    "success": true,
    "exception_occurred": false,
    "result": "COMPLETED",
    "expiration": 4837711774.0,
    "waitstatus": 0,
    "returncode": 0,
    "runtime": 9.39946722984314,
    "exception": {
        "occurred": false,
        "severity": "",
        "type": "",
        "note": ""
    }
}