{
    "id": 399113191424,
    "userid": 1000,
    "urgency": 16,
    "priority": 16,
    "t_submit": 1684111735.939351,
    "t_depend": 1684111735.9507697,
    "t_run": 1684111735.970615,
    "t_cleanup": 1684111745.4313202,
    "t_inactive": 1684111745.4330258,
    "state": "INACTIVE",
    "name": "lmp",
    "ntasks": 112,
    "ncores": 112,
    "duration": 0.0,
    "nnodes": 2,
    "ranks": "[0-1]",
    "nodelist": "flux-sample-[6-7]",
    "success": true,
    "exception_occurred": false,
    "result": "COMPLETED",
    "expiration": 4837711735.0,
    "waitstatus": 0,
    "returncode": 0,
    "runtime": 9.460705280303955,
    "exception": {
        "occurred": false,
        "severity": "",
        "type": "",
        "note": ""
    }
}