{
    "id": 887632166912,
    "userid": 1000,
    "urgency": 16,
    "priority": 16,
    "t_submit": 1684111765.0581176,
    "t_depend": 1684111765.069817,
    "t_run": 1684111765.087717,
    "t_cleanup": 1684111774.4495084,
    "t_inactive": 1684111774.4513054,
    "state": "INACTIVE",
    "name": "lmp",
    "ntasks": 112,
    "ncores": 112,
    "duration": 0.0,
    "nnodes": 2,
    "ranks": "[0-1]",
    "nodelist": "flux-sample-[6-7]",
    "success": true,
    "exception_occurred": false,
    "result": "COMPLETED",
    "expiration": 4837711765.0,
    "waitstatus": 0,
    "returncode": 0,
    "runtime": 9.361791372299194,
    "exception": {
        "occurred": false,
        "severity": "",
        "type": "",
        "note": ""
    }
}