{
    "id": 1212841721856,
    "userid": 1000,
    "urgency": 16,
    "priority": 16,
    "t_submit": 1684111784.441537,
    "t_depend": 1684111784.4533563,
    "t_run": 1684111784.4714253,
    "t_cleanup": 1684111793.8039465,
    "t_inactive": 1684111793.8056645,
    "state": "INACTIVE",
    "name": "lmp",
    "ntasks": 112,
    "ncores": 112,
    "duration": 0.0,
    "nnodes": 2,
    "ranks": "[0-1]",
    "nodelist": "flux-sample-[6-7]",
    "success": true,
    "exception_occurred": false,
    "result": "COMPLETED",
    "expiration": 4837711784.0,
    "waitstatus": 0,
    "returncode": 0,
    "runtime": 9.332521200180054,
    "exception": {
        "occurred": false,
        "severity": "",
        "type": "",
        "note": ""
    }
}