{
    "id": 1536054788096,
    "userid": 1000,
    "urgency": 16,
    "priority": 16,
    "t_submit": 1684111803.7070467,
    "t_depend": 1684111803.7188168,
    "t_run": 1684111803.7368393,
    "t_cleanup": 1684111813.2029614,
    "t_inactive": 1684111813.2048237,
    "state": "INACTIVE",
    "name": "lmp",
    "ntasks": 112,
    "ncores": 112,
    "duration": 0.0,
    "nnodes": 2,
    "ranks": "[0-1]",
    "nodelist": "flux-sample-[6-7]",
    "success": true,
    "exception_occurred": false,
    "result": "COMPLETED",
    "expiration": 4837711803.0,
    "waitstatus": 0,
    "returncode": 0,
    "runtime": 9.466122150421143,
    "exception": {
        "occurred": false,
        "severity": "",
        "type": "",
        "note": ""
    }
}