{
    "id": 1374674747392,
    "userid": 1000,
    "urgency": 16,
    "priority": 16,
    "t_submit": 1684111794.0872314,
    "t_depend": 1684111794.0989835,
    "t_run": 1684111794.1168702,
    "t_cleanup": 1684111803.4276786,
    "t_inactive": 1684111803.4295897,
    "state": "INACTIVE",
    "name": "lmp",
    "ntasks": 112,
    "ncores": 112,
    "duration": 0.0,
    "nnodes": 2,
    "ranks": "[0-1]",
    "nodelist": "flux-sample-[6-7]",
    "success": true,
    "exception_occurred": false,
    "result": "COMPLETED",
    "expiration": 4837711794.0,
    "waitstatus": 0,
    "returncode": 0,
    "runtime": 9.310808420181274,
    "exception": {
        "occurred": false,
        "severity": "",
        "type": "",
        "note": ""
    }
}