{
    "id": 1321407086592,
    "userid": 1234,
    "urgency": 16,
    "priority": 16,
    "t_submit": 1684198030.232994,
    "t_depend": 1684198030.2446816,
    "t_run": 1684198030.259125,
    "t_cleanup": 1684198030.4892747,
    "t_inactive": 1684198030.4910424,
    "state": "INACTIVE",
    "name": "hello_cxx",
    "ntasks": 224,
    "ncores": 224,
    "duration": 0.0,
    "nnodes": 4,
    "ranks": "[0-3]",
    "nodelist": "flux-sample-[4-7]",
    "success": true,
    "exception_occurred": false,
    "result": "COMPLETED",
    "expiration": 4837798030.0,
    "waitstatus": 0,
    "returncode": 0,
    "runtime": 0.2301497459411621,
    "exception": {
        "occurred": false,
        "severity": "",
        "type": "",
        "note": ""
    }
}