{
    "id": 1339207712768,
    "userid": 1234,
    "urgency": 16,
    "priority": 16,
    "t_submit": 1684198031.2936358,
    "t_depend": 1684198031.3052888,
    "t_run": 1684198031.3198533,
    "t_cleanup": 1684198031.568382,
    "t_inactive": 1684198031.571396,
    "state": "INACTIVE",
    "name": "hello_cxx",
    "ntasks": 224,
    "ncores": 224,
    "duration": 0.0,
    "nnodes": 4,
    "ranks": "[0-3]",
    "nodelist": "flux-sample-[4-7]",
    "success": true,
    "exception_occurred": false,
    "result": "COMPLETED",
    "expiration": 4837798031.0,
    "waitstatus": 0,
    "returncode": 0,
    "runtime": 0.24852871894836426,
    "exception": {
        "occurred": false,
        "severity": "",
        "type": "",
        "note": ""
    }
}