{
    "id": 1406199136256,
    "userid": 1234,
    "urgency": 16,
    "priority": 16,
    "t_submit": 1684198035.287219,
    "t_depend": 1684198035.2987266,
    "t_run": 1684198035.3133953,
    "t_cleanup": 1684198035.5574684,
    "t_inactive": 1684198035.5601404,
    "state": "INACTIVE",
    "name": "hello_cxx",
    "ntasks": 224,
    "ncores": 224,
    "duration": 0.0,
    "nnodes": 4,
    "ranks": "[0-3]",
    "nodelist": "flux-sample-[4-7]",
    "success": true,
    "exception_occurred": false,
    "result": "COMPLETED",
    "expiration": 4837798035.0,
    "waitstatus": 0,
    "returncode": 0,
    "runtime": 0.24407315254211426,
    "exception": {
        "occurred": false,
        "severity": "",
        "type": "",
        "note": ""
    }
}