{
    "id": 1357377437696,
    "userid": 1234,
    "urgency": 16,
    "priority": 16,
    "t_submit": 1684198032.3771086,
    "t_depend": 1684198032.3884761,
    "t_run": 1684198032.4026031,
    "t_cleanup": 1684198032.6400018,
    "t_inactive": 1684198032.641801,
    "state": "INACTIVE",
    "name": "hello_cxx",
    "ntasks": 224,
    "ncores": 224,
    "duration": 0.0,
    "nnodes": 4,
    "ranks": "[0-3]",
    "nodelist": "flux-sample-[4-7]",
    "success": true,
    "exception_occurred": false,
    "result": "COMPLETED",
    "expiration": 4837798032.0,
    "waitstatus": 0,
    "returncode": 0,
    "runtime": 0.23739862442016602,
    "exception": {
        "occurred": false,
        "severity": "",
        "type": "",
        "note": ""
    }
}