{
    "id": 1291442978816,
    "userid": 1234,
    "urgency": 16,
    "priority": 16,
    "t_submit": 1684198028.4467556,
    "t_depend": 1684198028.4581692,
    "t_run": 1684198028.4721963,
    "t_cleanup": 1684198028.6840596,
    "t_inactive": 1684198028.6857123,
    "state": "INACTIVE",
    "name": "hello_cxx",
    "ntasks": 224,
    "ncores": 224,
    "duration": 0.0,
    "nnodes": 4,
    "ranks": "[0-3]",
    "nodelist": "flux-sample-[4-7]",
    "success": true,
    "exception_occurred": false,
    "result": "COMPLETED",
    "expiration": 4837798028.0,
    "waitstatus": 0,
    "returncode": 0,
    "runtime": 0.21186327934265137,
    "exception": {
        "occurred": false,
        "severity": "",
        "type": "",
        "note": ""
    }
}