{
    "id": 1394069209088,
    "userid": 1234,
    "urgency": 16,
    "priority": 16,
    "t_submit": 1684198034.5645251,
    "t_depend": 1684198034.5760708,
    "t_run": 1684198034.590368,
    "t_cleanup": 1684198034.8212674,
    "t_inactive": 1684198034.8230796,
    "state": "INACTIVE",
    "name": "hello_cxx",
    "ntasks": 224,
    "ncores": 224,
    "duration": 0.0,
    "nnodes": 4,
    "ranks": "[0-3]",
    "nodelist": "flux-sample-[4-7]",
    "success": true,
    "exception_occurred": false,
    "result": "COMPLETED",
    "expiration": 4837798034.0,
    "waitstatus": 0,
    "returncode": 0,
    "runtime": 0.23089933395385742,
    "exception": {
        "occurred": false,
        "severity": "",
        "type": "",
        "note": ""
    }
}