{
    "id": 1297164009472,
    "userid": 1234,
    "urgency": 16,
    "priority": 16,
    "t_submit": 1684198028.787838,
    "t_depend": 1684198028.7992117,
    "t_run": 1684198028.8131976,
    "t_cleanup": 1684198029.0490937,
    "t_inactive": 1684198029.050779,
    "state": "INACTIVE",
    "name": "hello_cxx",
    "ntasks": 224,
    "ncores": 224,
    "duration": 0.0,
    "nnodes": 4,
    "ranks": "[0-3]",
    "nodelist": "flux-sample-[4-7]",
    "success": true,
    "exception_occurred": false,
    "result": "COMPLETED",
    "expiration": 4837798028.0,
    "waitstatus": 0,
    "returncode": 0,
    "runtime": 0.23589611053466797,
    "exception": {
        "occurred": false,
        "severity": "",
        "type": "",
        "note": ""
    }
}