{
    "id": 1303304470528,
    "userid": 1234,
    "urgency": 16,
    "priority": 16,
    "t_submit": 1684198029.1542003,
    "t_depend": 1684198029.165567,
    "t_run": 1684198029.1796286,
    "t_cleanup": 1684198029.411403,
    "t_inactive": 1684198029.4131215,
    "state": "INACTIVE",
    "name": "hello_cxx",
    "ntasks": 224,
    "ncores": 224,
    "duration": 0.0,
    "nnodes": 4,
    "ranks": "[0-3]",
    "nodelist": "flux-sample-[4-7]",
    "success": true,
    "exception_occurred": false,
    "result": "COMPLETED",
    "expiration": 4837798029.0,
    "waitstatus": 0,
    "returncode": 0,
    "runtime": 0.23177433013916016,
    "exception": {
        "occurred": false,
        "severity": "",
        "type": "",
        "note": ""
    }
}