{
    "id": 1381670846464,
    "userid": 1234,
    "urgency": 16,
    "priority": 16,
    "t_submit": 1684198033.8253152,
    "t_depend": 1684198033.8369792,
    "t_run": 1684198033.8512807,
    "t_cleanup": 1684198034.1025097,
    "t_inactive": 1684198034.1043706,
    "state": "INACTIVE",
    "name": "hello_cxx",
    "ntasks": 224,
    "ncores": 224,
    "duration": 0.0,
    "nnodes": 4,
    "ranks": "[0-3]",
    "nodelist": "flux-sample-[4-7]",
    "success": true,
    "exception_occurred": false,
    "result": "COMPLETED",
    "expiration": 4837798033.0,
    "waitstatus": 0,
    "returncode": 0,
    "runtime": 0.25122904777526855,
    "exception": {
        "occurred": false,
        "severity": "",
        "type": "",
        "note": ""
    }
}