{
    "id": 1375882706944,
    "userid": 1234,
    "urgency": 16,
    "priority": 16,
    "t_submit": 1684198033.4801667,
    "t_depend": 1684198033.4927511,
    "t_run": 1684198033.507516,
    "t_cleanup": 1684198033.7214012,
    "t_inactive": 1684198033.7231412,
    "state": "INACTIVE",
    "name": "hello_cxx",
    "ntasks": 224,
    "ncores": 224,
    "duration": 0.0,
    "nnodes": 4,
    "ranks": "[0-3]",
    "nodelist": "flux-sample-[4-7]",
    "success": true,
    "exception_occurred": false,
    "result": "COMPLETED",
    "expiration": 4837798033.0,
    "waitstatus": 0,
    "returncode": 0,
    "runtime": 0.21388530731201172,
    "exception": {
        "occurred": false,
        "severity": "",
        "type": "",
        "note": ""
    }
}