{
    "id": 1351320862720,
    "userid": 1234,
    "urgency": 16,
    "priority": 16,
    "t_submit": 1684198032.0162647,
    "t_depend": 1684198032.0276735,
    "t_run": 1684198032.041943,
    "t_cleanup": 1684198032.2722054,
    "t_inactive": 1684198032.2738712,
    "state": "INACTIVE",
    "name": "hello_cxx",
    "ntasks": 224,
    "ncores": 224,
    "duration": 0.0,
    "nnodes": 4,
    "ranks": "[0-3]",
    "nodelist": "flux-sample-[4-7]",
    "success": true,
    "exception_occurred": false,
    "result": "COMPLETED",
    "expiration": 4837798032.0,
    "waitstatus": 0,
    "returncode": 0,
    "runtime": 0.23026227951049805,
    "exception": {
        "occurred": false,
        "severity": "",
        "type": "",
        "note": ""
    }
}