{
    "id": 2428736897024,
    "userid": 1234,
    "urgency": 16,
    "priority": 16,
    "t_submit": 1684197656.3433578,
    "t_depend": 1684197656.355199,
    "t_run": 1684197656.3701959,
    "t_cleanup": 1684197656.5558264,
    "t_inactive": 1684197656.5579963,
    "state": "INACTIVE",
    "name": "ring_mpifh",
    "ntasks": 112,
    "ncores": 112,
    "duration": 0.0,
    "nnodes": 2,
    "ranks": "[0-1]",
    "nodelist": "flux-sample-[0-1]",
    "success": true,
    "exception_occurred": false,
    "result": "COMPLETED",
    "expiration": 4837797656.0,
    "waitstatus": 0,
    "returncode": 0,
    "runtime": 0.18563055992126465,
    "exception": {
        "occurred": false,
        "severity": "",
        "type": "",
        "note": ""
    }
}