{
    "id": 2461502799872,
    "userid": 1234,
    "urgency": 16,
    "priority": 16,
    "t_submit": 1684197658.2963383,
    "t_depend": 1684197658.3084905,
    "t_run": 1684197658.3236978,
    "t_cleanup": 1684197658.515118,
    "t_inactive": 1684197658.5174143,
    "state": "INACTIVE",
    "name": "ring_mpifh",
    "ntasks": 112,
    "ncores": 112,
    "duration": 0.0,
    "nnodes": 2,
    "ranks": "[0-1]",
    "nodelist": "flux-sample-[0-1]",
    "success": true,
    "exception_occurred": false,
    "result": "COMPLETED",
    "expiration": 4837797658.0,
    "waitstatus": 0,
    "returncode": 0,
    "runtime": 0.1914200782775879,
    "exception": {
        "occurred": false,
        "severity": "",
        "type": "",
        "note": ""
    }
}