{
    "id": 2412563660800,
    "userid": 1234,
    "urgency": 16,
    "priority": 16,
    "t_submit": 1684197655.3790524,
    "t_depend": 1684197655.3911574,
    "t_run": 1684197655.4061391,
    "t_cleanup": 1684197655.6050997,
    "t_inactive": 1684197655.6080678,
    "state": "INACTIVE",
    "name": "ring_mpifh",
    "ntasks": 112,
    "ncores": 112,
    "duration": 0.0,
    "nnodes": 2,
    "ranks": "[0-1]",
    "nodelist": "flux-sample-[0-1]",
    "success": true,
    "exception_occurred": false,
    "result": "COMPLETED",
    "expiration": 4837797655.0,
    "waitstatus": 0,
    "returncode": 0,
    "runtime": 0.198960542678833,
    "exception": {
        "occurred": false,
        "severity": "",
        "type": "",
        "note": ""
    }
}