{
    "id": 2472340881408,
    "userid": 1234,
    "urgency": 16,
    "priority": 16,
    "t_submit": 1684197658.941793,
    "t_depend": 1684197658.9536846,
    "t_run": 1684197658.9689903,
    "t_cleanup": 1684197659.1462755,
    "t_inactive": 1684197659.1484842,
    "state": "INACTIVE",
    "name": "ring_mpifh",
    "ntasks": 112,
    "ncores": 112,
    "duration": 0.0,
    "nnodes": 2,
    "ranks": "[0-1]",
    "nodelist": "flux-sample-[0-1]",
    "success": true,
    "exception_occurred": false,
    "result": "COMPLETED",
    "expiration": 4837797658.0,
    "waitstatus": 0,
    "returncode": 0,
    "runtime": 0.17728519439697266,
    "exception": {
        "occurred": false,
        "severity": "",
        "type": "",
        "note": ""
    }
}