{
    "id": 2391055269888,
    "userid": 1234,
    "urgency": 16,
    "priority": 16,
    "t_submit": 1684197654.096656,
    "t_depend": 1684197654.108866,
    "t_run": 1684197654.1242027,
    "t_cleanup": 1684197654.3094707,
    "t_inactive": 1684197654.3115368,
    "state": "INACTIVE",
    "name": "ring_mpifh",
    "ntasks": 112,
    "ncores": 112,
    "duration": 0.0,
    "nnodes": 2,
    "ranks": "[0-1]",
    "nodelist": "flux-sample-[0-1]",
    "success": true,
    "exception_occurred": false,
    "result": "COMPLETED",
    "expiration": 4837797654.0,
    "waitstatus": 0,
    "returncode": 0,
    "runtime": 0.18526792526245117,
    "exception": {
        "occurred": false,
        "severity": "",
        "type": "",
        "note": ""
    }
}