{
    "id": 2439558201344,
    "userid": 1234,
    "urgency": 16,
    "priority": 16,
    "t_submit": 1684197656.987477,
    "t_depend": 1684197656.999799,
    "t_run": 1684197657.0151308,
    "t_cleanup": 1684197657.2013512,
    "t_inactive": 1684197657.2035832,
    "state": "INACTIVE",
    "name": "ring_mpifh",
    "ntasks": 112,
    "ncores": 112,
    "duration": 0.0,
    "nnodes": 2,
    "ranks": "[0-1]",
    "nodelist": "flux-sample-[0-1]",
    "success": true,
    "exception_occurred": false,
    "result": "COMPLETED",
    "expiration": 4837797657.0,
    "waitstatus": 0,
    "returncode": 0,
    "runtime": 0.18622040748596191,
    "exception": {
        "occurred": false,
        "severity": "",
        "type": "",
        "note": ""
    }
}