{
    "id": 2396390424576,
    "userid": 1234,
    "urgency": 16,
    "priority": 16,
    "t_submit": 1684197654.4153705,
    "t_depend": 1684197654.4272902,
    "t_run": 1684197654.4425805,
    "t_cleanup": 1684197654.6278894,
    "t_inactive": 1684197654.6300323,
    "state": "INACTIVE",
    "name": "ring_mpifh",
    "ntasks": 112,
    "ncores": 112,
    "duration": 0.0,
    "nnodes": 2,
    "ranks": "[0-1]",
    "nodelist": "flux-sample-[0-1]",
    "success": true,
    "exception_occurred": false,
    "result": "COMPLETED",
    "expiration": 4837797654.0,
    "waitstatus": 0,
    "returncode": 0,
    "runtime": 0.18530893325805664,
    "exception": {
        "occurred": false,
        "severity": "",
        "type": "",
        "note": ""
    }
}