{
    "id": 2423485628416,
    "userid": 1234,
    "urgency": 16,
    "priority": 16,
    "t_submit": 1684197656.0297663,
    "t_depend": 1684197656.0417035,
    "t_run": 1684197656.056773,
    "t_cleanup": 1684197656.2375698,
    "t_inactive": 1684197656.2397707,
    "state": "INACTIVE",
    "name": "ring_mpifh",
    "ntasks": 112,
    "ncores": 112,
    "duration": 0.0,
    "nnodes": 2,
    "ranks": "[0-1]",
    "nodelist": "flux-sample-[0-1]",
    "success": true,
    "exception_occurred": false,
    "result": "COMPLETED",
    "expiration": 4837797656.0,
    "waitstatus": 0,
    "returncode": 0,
    "runtime": 0.18079686164855957,
    "exception": {
        "occurred": false,
        "severity": "",
        "type": "",
        "note": ""
    }
}