{
    "id": 2418133696512,
    "userid": 1234,
    "urgency": 16,
    "priority": 16,
    "t_submit": 1684197655.7111013,
    "t_depend": 1684197655.723169,
    "t_run": 1684197655.7380588,
    "t_cleanup": 1684197655.9190245,
    "t_inactive": 1684197655.9216108,
    "state": "INACTIVE",
    "name": "ring_mpifh",
    "ntasks": 112,
    "ncores": 112,
    "duration": 0.0,
    "nnodes": 2,
    "ranks": "[0-1]",
    "nodelist": "flux-sample-[0-1]",
    "success": true,
    "exception_occurred": false,
    "result": "COMPLETED",
    "expiration": 4837797655.0,
    "waitstatus": 0,
    "returncode": 0,
    "runtime": 0.18096566200256348,
    "exception": {
        "occurred": false,
        "severity": "",
        "type": "",
        "note": ""
    }
}