{
    "id": 2434072051712,
    "userid": 1234,
    "urgency": 16,
    "priority": 16,
    "t_submit": 1684197656.6613183,
    "t_depend": 1684197656.6731608,
    "t_run": 1684197656.6881456,
    "t_cleanup": 1684197656.8809576,
    "t_inactive": 1684197656.883339,
    "state": "INACTIVE",
    "name": "ring_mpifh",
    "ntasks": 112,
    "ncores": 112,
    "duration": 0.0,
    "nnodes": 2,
    "ranks": "[0-1]",
    "nodelist": "flux-sample-[0-1]",
    "success": true,
    "exception_occurred": false,
    "result": "COMPLETED",
    "expiration": 4837797656.0,
    "waitstatus": 0,
    "returncode": 0,
    "runtime": 0.1928119659423828,
    "exception": {
        "occurred": false,
        "severity": "",
        "type": "",
        "note": ""
    }
}