{
    "id": 2467022503936,
    "userid": 1234,
    "urgency": 16,
    "priority": 16,
    "t_submit": 1684197658.6246696,
    "t_depend": 1684197658.637004,
    "t_run": 1684197658.6521513,
    "t_cleanup": 1684197658.8314936,
    "t_inactive": 1684197658.8337584,
    "state": "INACTIVE",
    "name": "ring_mpifh",
    "ntasks": 112,
    "ncores": 112,
    "duration": 0.0,
    "nnodes": 2,
    "ranks": "[0-1]",
    "nodelist": "flux-sample-[0-1]",
    "success": true,
    "exception_occurred": false,
    "result": "COMPLETED",
    "expiration": 4837797658.0,
    "waitstatus": 0,
    "returncode": 0,
    "runtime": 0.17934226989746094,
    "exception": {
        "occurred": false,
        "severity": "",
        "type": "",
        "note": ""
    }
}