{
    "id": 2407094288384,
    "userid": 1234,
    "urgency": 16,
    "priority": 16,
    "t_submit": 1684197655.053287,
    "t_depend": 1684197655.0650969,
    "t_run": 1684197655.080297,
    "t_cleanup": 1684197655.271312,
    "t_inactive": 1684197655.273297,
    "state": "INACTIVE",
    "name": "ring_mpifh",
    "ntasks": 112,
    "ncores": 112,
    "duration": 0.0,
    "nnodes": 2,
    "ranks": "[0-1]",
    "nodelist": "flux-sample-[0-1]",
    "success": true,
    "exception_occurred": false,
    "result": "COMPLETED",
    "expiration": 4837797655.0,
    "waitstatus": 0,
    "returncode": 0,
    "runtime": 0.19101500511169434,
    "exception": {
        "occurred": false,
        "severity": "",
        "type": "",
        "note": ""
    }
}