{
    "id": 503299702784,
    "userid": 1234,
    "urgency": 16,
    "priority": 16,
    "t_submit": 1684197981.4697018,
    "t_depend": 1684197981.480961,
    "t_run": 1684197981.4950736,
    "t_cleanup": 1684197982.4539595,
    "t_inactive": 1684197982.4554014,
    "state": "INACTIVE",
    "name": "connectivity_c",
    "ntasks": 224,
    "ncores": 224,
    "duration": 0.0,
    "nnodes": 4,
    "ranks": "[0-3]",
    "nodelist": "flux-sample-[4-7]",
    "success": true,
    "exception_occurred": false,
    "result": "COMPLETED",
    "expiration": 4837797981.0,
    "waitstatus": 0,
    "returncode": 0,
    "runtime": 0.958885908126831,
    "exception": {
        "occurred": false,
        "severity": "",
        "type": "",
        "note": ""
    }
}