{
    "id": 451860758528,
    "userid": 1234,
    "urgency": 16,
    "priority": 16,
    "t_submit": 1684197978.404174,
    "t_depend": 1684197978.415394,
    "t_run": 1684197978.4288654,
    "t_cleanup": 1684197979.336886,
    "t_inactive": 1684197979.3382976,
    "state": "INACTIVE",
    "name": "connectivity_c",
    "ntasks": 224,
    "ncores": 224,
    "duration": 0.0,
    "nnodes": 4,
    "ranks": "[0-3]",
    "nodelist": "flux-sample-[4-7]",
    "success": true,
    "exception_occurred": false,
    "result": "COMPLETED",
    "expiration": 4837797978.0,
    "waitstatus": 0,
    "returncode": 0,
    "runtime": 0.9080204963684082,
    "exception": {
        "occurred": false,
        "severity": "",
        "type": "",
        "note": ""
    }
}