{
    "id": 227113172992,
    "userid": 1234,
    "urgency": 16,
    "priority": 16,
    "t_submit": 1684197965.0078733,
    "t_depend": 1684197965.0189672,
    "t_run": 1684197965.032968,
    "t_cleanup": 1684197965.9161615,
    "t_inactive": 1684197965.9178064,
    "state": "INACTIVE",
    "name": "connectivity_c",
    "ntasks": 224,
    "ncores": 224,
    "duration": 0.0,
    "nnodes": 4,
    "ranks": "[0-3]",
    "nodelist": "flux-sample-[4-7]",
    "success": true,
    "exception_occurred": false,
    "result": "COMPLETED",
    "expiration": 4837797965.0,
    "waitstatus": 0,
    "returncode": 0,
    "runtime": 0.8831934928894043,
    "exception": {
        "occurred": false,
        "severity": "",
        "type": "",
        "note": ""
    }
}