{
    "id": 278854107136,
    "userid": 1234,
    "urgency": 16,
    "priority": 16,
    "t_submit": 1684197968.0924776,
    "t_depend": 1684197968.1035886,
    "t_run": 1684197968.117557,
    "t_cleanup": 1684197969.0254464,
    "t_inactive": 1684197969.027138,
    "state": "INACTIVE",
    "name": "connectivity_c",
    "ntasks": 224,
    "ncores": 224,
    "duration": 0.0,
    "nnodes": 4,
    "ranks": "[0-3]",
    "nodelist": "flux-sample-[4-7]",
    "success": true,
    "exception_occurred": false,
    "result": "COMPLETED",
    "expiration": 4837797968.0,
    "waitstatus": 0,
    "returncode": 0,
    "runtime": 0.9078893661499023,
    "exception": {
        "occurred": false,
        "severity": "",
        "type": "",
        "note": ""
    }
}