{
    "id": 296302411776,
    "userid": 1234,
    "urgency": 16,
    "priority": 16,
    "t_submit": 1684197969.1324546,
    "t_depend": 1684197969.1437647,
    "t_run": 1684197969.157649,
    "t_cleanup": 1684197970.0673585,
    "t_inactive": 1684197970.0713058,
    "state": "INACTIVE",
    "name": "connectivity_c",
    "ntasks": 224,
    "ncores": 224,
    "duration": 0.0,
    "nnodes": 4,
    "ranks": "[0-3]",
    "nodelist": "flux-sample-[4-7]",
    "success": true,
    "exception_occurred": false,
    "result": "COMPLETED",
    "expiration": 4837797969.0,
    "waitstatus": 0,
    "returncode": 0,
    "runtime": 0.9097094535827637,
    "exception": {
        "occurred": false,
        "severity": "",
        "type": "",
        "note": ""
    }
}