{
    "id": 192015237120,
    "userid": 1234,
    "urgency": 16,
    "priority": 16,
    "t_submit": 1684197962.91574,
    "t_depend": 1684197962.9270992,
    "t_run": 1684197962.9409254,
    "t_cleanup": 1684197963.8853931,
    "t_inactive": 1684197963.8866584,
    "state": "INACTIVE",
    "name": "connectivity_c",
    "ntasks": 224,
    "ncores": 224,
    "duration": 0.0,
    "nnodes": 4,
    "ranks": "[0-3]",
    "nodelist": "flux-sample-[4-7]",
    "success": true,
    "exception_occurred": false,
    "result": "COMPLETED",
    "expiration": 4837797962.0,
    "waitstatus": 0,
    "returncode": 0,
    "runtime": 0.9444677829742432,
    "exception": {
        "occurred": false,
        "severity": "",
        "type": "",
        "note": ""
    }
}