{
    "id": 347724578816,
    "userid": 1234,
    "urgency": 16,
    "priority": 16,
    "t_submit": 1684197972.1971452,
    "t_depend": 1684197972.208219,
    "t_run": 1684197972.2219143,
    "t_cleanup": 1684197973.0858538,
    "t_inactive": 1684197973.0871193,
    "state": "INACTIVE",
    "name": "connectivity_c",
    "ntasks": 224,
    "ncores": 224,
    "duration": 0.0,
    "nnodes": 4,
    "ranks": "[0-3]",
    "nodelist": "flux-sample-[4-7]",
    "success": true,
    "exception_occurred": false,
    "result": "COMPLETED",
    "expiration": 4837797972.0,
    "waitstatus": 0,
    "returncode": 0,
    "runtime": 0.8639395236968994,
    "exception": {
        "occurred": false,
        "severity": "",
        "type": "",
        "note": ""
    }
}