{
    "id": 244108492800,
    "userid": 1234,
    "urgency": 16,
    "priority": 16,
    "t_submit": 1684197966.0207558,
    "t_depend": 1684197966.032222,
    "t_run": 1684197966.046051,
    "t_cleanup": 1684197966.969677,
    "t_inactive": 1684197966.971199,
    "state": "INACTIVE",
    "name": "connectivity_c",
    "ntasks": 224,
    "ncores": 224,
    "duration": 0.0,
    "nnodes": 4,
    "ranks": "[0-3]",
    "nodelist": "flux-sample-[4-7]",
    "success": true,
    "exception_occurred": false,
    "result": "COMPLETED",
    "expiration": 4837797966.0,
    "waitstatus": 0,
    "returncode": 0,
    "runtime": 0.9236259460449219,
    "exception": {
        "occurred": false,
        "severity": "",
        "type": "",
        "note": ""
    }
}