{
    "id": 210050744320,
    "userid": 1234,
    "urgency": 16,
    "priority": 16,
    "t_submit": 1684197963.9906776,
    "t_depend": 1684197964.0017247,
    "t_run": 1684197964.0154967,
    "t_cleanup": 1684197964.9026973,
    "t_inactive": 1684197964.9040818,
    "state": "INACTIVE",
    "name": "connectivity_c",
    "ntasks": 224,
    "ncores": 224,
    "duration": 0.0,
    "nnodes": 4,
    "ranks": "[0-3]",
    "nodelist": "flux-sample-[4-7]",
    "success": true,
    "exception_occurred": false,
    "result": "COMPLETED",
    "expiration": 4837797964.0,
    "waitstatus": 0,
    "returncode": 0,
    "runtime": 0.8872005939483643,
    "exception": {
        "occurred": false,
        "severity": "",
        "type": "",
        "note": ""
    }
}