{
    "id": 400740581376,
    "userid": 1234,
    "urgency": 16,
    "priority": 16,
    "t_submit": 1684197975.3567734,
    "t_depend": 1684197975.3679197,
    "t_run": 1684197975.3813639,
    "t_cleanup": 1684197976.2606013,
    "t_inactive": 1684197976.262129,
    "state": "INACTIVE",
    "name": "connectivity_c",
    "ntasks": 224,
    "ncores": 224,
    "duration": 0.0,
    "nnodes": 4,
    "ranks": "[0-3]",
    "nodelist": "flux-sample-[4-7]",
    "success": true,
    "exception_occurred": false,
    "result": "COMPLETED",
    "expiration": 4837797975.0,
    "waitstatus": 0,
    "returncode": 0,
    "runtime": 0.8792374134063721,
    "exception": {
        "occurred": false,
        "severity": "",
        "type": "",
        "note": ""
    }
}