{
    "id": 469275508736,
    "userid": 1234,
    "urgency": 16,
    "priority": 16,
    "t_submit": 1684197979.4424627,
    "t_depend": 1684197979.4537175,
    "t_run": 1684197979.4675345,
    "t_cleanup": 1684197980.3431911,
    "t_inactive": 1684197980.344817,
    "state": "INACTIVE",
    "name": "connectivity_c",
    "ntasks": 224,
    "ncores": 224,
    "duration": 0.0,
    "nnodes": 4,
    "ranks": "[0-3]",
    "nodelist": "flux-sample-[4-7]",
    "success": true,
    "exception_occurred": false,
    "result": "COMPLETED",
    "expiration": 4837797979.0,
    "waitstatus": 0,
    "returncode": 0,
    "runtime": 0.8756566047668457,
    "exception": {
        "occurred": false,
        "severity": "",
        "type": "",
        "note": ""
    }
}