{
    "id": 521570091008,
    "userid": 1234,
    "urgency": 16,
    "priority": 16,
    "t_submit": 1684197982.559526,
    "t_depend": 1684197982.570761,
    "t_run": 1684197982.584615,
    "t_cleanup": 1684197983.4838085,
    "t_inactive": 1684197983.4865153,
    "state": "INACTIVE",
    "name": "connectivity_c",
    "ntasks": 224,
    "ncores": 224,
    "duration": 0.0,
    "nnodes": 4,
    "ranks": "[0-3]",
    "nodelist": "flux-sample-[4-7]",
    "success": true,
    "exception_occurred": false,
    "result": "COMPLETED",
    "expiration": 4837797982.0,
    "waitstatus": 0,
    "returncode": 0,
    "runtime": 0.899193525314331,
    "exception": {
        "occurred": false,
        "severity": "",
        "type": "",
        "note": ""
    }
}