{
    "id": 382822514688,
    "userid": 1234,
    "urgency": 16,
    "priority": 16,
    "t_submit": 1684197974.289042,
    "t_depend": 1684197974.3002856,
    "t_run": 1684197974.314215,
    "t_cleanup": 1684197975.2515566,
    "t_inactive": 1684197975.252993,
    "state": "INACTIVE",
    "name": "connectivity_c",
    "ntasks": 224,
    "ncores": 224,
    "duration": 0.0,
    "nnodes": 4,
    "ranks": "[0-3]",
    "nodelist": "flux-sample-[4-7]",
    "success": true,
    "exception_occurred": false,
    "result": "COMPLETED",
    "expiration": 4837797974.0,
    "waitstatus": 0,
    "returncode": 0,
    "runtime": 0.9373416900634766,
    "exception": {
        "occurred": false,
        "severity": "",
        "type": "",
        "note": ""
    }
}