{
    "id": 468201766912,
    "userid": 1234,
    "urgency": 16,
    "priority": 16,
    "t_submit": 1684197252.2813323,
    "t_depend": 1684197252.2928371,
    "t_run": 1684197252.3077726,
    "t_cleanup": 1684197253.7773829,
    "t_inactive": 1684197253.7788188,
    "state": "INACTIVE",
    "name": "connectivity_c",
    "ntasks": 392,
    "ncores": 392,
    "duration": 0.0,
    "nnodes": 7,
    "ranks": "[0-6]",
    "nodelist": "flux-sample-[1-7]",
    "success": true,
    "exception_occurred": false,
    "result": "COMPLETED",
    "expiration": 4837797252.0,
    "waitstatus": 0,
    "returncode": 0,
    "runtime": 1.4696102142333984,
    "exception": {
        "occurred": false,
        "severity": "",
        "type": "",
        "note": ""
    }
}