{
    "id": 797018423296,
    "userid": 1234,
    "urgency": 16,
    "priority": 16,
    "t_submit": 1684197271.8799736,
    "t_depend": 1684197271.891243,
    "t_run": 1684197271.9062686,
    "t_cleanup": 1684197273.4172482,
    "t_inactive": 1684197273.4190533,
    "state": "INACTIVE",
    "name": "connectivity_c",
    "ntasks": 392,
    "ncores": 392,
    "duration": 0.0,
    "nnodes": 7,
    "ranks": "[0-6]",
    "nodelist": "flux-sample-[1-7]",
    "success": true,
    "exception_occurred": false,
    "result": "COMPLETED",
    "expiration": 4837797271.0,
    "waitstatus": 0,
    "returncode": 0,
    "runtime": 1.5109796524047852,
    "exception": {
        "occurred": false,
        "severity": "",
        "type": "",
        "note": ""
    }
}