{
    "id": 549437046784,
    "userid": 1234,
    "urgency": 16,
    "priority": 16,
    "t_submit": 1684197257.1225772,
    "t_depend": 1684197257.1338897,
    "t_run": 1684197257.1490219,
    "t_cleanup": 1684197258.6763654,
    "t_inactive": 1684197258.677991,
    "state": "INACTIVE",
    "name": "connectivity_c",
    "ntasks": 392,
    "ncores": 392,
    "duration": 0.0,
    "nnodes": 7,
    "ranks": "[0-6]",
    "nodelist": "flux-sample-[1-7]",
    "success": true,
    "exception_occurred": false,
    "result": "COMPLETED",
    "expiration": 4837797257.0,
    "waitstatus": 0,
    "returncode": 0,
    "runtime": 1.527343511581421,
    "exception": {
        "occurred": false,
        "severity": "",
        "type": "",
        "note": ""
    }
}