{
    "id": 631007870976,
    "userid": 1234,
    "urgency": 16,
    "priority": 16,
    "t_submit": 1684197261.9850264,
    "t_depend": 1684197261.9963057,
    "t_run": 1684197262.010635,
    "t_cleanup": 1684197263.6432552,
    "t_inactive": 1684197263.6449366,
    "state": "INACTIVE",
    "name": "connectivity_c",
    "ntasks": 392,
    "ncores": 392,
    "duration": 0.0,
    "nnodes": 7,
    "ranks": "[0-6]",
    "nodelist": "flux-sample-[1-7]",
    "success": true,
    "exception_occurred": false,
    "result": "COMPLETED",
    "expiration": 4837797262.0,
    "waitstatus": 0,
    "returncode": 0,
    "runtime": 1.6326203346252441,
    "exception": {
        "occurred": false,
        "severity": "",
        "type": "",
        "note": ""
    }
}