{
    "id": 603778449408,
    "userid": 1234,
    "urgency": 16,
    "priority": 16,
    "t_submit": 1684197260.3619504,
    "t_depend": 1684197260.3732243,
    "t_run": 1684197260.3880265,
    "t_cleanup": 1684197261.8800104,
    "t_inactive": 1684197261.881289,
    "state": "INACTIVE",
    "name": "connectivity_c",
    "ntasks": 392,
    "ncores": 392,
    "duration": 0.0,
    "nnodes": 7,
    "ranks": "[0-6]",
    "nodelist": "flux-sample-[1-7]",
    "success": true,
    "exception_occurred": false,
    "result": "COMPLETED",
    "expiration": 4837797260.0,
    "waitstatus": 0,
    "returncode": 0,
    "runtime": 1.4919838905334473,
    "exception": {
        "occurred": false,
        "severity": "",
        "type": "",
        "note": ""
    }
}