{
    "id": 687429648384,
    "userid": 1234,
    "urgency": 16,
    "priority": 16,
    "t_submit": 1684197265.3479557,
    "t_depend": 1684197265.3592668,
    "t_run": 1684197265.3736863,
    "t_cleanup": 1684197266.8497186,
    "t_inactive": 1684197266.851386,
    "state": "INACTIVE",
    "name": "connectivity_c",
    "ntasks": 392,
    "ncores": 392,
    "duration": 0.0,
    "nnodes": 7,
    "ranks": "[0-6]",
    "nodelist": "flux-sample-[1-7]",
    "success": true,
    "exception_occurred": false,
    "result": "COMPLETED",
    "expiration": 4837797265.0,
    "waitstatus": 0,
    "returncode": 0,
    "runtime": 1.4760322570800781,
    "exception": {
        "occurred": false,
        "severity": "",
        "type": "",
        "note": ""
    }
}