{
    "id": 387050373120,
    "userid": 1234,
    "urgency": 16,
    "priority": 16,
    "t_submit": 1684197247.4440503,
    "t_depend": 1684197247.4552045,
    "t_run": 1684197247.4700444,
    "t_cleanup": 1684197248.9433308,
    "t_inactive": 1684197248.9448965,
    "state": "INACTIVE",
    "name": "connectivity_c",
    "ntasks": 392,
    "ncores": 392,
    "duration": 0.0,
    "nnodes": 7,
    "ranks": "[0-6]",
    "nodelist": "flux-sample-[1-7]",
    "success": true,
    "exception_occurred": false,
    "result": "COMPLETED",
    "expiration": 4837797247.0,
    "waitstatus": 0,
    "returncode": 0,
    "runtime": 1.4732863903045654,
    "exception": {
        "occurred": false,
        "severity": "",
        "type": "",
        "note": ""
    }
}