{
    "id": 714373857280,
    "userid": 1234,
    "urgency": 16,
    "priority": 16,
    "t_submit": 1684197266.953564,
    "t_depend": 1684197266.9647825,
    "t_run": 1684197266.9796417,
    "t_cleanup": 1684197268.4764338,
    "t_inactive": 1684197268.4782543,
    "state": "INACTIVE",
    "name": "connectivity_c",
    "ntasks": 392,
    "ncores": 392,
    "duration": 0.0,
    "nnodes": 7,
    "ranks": "[0-6]",
    "nodelist": "flux-sample-[1-7]",
    "success": true,
    "exception_occurred": false,
    "result": "COMPLETED",
    "expiration": 4837797266.0,
    "waitstatus": 0,
    "returncode": 0,
    "runtime": 1.4967920780181885,
    "exception": {
        "occurred": false,
        "severity": "",
        "type": "",
        "note": ""
    }
}