{
    "id": 741720719360,
    "userid": 1234,
    "urgency": 16,
    "priority": 16,
    "t_submit": 1684197268.5835168,
    "t_depend": 1684197268.5948322,
    "t_run": 1684197268.609485,
    "t_cleanup": 1684197270.1611576,
    "t_inactive": 1684197270.1625364,
    "state": "INACTIVE",
    "name": "connectivity_c",
    "ntasks": 392,
    "ncores": 392,
    "duration": 0.0,
    "nnodes": 7,
    "ranks": "[0-6]",
    "nodelist": "flux-sample-[1-7]",
    "success": true,
    "exception_occurred": false,
    "result": "COMPLETED",
    "expiration": 4837797268.0,
    "waitstatus": 0,
    "returncode": 0,
    "runtime": 1.5516726970672607,
    "exception": {
        "occurred": false,
        "severity": "",
        "type": "",
        "note": ""
    }
}