{
    "id": 495028535296,
    "userid": 1234,
    "urgency": 16,
    "priority": 16,
    "t_submit": 1684197253.8803055,
    "t_depend": 1684197253.8914223,
    "t_run": 1684197253.9062707,
    "t_cleanup": 1684197255.375952,
    "t_inactive": 1684197255.3775132,
    "state": "INACTIVE",
    "name": "connectivity_c",
    "ntasks": 392,
    "ncores": 392,
    "duration": 0.0,
    "nnodes": 7,
    "ranks": "[0-6]",
    "nodelist": "flux-sample-[1-7]",
    "success": true,
    "exception_occurred": false,
    "result": "COMPLETED",
    "expiration": 4837797253.0,
    "waitstatus": 0,
    "returncode": 0,
    "runtime": 1.4696812629699707,
    "exception": {
        "occurred": false,
        "severity": "",
        "type": "",
        "note": ""
    }
}