{
    "id": 521872080896,
    "userid": 1234,
    "urgency": 16,
    "priority": 16,
    "t_submit": 1684197255.4801285,
    "t_depend": 1684197255.491386,
    "t_run": 1684197255.5061007,
    "t_cleanup": 1684197257.0186014,
    "t_inactive": 1684197257.0201194,
    "state": "INACTIVE",
    "name": "connectivity_c",
    "ntasks": 392,
    "ncores": 392,
    "duration": 0.0,
    "nnodes": 7,
    "ranks": "[0-6]",
    "nodelist": "flux-sample-[1-7]",
    "success": true,
    "exception_occurred": false,
    "result": "COMPLETED",
    "expiration": 4837797255.0,
    "waitstatus": 0,
    "returncode": 0,
    "runtime": 1.5125007629394531,
    "exception": {
        "occurred": false,
        "severity": "",
        "type": "",
        "note": ""
    }
}