{
    "id": 441207226368,
    "userid": 1234,
    "urgency": 16,
    "priority": 16,
    "t_submit": 1684197250.6722717,
    "t_depend": 1684197250.6834586,
    "t_run": 1684197250.6985402,
    "t_cleanup": 1684197252.177865,
    "t_inactive": 1684197252.1793392,
    "state": "INACTIVE",
    "name": "connectivity_c",
    "ntasks": 392,
    "ncores": 392,
    "duration": 0.0,
    "nnodes": 7,
    "ranks": "[0-6]",
    "nodelist": "flux-sample-[1-7]",
    "success": true,
    "exception_occurred": false,
    "result": "COMPLETED",
    "expiration": 4837797250.0,
    "waitstatus": 0,
    "returncode": 0,
    "runtime": 1.4793248176574707,
    "exception": {
        "occurred": false,
        "severity": "",
        "type": "",
        "note": ""
    }
}