{
    "id": 413994582016,
    "userid": 1234,
    "urgency": 16,
    "priority": 16,
    "t_submit": 1684197249.0494711,
    "t_depend": 1684197249.0606692,
    "t_run": 1684197249.0754194,
    "t_cleanup": 1684197250.5666885,
    "t_inactive": 1684197250.5682588,
    "state": "INACTIVE",
    "name": "connectivity_c",
    "ntasks": 392,
    "ncores": 392,
    "duration": 0.0,
    "nnodes": 7,
    "ranks": "[0-6]",
    "nodelist": "flux-sample-[1-7]",
    "success": true,
    "exception_occurred": false,
    "result": "COMPLETED",
    "expiration": 4837797249.0,
    "waitstatus": 0,
    "returncode": 0,
    "runtime": 1.4912691116333008,
    "exception": {
        "occurred": false,
        "severity": "",
        "type": "",
        "note": ""
    }
}