{
    "id": 329202532352,
    "userid": 1234,
    "urgency": 16,
    "priority": 16,
    "t_submit": 1684197243.9954526,
    "t_depend": 1684197244.0068903,
    "t_run": 1684197244.0219932,
    "t_cleanup": 1684197245.6692932,
    "t_inactive": 1684197245.6708617,
    "state": "INACTIVE",
    "name": "connectivity_c",
    "ntasks": 392,
    "ncores": 392,
    "duration": 0.0,
    "nnodes": 7,
    "ranks": "[0-6]",
    "nodelist": "flux-sample-[1-7]",
    "success": true,
    "exception_occurred": false,
    "result": "COMPLETED",
    "expiration": 4837797244.0,
    "waitstatus": 0,
    "returncode": 0,
    "runtime": 1.6473000049591064,
    "exception": {
        "occurred": false,
        "severity": "",
        "type": "",
        "note": ""
    }
}