{
    "id": 359032422400,
    "userid": 1234,
    "urgency": 16,
    "priority": 16,
    "t_submit": 1684197245.773837,
    "t_depend": 1684197245.7851214,
    "t_run": 1684197245.800125,
    "t_cleanup": 1684197247.3359091,
    "t_inactive": 1684197247.337377,
    "state": "INACTIVE",
    "name": "connectivity_c",
    "ntasks": 392,
    "ncores": 392,
    "duration": 0.0,
    "nnodes": 7,
    "ranks": "[0-6]",
    "nodelist": "flux-sample-[1-7]",
    "success": true,
    "exception_occurred": false,
    "result": "COMPLETED",
    "expiration": 4837797245.0,
    "waitstatus": 0,
    "returncode": 0,
    "runtime": 1.5357842445373535,
    "exception": {
        "occurred": false,
        "severity": "",
        "type": "",
        "note": ""
    }
}