{
    "times": [
        48.1792414188385,
        5.442040920257568,
        4.4176881313323975,
        4.40368914604187,
        5.488481760025024,
        3.4065513610839844,
        5.462920904159546,
        5.410362005233765,
        4.412076711654663,
        5.493203163146973,
        3.4600770473480225,
        4.503759145736694,
        4.493095874786377,
        5.4952733516693115,
        5.487446546554565,
        2.4308173656463623,
        4.4228620529174805,
        5.475189685821533,
        5.447700500488281,
        5.51438045501709,
        4.6264989376068115
    ],
    "mean": 6.8320645945412775,
    "std": 9.51241863634552
}