{
    "id": 514272002048,
    "userid": 1234,
    "urgency": 16,
    "priority": 16,
    "t_submit": 1684197315.048154,
    "t_depend": 1684197315.059561,
    "t_run": 1684197315.0728352,
    "t_cleanup": 1684197315.2470686,
    "t_inactive": 1684197315.248611,
    "state": "INACTIVE",
    "name": "hello_cxx",
    "ntasks": 56,
    "ncores": 56,
    "duration": 0.0,
    "nnodes": 1,
    "ranks": "0",
    "nodelist": "flux-sample-0",
    "success": true,
    "exception_occurred": false,
    "result": "COMPLETED",
    "expiration": 4837797315.0,
    "waitstatus": 0,
    "returncode": 0,
    "runtime": 0.17423343658447266,
    "exception": {
        "occurred": false,
        "severity": "",
        "type": "",
        "note": ""
    }
}