{
    "id": 534639542272,
    "userid": 1234,
    "urgency": 16,
    "priority": 16,
    "t_submit": 1684197316.2623518,
    "t_depend": 1684197316.27374,
    "t_run": 1684197316.2871244,
    "t_cleanup": 1684197316.4589536,
    "t_inactive": 1684197316.4617002,
    "state": "INACTIVE",
    "name": "hello_cxx",
    "ntasks": 56,
    "ncores": 56,
    "duration": 0.0,
    "nnodes": 1,
    "ranks": "0",
    "nodelist": "flux-sample-0",
    "success": true,
    "exception_occurred": false,
    "result": "COMPLETED",
    "expiration": 4837797316.0,
    "waitstatus": 0,
    "returncode": 0,
    "runtime": 0.1718292236328125,
    "exception": {
        "occurred": false,
        "severity": "",
        "type": "",
        "note": ""
    }
}