{
    "id": 488535752704,
    "userid": 1234,
    "urgency": 16,
    "priority": 16,
    "t_submit": 1684197313.5141966,
    "t_depend": 1684197313.525677,
    "t_run": 1684197313.5387702,
    "t_cleanup": 1684197313.7126732,
    "t_inactive": 1684197313.7141254,
    "state": "INACTIVE",
    "name": "hello_cxx",
    "ntasks": 56,
    "ncores": 56,
    "duration": 0.0,
    "nnodes": 1,
    "ranks": "0",
    "nodelist": "flux-sample-0",
    "success": true,
    "exception_occurred": false,
    "result": "COMPLETED",
    "expiration": 4837797313.0,
    "waitstatus": 0,
    "returncode": 0,
    "runtime": 0.1739029884338379,
    "exception": {
        "occurred": false,
        "severity": "",
        "type": "",
        "note": ""
    }
}