{
    "id": 508953624576,
    "userid": 1234,
    "urgency": 16,
    "priority": 16,
    "t_submit": 1684197314.7306035,
    "t_depend": 1684197314.7420602,
    "t_run": 1684197314.7549546,
    "t_cleanup": 1684197314.9427624,
    "t_inactive": 1684197314.9443064,
    "state": "INACTIVE",
    "name": "hello_cxx",
    "ntasks": 56,
    "ncores": 56,
    "duration": 0.0,
    "nnodes": 1,
    "ranks": "0",
    "nodelist": "flux-sample-0",
    "success": true,
    "exception_occurred": false,
    "result": "COMPLETED",
    "expiration": 4837797314.0,
    "waitstatus": 0,
    "returncode": 0,
    "runtime": 0.18780779838562012,
    "exception": {
        "occurred": false,
        "severity": "",
        "type": "",
        "note": ""
    }
}