{
    "id": 483569696768,
    "userid": 1234,
    "urgency": 16,
    "priority": 16,
    "t_submit": 1684197313.2182229,
    "t_depend": 1684197313.22967,
    "t_run": 1684197313.2430606,
    "t_cleanup": 1684197313.4106476,
    "t_inactive": 1684197313.4120324,
    "state": "INACTIVE",
    "name": "hello_cxx",
    "ntasks": 56,
    "ncores": 56,
    "duration": 0.0,
    "nnodes": 1,
    "ranks": "0",
    "nodelist": "flux-sample-0",
    "success": true,
    "exception_occurred": false,
    "result": "COMPLETED",
    "expiration": 4837797313.0,
    "waitstatus": 0,
    "returncode": 0,
    "runtime": 0.1675870418548584,
    "exception": {
        "occurred": false,
        "severity": "",
        "type": "",
        "note": ""
    }
}