{
    "id": 468352761856,
    "userid": 1234,
    "urgency": 16,
    "priority": 16,
    "t_submit": 1684197312.3109078,
    "t_depend": 1684197312.3221536,
    "t_run": 1684197312.3348954,
    "t_cleanup": 1684197312.5057468,
    "t_inactive": 1684197312.5072343,
    "state": "INACTIVE",
    "name": "hello_cxx",
    "ntasks": 56,
    "ncores": 56,
    "duration": 0.0,
    "nnodes": 1,
    "ranks": "0",
    "nodelist": "flux-sample-0",
    "success": true,
    "exception_occurred": false,
    "result": "COMPLETED",
    "expiration": 4837797312.0,
    "waitstatus": 0,
    "returncode": 0,
    "runtime": 0.170851469039917,
    "exception": {
        "occurred": false,
        "severity": "",
        "type": "",
        "note": ""
    }
}