{
    "id": 519372275712,
    "userid": 1234,
    "urgency": 16,
    "priority": 16,
    "t_submit": 1684197315.3522155,
    "t_depend": 1684197315.3634748,
    "t_run": 1684197315.376571,
    "t_cleanup": 1684197315.5431263,
    "t_inactive": 1684197315.5447433,
    "state": "INACTIVE",
    "name": "hello_cxx",
    "ntasks": 56,
    "ncores": 56,
    "duration": 0.0,
    "nnodes": 1,
    "ranks": "0",
    "nodelist": "flux-sample-0",
    "success": true,
    "exception_occurred": false,
    "result": "COMPLETED",
    "expiration": 4837797315.0,
    "waitstatus": 0,
    "returncode": 0,
    "runtime": 0.16655540466308594,
    "exception": {
        "occurred": false,
        "severity": "",
        "type": "",
        "note": ""
    }
}