{
    "id": 452615733248,
    "userid": 1234,
    "urgency": 16,
    "priority": 16,
    "t_submit": 1684197311.3727486,
    "t_depend": 1684197311.383821,
    "t_run": 1684197311.3969693,
    "t_cleanup": 1684197311.586434,
    "t_inactive": 1684197311.5878577,
    "state": "INACTIVE",
    "name": "hello_cxx",
    "ntasks": 56,
    "ncores": 56,
    "duration": 0.0,
    "nnodes": 1,
    "ranks": "0",
    "nodelist": "flux-sample-0",
    "success": true,
    "exception_occurred": false,
    "result": "COMPLETED",
    "expiration": 4837797311.0,
    "waitstatus": 0,
    "returncode": 0,
    "runtime": 0.18946456909179688,
    "exception": {
        "occurred": false,
        "severity": "",
        "type": "",
        "note": ""
    }
}