{
    "id": 447532236800,
    "userid": 1234,
    "urgency": 16,
    "priority": 16,
    "t_submit": 1684197311.0700352,
    "t_depend": 1684197311.0812824,
    "t_run": 1684197311.0940204,
    "t_cleanup": 1684197311.2694209,
    "t_inactive": 1684197311.270773,
    "state": "INACTIVE",
    "name": "hello_cxx",
    "ntasks": 56,
    "ncores": 56,
    "duration": 0.0,
    "nnodes": 1,
    "ranks": "0",
    "nodelist": "flux-sample-0",
    "success": true,
    "exception_occurred": false,
    "result": "COMPLETED",
    "expiration": 4837797311.0,
    "waitstatus": 0,
    "returncode": 0,
    "runtime": 0.1754004955291748,
    "exception": {
        "occurred": false,
        "severity": "",
        "type": "",
        "note": ""
    }
}