{
    "id": 457950887936,
    "userid": 1234,
    "urgency": 16,
    "priority": 16,
    "t_submit": 1684197311.690554,
    "t_depend": 1684197311.701821,
    "t_run": 1684197311.714515,
    "t_cleanup": 1684197311.9093595,
    "t_inactive": 1684197311.9107606,
    "state": "INACTIVE",
    "name": "hello_cxx",
    "ntasks": 56,
    "ncores": 56,
    "duration": 0.0,
    "nnodes": 1,
    "ranks": "0",
    "nodelist": "flux-sample-0",
    "success": true,
    "exception_occurred": false,
    "result": "COMPLETED",
    "expiration": 4837797311.0,
    "waitstatus": 0,
    "returncode": 0,
    "runtime": 0.19484448432922363,
    "exception": {
        "occurred": false,
        "severity": "",
        "type": "",
        "note": ""
    }
}