{
    "id": 1767160938496,
    "userid": 1234,
    "urgency": 16,
    "priority": 16,
    "t_submit": 1684197863.3221693,
    "t_depend": 1684197863.3338892,
    "t_run": 1684197863.3486438,
    "t_cleanup": 1684197863.5930662,
    "t_inactive": 1684197863.5952547,
    "state": "INACTIVE",
    "name": "hello_usempi",
    "ntasks": 168,
    "ncores": 168,
    "duration": 0.0,
    "nnodes": 3,
    "ranks": "[0-2]",
    "nodelist": "flux-sample-[0-2]",
    "success": true,
    "exception_occurred": false,
    "result": "COMPLETED",
    "expiration": 4837797863.0,
    "waitstatus": 0,
    "returncode": 0,
    "runtime": 0.24442243576049805,
    "exception": {
        "occurred": false,
        "severity": "",
        "type": "",
        "note": ""
    }
}