{
    "id": 1773519503360,
    "userid": 1234,
    "urgency": 16,
    "priority": 16,
    "t_submit": 1684197863.700772,
    "t_depend": 1684197863.7124493,
    "t_run": 1684197863.7272768,
    "t_cleanup": 1684197863.954868,
    "t_inactive": 1684197863.956811,
    "state": "INACTIVE",
    "name": "hello_usempi",
    "ntasks": 168,
    "ncores": 168,
    "duration": 0.0,
    "nnodes": 3,
    "ranks": "[0-2]",
    "nodelist": "flux-sample-[0-2]",
    "success": true,
    "exception_occurred": false,
    "result": "COMPLETED",
    "expiration": 4837797863.0,
    "waitstatus": 0,
    "returncode": 0,
    "runtime": 0.22759127616882324,
    "exception": {
        "occurred": false,
        "severity": "",
        "type": "",
        "note": ""
    }
}