{
    "id": 1730334949376,
    "userid": 1234,
    "urgency": 16,
    "priority": 16,
    "t_submit": 1684197861.127402,
    "t_depend": 1684197861.1390588,
    "t_run": 1684197861.1533365,
    "t_cleanup": 1684197861.3959033,
    "t_inactive": 1684197861.3978968,
    "state": "INACTIVE",
    "name": "hello_usempi",
    "ntasks": 168,
    "ncores": 168,
    "duration": 0.0,
    "nnodes": 3,
    "ranks": "[0-2]",
    "nodelist": "flux-sample-[0-2]",
    "success": true,
    "exception_occurred": false,
    "result": "COMPLETED",
    "expiration": 4837797861.0,
    "waitstatus": 0,
    "returncode": 0,
    "runtime": 0.24256682395935059,
    "exception": {
        "occurred": false,
        "severity": "",
        "type": "",
        "note": ""
    }
}