{
    "id": 1705789882368,
    "userid": 1234,
    "urgency": 16,
    "priority": 16,
    "t_submit": 1684197859.664034,
    "t_depend": 1684197859.6755078,
    "t_run": 1684197859.6898115,
    "t_cleanup": 1684197859.9213836,
    "t_inactive": 1684197859.9232688,
    "state": "INACTIVE",
    "name": "hello_usempi",
    "ntasks": 168,
    "ncores": 168,
    "duration": 0.0,
    "nnodes": 3,
    "ranks": "[0-2]",
    "nodelist": "flux-sample-[0-2]",
    "success": true,
    "exception_occurred": false,
    "result": "COMPLETED",
    "expiration": 4837797859.0,
    "waitstatus": 0,
    "returncode": 0,
    "runtime": 0.23157215118408203,
    "exception": {
        "occurred": false,
        "severity": "",
        "type": "",
        "note": ""
    }
}