{
    "id": 1717970141184,
    "userid": 1234,
    "urgency": 16,
    "priority": 16,
    "t_submit": 1684197860.3900511,
    "t_depend": 1684197860.4019973,
    "t_run": 1684197860.4165068,
    "t_cleanup": 1684197860.6476982,
    "t_inactive": 1684197860.649931,
    "state": "INACTIVE",
    "name": "hello_usempi",
    "ntasks": 168,
    "ncores": 168,
    "duration": 0.0,
    "nnodes": 3,
    "ranks": "[0-2]",
    "nodelist": "flux-sample-[0-2]",
    "success": true,
    "exception_occurred": false,
    "result": "COMPLETED",
    "expiration": 4837797860.0,
    "waitstatus": 0,
    "returncode": 0,
    "runtime": 0.23119139671325684,
    "exception": {
        "occurred": false,
        "severity": "",
        "type": "",
        "note": ""
    }
}