{
    "id": 1798215565312,
    "userid": 1234,
    "urgency": 16,
    "priority": 16,
    "t_submit": 1684197865.1724715,
    "t_depend": 1684197865.183994,
    "t_run": 1684197865.1984277,
    "t_cleanup": 1684197865.430474,
    "t_inactive": 1684197865.432599,
    "state": "INACTIVE",
    "name": "hello_usempi",
    "ntasks": 168,
    "ncores": 168,
    "duration": 0.0,
    "nnodes": 3,
    "ranks": "[0-2]",
    "nodelist": "flux-sample-[0-2]",
    "success": true,
    "exception_occurred": false,
    "result": "COMPLETED",
    "expiration": 4837797865.0,
    "waitstatus": 0,
    "returncode": 0,
    "runtime": 0.23204636573791504,
    "exception": {
        "occurred": false,
        "severity": "",
        "type": "",
        "note": ""
    }
}