{
    "id": 1804372803584,
    "userid": 1234,
    "urgency": 16,
    "priority": 16,
    "t_submit": 1684197865.5394628,
    "t_depend": 1684197865.5513937,
    "t_run": 1684197865.566092,
    "t_cleanup": 1684197865.795255,
    "t_inactive": 1684197865.7976296,
    "state": "INACTIVE",
    "name": "hello_usempi",
    "ntasks": 168,
    "ncores": 168,
    "duration": 0.0,
    "nnodes": 3,
    "ranks": "[0-2]",
    "nodelist": "flux-sample-[0-2]",
    "success": true,
    "exception_occurred": false,
    "result": "COMPLETED",
    "expiration": 4837797865.0,
    "waitstatus": 0,
    "returncode": 0,
    "runtime": 0.22916293144226074,
    "exception": {
        "occurred": false,
        "severity": "",
        "type": "",
        "note": ""
    }
}