{
    "id": 1693576069120,
    "userid": 1234,
    "urgency": 16,
    "priority": 16,
    "t_submit": 1684197858.9356973,
    "t_depend": 1684197858.9474344,
    "t_run": 1684197858.9619324,
    "t_cleanup": 1684197859.204461,
    "t_inactive": 1684197859.206106,
    "state": "INACTIVE",
    "name": "hello_usempi",
    "ntasks": 168,
    "ncores": 168,
    "duration": 0.0,
    "nnodes": 3,
    "ranks": "[0-2]",
    "nodelist": "flux-sample-[0-2]",
    "success": true,
    "exception_occurred": false,
    "result": "COMPLETED",
    "expiration": 4837797858.0,
    "waitstatus": 0,
    "returncode": 0,
    "runtime": 0.24252867698669434,
    "exception": {
        "occurred": false,
        "severity": "",
        "type": "",
        "note": ""
    }
}