{
    "id": 2322772000768,
    "userid": 1234,
    "urgency": 16,
    "priority": 16,
    "t_submit": 1684198089.919215,
    "t_depend": 1684198089.9312427,
    "t_run": 1684198089.9468977,
    "t_cleanup": 1684198090.1431046,
    "t_inactive": 1684198090.145183,
    "state": "INACTIVE",
    "name": "ring_c",
    "ntasks": 224,
    "ncores": 224,
    "duration": 0.0,
    "nnodes": 4,
    "ranks": "[0-3]",
    "nodelist": "flux-sample-[4-7]",
    "success": true,
    "exception_occurred": false,
    "result": "COMPLETED",
    "expiration": 4837798089.0,
    "waitstatus": 0,
    "returncode": 0,
    "runtime": 0.19620680809020996,
    "exception": {
        "occurred": false,
        "severity": "",
        "type": "",
        "note": ""
    }
}