{
    "id": 2333979181056,
    "userid": 1234,
    "urgency": 16,
    "priority": 16,
    "t_submit": 1684198090.5865855,
    "t_depend": 1684198090.5983112,
    "t_run": 1684198090.6137547,
    "t_cleanup": 1684198090.8298426,
    "t_inactive": 1684198090.8319676,
    "state": "INACTIVE",
    "name": "ring_c",
    "ntasks": 224,
    "ncores": 224,
    "duration": 0.0,
    "nnodes": 4,
    "ranks": "[0-3]",
    "nodelist": "flux-sample-[4-7]",
    "success": true,
    "exception_occurred": false,
    "result": "COMPLETED",
    "expiration": 4837798090.0,
    "waitstatus": 0,
    "returncode": 0,
    "runtime": 0.21608781814575195,
    "exception": {
        "occurred": false,
        "severity": "",
        "type": "",
        "note": ""
    }
}