{
    "id": 2272490684416,
    "userid": 1234,
    "urgency": 16,
    "priority": 16,
    "t_submit": 1684198086.9215853,
    "t_depend": 1684198086.933492,
    "t_run": 1684198086.9486885,
    "t_cleanup": 1684198087.1381752,
    "t_inactive": 1684198087.140255,
    "state": "INACTIVE",
    "name": "ring_c",
    "ntasks": 224,
    "ncores": 224,
    "duration": 0.0,
    "nnodes": 4,
    "ranks": "[0-3]",
    "nodelist": "flux-sample-[4-7]",
    "success": true,
    "exception_occurred": false,
    "result": "COMPLETED",
    "expiration": 4837798086.0,
    "waitstatus": 0,
    "returncode": 0,
    "runtime": 0.18948674201965332,
    "exception": {
        "occurred": false,
        "severity": "",
        "type": "",
        "note": ""
    }
}