{
    "id": 2367600721920,
    "userid": 1234,
    "urgency": 16,
    "priority": 16,
    "t_submit": 1684198092.5908747,
    "t_depend": 1684198092.602795,
    "t_run": 1684198092.6184359,
    "t_cleanup": 1684198092.809359,
    "t_inactive": 1684198092.811584,
    "state": "INACTIVE",
    "name": "ring_c",
    "ntasks": 224,
    "ncores": 224,
    "duration": 0.0,
    "nnodes": 4,
    "ranks": "[0-3]",
    "nodelist": "flux-sample-[4-7]",
    "success": true,
    "exception_occurred": false,
    "result": "COMPLETED",
    "expiration": 4837798092.0,
    "waitstatus": 0,
    "returncode": 0,
    "runtime": 0.19092321395874023,
    "exception": {
        "occurred": false,
        "severity": "",
        "type": "",
        "note": ""
    }
}