{
    "id": 2350823505920,
    "userid": 1234,
    "urgency": 16,
    "priority": 16,
    "t_submit": 1684198091.590728,
    "t_depend": 1684198091.602661,
    "t_run": 1684198091.6181889,
    "t_cleanup": 1684198091.8226686,
    "t_inactive": 1684198091.8247743,
    "state": "INACTIVE",
    "name": "ring_c",
    "ntasks": 224,
    "ncores": 224,
    "duration": 0.0,
    "nnodes": 4,
    "ranks": "[0-3]",
    "nodelist": "flux-sample-[4-7]",
    "success": true,
    "exception_occurred": false,
    "result": "COMPLETED",
    "expiration": 4837798091.0,
    "waitstatus": 0,
    "returncode": 0,
    "runtime": 0.20447969436645508,
    "exception": {
        "occurred": false,
        "severity": "",
        "type": "",
        "note": ""
    }
}