{
    "id": 2305491468288,
    "userid": 1234,
    "urgency": 16,
    "priority": 16,
    "t_submit": 1684198088.8890204,
    "t_depend": 1684198088.9009016,
    "t_run": 1684198088.9162576,
    "t_cleanup": 1684198089.1356258,
    "t_inactive": 1684198089.1377847,
    "state": "INACTIVE",
    "name": "ring_c",
    "ntasks": 224,
    "ncores": 224,
    "duration": 0.0,
    "nnodes": 4,
    "ranks": "[0-3]",
    "nodelist": "flux-sample-[4-7]",
    "success": true,
    "exception_occurred": false,
    "result": "COMPLETED",
    "expiration": 4837798088.0,
    "waitstatus": 0,
    "returncode": 0,
    "runtime": 0.21936821937561035,
    "exception": {
        "occurred": false,
        "severity": "",
        "type": "",
        "note": ""
    }
}