{
    "id": 2345303801856,
    "userid": 1234,
    "urgency": 16,
    "priority": 16,
    "t_submit": 1684198091.2619543,
    "t_depend": 1684198091.2737942,
    "t_run": 1684198091.289131,
    "t_cleanup": 1684198091.486269,
    "t_inactive": 1684198091.4908662,
    "state": "INACTIVE",
    "name": "ring_c",
    "ntasks": 224,
    "ncores": 224,
    "duration": 0.0,
    "nnodes": 4,
    "ranks": "[0-3]",
    "nodelist": "flux-sample-[4-7]",
    "success": true,
    "exception_occurred": false,
    "result": "COMPLETED",
    "expiration": 4837798091.0,
    "waitstatus": 0,
    "returncode": 0,
    "runtime": 0.19713807106018066,
    "exception": {
        "occurred": false,
        "severity": "",
        "type": "",
        "note": ""
    }
}