{
    "id": 2328425922560,
    "userid": 1234,
    "urgency": 16,
    "priority": 16,
    "t_submit": 1684198090.2555616,
    "t_depend": 1684198090.2674353,
    "t_run": 1684198090.2826133,
    "t_cleanup": 1684198090.4822593,
    "t_inactive": 1684198090.4844902,
    "state": "INACTIVE",
    "name": "ring_c",
    "ntasks": 224,
    "ncores": 224,
    "duration": 0.0,
    "nnodes": 4,
    "ranks": "[0-3]",
    "nodelist": "flux-sample-[4-7]",
    "success": true,
    "exception_occurred": false,
    "result": "COMPLETED",
    "expiration": 4837798090.0,
    "waitstatus": 0,
    "returncode": 0,
    "runtime": 0.19964599609375,
    "exception": {
        "occurred": false,
        "severity": "",
        "type": "",
        "note": ""
    }
}