{
    "id": 2283395874816,
    "userid": 1234,
    "urgency": 16,
    "priority": 16,
    "t_submit": 1684198087.5719826,
    "t_depend": 1684198087.5850036,
    "t_run": 1684198087.6005175,
    "t_cleanup": 1684198087.7951198,
    "t_inactive": 1684198087.797164,
    "state": "INACTIVE",
    "name": "ring_c",
    "ntasks": 224,
    "ncores": 224,
    "duration": 0.0,
    "nnodes": 4,
    "ranks": "[0-3]",
    "nodelist": "flux-sample-[4-7]",
    "success": true,
    "exception_occurred": false,
    "result": "COMPLETED",
    "expiration": 4837798087.0,
    "waitstatus": 0,
    "returncode": 0,
    "runtime": 0.19460225105285645,
    "exception": {
        "occurred": false,
        "severity": "",
        "type": "",
        "note": ""
    }
}