{
    "id": 2299904655360,
    "userid": 1234,
    "urgency": 16,
    "priority": 16,
    "t_submit": 1684198088.5563567,
    "t_depend": 1684198088.568195,
    "t_run": 1684198088.5831487,
    "t_cleanup": 1684198088.78377,
    "t_inactive": 1684198088.7857802,
    "state": "INACTIVE",
    "name": "ring_c",
    "ntasks": 224,
    "ncores": 224,
    "duration": 0.0,
    "nnodes": 4,
    "ranks": "[0-3]",
    "nodelist": "flux-sample-[4-7]",
    "success": true,
    "exception_occurred": false,
    "result": "COMPLETED",
    "expiration": 4837798088.0,
    "waitstatus": 0,
    "returncode": 0,
    "runtime": 0.2006213665008545,
    "exception": {
        "occurred": false,
        "severity": "",
        "type": "",
        "note": ""
    }
}