{
    "id": 2508697108480,
    "userid": 1234,
    "urgency": 16,
    "priority": 16,
    "t_submit": 1684198101.0007946,
    "t_depend": 1684198101.0128376,
    "t_run": 1684198101.0282621,
    "t_cleanup": 1684198101.5526109,
    "t_inactive": 1684198101.5550172,
    "state": "INACTIVE",
    "name": "ring_c",
    "ntasks": 224,
    "ncores": 224,
    "duration": 0.0,
    "nnodes": 4,
    "ranks": "[0-3]",
    "nodelist": "flux-sample-[4-7]",
    "success": true,
    "exception_occurred": false,
    "result": "COMPLETED",
    "expiration": 4837798101.0,
    "waitstatus": 0,
    "returncode": 0,
    "runtime": 0.5243487358093262,
    "exception": {
        "occurred": false,
        "severity": "",
        "type": "",
        "note": ""
    }
}