{
    "id": 2496365854720,
    "userid": 1234,
    "urgency": 16,
    "priority": 16,
    "t_submit": 1684198100.2661526,
    "t_depend": 1684198100.2779198,
    "t_run": 1684198100.29325,
    "t_cleanup": 1684198100.8957815,
    "t_inactive": 1684198100.8978503,
    "state": "INACTIVE",
    "name": "ring_c",
    "ntasks": 224,
    "ncores": 224,
    "duration": 0.0,
    "nnodes": 4,
    "ranks": "[0-3]",
    "nodelist": "flux-sample-[4-7]",
    "success": true,
    "exception_occurred": false,
    "result": "COMPLETED",
    "expiration": 4837798100.0,
    "waitstatus": 0,
    "returncode": 0,
    "runtime": 0.6025314331054688,
    "exception": {
        "occurred": false,
        "severity": "",
        "type": "",
        "note": ""
    }
}