{
    "id": 2467240607744,
    "userid": 1234,
    "urgency": 16,
    "priority": 16,
    "t_submit": 1684198098.5300994,
    "t_depend": 1684198098.5421603,
    "t_run": 1684198098.557252,
    "t_cleanup": 1684198099.2946653,
    "t_inactive": 1684198099.296651,
    "state": "INACTIVE",
    "name": "ring_c",
    "ntasks": 224,
    "ncores": 224,
    "duration": 0.0,
    "nnodes": 4,
    "ranks": "[0-3]",
    "nodelist": "flux-sample-[4-7]",
    "success": true,
    "exception_occurred": false,
    "result": "COMPLETED",
    "expiration": 4837798098.0,
    "waitstatus": 0,
    "returncode": 0,
    "runtime": 0.7374134063720703,
    "exception": {
        "occurred": false,
        "severity": "",
        "type": "",
        "note": ""
    }
}