{
    "id": 2452879310848,
    "userid": 1234,
    "urgency": 16,
    "priority": 16,
    "t_submit": 1684198097.6737385,
    "t_depend": 1684198097.685686,
    "t_run": 1684198097.700929,
    "t_cleanup": 1684198098.4225862,
    "t_inactive": 1684198098.4246132,
    "state": "INACTIVE",
    "name": "ring_c",
    "ntasks": 224,
    "ncores": 224,
    "duration": 0.0,
    "nnodes": 4,
    "ranks": "[0-3]",
    "nodelist": "flux-sample-[4-7]",
    "success": true,
    "exception_occurred": false,
    "result": "COMPLETED",
    "expiration": 4837798097.0,
    "waitstatus": 0,
    "returncode": 0,
    "runtime": 0.7216572761535645,
    "exception": {
        "occurred": false,
        "severity": "",
        "type": "",
        "note": ""
    }
}