{
    "id": 2406070878208,
    "userid": 1234,
    "urgency": 16,
    "priority": 16,
    "t_submit": 1684198094.8843153,
    "t_depend": 1684198094.8963017,
    "t_run": 1684198094.9114964,
    "t_cleanup": 1684198095.502508,
    "t_inactive": 1684198095.5054672,
    "state": "INACTIVE",
    "name": "ring_c",
    "ntasks": 224,
    "ncores": 224,
    "duration": 0.0,
    "nnodes": 4,
    "ranks": "[0-3]",
    "nodelist": "flux-sample-[4-7]",
    "success": true,
    "exception_occurred": false,
    "result": "COMPLETED",
    "expiration": 4837798094.0,
    "waitstatus": 0,
    "returncode": 0,
    "runtime": 0.5910115242004395,
    "exception": {
        "occurred": false,
        "severity": "",
        "type": "",
        "note": ""
    }
}