{
    "id": 2601743548416,
    "userid": 1234,
    "urgency": 16,
    "priority": 16,
    "t_submit": 1684198106.5468543,
    "t_depend": 1684198106.5584607,
    "t_run": 1684198106.5742552,
    "t_cleanup": 1684198107.05397,
    "t_inactive": 1684198107.055972,
    "state": "INACTIVE",
    "name": "ring_c",
    "ntasks": 224,
    "ncores": 224,
    "duration": 0.0,
    "nnodes": 4,
    "ranks": "[0-3]",
    "nodelist": "flux-sample-[4-7]",
    "success": true,
    "exception_occurred": false,
    "result": "COMPLETED",
    "expiration": 4837798106.0,
    "waitstatus": 0,
    "returncode": 0,
    "runtime": 0.47971487045288086,
    "exception": {
        "occurred": false,
        "severity": "",
        "type": "",
        "note": ""
    }
}