{
    "id": 2558223450112,
    "userid": 1234,
    "urgency": 16,
    "priority": 16,
    "t_submit": 1684198103.953079,
    "t_depend": 1684198103.9648516,
    "t_run": 1684198103.9799843,
    "t_cleanup": 1684198104.4991944,
    "t_inactive": 1684198104.5011568,
    "state": "INACTIVE",
    "name": "ring_c",
    "ntasks": 224,
    "ncores": 224,
    "duration": 0.0,
    "nnodes": 4,
    "ranks": "[0-3]",
    "nodelist": "flux-sample-[4-7]",
    "success": true,
    "exception_occurred": false,
    "result": "COMPLETED",
    "expiration": 4837798103.0,
    "waitstatus": 0,
    "returncode": 0,
    "runtime": 0.5192101001739502,
    "exception": {
        "occurred": false,
        "severity": "",
        "type": "",
        "note": ""
    }
}