{
    "id": 2519669407744,
    "userid": 1234,
    "urgency": 16,
    "priority": 16,
    "t_submit": 1684198101.6555598,
    "t_depend": 1684198101.6675456,
    "t_run": 1684198101.68263,
    "t_cleanup": 1684198102.325117,
    "t_inactive": 1684198102.3272457,
    "state": "INACTIVE",
    "name": "ring_c",
    "ntasks": 224,
    "ncores": 224,
    "duration": 0.0,
    "nnodes": 4,
    "ranks": "[0-3]",
    "nodelist": "flux-sample-[4-7]",
    "success": true,
    "exception_occurred": false,
    "result": "COMPLETED",
    "expiration": 4837798101.0,
    "waitstatus": 0,
    "returncode": 0,
    "runtime": 0.6424870491027832,
    "exception": {
        "occurred": false,
        "severity": "",
        "type": "",
        "note": ""
    }
}