{
    "id": 2591710773248,
    "userid": 1234,
    "urgency": 16,
    "priority": 16,
    "t_submit": 1684198105.948846,
    "t_depend": 1684198105.9608533,
    "t_run": 1684198105.9764915,
    "t_cleanup": 1684198106.4402056,
    "t_inactive": 1684198106.442192,
    "state": "INACTIVE",
    "name": "ring_c",
    "ntasks": 224,
    "ncores": 224,
    "duration": 0.0,
    "nnodes": 4,
    "ranks": "[0-3]",
    "nodelist": "flux-sample-[4-7]",
    "success": true,
    "exception_occurred": false,
    "result": "COMPLETED",
    "expiration": 4837798105.0,
    "waitstatus": 0,
    "returncode": 0,
    "runtime": 0.4637141227722168,
    "exception": {
        "occurred": false,
        "severity": "",
        "type": "",
        "note": ""
    }
}