{
    "id": 2395719335936,
    "userid": 1234,
    "urgency": 16,
    "priority": 16,
    "t_submit": 1684198094.2673142,
    "t_depend": 1684198094.2789981,
    "t_run": 1684198094.294304,
    "t_cleanup": 1684198094.7787485,
    "t_inactive": 1684198094.7807736,
    "state": "INACTIVE",
    "name": "ring_c",
    "ntasks": 224,
    "ncores": 224,
    "duration": 0.0,
    "nnodes": 4,
    "ranks": "[0-3]",
    "nodelist": "flux-sample-[4-7]",
    "success": true,
    "exception_occurred": false,
    "result": "COMPLETED",
    "expiration": 4837798094.0,
    "waitstatus": 0,
    "returncode": 0,
    "runtime": 0.48444461822509766,
    "exception": {
        "occurred": false,
        "severity": "",
        "type": "",
        "note": ""
    }
}