{
    "id": 2442443882496,
    "userid": 1234,
    "urgency": 16,
    "priority": 16,
    "t_submit": 1684198097.0515957,
    "t_depend": 1684198097.0635357,
    "t_run": 1684198097.0790968,
    "t_cleanup": 1684198097.5675433,
    "t_inactive": 1684198097.570673,
    "state": "INACTIVE",
    "name": "ring_c",
    "ntasks": 224,
    "ncores": 224,
    "duration": 0.0,
    "nnodes": 4,
    "ranks": "[0-3]",
    "nodelist": "flux-sample-[4-7]",
    "success": true,
    "exception_occurred": false,
    "result": "COMPLETED",
    "expiration": 4837798097.0,
    "waitstatus": 0,
    "returncode": 0,
    "runtime": 0.4884464740753174,
    "exception": {
        "occurred": false,
        "severity": "",
        "type": "",
        "note": ""
    }
}