{
    "id": 2418200805376,
    "userid": 1234,
    "urgency": 16,
    "priority": 16,
    "t_submit": 1684198095.6072054,
    "t_depend": 1684198095.6189015,
    "t_run": 1684198095.6342416,
    "t_cleanup": 1684198096.299502,
    "t_inactive": 1684198096.301581,
    "state": "INACTIVE",
    "name": "ring_c",
    "ntasks": 224,
    "ncores": 224,
    "duration": 0.0,
    "nnodes": 4,
    "ranks": "[0-3]",
    "nodelist": "flux-sample-[4-7]",
    "success": true,
    "exception_occurred": false,
    "result": "COMPLETED",
    "expiration": 4837798095.0,
    "waitstatus": 0,
    "returncode": 0,
    "runtime": 0.6652603149414062,
    "exception": {
        "occurred": false,
        "severity": "",
        "type": "",
        "note": ""
    }
}