{
    "id": 2981428723712,
    "userid": 1234,
    "urgency": 16,
    "priority": 16,
    "t_submit": 1684197402.0809975,
    "t_depend": 1684197402.0925534,
    "t_run": 1684197402.1087468,
    "t_cleanup": 1684197402.3437638,
    "t_inactive": 1684197402.345757,
    "state": "INACTIVE",
    "name": "ring_c",
    "ntasks": 392,
    "ncores": 392,
    "duration": 0.0,
    "nnodes": 7,
    "ranks": "[0-6]",
    "nodelist": "flux-sample-[1-7]",
    "success": true,
    "exception_occurred": false,
    "result": "COMPLETED",
    "expiration": 4837797402.0,
    "waitstatus": 0,
    "returncode": 0,
    "runtime": 0.2350170612335205,
    "exception": {
        "occurred": false,
        "severity": "",
        "type": "",
        "note": ""
    }
}