{
    "id": 3046390104064,
    "userid": 1234,
    "urgency": 16,
    "priority": 16,
    "t_submit": 1684197405.9533436,
    "t_depend": 1684197405.9650664,
    "t_run": 1684197405.9812102,
    "t_cleanup": 1684197406.1981473,
    "t_inactive": 1684197406.200305,
    "state": "INACTIVE",
    "name": "ring_c",
    "ntasks": 392,
    "ncores": 392,
    "duration": 0.0,
    "nnodes": 7,
    "ranks": "[0-6]",
    "nodelist": "flux-sample-[1-7]",
    "success": true,
    "exception_occurred": false,
    "result": "COMPLETED",
    "expiration": 4837797405.0,
    "waitstatus": 0,
    "returncode": 0,
    "runtime": 0.21693706512451172,
    "exception": {
        "occurred": false,
        "severity": "",
        "type": "",
        "note": ""
    }
}