{
    "id": 2970036994048,
    "userid": 1234,
    "urgency": 16,
    "priority": 16,
    "t_submit": 1684197401.4019122,
    "t_depend": 1684197401.4139726,
    "t_run": 1684197401.429866,
    "t_cleanup": 1684197401.6328099,
    "t_inactive": 1684197401.6349008,
    "state": "INACTIVE",
    "name": "ring_c",
    "ntasks": 392,
    "ncores": 392,
    "duration": 0.0,
    "nnodes": 7,
    "ranks": "[0-6]",
    "nodelist": "flux-sample-[1-7]",
    "success": true,
    "exception_occurred": false,
    "result": "COMPLETED",
    "expiration": 4837797401.0,
    "waitstatus": 0,
    "returncode": 0,
    "runtime": 0.2029438018798828,
    "exception": {
        "occurred": false,
        "severity": "",
        "type": "",
        "note": ""
    }
}