{
    "id": 3023120105472,
    "userid": 1234,
    "urgency": 16,
    "priority": 16,
    "t_submit": 1684197404.5658357,
    "t_depend": 1684197404.57778,
    "t_run": 1684197404.5936098,
    "t_cleanup": 1684197404.809295,
    "t_inactive": 1684197404.8110764,
    "state": "INACTIVE",
    "name": "ring_c",
    "ntasks": 392,
    "ncores": 392,
    "duration": 0.0,
    "nnodes": 7,
    "ranks": "[0-6]",
    "nodelist": "flux-sample-[1-7]",
    "success": true,
    "exception_occurred": false,
    "result": "COMPLETED",
    "expiration": 4837797404.0,
    "waitstatus": 0,
    "returncode": 0,
    "runtime": 0.21568512916564941,
    "exception": {
        "occurred": false,
        "severity": "",
        "type": "",
        "note": ""
    }
}