{
    "id": 3058838798336,
    "userid": 1234,
    "urgency": 16,
    "priority": 16,
    "t_submit": 1684197406.6951394,
    "t_depend": 1684197406.707108,
    "t_run": 1684197406.7232358,
    "t_cleanup": 1684197406.9493885,
    "t_inactive": 1684197406.9512818,
    "state": "INACTIVE",
    "name": "ring_c",
    "ntasks": 392,
    "ncores": 392,
    "duration": 0.0,
    "nnodes": 7,
    "ranks": "[0-6]",
    "nodelist": "flux-sample-[1-7]",
    "success": true,
    "exception_occurred": false,
    "result": "COMPLETED",
    "expiration": 4837797406.0,
    "waitstatus": 0,
    "returncode": 0,
    "runtime": 0.22615265846252441,
    "exception": {
        "occurred": false,
        "severity": "",
        "type": "",
        "note": ""
    }
}