{
    "id": 3017281634304,
    "userid": 1234,
    "urgency": 16,
    "priority": 16,
    "t_submit": 1684197404.2178648,
    "t_depend": 1684197404.2297668,
    "t_run": 1684197404.245724,
    "t_cleanup": 1684197404.4616883,
    "t_inactive": 1684197404.4661865,
    "state": "INACTIVE",
    "name": "ring_c",
    "ntasks": 392,
    "ncores": 392,
    "duration": 0.0,
    "nnodes": 7,
    "ranks": "[0-6]",
    "nodelist": "flux-sample-[1-7]",
    "success": true,
    "exception_occurred": false,
    "result": "COMPLETED",
    "expiration": 4837797404.0,
    "waitstatus": 0,
    "returncode": 0,
    "runtime": 0.21596431732177734,
    "exception": {
        "occurred": false,
        "severity": "",
        "type": "",
        "note": ""
    }
}