{
    "id": 14971752677376,
    "userid": 1000,
    "urgency": 16,
    "priority": 16,
    "t_submit": 1684025930.7548285,
    "t_depend": 1684025930.7664044,
    "t_run": 1684025930.7981102,
    "t_cleanup": 1684025964.0016472,
    "t_inactive": 1684025964.0037153,
    "state": "INACTIVE",
    "name": "lmp",
    "ntasks": 448,
    "ncores": 448,
    "duration": 0.0,
    "nnodes": 8,
    "ranks": "[0-7]",
    "nodelist": "flux-sample-[0-7]",
    "success": true,
    "exception_occurred": false,
    "result": "COMPLETED",
    "expiration": 4837625930.0,
    "waitstatus": 0,
    "returncode": 0,
    "runtime": 33.20353698730469,
    "exception": {
        "occurred": false,
        "severity": "",
        "type": "",
        "note": ""
    }
}