{
    "id": 11630284898304,
    "userid": 1000,
    "urgency": 16,
    "priority": 16,
    "t_submit": 1684025731.5873883,
    "t_depend": 1684025731.5991237,
    "t_run": 1684025731.6303895,
    "t_cleanup": 1684025764.9872932,
    "t_inactive": 1684025764.989531,
    "state": "INACTIVE",
    "name": "lmp",
    "ntasks": 448,
    "ncores": 448,
    "duration": 0.0,
    "nnodes": 8,
    "ranks": "[0-7]",
    "nodelist": "flux-sample-[0-7]",
    "success": true,
    "exception_occurred": false,
    "result": "COMPLETED",
    "expiration": 4837625731.0,
    "waitstatus": 0,
    "returncode": 0,
    "runtime": 33.35690379142761,
    "exception": {
        "occurred": false,
        "severity": "",
        "type": "",
        "note": ""
    }
}