{
    "id": 6056591753216,
    "userid": 1000,
    "urgency": 16,
    "priority": 16,
    "t_submit": 1684025399.369732,
    "t_depend": 1684025399.381191,
    "t_run": 1684025399.4129088,
    "t_cleanup": 1684025432.2252727,
    "t_inactive": 1684025432.2274008,
    "state": "INACTIVE",
    "name": "lmp",
    "ntasks": 448,
    "ncores": 448,
    "duration": 0.0,
    "nnodes": 8,
    "ranks": "[0-7]",
    "nodelist": "flux-sample-[0-7]",
    "success": true,
    "exception_occurred": false,
    "result": "COMPLETED",
    "expiration": 4837625399.0,
    "waitstatus": 0,
    "returncode": 0,
    "runtime": 32.81236386299133,
    "exception": {
        "occurred": false,
        "severity": "",
        "type": "",
        "note": ""
    }
}