{
    "id": 12754006048768,
    "userid": 1000,
    "urgency": 16,
    "priority": 16,
    "t_submit": 1684025798.5661545,
    "t_depend": 1684025798.5779183,
    "t_run": 1684025798.6099389,
    "t_cleanup": 1684025831.3776062,
    "t_inactive": 1684025831.3795254,
    "state": "INACTIVE",
    "name": "lmp",
    "ntasks": 448,
    "ncores": 448,
    "duration": 0.0,
    "nnodes": 8,
    "ranks": "[0-7]",
    "nodelist": "flux-sample-[0-7]",
    "success": true,
    "exception_occurred": false,
    "result": "COMPLETED",
    "expiration": 4837625798.0,
    "waitstatus": 0,
    "returncode": 0,
    "runtime": 32.767667293548584,
    "exception": {
        "occurred": false,
        "severity": "",
        "type": "",
        "note": ""
    }
}