{
    "id": 4391453065216,
    "userid": 1000,
    "urgency": 16,
    "priority": 16,
    "t_submit": 1684025300.1192331,
    "t_depend": 1684025300.1314194,
    "t_run": 1684025300.1635928,
    "t_cleanup": 1684025333.190129,
    "t_inactive": 1684025333.191921,
    "state": "INACTIVE",
    "name": "lmp",
    "ntasks": 448,
    "ncores": 448,
    "duration": 0.0,
    "nnodes": 8,
    "ranks": "[0-7]",
    "nodelist": "flux-sample-[0-7]",
    "success": true,
    "exception_occurred": false,
    "result": "COMPLETED",
    "expiration": 4837625300.0,
    "waitstatus": 0,
    "returncode": 0,
    "runtime": 33.02653622627258,
    "exception": {
        "occurred": false,
        "severity": "",
        "type": "",
        "note": ""
    }
}