{
    "id": 8286099210240,
    "userid": 1000,
    "urgency": 16,
    "priority": 16,
    "t_submit": 1684025532.2583513,
    "t_depend": 1684025532.2700455,
    "t_run": 1684025532.3017786,
    "t_cleanup": 1684025565.0607934,
    "t_inactive": 1684025565.0626862,
    "state": "INACTIVE",
    "name": "lmp",
    "ntasks": 448,
    "ncores": 448,
    "duration": 0.0,
    "nnodes": 8,
    "ranks": "[0-7]",
    "nodelist": "flux-sample-[0-7]",
    "success": true,
    "exception_occurred": false,
    "result": "COMPLETED",
    "expiration": 4837625532.0,
    "waitstatus": 0,
    "returncode": 0,
    "runtime": 32.75901484489441,
    "exception": {
        "occurred": false,
        "severity": "",
        "type": "",
        "note": ""
    }
}