{
    "id": 5500762587136,
    "userid": 1000,
    "urgency": 16,
    "priority": 16,
    "t_submit": 1684025366.2391238,
    "t_depend": 1684025366.2508812,
    "t_run": 1684025366.282165,
    "t_cleanup": 1684025399.0958896,
    "t_inactive": 1684025399.09775,
    "state": "INACTIVE",
    "name": "lmp",
    "ntasks": 448,
    "ncores": 448,
    "duration": 0.0,
    "nnodes": 8,
    "ranks": "[0-7]",
    "nodelist": "flux-sample-[0-7]",
    "success": true,
    "exception_occurred": false,
    "result": "COMPLETED",
    "expiration": 4837625366.0,
    "waitstatus": 0,
    "returncode": 0,
    "runtime": 32.813724517822266,
    "exception": {
        "occurred": false,
        "severity": "",
        "type": "",
        "note": ""
    }
}