{
    "id": 13869388922880,
    "userid": 1000,
    "urgency": 16,
    "priority": 16,
    "t_submit": 1684025865.0484548,
    "t_depend": 1684025865.0601962,
    "t_run": 1684025865.0920177,
    "t_cleanup": 1684025897.7147133,
    "t_inactive": 1684025897.7168617,
    "state": "INACTIVE",
    "name": "lmp",
    "ntasks": 448,
    "ncores": 448,
    "duration": 0.0,
    "nnodes": 8,
    "ranks": "[0-7]",
    "nodelist": "flux-sample-[0-7]",
    "success": true,
    "exception_occurred": false,
    "result": "COMPLETED",
    "expiration": 4837625865.0,
    "waitstatus": 0,
    "returncode": 0,
    "runtime": 32.62269568443298,
    "exception": {
        "occurred": false,
        "severity": "",
        "type": "",
        "note": ""
    }
}