{
    "id": 6612387364864,
    "userid": 1000,
    "urgency": 16,
    "priority": 16,
    "t_submit": 1684025432.4978218,
    "t_depend": 1684025432.509447,
    "t_run": 1684025432.541246,
    "t_cleanup": 1684025465.372376,
    "t_inactive": 1684025465.3741214,
    "state": "INACTIVE",
    "name": "lmp",
    "ntasks": 448,
    "ncores": 448,
    "duration": 0.0,
    "nnodes": 8,
    "ranks": "[0-7]",
    "nodelist": "flux-sample-[0-7]",
    "success": true,
    "exception_occurred": false,
    "result": "COMPLETED",
    "expiration": 4837625432.0,
    "waitstatus": 0,
    "returncode": 0,
    "runtime": 32.831130027770996,
    "exception": {
        "occurred": false,
        "severity": "",
        "type": "",
        "note": ""
    }
}