{
    "id": 1168264658944,
    "userid": 1234,
    "urgency": 16,
    "priority": 16,
    "t_submit": 1684198021.1052816,
    "t_depend": 1684198021.1167226,
    "t_run": 1684198021.130788,
    "t_cleanup": 1684198021.5329416,
    "t_inactive": 1684198021.5347261,
    "state": "INACTIVE",
    "name": "hello_c",
    "ntasks": 224,
    "ncores": 224,
    "duration": 0.0,
    "nnodes": 4,
    "ranks": "[0-3]",
    "nodelist": "flux-sample-[4-7]",
    "success": true,
    "exception_occurred": false,
    "result": "COMPLETED",
    "expiration": 4837798021.0,
    "waitstatus": 0,
    "returncode": 0,
    "runtime": 0.40215349197387695,
    "exception": {
        "occurred": false,
        "severity": "",
        "type": "",
        "note": ""
    }
}