{
    "id": 1268676296704,
    "userid": 1234,
    "urgency": 16,
    "priority": 16,
    "t_submit": 1684198027.0901966,
    "t_depend": 1684198027.1017368,
    "t_run": 1684198027.1160297,
    "t_cleanup": 1684198027.5382445,
    "t_inactive": 1684198027.5403647,
    "state": "INACTIVE",
    "name": "hello_c",
    "ntasks": 224,
    "ncores": 224,
    "duration": 0.0,
    "nnodes": 4,
    "ranks": "[0-3]",
    "nodelist": "flux-sample-[4-7]",
    "success": true,
    "exception_occurred": false,
    "result": "COMPLETED",
    "expiration": 4837798027.0,
    "waitstatus": 0,
    "returncode": 0,
    "runtime": 0.4222147464752197,
    "exception": {
        "occurred": false,
        "severity": "",
        "type": "",
        "note": ""
    }
}