{
    "id": 1232286515200,
    "userid": 1234,
    "urgency": 16,
    "priority": 16,
    "t_submit": 1684198024.9211164,
    "t_depend": 1684198024.932481,
    "t_run": 1684198024.9464583,
    "t_cleanup": 1684198025.351223,
    "t_inactive": 1684198025.3529892,
    "state": "INACTIVE",
    "name": "hello_c",
    "ntasks": 224,
    "ncores": 224,
    "duration": 0.0,
    "nnodes": 4,
    "ranks": "[0-3]",
    "nodelist": "flux-sample-[4-7]",
    "success": true,
    "exception_occurred": false,
    "result": "COMPLETED",
    "expiration": 4837798024.0,
    "waitstatus": 0,
    "returncode": 0,
    "runtime": 0.40476465225219727,
    "exception": {
        "occurred": false,
        "severity": "",
        "type": "",
        "note": ""
    }
}