{
    "id": 1148517875712,
    "userid": 1234,
    "urgency": 16,
    "priority": 16,
    "t_submit": 1684198019.9284577,
    "t_depend": 1684198019.9397545,
    "t_run": 1684198019.9537227,
    "t_cleanup": 1684198020.4661853,
    "t_inactive": 1684198020.4678583,
    "state": "INACTIVE",
    "name": "hello_c",
    "ntasks": 224,
    "ncores": 224,
    "duration": 0.0,
    "nnodes": 4,
    "ranks": "[0-3]",
    "nodelist": "flux-sample-[4-7]",
    "success": true,
    "exception_occurred": false,
    "result": "COMPLETED",
    "expiration": 4837798019.0,
    "waitstatus": 0,
    "returncode": 0,
    "runtime": 0.5124626159667969,
    "exception": {
        "occurred": false,
        "severity": "",
        "type": "",
        "note": ""
    }
}