{
    "id": 1159288848384,
    "userid": 1234,
    "urgency": 16,
    "priority": 16,
    "t_submit": 1684198020.5699403,
    "t_depend": 1684198020.5814612,
    "t_run": 1684198020.595769,
    "t_cleanup": 1684198020.9968145,
    "t_inactive": 1684198020.99854,
    "state": "INACTIVE",
    "name": "hello_c",
    "ntasks": 224,
    "ncores": 224,
    "duration": 0.0,
    "nnodes": 4,
    "ranks": "[0-3]",
    "nodelist": "flux-sample-[4-7]",
    "success": true,
    "exception_occurred": false,
    "result": "COMPLETED",
    "expiration": 4837798020.0,
    "waitstatus": 0,
    "returncode": 0,
    "runtime": 0.401045560836792,
    "exception": {
        "occurred": false,
        "severity": "",
        "type": "",
        "note": ""
    }
}