{
    "id": 1101222903808,
    "userid": 1234,
    "urgency": 16,
    "priority": 16,
    "t_submit": 1684198017.1086092,
    "t_depend": 1684198017.1201081,
    "t_run": 1684198017.1343493,
    "t_cleanup": 1684198017.5804129,
    "t_inactive": 1684198017.5825384,
    "state": "INACTIVE",
    "name": "hello_c",
    "ntasks": 224,
    "ncores": 224,
    "duration": 0.0,
    "nnodes": 4,
    "ranks": "[0-3]",
    "nodelist": "flux-sample-[4-7]",
    "success": true,
    "exception_occurred": false,
    "result": "COMPLETED",
    "expiration": 4837798017.0,
    "waitstatus": 0,
    "returncode": 0,
    "runtime": 0.4460635185241699,
    "exception": {
        "occurred": false,
        "severity": "",
        "type": "",
        "note": ""
    }
}