{
    "id": 1259734040576,
    "userid": 1234,
    "urgency": 16,
    "priority": 16,
    "t_submit": 1684198026.5575197,
    "t_depend": 1684198026.5688508,
    "t_run": 1684198026.5831585,
    "t_cleanup": 1684198026.986492,
    "t_inactive": 1684198026.9881113,
    "state": "INACTIVE",
    "name": "hello_c",
    "ntasks": 224,
    "ncores": 224,
    "duration": 0.0,
    "nnodes": 4,
    "ranks": "[0-3]",
    "nodelist": "flux-sample-[4-7]",
    "success": true,
    "exception_occurred": false,
    "result": "COMPLETED",
    "expiration": 4837798026.0,
    "waitstatus": 0,
    "returncode": 0,
    "runtime": 0.4033334255218506,
    "exception": {
        "occurred": false,
        "severity": "",
        "type": "",
        "note": ""
    }
}