{
    "id": 1129408626688,
    "userid": 1234,
    "urgency": 16,
    "priority": 16,
    "t_submit": 1684198018.7888196,
    "t_depend": 1684198018.8003159,
    "t_run": 1684198018.8142264,
    "t_cleanup": 1684198019.2628105,
    "t_inactive": 1684198019.2642443,
    "state": "INACTIVE",
    "name": "hello_c",
    "ntasks": 224,
    "ncores": 224,
    "duration": 0.0,
    "nnodes": 4,
    "ranks": "[0-3]",
    "nodelist": "flux-sample-[4-7]",
    "success": true,
    "exception_occurred": false,
    "result": "COMPLETED",
    "expiration": 4837798018.0,
    "waitstatus": 0,
    "returncode": 0,
    "runtime": 0.44858407974243164,
    "exception": {
        "occurred": false,
        "severity": "",
        "type": "",
        "note": ""
    }
}