{
    "id": 1110903357440,
    "userid": 1234,
    "urgency": 16,
    "priority": 16,
    "t_submit": 1684198017.6861775,
    "t_depend": 1684198017.697477,
    "t_run": 1684198017.7114697,
    "t_cleanup": 1684198018.1292448,
    "t_inactive": 1684198018.130633,
    "state": "INACTIVE",
    "name": "hello_c",
    "ntasks": 224,
    "ncores": 224,
    "duration": 0.0,
    "nnodes": 4,
    "ranks": "[0-3]",
    "nodelist": "flux-sample-[4-7]",
    "success": true,
    "exception_occurred": false,
    "result": "COMPLETED",
    "expiration": 4837798017.0,
    "waitstatus": 0,
    "returncode": 0,
    "runtime": 0.41777515411376953,
    "exception": {
        "occurred": false,
        "severity": "",
        "type": "",
        "note": ""
    }
}