{
    "id": 1120097271808,
    "userid": 1234,
    "urgency": 16,
    "priority": 16,
    "t_submit": 1684198018.234036,
    "t_depend": 1684198018.2452602,
    "t_run": 1684198018.2593398,
    "t_cleanup": 1684198018.6816645,
    "t_inactive": 1684198018.6832092,
    "state": "INACTIVE",
    "name": "hello_c",
    "ntasks": 224,
    "ncores": 224,
    "duration": 0.0,
    "nnodes": 4,
    "ranks": "[0-3]",
    "nodelist": "flux-sample-[4-7]",
    "success": true,
    "exception_occurred": false,
    "result": "COMPLETED",
    "expiration": 4837798018.0,
    "waitstatus": 0,
    "returncode": 0,
    "runtime": 0.42232465744018555,
    "exception": {
        "occurred": false,
        "severity": "",
        "type": "",
        "note": ""
    }
}