{
    "id": 1139105857536,
    "userid": 1234,
    "urgency": 16,
    "priority": 16,
    "t_submit": 1684198019.3674526,
    "t_depend": 1684198019.3787594,
    "t_run": 1684198019.3928187,
    "t_cleanup": 1684198019.8255684,
    "t_inactive": 1684198019.8276572,
    "state": "INACTIVE",
    "name": "hello_c",
    "ntasks": 224,
    "ncores": 224,
    "duration": 0.0,
    "nnodes": 4,
    "ranks": "[0-3]",
    "nodelist": "flux-sample-[4-7]",
    "success": true,
    "exception_occurred": false,
    "result": "COMPLETED",
    "expiration": 4837798019.0,
    "waitstatus": 0,
    "returncode": 0,
    "runtime": 0.43274974822998047,
    "exception": {
        "occurred": false,
        "severity": "",
        "type": "",
        "note": ""
    }
}