{
    "id": 1241245548544,
    "userid": 1234,
    "urgency": 16,
    "priority": 16,
    "t_submit": 1684198025.4549723,
    "t_depend": 1684198025.4663,
    "t_run": 1684198025.4803665,
    "t_cleanup": 1684198025.931627,
    "t_inactive": 1684198025.933361,
    "state": "INACTIVE",
    "name": "hello_c",
    "ntasks": 224,
    "ncores": 224,
    "duration": 0.0,
    "nnodes": 4,
    "ranks": "[0-3]",
    "nodelist": "flux-sample-[4-7]",
    "success": true,
    "exception_occurred": false,
    "result": "COMPLETED",
    "expiration": 4837798025.0,
    "waitstatus": 0,
    "returncode": 0,
    "runtime": 0.4512605667114258,
    "exception": {
        "occurred": false,
        "severity": "",
        "type": "",
        "note": ""
    }
}