{
    "id": 1186065285120,
    "userid": 1234,
    "urgency": 16,
    "priority": 16,
    "t_submit": 1684198022.1661968,
    "t_depend": 1684198022.1775477,
    "t_run": 1684198022.191523,
    "t_cleanup": 1684198022.6364837,
    "t_inactive": 1684198022.6382344,
    "state": "INACTIVE",
    "name": "hello_c",
    "ntasks": 224,
    "ncores": 224,
    "duration": 0.0,
    "nnodes": 4,
    "ranks": "[0-3]",
    "nodelist": "flux-sample-[4-7]",
    "success": true,
    "exception_occurred": false,
    "result": "COMPLETED",
    "expiration": 4837798022.0,
    "waitstatus": 0,
    "returncode": 0,
    "runtime": 0.4449605941772461,
    "exception": {
        "occurred": false,
        "severity": "",
        "type": "",
        "note": ""
    }
}