{
    "id": 1195712184320,
    "userid": 1234,
    "urgency": 16,
    "priority": 16,
    "t_submit": 1684198022.7405965,
    "t_depend": 1684198022.752157,
    "t_run": 1684198022.7664938,
    "t_cleanup": 1684198023.1511927,
    "t_inactive": 1684198023.1530094,
    "state": "INACTIVE",
    "name": "hello_c",
    "ntasks": 224,
    "ncores": 224,
    "duration": 0.0,
    "nnodes": 4,
    "ranks": "[0-3]",
    "nodelist": "flux-sample-[4-7]",
    "success": true,
    "exception_occurred": false,
    "result": "COMPLETED",
    "expiration": 4837798022.0,
    "waitstatus": 0,
    "returncode": 0,
    "runtime": 0.38469886779785156,
    "exception": {
        "occurred": false,
        "severity": "",
        "type": "",
        "note": ""
    }
}