{
    "id": 1250976333824,
    "userid": 1234,
    "urgency": 16,
    "priority": 16,
    "t_submit": 1684198026.0349524,
    "t_depend": 1684198026.0463014,
    "t_run": 1684198026.060083,
    "t_cleanup": 1684198026.4535422,
    "t_inactive": 1684198026.4560368,
    "state": "INACTIVE",
    "name": "hello_c",
    "ntasks": 224,
    "ncores": 224,
    "duration": 0.0,
    "nnodes": 4,
    "ranks": "[0-3]",
    "nodelist": "flux-sample-[4-7]",
    "success": true,
    "exception_occurred": false,
    "result": "COMPLETED",
    "expiration": 4837798026.0,
    "waitstatus": 0,
    "returncode": 0,
    "runtime": 0.3934593200683594,
    "exception": {
        "occurred": false,
        "severity": "",
        "type": "",
        "note": ""
    }
}