{
    "id": 1035925979136,
    "userid": 1234,
    "urgency": 16,
    "priority": 16,
    "t_submit": 1684198013.2169015,
    "t_depend": 1684198013.2282715,
    "t_run": 1684198013.2423613,
    "t_cleanup": 1684198013.470966,
    "t_inactive": 1684198013.4727948,
    "state": "INACTIVE",
    "name": "hello_c",
    "ntasks": 224,
    "ncores": 224,
    "duration": 0.0,
    "nnodes": 4,
    "ranks": "[0-3]",
    "nodelist": "flux-sample-[4-7]",
    "success": true,
    "exception_occurred": false,
    "result": "COMPLETED",
    "expiration": 4837798013.0,
    "waitstatus": 0,
    "returncode": 0,
    "runtime": 0.22860479354858398,
    "exception": {
        "occurred": false,
        "severity": "",
        "type": "",
        "note": ""
    }
}