{
    "id": 1072164765696,
    "userid": 1234,
    "urgency": 16,
    "priority": 16,
    "t_submit": 1684198015.376815,
    "t_depend": 1684198015.388239,
    "t_run": 1684198015.4022126,
    "t_cleanup": 1684198015.644073,
    "t_inactive": 1684198015.6456945,
    "state": "INACTIVE",
    "name": "hello_c",
    "ntasks": 224,
    "ncores": 224,
    "duration": 0.0,
    "nnodes": 4,
    "ranks": "[0-3]",
    "nodelist": "flux-sample-[4-7]",
    "success": true,
    "exception_occurred": false,
    "result": "COMPLETED",
    "expiration": 4837798015.0,
    "waitstatus": 0,
    "returncode": 0,
    "runtime": 0.24186038970947266,
    "exception": {
        "occurred": false,
        "severity": "",
        "type": "",
        "note": ""
    }
}