{
    "id": 1065873309696,
    "userid": 1234,
    "urgency": 16,
    "priority": 16,
    "t_submit": 1684198015.0019398,
    "t_depend": 1684198015.013312,
    "t_run": 1684198015.0275269,
    "t_cleanup": 1684198015.2708702,
    "t_inactive": 1684198015.2725558,
    "state": "INACTIVE",
    "name": "hello_c",
    "ntasks": 224,
    "ncores": 224,
    "duration": 0.0,
    "nnodes": 4,
    "ranks": "[0-3]",
    "nodelist": "flux-sample-[4-7]",
    "success": true,
    "exception_occurred": false,
    "result": "COMPLETED",
    "expiration": 4837798015.0,
    "waitstatus": 0,
    "returncode": 0,
    "runtime": 0.24334335327148438,
    "exception": {
        "occurred": false,
        "severity": "",
        "type": "",
        "note": ""
    }
}