{
    "id": 1005005570048,
    "userid": 1234,
    "urgency": 16,
    "priority": 16,
    "t_submit": 1684198011.3741798,
    "t_depend": 1684198011.3853645,
    "t_run": 1684198011.399343,
    "t_cleanup": 1684198011.6469517,
    "t_inactive": 1684198011.6487043,
    "state": "INACTIVE",
    "name": "hello_c",
    "ntasks": 224,
    "ncores": 224,
    "duration": 0.0,
    "nnodes": 4,
    "ranks": "[0-3]",
    "nodelist": "flux-sample-[4-7]",
    "success": true,
    "exception_occurred": false,
    "result": "COMPLETED",
    "expiration": 4837798011.0,
    "waitstatus": 0,
    "returncode": 0,
    "runtime": 0.24760866165161133,
    "exception": {
        "occurred": false,
        "severity": "",
        "type": "",
        "note": ""
    }
}