{
    "id": 1047636475904,
    "userid": 1234,
    "urgency": 16,
    "priority": 16,
    "t_submit": 1684198013.9152179,
    "t_depend": 1684198013.9266033,
    "t_run": 1684198013.9404707,
    "t_cleanup": 1684198014.1727538,
    "t_inactive": 1684198014.1744795,
    "state": "INACTIVE",
    "name": "hello_c",
    "ntasks": 224,
    "ncores": 224,
    "duration": 0.0,
    "nnodes": 4,
    "ranks": "[0-3]",
    "nodelist": "flux-sample-[4-7]",
    "success": true,
    "exception_occurred": false,
    "result": "COMPLETED",
    "expiration": 4837798013.0,
    "waitstatus": 0,
    "returncode": 0,
    "runtime": 0.2322831153869629,
    "exception": {
        "occurred": false,
        "severity": "",
        "type": "",
        "note": ""
    }
}