{
    "id": 973632176128,
    "userid": 1234,
    "urgency": 16,
    "priority": 16,
    "t_submit": 1684198009.504059,
    "t_depend": 1684198009.515545,
    "t_run": 1684198009.5296824,
    "t_cleanup": 1684198009.782953,
    "t_inactive": 1684198009.7845473,
    "state": "INACTIVE",
    "name": "hello_c",
    "ntasks": 224,
    "ncores": 224,
    "duration": 0.0,
    "nnodes": 4,
    "ranks": "[0-3]",
    "nodelist": "flux-sample-[4-7]",
    "success": true,
    "exception_occurred": false,
    "result": "COMPLETED",
    "expiration": 4837798009.0,
    "waitstatus": 0,
    "returncode": 0,
    "runtime": 0.25327062606811523,
    "exception": {
        "occurred": false,
        "severity": "",
        "type": "",
        "note": ""
    }
}