{
    "id": 1078422667264,
    "userid": 1234,
    "urgency": 16,
    "priority": 16,
    "t_submit": 1684198015.7499454,
    "t_depend": 1684198015.7613637,
    "t_run": 1684198015.7755868,
    "t_cleanup": 1684198016.0196164,
    "t_inactive": 1684198016.0213149,
    "state": "INACTIVE",
    "name": "hello_c",
    "ntasks": 224,
    "ncores": 224,
    "duration": 0.0,
    "nnodes": 4,
    "ranks": "[0-3]",
    "nodelist": "flux-sample-[4-7]",
    "success": true,
    "exception_occurred": false,
    "result": "COMPLETED",
    "expiration": 4837798015.0,
    "waitstatus": 0,
    "returncode": 0,
    "runtime": 0.24402952194213867,
    "exception": {
        "occurred": false,
        "severity": "",
        "type": "",
        "note": ""
    }
}