{
    "id": 1029600968704,
    "userid": 1234,
    "urgency": 16,
    "priority": 16,
    "t_submit": 1684198012.8405259,
    "t_depend": 1684198012.8518813,
    "t_run": 1684198012.8658931,
    "t_cleanup": 1684198013.1143901,
    "t_inactive": 1684198013.1161766,
    "state": "INACTIVE",
    "name": "hello_c",
    "ntasks": 224,
    "ncores": 224,
    "duration": 0.0,
    "nnodes": 4,
    "ranks": "[0-3]",
    "nodelist": "flux-sample-[4-7]",
    "success": true,
    "exception_occurred": false,
    "result": "COMPLETED",
    "expiration": 4837798012.0,
    "waitstatus": 0,
    "returncode": 0,
    "runtime": 0.24849700927734375,
    "exception": {
        "occurred": false,
        "severity": "",
        "type": "",
        "note": ""
    }
}