{
    "id": 1090972024832,
    "userid": 1234,
    "urgency": 16,
    "priority": 16,
    "t_submit": 1684198016.4982781,
    "t_depend": 1684198016.5096114,
    "t_run": 1684198016.5238369,
    "t_cleanup": 1684198016.752763,
    "t_inactive": 1684198016.7543778,
    "state": "INACTIVE",
    "name": "hello_c",
    "ntasks": 224,
    "ncores": 224,
    "duration": 0.0,
    "nnodes": 4,
    "ranks": "[0-3]",
    "nodelist": "flux-sample-[4-7]",
    "success": true,
    "exception_occurred": false,
    "result": "COMPLETED",
    "expiration": 4837798016.0,
    "waitstatus": 0,
    "returncode": 0,
    "runtime": 0.2289261817932129,
    "exception": {
        "occurred": false,
        "severity": "",
        "type": "",
        "note": ""
    }
}