{
    "id": 1041965776896,
    "userid": 1234,
    "urgency": 16,
    "priority": 16,
    "t_submit": 1684198013.577309,
    "t_depend": 1684198013.5886283,
    "t_run": 1684198013.6026235,
    "t_cleanup": 1684198013.8118625,
    "t_inactive": 1684198013.8134255,
    "state": "INACTIVE",
    "name": "hello_c",
    "ntasks": 224,
    "ncores": 224,
    "duration": 0.0,
    "nnodes": 4,
    "ranks": "[0-3]",
    "nodelist": "flux-sample-[4-7]",
    "success": true,
    "exception_occurred": false,
    "result": "COMPLETED",
    "expiration": 4837798013.0,
    "waitstatus": 0,
    "returncode": 0,
    "runtime": 0.20923900604248047,
    "exception": {
        "occurred": false,
        "severity": "",
        "type": "",
        "note": ""
    }
}