{
    "id": 986164756480,
    "userid": 1234,
    "urgency": 16,
    "priority": 16,
    "t_submit": 1684198010.250753,
    "t_depend": 1684198010.2619817,
    "t_run": 1684198010.2759094,
    "t_cleanup": 1684198010.5367284,
    "t_inactive": 1684198010.5383444,
    "state": "INACTIVE",
    "name": "hello_c",
    "ntasks": 224,
    "ncores": 224,
    "duration": 0.0,
    "nnodes": 4,
    "ranks": "[0-3]",
    "nodelist": "flux-sample-[4-7]",
    "success": true,
    "exception_occurred": false,
    "result": "COMPLETED",
    "expiration": 4837798010.0,
    "waitstatus": 0,
    "returncode": 0,
    "runtime": 0.2608189582824707,
    "exception": {
        "occurred": false,
        "severity": "",
        "type": "",
        "note": ""
    }
}