{
    "id": 1084697346048,
    "userid": 1234,
    "urgency": 16,
    "priority": 16,
    "t_submit": 1684198016.124334,
    "t_depend": 1684198016.1358044,
    "t_run": 1684198016.1497173,
    "t_cleanup": 1684198016.3908732,
    "t_inactive": 1684198016.3926556,
    "state": "INACTIVE",
    "name": "hello_c",
    "ntasks": 224,
    "ncores": 224,
    "duration": 0.0,
    "nnodes": 4,
    "ranks": "[0-3]",
    "nodelist": "flux-sample-[4-7]",
    "success": true,
    "exception_occurred": false,
    "result": "COMPLETED",
    "expiration": 4837798016.0,
    "waitstatus": 0,
    "returncode": 0,
    "runtime": 0.24115586280822754,
    "exception": {
        "occurred": false,
        "severity": "",
        "type": "",
        "note": ""
    }
}