{
    "id": 1023242403840,
    "userid": 1234,
    "urgency": 16,
    "priority": 16,
    "t_submit": 1684198012.4606616,
    "t_depend": 1684198012.4720225,
    "t_run": 1684198012.4859385,
    "t_cleanup": 1684198012.735809,
    "t_inactive": 1684198012.737431,
    "state": "INACTIVE",
    "name": "hello_c",
    "ntasks": 224,
    "ncores": 224,
    "duration": 0.0,
    "nnodes": 4,
    "ranks": "[0-3]",
    "nodelist": "flux-sample-[4-7]",
    "success": true,
    "exception_occurred": false,
    "result": "COMPLETED",
    "expiration": 4837798012.0,
    "waitstatus": 0,
    "returncode": 0,
    "runtime": 0.24987053871154785,
    "exception": {
        "occurred": false,
        "severity": "",
        "type": "",
        "note": ""
    }
}