{
    "id": 998881886208,
    "userid": 1234,
    "urgency": 16,
    "priority": 16,
    "t_submit": 1684198011.0089185,
    "t_depend": 1684198011.0203016,
    "t_run": 1684198011.0347738,
    "t_cleanup": 1684198011.268915,
    "t_inactive": 1684198011.2703793,
    "state": "INACTIVE",
    "name": "hello_c",
    "ntasks": 224,
    "ncores": 224,
    "duration": 0.0,
    "nnodes": 4,
    "ranks": "[0-3]",
    "nodelist": "flux-sample-[4-7]",
    "success": true,
    "exception_occurred": false,
    "result": "COMPLETED",
    "expiration": 4837798011.0,
    "waitstatus": 0,
    "returncode": 0,
    "runtime": 0.23414111137390137,
    "exception": {
        "occurred": false,
        "severity": "",
        "type": "",
        "note": ""
    }
}