{
    "times": {
        "2s": [
            23.673776388168335,
            28.821001529693604,
            28.48911142349243,
            28.378778219223022,
            30.032132148742676
        ],
        "4s": [
            30.80624508857727,
            31.459502696990967,
            29.559258460998535,
            29.936424255371094,
            31.09054183959961
        ],
        "6s": [
            29.848240613937378,
            31.31364369392395,
            31.93844246864319,
            25.02715229988098,
            31.812370777130127
        ],
        "8s": [
            34.29034757614136,
            36.73254132270813,
            34.06839346885681,
            34.320091009140015,
            33.64164209365845
        ],
        "10s": [
            28.906277418136597,
            38.0595018863678,
            30.645014762878418,
            29.282266855239868,
            28.133647918701172
        ],
        "no-timeout-set": [
            49.20073366165161,
            49.92186880111694,
            48.24653339385986,
            49.518335580825806,
            49.80260181427002
        ]
    },
    "means": {
        "2s": 27.878959941864014,
        "4s": 30.570394468307494,
        "6s": 29.987969970703126,
        "8s": 34.61060309410095,
        "10s": 31.00534176826477,
        "no-timeout-set": 49.338014650344846
    },
    "stds": {
        "2s": 2.440761395900023,
        "4s": 0.7970267406780851,
        "6s": 2.8947982807284527,
        "8s": 1.2168051828869748,
        "10s": 4.046995626083076,
        "no-timeout-set": 0.6707122973641513
    }
}