{
    "times": {
        "2s": [
            20.06577229499817,
            30.36175513267517,
            27.743606328964233,
            31.953383445739746,
            28.33726191520691
        ],
        "4s": [
            32.36363744735718,
            32.28484654426575,
            32.159464597702026,
            28.05411148071289,
            27.313421487808228
        ],
        "6s": [
            33.63034772872925,
            31.97790026664734,
            31.46808671951294,
            32.41335201263428,
            26.89672827720642
        ],
        "8s": [
            36.18434739112854,
            28.44026470184326,
            29.291422843933105,
            36.61706829071045,
            28.939706802368164
        ],
        "10s": [
            31.681568384170532,
            30.683356046676636,
            30.6685791015625,
            29.559573888778687,
            29.648940324783325
        ],
        "no-timeout-set": [
            50.17258048057556,
            50.20084762573242,
            49.62109160423279,
            51.80880665779114,
            50.93056392669678
        ]
    },
    "means": {
        "2s": 27.692355823516845,
        "4s": 30.435096311569215,
        "6s": 31.277283000946046,
        "8s": 31.894562005996704,
        "10s": 30.448403549194335,
        "no-timeout-set": 50.54677805900574
    },
    "stds": {
        "2s": 4.57890150221539,
        "4s": 2.526273703108935,
        "6s": 2.5760481707525855,
        "8s": 4.127468864104643,
        "10s": 0.8737183574493433,
        "no-timeout-set": 0.8450732041233748
    }
}