{
    "id": 313968820224,
    "userid": 1000,
    "urgency": 16,
    "priority": 16,
    "t_submit": 1690058328.6022444,
    "t_depend": 1690058328.6139355,
    "t_run": 1690058328.6386,
    "t_cleanup": 1690058673.631662,
    "t_inactive": 1690058673.6337109,
    "state": "INACTIVE",
    "name": "lmp",
    "ntasks": 224,
    "ncores": 224,
    "duration": 0.0,
    "nnodes": 4,
    "ranks": "[0-3]",
    "nodelist": "flux-sample-[60-63]",
    "success": true,
    "exception_occurred": false,
    "result": "COMPLETED",
    "expiration": 4843658328.0,
    "waitstatus": 0,
    "returncode": 0,
    "runtime": 344.99306178092957,
    "exception": {
        "occurred": false,
        "severity": "",
        "type": "",
        "note": ""
    }
}