{
    "id": 6548969488384,
    "userid": 1000,
    "urgency": 16,
    "priority": 16,
    "t_submit": 1684111516.3603215,
    "t_depend": 1684111516.3720093,
    "t_run": 1684111516.3951123,
    "t_cleanup": 1684111532.2463417,
    "t_inactive": 1684111532.248601,
    "state": "INACTIVE",
    "name": "lmp",
    "ntasks": 224,
    "ncores": 224,
    "duration": 0.0,
    "nnodes": 4,
    "ranks": "[0-3]",
    "nodelist": "flux-sample-[4-7]",
    "success": true,
    "exception_occurred": false,
    "result": "COMPLETED",
    "expiration": 4837711516.0,
    "waitstatus": 0,
    "returncode": 0,
    "runtime": 15.851229429244995,
    "exception": {
        "occurred": false,
        "severity": "",
        "type": "",
        "note": ""
    }
}