{
    "id": 5999515664384,
    "userid": 1000,
    "urgency": 16,
    "priority": 16,
    "t_submit": 1684111483.6098888,
    "t_depend": 1684111483.6216872,
    "t_run": 1684111483.644508,
    "t_cleanup": 1684111499.5521367,
    "t_inactive": 1684111499.5546293,
    "state": "INACTIVE",
    "name": "lmp",
    "ntasks": 224,
    "ncores": 224,
    "duration": 0.0,
    "nnodes": 4,
    "ranks": "[0-3]",
    "nodelist": "flux-sample-[4-7]",
    "success": true,
    "exception_occurred": false,
    "result": "COMPLETED",
    "expiration": 4837711483.0,
    "waitstatus": 0,
    "returncode": 0,
    "runtime": 15.907628774642944,
    "exception": {
        "occurred": false,
        "severity": "",
        "type": "",
        "note": ""
    }
}