{
    "id": 5459440304128,
    "userid": 1000,
    "urgency": 16,
    "priority": 16,
    "t_submit": 1684111451.4189425,
    "t_depend": 1684111451.430548,
    "t_run": 1684111451.453839,
    "t_cleanup": 1684111467.1302412,
    "t_inactive": 1684111467.132315,
    "state": "INACTIVE",
    "name": "lmp",
    "ntasks": 224,
    "ncores": 224,
    "duration": 0.0,
    "nnodes": 4,
    "ranks": "[0-3]",
    "nodelist": "flux-sample-[4-7]",
    "success": true,
    "exception_occurred": false,
    "result": "COMPLETED",
    "expiration": 4837711451.0,
    "waitstatus": 0,
    "returncode": 0,
    "runtime": 15.67640209197998,
    "exception": {
        "occurred": false,
        "severity": "",
        "type": "",
        "note": ""
    }
}