{
    "id": 6820173185024,
    "userid": 1000,
    "urgency": 16,
    "priority": 16,
    "t_submit": 1684111532.5248368,
    "t_depend": 1684111532.5366166,
    "t_run": 1684111532.559488,
    "t_cleanup": 1684111548.5277085,
    "t_inactive": 1684111548.5303044,
    "state": "INACTIVE",
    "name": "lmp",
    "ntasks": 224,
    "ncores": 224,
    "duration": 0.0,
    "nnodes": 4,
    "ranks": "[0-3]",
    "nodelist": "flux-sample-[4-7]",
    "success": true,
    "exception_occurred": false,
    "result": "COMPLETED",
    "expiration": 4837711532.0,
    "waitstatus": 0,
    "returncode": 0,
    "runtime": 15.968220472335815,
    "exception": {
        "occurred": false,
        "severity": "",
        "type": "",
        "note": ""
    }
}