{
    "id": 7363234889728,
    "userid": 1000,
    "urgency": 16,
    "priority": 16,
    "t_submit": 1684111564.8941276,
    "t_depend": 1684111564.9056332,
    "t_run": 1684111564.9285586,
    "t_cleanup": 1684111580.7342825,
    "t_inactive": 1684111580.7365792,
    "state": "INACTIVE",
    "name": "lmp",
    "ntasks": 224,
    "ncores": 224,
    "duration": 0.0,
    "nnodes": 4,
    "ranks": "[0-3]",
    "nodelist": "flux-sample-[4-7]",
    "success": true,
    "exception_occurred": false,
    "result": "COMPLETED",
    "expiration": 4837711564.0,
    "waitstatus": 0,
    "returncode": 0,
    "runtime": 15.805723905563354,
    "exception": {
        "occurred": false,
        "severity": "",
        "type": "",
        "note": ""
    }
}