{
    "id": 1384858517504,
    "userid": 1234,
    "urgency": 16,
    "priority": 16,
    "t_submit": 1684197366.9386537,
    "t_depend": 1684197366.9505239,
    "t_run": 1684197366.9645479,
    "t_cleanup": 1684197367.1461096,
    "t_inactive": 1684197367.1480002,
    "state": "INACTIVE",
    "name": "hello_usempi",
    "ntasks": 56,
    "ncores": 56,
    "duration": 0.0,
    "nnodes": 1,
    "ranks": "0",
    "nodelist": "flux-sample-0",
    "success": true,
    "exception_occurred": false,
    "result": "COMPLETED",
    "expiration": 4837797366.0,
    "waitstatus": 0,
    "returncode": 0,
    "runtime": 0.18156170845031738,
    "exception": {
        "occurred": false,
        "severity": "",
        "type": "",
        "note": ""
    }
}