{
    "id": 1342177280000,
    "userid": 1234,
    "urgency": 16,
    "priority": 16,
    "t_submit": 1684197364.3953989,
    "t_depend": 1684197364.4073498,
    "t_run": 1684197364.4223573,
    "t_cleanup": 1684197364.6140227,
    "t_inactive": 1684197364.6160295,
    "state": "INACTIVE",
    "name": "hello_usempi",
    "ntasks": 56,
    "ncores": 56,
    "duration": 0.0,
    "nnodes": 1,
    "ranks": "0",
    "nodelist": "flux-sample-0",
    "success": true,
    "exception_occurred": false,
    "result": "COMPLETED",
    "expiration": 4837797364.0,
    "waitstatus": 0,
    "returncode": 0,
    "runtime": 0.1916654109954834,
    "exception": {
        "occurred": false,
        "severity": "",
        "type": "",
        "note": ""
    }
}