{
    "id": 1319964246016,
    "userid": 1234,
    "urgency": 16,
    "priority": 16,
    "t_submit": 1684197363.0707843,
    "t_depend": 1684197363.0825324,
    "t_run": 1684197363.0961988,
    "t_cleanup": 1684197363.2877417,
    "t_inactive": 1684197363.2895117,
    "state": "INACTIVE",
    "name": "hello_usempi",
    "ntasks": 56,
    "ncores": 56,
    "duration": 0.0,
    "nnodes": 1,
    "ranks": "0",
    "nodelist": "flux-sample-0",
    "success": true,
    "exception_occurred": false,
    "result": "COMPLETED",
    "expiration": 4837797363.0,
    "waitstatus": 0,
    "returncode": 0,
    "runtime": 0.1915428638458252,
    "exception": {
        "occurred": false,
        "severity": "",
        "type": "",
        "note": ""
    }
}