{
    "id": 1292650938368,
    "userid": 1234,
    "urgency": 16,
    "priority": 16,
    "t_submit": 1684197361.4424894,
    "t_depend": 1684197361.4543138,
    "t_run": 1684197361.4682415,
    "t_cleanup": 1684197361.6563916,
    "t_inactive": 1684197361.6580386,
    "state": "INACTIVE",
    "name": "hello_usempi",
    "ntasks": 56,
    "ncores": 56,
    "duration": 0.0,
    "nnodes": 1,
    "ranks": "0",
    "nodelist": "flux-sample-0",
    "success": true,
    "exception_occurred": false,
    "result": "COMPLETED",
    "expiration": 4837797361.0,
    "waitstatus": 0,
    "returncode": 0,
    "runtime": 0.18815016746520996,
    "exception": {
        "occurred": false,
        "severity": "",
        "type": "",
        "note": ""
    }
}