{
    "id": 1314427764736,
    "userid": 1234,
    "urgency": 16,
    "priority": 16,
    "t_submit": 1684197362.7409718,
    "t_depend": 1684197362.7523985,
    "t_run": 1684197362.7661352,
    "t_cleanup": 1684197362.9630904,
    "t_inactive": 1684197362.9648554,
    "state": "INACTIVE",
    "name": "hello_usempi",
    "ntasks": 56,
    "ncores": 56,
    "duration": 0.0,
    "nnodes": 1,
    "ranks": "0",
    "nodelist": "flux-sample-0",
    "success": true,
    "exception_occurred": false,
    "result": "COMPLETED",
    "expiration": 4837797362.0,
    "waitstatus": 0,
    "returncode": 0,
    "runtime": 0.19695520401000977,
    "exception": {
        "occurred": false,
        "severity": "",
        "type": "",
        "note": ""
    }
}