{
    "id": 1390193672192,
    "userid": 1234,
    "urgency": 16,
    "priority": 16,
    "t_submit": 1684197367.2567565,
    "t_depend": 1684197367.2687182,
    "t_run": 1684197367.2831814,
    "t_cleanup": 1684197367.46399,
    "t_inactive": 1684197367.4659476,
    "state": "INACTIVE",
    "name": "hello_usempi",
    "ntasks": 56,
    "ncores": 56,
    "duration": 0.0,
    "nnodes": 1,
    "ranks": "0",
    "nodelist": "flux-sample-0",
    "success": true,
    "exception_occurred": false,
    "result": "COMPLETED",
    "expiration": 4837797367.0,
    "waitstatus": 0,
    "returncode": 0,
    "runtime": 0.18080854415893555,
    "exception": {
        "occurred": false,
        "severity": "",
        "type": "",
        "note": ""
    }
}