{
    "id": 1330953322496,
    "userid": 1234,
    "urgency": 16,
    "priority": 16,
    "t_submit": 1684197363.7260303,
    "t_depend": 1684197363.7375205,
    "t_run": 1684197363.7516468,
    "t_cleanup": 1684197363.952766,
    "t_inactive": 1684197363.9546924,
    "state": "INACTIVE",
    "name": "hello_usempi",
    "ntasks": 56,
    "ncores": 56,
    "duration": 0.0,
    "nnodes": 1,
    "ranks": "0",
    "nodelist": "flux-sample-0",
    "success": true,
    "exception_occurred": false,
    "result": "COMPLETED",
    "expiration": 4837797363.0,
    "waitstatus": 0,
    "returncode": 0,
    "runtime": 0.20111918449401855,
    "exception": {
        "occurred": false,
        "severity": "",
        "type": "",
        "note": ""
    }
}