{
    "id": 1303421911040,
    "userid": 1234,
    "urgency": 16,
    "priority": 16,
    "t_submit": 1684197362.0852547,
    "t_depend": 1684197362.0967767,
    "t_run": 1684197362.1106899,
    "t_cleanup": 1684197362.309989,
    "t_inactive": 1684197362.3118792,
    "state": "INACTIVE",
    "name": "hello_usempi",
    "ntasks": 56,
    "ncores": 56,
    "duration": 0.0,
    "nnodes": 1,
    "ranks": "0",
    "nodelist": "flux-sample-0",
    "success": true,
    "exception_occurred": false,
    "result": "COMPLETED",
    "expiration": 4837797362.0,
    "waitstatus": 0,
    "returncode": 0,
    "runtime": 0.19929909706115723,
    "exception": {
        "occurred": false,
        "severity": "",
        "type": "",
        "note": ""
    }
}