{
    "id": 1358233075712,
    "userid": 1234,
    "urgency": 16,
    "priority": 16,
    "t_submit": 1684197365.3522873,
    "t_depend": 1684197365.3641605,
    "t_run": 1684197365.3783355,
    "t_cleanup": 1684197365.559627,
    "t_inactive": 1684197365.5616388,
    "state": "INACTIVE",
    "name": "hello_usempi",
    "ntasks": 56,
    "ncores": 56,
    "duration": 0.0,
    "nnodes": 1,
    "ranks": "0",
    "nodelist": "flux-sample-0",
    "success": true,
    "exception_occurred": false,
    "result": "COMPLETED",
    "expiration": 4837797365.0,
    "waitstatus": 0,
    "returncode": 0,
    "runtime": 0.1812915802001953,
    "exception": {
        "occurred": false,
        "severity": "",
        "type": "",
        "note": ""
    }
}