{
    "id": 1347646652416,
    "userid": 1234,
    "urgency": 16,
    "priority": 16,
    "t_submit": 1684197364.721167,
    "t_depend": 1684197364.7329855,
    "t_run": 1684197364.7471287,
    "t_cleanup": 1684197364.9288373,
    "t_inactive": 1684197364.9307847,
    "state": "INACTIVE",
    "name": "hello_usempi",
    "ntasks": 56,
    "ncores": 56,
    "duration": 0.0,
    "nnodes": 1,
    "ranks": "0",
    "nodelist": "flux-sample-0",
    "success": true,
    "exception_occurred": false,
    "result": "COMPLETED",
    "expiration": 4837797364.0,
    "waitstatus": 0,
    "returncode": 0,
    "runtime": 0.18170857429504395,
    "exception": {
        "occurred": false,
        "severity": "",
        "type": "",
        "note": ""
    }
}