{
    "id": 1336573689856,
    "userid": 1234,
    "urgency": 16,
    "priority": 16,
    "t_submit": 1684197364.0610223,
    "t_depend": 1684197364.0724866,
    "t_run": 1684197364.0863836,
    "t_cleanup": 1684197364.285894,
    "t_inactive": 1684197364.287709,
    "state": "INACTIVE",
    "name": "hello_usempi",
    "ntasks": 56,
    "ncores": 56,
    "duration": 0.0,
    "nnodes": 1,
    "ranks": "0",
    "nodelist": "flux-sample-0",
    "success": true,
    "exception_occurred": false,
    "result": "COMPLETED",
    "expiration": 4837797364.0,
    "waitstatus": 0,
    "returncode": 0,
    "runtime": 0.1995103359222412,
    "exception": {
        "occurred": false,
        "severity": "",
        "type": "",
        "note": ""
    }
}