{
    "id": 1298036424704,
    "userid": 1234,
    "urgency": 16,
    "priority": 16,
    "t_submit": 1684197361.764399,
    "t_depend": 1684197361.775993,
    "t_run": 1684197361.7898002,
    "t_cleanup": 1684197361.979896,
    "t_inactive": 1684197361.9815047,
    "state": "INACTIVE",
    "name": "hello_usempi",
    "ntasks": 56,
    "ncores": 56,
    "duration": 0.0,
    "nnodes": 1,
    "ranks": "0",
    "nodelist": "flux-sample-0",
    "success": true,
    "exception_occurred": false,
    "result": "COMPLETED",
    "expiration": 4837797361.0,
    "waitstatus": 0,
    "returncode": 0,
    "runtime": 0.1900959014892578,
    "exception": {
        "occurred": false,
        "severity": "",
        "type": "",
        "note": ""
    }
}