{
    "id": 1352931475456,
    "userid": 1234,
    "urgency": 16,
    "priority": 16,
    "t_submit": 1684197365.0357425,
    "t_depend": 1684197365.0474498,
    "t_run": 1684197365.0616977,
    "t_cleanup": 1684197365.2453544,
    "t_inactive": 1684197365.2471814,
    "state": "INACTIVE",
    "name": "hello_usempi",
    "ntasks": 56,
    "ncores": 56,
    "duration": 0.0,
    "nnodes": 1,
    "ranks": "0",
    "nodelist": "flux-sample-0",
    "success": true,
    "exception_occurred": false,
    "result": "COMPLETED",
    "expiration": 4837797365.0,
    "waitstatus": 0,
    "returncode": 0,
    "runtime": 0.1836566925048828,
    "exception": {
        "occurred": false,
        "severity": "",
        "type": "",
        "note": ""
    }
}