{
    "id": 1374121099264,
    "userid": 1234,
    "urgency": 16,
    "priority": 16,
    "t_submit": 1684197366.2992845,
    "t_depend": 1684197366.3112247,
    "t_run": 1684197366.3256693,
    "t_cleanup": 1684197366.50908,
    "t_inactive": 1684197366.5111346,
    "state": "INACTIVE",
    "name": "hello_usempi",
    "ntasks": 56,
    "ncores": 56,
    "duration": 0.0,
    "nnodes": 1,
    "ranks": "0",
    "nodelist": "flux-sample-0",
    "success": true,
    "exception_occurred": false,
    "result": "COMPLETED",
    "expiration": 4837797366.0,
    "waitstatus": 0,
    "returncode": 0,
    "runtime": 0.18341064453125,
    "exception": {
        "occurred": false,
        "severity": "",
        "type": "",
        "note": ""
    }
}