{
    "id": 1379422699520,
    "userid": 1234,
    "urgency": 16,
    "priority": 16,
    "t_submit": 1684197366.6149437,
    "t_depend": 1684197366.62687,
    "t_run": 1684197366.6415024,
    "t_cleanup": 1684197366.8322854,
    "t_inactive": 1684197366.8342204,
    "state": "INACTIVE",
    "name": "hello_usempi",
    "ntasks": 56,
    "ncores": 56,
    "duration": 0.0,
    "nnodes": 1,
    "ranks": "0",
    "nodelist": "flux-sample-0",
    "success": true,
    "exception_occurred": false,
    "result": "COMPLETED",
    "expiration": 4837797366.0,
    "waitstatus": 0,
    "returncode": 0,
    "runtime": 0.19078302383422852,
    "exception": {
        "occurred": false,
        "severity": "",
        "type": "",
        "note": ""
    }
}