{
    "id": 2406322536448,
    "userid": 1234,
    "urgency": 16,
    "priority": 16,
    "t_submit": 1684197058.8215468,
    "t_depend": 1684197058.8332393,
    "t_run": 1684197058.8494148,
    "t_cleanup": 1684197059.0784144,
    "t_inactive": 1684197059.0805728,
    "state": "INACTIVE",
    "name": "ring_c",
    "ntasks": 448,
    "ncores": 448,
    "duration": 0.0,
    "nnodes": 8,
    "ranks": "[0-7]",
    "nodelist": "flux-sample-[0-7]",
    "success": true,
    "exception_occurred": false,
    "result": "COMPLETED",
    "expiration": 4837797058.0,
    "waitstatus": 0,
    "returncode": 0,
    "runtime": 0.22899961471557617,
    "exception": {
        "occurred": false,
        "severity": "",
        "type": "",
        "note": ""
    }
}