{
    "id": 2364329164800,
    "userid": 1234,
    "urgency": 16,
    "priority": 16,
    "t_submit": 1684197056.3186245,
    "t_depend": 1684197056.3304386,
    "t_run": 1684197056.3463862,
    "t_cleanup": 1684197056.566247,
    "t_inactive": 1684197056.5680795,
    "state": "INACTIVE",
    "name": "ring_c",
    "ntasks": 448,
    "ncores": 448,
    "duration": 0.0,
    "nnodes": 8,
    "ranks": "[0-7]",
    "nodelist": "flux-sample-[0-7]",
    "success": true,
    "exception_occurred": false,
    "result": "COMPLETED",
    "expiration": 4837797056.0,
    "waitstatus": 0,
    "returncode": 0,
    "runtime": 0.21986079216003418,
    "exception": {
        "occurred": false,
        "severity": "",
        "type": "",
        "note": ""
    }
}