{
    "id": 2454607364096,
    "userid": 1234,
    "urgency": 16,
    "priority": 16,
    "t_submit": 1684197061.6997068,
    "t_depend": 1684197061.7116024,
    "t_run": 1684197061.7278125,
    "t_cleanup": 1684197061.9553466,
    "t_inactive": 1684197061.9575353,
    "state": "INACTIVE",
    "name": "ring_c",
    "ntasks": 448,
    "ncores": 448,
    "duration": 0.0,
    "nnodes": 8,
    "ranks": "[0-7]",
    "nodelist": "flux-sample-[0-7]",
    "success": true,
    "exception_occurred": false,
    "result": "COMPLETED",
    "expiration": 4837797061.0,
    "waitstatus": 0,
    "returncode": 0,
    "runtime": 0.22753405570983887,
    "exception": {
        "occurred": false,
        "severity": "",
        "type": "",
        "note": ""
    }
}