{
    "id": 2394360381440,
    "userid": 1234,
    "urgency": 16,
    "priority": 16,
    "t_submit": 1684197058.108912,
    "t_depend": 1684197058.1208928,
    "t_run": 1684197058.1369553,
    "t_cleanup": 1684197058.3522444,
    "t_inactive": 1684197058.3543108,
    "state": "INACTIVE",
    "name": "ring_c",
    "ntasks": 448,
    "ncores": 448,
    "duration": 0.0,
    "nnodes": 8,
    "ranks": "[0-7]",
    "nodelist": "flux-sample-[0-7]",
    "success": true,
    "exception_occurred": false,
    "result": "COMPLETED",
    "expiration": 4837797058.0,
    "waitstatus": 0,
    "returncode": 0,
    "runtime": 0.21528911590576172,
    "exception": {
        "occurred": false,
        "severity": "",
        "type": "",
        "note": ""
    }
}