{
    "id": 2424542593024,
    "userid": 1234,
    "urgency": 16,
    "priority": 16,
    "t_submit": 1684197059.9081082,
    "t_depend": 1684197059.9199364,
    "t_run": 1684197059.9359522,
    "t_cleanup": 1684197060.1559663,
    "t_inactive": 1684197060.1580343,
    "state": "INACTIVE",
    "name": "ring_c",
    "ntasks": 448,
    "ncores": 448,
    "duration": 0.0,
    "nnodes": 8,
    "ranks": "[0-7]",
    "nodelist": "flux-sample-[0-7]",
    "success": true,
    "exception_occurred": false,
    "result": "COMPLETED",
    "expiration": 4837797059.0,
    "waitstatus": 0,
    "returncode": 0,
    "runtime": 0.22001409530639648,
    "exception": {
        "occurred": false,
        "severity": "",
        "type": "",
        "note": ""
    }
}