{
    "id": 2436454416384,
    "userid": 1234,
    "urgency": 16,
    "priority": 16,
    "t_submit": 1684197060.6176257,
    "t_depend": 1684197060.6296027,
    "t_run": 1684197060.6457605,
    "t_cleanup": 1684197060.8641775,
    "t_inactive": 1684197060.8661525,
    "state": "INACTIVE",
    "name": "ring_c",
    "ntasks": 448,
    "ncores": 448,
    "duration": 0.0,
    "nnodes": 8,
    "ranks": "[0-7]",
    "nodelist": "flux-sample-[0-7]",
    "success": true,
    "exception_occurred": false,
    "result": "COMPLETED",
    "expiration": 4837797060.0,
    "waitstatus": 0,
    "returncode": 0,
    "runtime": 0.21841692924499512,
    "exception": {
        "occurred": false,
        "severity": "",
        "type": "",
        "note": ""
    }
}