{
    "id": 2370268299264,
    "userid": 1234,
    "urgency": 16,
    "priority": 16,
    "t_submit": 1684197056.6726854,
    "t_depend": 1684197056.684339,
    "t_run": 1684197056.7003646,
    "t_cleanup": 1684197056.9254313,
    "t_inactive": 1684197056.927309,
    "state": "INACTIVE",
    "name": "ring_c",
    "ntasks": 448,
    "ncores": 448,
    "duration": 0.0,
    "nnodes": 8,
    "ranks": "[0-7]",
    "nodelist": "flux-sample-[0-7]",
    "success": true,
    "exception_occurred": false,
    "result": "COMPLETED",
    "expiration": 4837797056.0,
    "waitstatus": 0,
    "returncode": 0,
    "runtime": 0.2250666618347168,
    "exception": {
        "occurred": false,
        "severity": "",
        "type": "",
        "note": ""
    }
}