{
    "id": 2358322921472,
    "userid": 1234,
    "urgency": 16,
    "priority": 16,
    "t_submit": 1684197055.9609735,
    "t_depend": 1684197055.97263,
    "t_run": 1684197055.989034,
    "t_cleanup": 1684197056.2117503,
    "t_inactive": 1684197056.2136574,
    "state": "INACTIVE",
    "name": "ring_c",
    "ntasks": 448,
    "ncores": 448,
    "duration": 0.0,
    "nnodes": 8,
    "ranks": "[0-7]",
    "nodelist": "flux-sample-[0-7]",
    "success": true,
    "exception_occurred": false,
    "result": "COMPLETED",
    "expiration": 4837797055.0,
    "waitstatus": 0,
    "returncode": 0,
    "runtime": 0.2227163314819336,
    "exception": {
        "occurred": false,
        "severity": "",
        "type": "",
        "note": ""
    }
}