{
    "id": 2418653790208,
    "userid": 1234,
    "urgency": 16,
    "priority": 16,
    "t_submit": 1684197059.5566645,
    "t_depend": 1684197059.5684745,
    "t_run": 1684197059.5847006,
    "t_cleanup": 1684197059.7999952,
    "t_inactive": 1684197059.802104,
    "state": "INACTIVE",
    "name": "ring_c",
    "ntasks": 448,
    "ncores": 448,
    "duration": 0.0,
    "nnodes": 8,
    "ranks": "[0-7]",
    "nodelist": "flux-sample-[0-7]",
    "success": true,
    "exception_occurred": false,
    "result": "COMPLETED",
    "expiration": 4837797059.0,
    "waitstatus": 0,
    "returncode": 0,
    "runtime": 0.21529459953308105,
    "exception": {
        "occurred": false,
        "severity": "",
        "type": "",
        "note": ""
    }
}