{
    "id": 2442376773632,
    "userid": 1234,
    "urgency": 16,
    "priority": 16,
    "t_submit": 1684197060.9712124,
    "t_depend": 1684197060.9829073,
    "t_run": 1684197060.9992495,
    "t_cleanup": 1684197061.2213473,
    "t_inactive": 1684197061.2233818,
    "state": "INACTIVE",
    "name": "ring_c",
    "ntasks": 448,
    "ncores": 448,
    "duration": 0.0,
    "nnodes": 8,
    "ranks": "[0-7]",
    "nodelist": "flux-sample-[0-7]",
    "success": true,
    "exception_occurred": false,
    "result": "COMPLETED",
    "expiration": 4837797060.0,
    "waitstatus": 0,
    "returncode": 0,
    "runtime": 0.22209787368774414,
    "exception": {
        "occurred": false,
        "severity": "",
        "type": "",
        "note": ""
    }
}