{
    "id": 2352014688256,
    "userid": 1234,
    "urgency": 16,
    "priority": 16,
    "t_submit": 1684197055.5846574,
    "t_depend": 1684197055.5976243,
    "t_run": 1684197055.6137364,
    "t_cleanup": 1684197055.854559,
    "t_inactive": 1684197055.8565361,
    "state": "INACTIVE",
    "name": "ring_c",
    "ntasks": 448,
    "ncores": 448,
    "duration": 0.0,
    "nnodes": 8,
    "ranks": "[0-7]",
    "nodelist": "flux-sample-[0-7]",
    "success": true,
    "exception_occurred": false,
    "result": "COMPLETED",
    "expiration": 4837797055.0,
    "waitstatus": 0,
    "returncode": 0,
    "runtime": 0.24082255363464355,
    "exception": {
        "occurred": false,
        "severity": "",
        "type": "",
        "note": ""
    }
}