{
    "id": 2430498504704,
    "userid": 1234,
    "urgency": 16,
    "priority": 16,
    "t_submit": 1684197060.262558,
    "t_depend": 1684197060.274109,
    "t_run": 1684197060.290287,
    "t_cleanup": 1684197060.5095348,
    "t_inactive": 1684197060.511625,
    "state": "INACTIVE",
    "name": "ring_c",
    "ntasks": 448,
    "ncores": 448,
    "duration": 0.0,
    "nnodes": 8,
    "ranks": "[0-7]",
    "nodelist": "flux-sample-[0-7]",
    "success": true,
    "exception_occurred": false,
    "result": "COMPLETED",
    "expiration": 4837797060.0,
    "waitstatus": 0,
    "returncode": 0,
    "runtime": 0.21924781799316406,
    "exception": {
        "occurred": false,
        "severity": "",
        "type": "",
        "note": ""
    }
}