{
    "id": 2448349462528,
    "userid": 1234,
    "urgency": 16,
    "priority": 16,
    "t_submit": 1684197061.3269684,
    "t_depend": 1684197061.3387825,
    "t_run": 1684197061.355005,
    "t_cleanup": 1684197061.592791,
    "t_inactive": 1684197061.594959,
    "state": "INACTIVE",
    "name": "ring_c",
    "ntasks": 448,
    "ncores": 448,
    "duration": 0.0,
    "nnodes": 8,
    "ranks": "[0-7]",
    "nodelist": "flux-sample-[0-7]",
    "success": true,
    "exception_occurred": false,
    "result": "COMPLETED",
    "expiration": 4837797061.0,
    "waitstatus": 0,
    "returncode": 0,
    "runtime": 0.23778605461120605,
    "exception": {
        "occurred": false,
        "severity": "",
        "type": "",
        "note": ""
    }
}