{
    "id": 2738846957568,
    "userid": 1234,
    "urgency": 16,
    "priority": 16,
    "t_submit": 1684197921.2385764,
    "t_depend": 1684197921.2505312,
    "t_run": 1684197921.2659473,
    "t_cleanup": 1684197921.4564867,
    "t_inactive": 1684197921.4589467,
    "state": "INACTIVE",
    "name": "ring_mpifh",
    "ntasks": 168,
    "ncores": 168,
    "duration": 0.0,
    "nnodes": 3,
    "ranks": "[0-2]",
    "nodelist": "flux-sample-[0-2]",
    "success": true,
    "exception_occurred": false,
    "result": "COMPLETED",
    "expiration": 4837797921.0,
    "waitstatus": 0,
    "returncode": 0,
    "runtime": 0.19053936004638672,
    "exception": {
        "occurred": false,
        "severity": "",
        "type": "",
        "note": ""
    }
}