{
    "id": 2782920704000,
    "userid": 1234,
    "urgency": 16,
    "priority": 16,
    "t_submit": 1684197923.8657596,
    "t_depend": 1684197923.8781002,
    "t_run": 1684197923.8936756,
    "t_cleanup": 1684197924.0873096,
    "t_inactive": 1684197924.0900176,
    "state": "INACTIVE",
    "name": "ring_mpifh",
    "ntasks": 168,
    "ncores": 168,
    "duration": 0.0,
    "nnodes": 3,
    "ranks": "[0-2]",
    "nodelist": "flux-sample-[0-2]",
    "success": true,
    "exception_occurred": false,
    "result": "COMPLETED",
    "expiration": 4837797923.0,
    "waitstatus": 0,
    "returncode": 0,
    "runtime": 0.193634033203125,
    "exception": {
        "occurred": false,
        "severity": "",
        "type": "",
        "note": ""
    }
}