{
    "id": 2733243367424,
    "userid": 1234,
    "urgency": 16,
    "priority": 16,
    "t_submit": 1684197920.9054253,
    "t_depend": 1684197920.9172494,
    "t_run": 1684197920.932897,
    "t_cleanup": 1684197921.1329963,
    "t_inactive": 1684197921.1352768,
    "state": "INACTIVE",
    "name": "ring_mpifh",
    "ntasks": 168,
    "ncores": 168,
    "duration": 0.0,
    "nnodes": 3,
    "ranks": "[0-2]",
    "nodelist": "flux-sample-[0-2]",
    "success": true,
    "exception_occurred": false,
    "result": "COMPLETED",
    "expiration": 4837797920.0,
    "waitstatus": 0,
    "returncode": 0,
    "runtime": 0.20009922981262207,
    "exception": {
        "occurred": false,
        "severity": "",
        "type": "",
        "note": ""
    }
}