{
    "id": 2777468108800,
    "userid": 1234,
    "urgency": 16,
    "priority": 16,
    "t_submit": 1684197923.5404465,
    "t_depend": 1684197923.552472,
    "t_run": 1684197923.5678797,
    "t_cleanup": 1684197923.7591856,
    "t_inactive": 1684197923.7615845,
    "state": "INACTIVE",
    "name": "ring_mpifh",
    "ntasks": 168,
    "ncores": 168,
    "duration": 0.0,
    "nnodes": 3,
    "ranks": "[0-2]",
    "nodelist": "flux-sample-[0-2]",
    "success": true,
    "exception_occurred": false,
    "result": "COMPLETED",
    "expiration": 4837797923.0,
    "waitstatus": 0,
    "returncode": 0,
    "runtime": 0.19130587577819824,
    "exception": {
        "occurred": false,
        "severity": "",
        "type": "",
        "note": ""
    }
}