{
    "id": 2744282775552,
    "userid": 1234,
    "urgency": 16,
    "priority": 16,
    "t_submit": 1684197921.5628579,
    "t_depend": 1684197921.5749319,
    "t_run": 1684197921.5906801,
    "t_cleanup": 1684197921.7762325,
    "t_inactive": 1684197921.7785761,
    "state": "INACTIVE",
    "name": "ring_mpifh",
    "ntasks": 168,
    "ncores": 168,
    "duration": 0.0,
    "nnodes": 3,
    "ranks": "[0-2]",
    "nodelist": "flux-sample-[0-2]",
    "success": true,
    "exception_occurred": false,
    "result": "COMPLETED",
    "expiration": 4837797921.0,
    "waitstatus": 0,
    "returncode": 0,
    "runtime": 0.18555235862731934,
    "exception": {
        "occurred": false,
        "severity": "",
        "type": "",
        "note": ""
    }
}