{
    "id": 2821877399552,
    "userid": 1234,
    "urgency": 16,
    "priority": 16,
    "t_submit": 1684197926.1875856,
    "t_depend": 1684197926.199976,
    "t_run": 1684197926.2156706,
    "t_cleanup": 1684197926.4000483,
    "t_inactive": 1684197926.4024546,
    "state": "INACTIVE",
    "name": "ring_mpifh",
    "ntasks": 168,
    "ncores": 168,
    "duration": 0.0,
    "nnodes": 3,
    "ranks": "[0-2]",
    "nodelist": "flux-sample-[0-2]",
    "success": true,
    "exception_occurred": false,
    "result": "COMPLETED",
    "expiration": 4837797926.0,
    "waitstatus": 0,
    "returncode": 0,
    "runtime": 0.18437767028808594,
    "exception": {
        "occurred": false,
        "severity": "",
        "type": "",
        "note": ""
    }
}