{
    "id": 2788390076416,
    "userid": 1234,
    "urgency": 16,
    "priority": 16,
    "t_submit": 1684197924.192342,
    "t_depend": 1684197924.2044432,
    "t_run": 1684197924.2202737,
    "t_cleanup": 1684197924.417326,
    "t_inactive": 1684197924.4197,
    "state": "INACTIVE",
    "name": "ring_mpifh",
    "ntasks": 168,
    "ncores": 168,
    "duration": 0.0,
    "nnodes": 3,
    "ranks": "[0-2]",
    "nodelist": "flux-sample-[0-2]",
    "success": true,
    "exception_occurred": false,
    "result": "COMPLETED",
    "expiration": 4837797924.0,
    "waitstatus": 0,
    "returncode": 0,
    "runtime": 0.1970522403717041,
    "exception": {
        "occurred": false,
        "severity": "",
        "type": "",
        "note": ""
    }
}