{
    "id": 2755406069760,
    "userid": 1234,
    "urgency": 16,
    "priority": 16,
    "t_submit": 1684197922.226206,
    "t_depend": 1684197922.2383173,
    "t_run": 1684197922.253675,
    "t_cleanup": 1684197922.4463413,
    "t_inactive": 1684197922.4486363,
    "state": "INACTIVE",
    "name": "ring_mpifh",
    "ntasks": 168,
    "ncores": 168,
    "duration": 0.0,
    "nnodes": 3,
    "ranks": "[0-2]",
    "nodelist": "flux-sample-[0-2]",
    "success": true,
    "exception_occurred": false,
    "result": "COMPLETED",
    "expiration": 4837797922.0,
    "waitstatus": 0,
    "returncode": 0,
    "runtime": 0.19266629219055176,
    "exception": {
        "occurred": false,
        "severity": "",
        "type": "",
        "note": ""
    }
}