{
    "id": 2722237513728,
    "userid": 1234,
    "urgency": 16,
    "priority": 16,
    "t_submit": 1684197920.248987,
    "t_depend": 1684197920.261842,
    "t_run": 1684197920.2773225,
    "t_cleanup": 1684197920.4790714,
    "t_inactive": 1684197920.4815784,
    "state": "INACTIVE",
    "name": "ring_mpifh",
    "ntasks": 168,
    "ncores": 168,
    "duration": 0.0,
    "nnodes": 3,
    "ranks": "[0-2]",
    "nodelist": "flux-sample-[0-2]",
    "success": true,
    "exception_occurred": false,
    "result": "COMPLETED",
    "expiration": 4837797920.0,
    "waitstatus": 0,
    "returncode": 0,
    "runtime": 0.20174884796142578,
    "exception": {
        "occurred": false,
        "severity": "",
        "type": "",
        "note": ""
    }
}