{
    "id": 2816391249920,
    "userid": 1234,
    "urgency": 16,
    "priority": 16,
    "t_submit": 1684197925.8612819,
    "t_depend": 1684197925.8732803,
    "t_run": 1684197925.8894734,
    "t_cleanup": 1684197926.0824099,
    "t_inactive": 1684197926.0850518,
    "state": "INACTIVE",
    "name": "ring_mpifh",
    "ntasks": 168,
    "ncores": 168,
    "duration": 0.0,
    "nnodes": 3,
    "ranks": "[0-2]",
    "nodelist": "flux-sample-[0-2]",
    "success": true,
    "exception_occurred": false,
    "result": "COMPLETED",
    "expiration": 4837797925.0,
    "waitstatus": 0,
    "returncode": 0,
    "runtime": 0.19293642044067383,
    "exception": {
        "occurred": false,
        "severity": "",
        "type": "",
        "note": ""
    }
}