{
    "id": 2771948404736,
    "userid": 1234,
    "urgency": 16,
    "priority": 16,
    "t_submit": 1684197923.2121062,
    "t_depend": 1684197923.2239933,
    "t_run": 1684197923.2397335,
    "t_cleanup": 1684197923.4345355,
    "t_inactive": 1684197923.437152,
    "state": "INACTIVE",
    "name": "ring_mpifh",
    "ntasks": 168,
    "ncores": 168,
    "duration": 0.0,
    "nnodes": 3,
    "ranks": "[0-2]",
    "nodelist": "flux-sample-[0-2]",
    "success": true,
    "exception_occurred": false,
    "result": "COMPLETED",
    "expiration": 4837797923.0,
    "waitstatus": 0,
    "returncode": 0,
    "runtime": 0.19480204582214355,
    "exception": {
        "occurred": false,
        "severity": "",
        "type": "",
        "note": ""
    }
}