{
    "id": 2727908212736,
    "userid": 1234,
    "urgency": 16,
    "priority": 16,
    "t_submit": 1684197920.587333,
    "t_depend": 1684197920.5994573,
    "t_run": 1684197920.6149304,
    "t_cleanup": 1684197920.8002484,
    "t_inactive": 1684197920.8026152,
    "state": "INACTIVE",
    "name": "ring_mpifh",
    "ntasks": 168,
    "ncores": 168,
    "duration": 0.0,
    "nnodes": 3,
    "ranks": "[0-2]",
    "nodelist": "flux-sample-[0-2]",
    "success": true,
    "exception_occurred": false,
    "result": "COMPLETED",
    "expiration": 4837797920.0,
    "waitstatus": 0,
    "returncode": 0,
    "runtime": 0.1853179931640625,
    "exception": {
        "occurred": false,
        "severity": "",
        "type": "",
        "note": ""
    }
}