{
    "times": {
        "2s": [
            18.2841854095459,
            18.042163133621216,
            18.4017653465271,
            17.583993196487427,
            16.795717477798462,
            16.790791749954224,
            16.26978325843811,
            16.624135494232178,
            18.75532102584839,
            16.179214477539062,
            16.569071292877197,
            17.4396870136261,
            16.857983827590942,
            17.040784120559692,
            16.98827362060547,
            16.763484239578247,
            16.801048278808594,
            16.413310050964355,
            17.164294719696045,
            16.555745124816895
        ],
        "3s": [
            16.732956647872925,
            16.654372215270996,
            17.04991865158081,
            16.706929922103882,
            16.810466766357422,
            16.56280279159546,
            16.230811595916748,
            19.463558197021484,
            19.079991817474365,
            16.875650882720947,
            17.240923643112183,
            17.214832067489624,
            18.681094884872437,
            17.141220331192017,
            18.97244381904602,
            17.010915756225586,
            19.29191017150879,
            19.11432647705078,
            17.18617343902588,
            16.30518126487732
        ],
        "4s": [
            16.158401250839233,
            19.485525846481323,
            19.89467716217041,
            16.72768807411194,
            20.052321910858154,
            16.470131397247314,
            16.551475524902344,
            19.89900279045105,
            16.18044137954712,
            16.683054208755493,
            16.142520666122437,
            16.611146926879883,
            20.462074756622314,
            20.287821769714355,
            16.59125781059265,
            16.38049864768982,
            16.90402603149414,
            18.169894695281982,
            20.09104871749878,
            20.003010511398315
        ],
        "5s": [
            16.71859908103943,
            17.10167932510376,
            16.8385169506073,
            16.56610941886902,
            17.50059962272644,
            16.933261156082153,
            21.075483322143555,
            17.911478519439697,
            16.68911600112915,
            16.74586009979248,
            17.72836446762085,
            16.960926294326782,
            16.92493176460266,
            17.413793563842773,
            17.457358837127686,
            21.491700887680054,
            17.57048749923706,
            17.73506808280945,
            18.692083597183228,
            17.47128915786743
        ],
        "6s": [
            16.807453155517578,
            22.318812131881714,
            18.168935537338257,
            17.89253854751587,
            17.500412940979004,
            18.80429244041443,
            22.516745567321777,
            18.515891790390015,
            16.43353295326233,
            17.087929248809814,
            17.269136428833008,
            17.584964752197266,
            16.95444416999817,
            22.525542497634888,
            17.746798753738403,
            17.06561779975891,
            18.068082571029663,
            17.007503271102905,
            23.134000301361084,
            17.006197929382324
        ],
        "7s": [
            22.911756992340088,
            17.443009614944458,
            23.18280577659607,
            16.01398468017578,
            16.590693473815918,
            16.78402829170227,
            16.765885829925537,
            16.30229115486145,
            16.53822946548462,
            17.258092880249023,
            17.324565887451172,
            23.3294939994812,
            16.034027099609375,
            16.69294571876526,
            16.605759620666504,
            16.724942207336426,
            17.322141408920288,
            16.14780569076538,
            16.88934087753296,
            16.879878044128418
        ],
        "8s": [
            16.81251549720764,
            17.72165870666504,
            16.537609100341797,
            16.842432975769043,
            17.335219144821167,
            18.341476917266846,
            16.138555765151978,
            17.910868406295776,
            16.339235544204712,
            16.26847553253174,
            24.293071269989014,
            16.481531381607056,
            16.19522714614868,
            16.87669062614441,
            16.146864891052246,
            16.20863103866577,
            17.366517782211304,
            16.22331476211548,
            23.894019603729248,
            16.19072437286377
        ],
        "9s": [
            18.066927909851074,
            16.232116222381592,
            25.65027904510498,
            24.71890139579773,
            24.641054153442383,
            16.50346279144287,
            16.42828607559204,
            25.270569801330566,
            16.29620933532715,
            16.057673931121826,
            17.014397382736206,
            16.089651346206665,
            16.745463132858276,
            25.321399688720703,
            17.396708250045776,
            16.574864864349365,
            16.390270709991455,
            16.545990705490112,
            16.145952224731445,
            25.28681206703186
        ],
        "10s": [
            16.46148157119751,
            16.26553225517273,
            26.225903511047363,
            17.262985944747925,
            16.349731922149658,
            26.356729745864868,
            16.97833561897278,
            17.632370710372925,
            17.133508443832397,
            16.809296131134033,
            26.474461555480957,
            16.736361742019653,
            16.753905296325684,
            16.584630489349365,
            17.105519771575928,
            25.958404302597046,
            16.844563245773315,
            17.15500020980835,
            16.50161838531494,
            18.756868600845337
        ],
        "no-timeout-set": [
            16.546144247055054,
            17.597719192504883,
            16.74989366531372,
            46.262640953063965,
            16.2250816822052,
            16.751779079437256,
            16.873965740203857,
            46.064839363098145,
            16.74663496017456,
            18.712556838989258,
            17.189778327941895,
            16.947563409805298,
            45.509307622909546,
            16.512185096740723,
            16.582135677337646,
            16.20328640937805,
            46.70292568206787,
            17.2779860496521,
            45.86103320121765,
            17.23150324821472
        ]
    },
    "means": {
        "2s": 17.11603764295578,
        "3s": 17.516324067115782,
        "4s": 17.987301003932952,
        "5s": 17.67633538246155,
        "6s": 18.52044163942337,
        "7s": 17.68708393573761,
        "8s": 17.506232023239136,
        "9s": 19.168849551677702,
        "10s": 18.817360472679137,
        "no-timeout-set": 24.22744802236557
    },
    "stds": {
        "2s": 0.7381285671233195,
        "3s": 1.1064057695391052,
        "4s": 1.7622160939365668,
        "5s": 1.338821490940565,
        "6s": 2.189678048749248,
        "7s": 2.3866004471524698,
        "8s": 2.345424103446318,
        "9s": 4.047477484223896,
        "10s": 3.853235384389029,
        "no-timeout-set": 12.957152885152897
    }
}