{
    "times": {
        "1s": [
            1235.8365070819855,
            18.88653039932251,
            16.03021264076233,
            18.32051682472229,
            16.43400478363037,
            17.284860134124756,
            16.37183928489685,
            16.64920687675476,
            17.09803867340088,
            15.944370746612549,
            16.656997442245483,
            16.101297616958618,
            15.650681257247925,
            15.90833306312561,
            17.098677396774292,
            15.962793588638306,
            18.343445777893066,
            15.164021492004395,
            15.809089660644531,
            15.968430280685425
        ],
        "2s": [
            17.03587794303894,
            19.083476066589355,
            17.206639051437378,
            16.996512413024902,
            17.058393001556396,
            16.954643726348877,
            19.133219957351685,
            16.846013069152832,
            16.934783935546875,
            16.706740379333496,
            16.839061737060547,
            17.082297325134277,
            16.951282501220703,
            16.782142877578735,
            16.983723640441895,
            17.54492950439453,
            17.094664096832275,
            16.611959218978882,
            17.017914295196533,
            16.870460033416748
        ],
        "3s": [
            17.75598931312561,
            16.209850072860718,
            17.821418523788452,
            15.20490837097168,
            17.87255620956421,
            17.684858322143555,
            15.105534076690674,
            17.778652906417847,
            15.386124610900879,
            17.92249822616577,
            17.842442750930786,
            17.9972403049469,
            19.756773471832275,
            19.45298957824707,
            18.83573269844055,
            18.778035163879395,
            18.821786642074585,
            19.13550329208374,
            18.80862331390381,
            18.83271622657776
        ],
        "4s": [
            19.938719034194946,
            19.695082426071167,
            20.111034154891968,
            16.135634422302246,
            19.738247871398926,
            20.75645399093628,
            20.9530668258667,
            20.781418323516846,
            20.350725889205933,
            20.2160062789917,
            20.169687747955322,
            21.03056287765503,
            22.04247784614563,
            22.748024463653564,
            21.500401258468628,
            22.532971620559692,
            22.698283910751343,
            23.43980884552002,
            22.58841633796692,
            22.404882431030273
        ],
        "5s": [
            23.71380376815796,
            23.3432674407959,
            23.10577392578125,
            22.46084427833557,
            21.656840801239014,
            20.965612173080444,
            21.419275522232056,
            22.842206239700317,
            22.697949647903442,
            22.06743097305298,
            21.731898069381714,
            18.132602214813232,
            21.67122483253479,
            16.989148139953613,
            21.464577198028564,
            22.01754879951477,
            21.355163097381592,
            21.56438946723938,
            21.510955333709717,
            21.53929567337036
        ],
        "6s": [
            22.970078229904175,
            17.821877002716064,
            22.912487030029297,
            22.349297523498535,
            22.532793760299683,
            22.528855085372925,
            22.151577711105347,
            22.256964206695557,
            21.92759132385254,
            22.623504877090454,
            21.883131504058838,
            21.824501752853394,
            21.891622066497803,
            22.458847761154175,
            22.36685013771057,
            22.207757472991943,
            23.553747177124023,
            22.615776538848877,
            23.05570888519287,
            22.308878898620605
        ],
        "7s": [
            23.50514578819275,
            23.456312894821167,
            24.437729597091675,
            24.53352189064026,
            24.14796280860901,
            17.53594970703125,
            17.572364568710327,
            22.31716275215149,
            22.26344633102417,
            26.82734990119934,
            26.146913290023804,
            25.213462114334106,
            27.435110569000244,
            27.04628276824951,
            26.736823320388794,
            25.98354721069336,
            26.9174165725708,
            25.94632863998413,
            20.331594467163086,
            26.77280569076538
        ],
        "8s": [
            27.492276668548584,
            27.4216046333313,
            27.24150037765503,
            26.99828863143921,
            27.738281726837158,
            27.19068932533264,
            19.660425424575806,
            26.859687566757202,
            26.244287490844727,
            26.24667191505432,
            26.4787118434906,
            26.07131576538086,
            27.01047992706299,
            26.33057427406311,
            26.478567123413086,
            26.63003897666931,
            26.12106466293335,
            27.11040735244751,
            26.4515380859375,
            26.18018651008606
        ],
        "9s": [
            28.050575017929077,
            27.142418384552002,
            27.223631620407104,
            27.489810466766357,
            27.27310061454773,
            18.550654888153076,
            26.75924038887024,
            27.567506790161133,
            27.545135974884033,
            27.75291609764099,
            27.631338834762573,
            26.88921809196472,
            27.00601625442505,
            27.4853777885437,
            27.984816312789917,
            27.25627899169922,
            27.599034070968628,
            27.436431407928467,
            27.58040499687195,
            27.062684297561646
        ],
        "10s": [
            27.814620971679688,
            28.101644039154053,
            28.073354244232178,
            28.426411628723145,
            28.269038438796997,
            28.020710229873657,
            28.43087601661682,
            28.636096239089966,
            28.509392499923706,
            28.310560703277588,
            27.737932443618774,
            28.234291076660156,
            28.23413062095642,
            28.27644395828247,
            28.109321117401123,
            28.21113133430481,
            28.433309078216553,
            19.239050149917603,
            28.1643967628479,
            28.73955512046814
        ],
        "no-timeout-set": [
            48.84995722770691,
            48.582311153411865,
            48.203333377838135,
            48.426939964294434,
            19.015056371688843,
            48.13956832885742,
            48.8090124130249,
            48.824448108673096,
            48.97808766365051,
            48.36592078208923,
            48.63432741165161,
            48.753206968307495,
            48.33728289604187,
            48.07917022705078,
            48.521488904953,
            48.69872045516968,
            49.31202483177185,
            48.492459297180176,
            48.881142377853394,
            48.03274369239807
        ]
    },
    "means": {
        "1s": 77.57599275112152,
        "2s": 17.186736738681795,
        "3s": 17.850211703777312,
        "4s": 20.991595327854156,
        "5s": 21.612490379810332,
        "6s": 22.212092447280884,
        "7s": 24.256361544132233,
        "8s": 26.397829914093016,
        "9s": 26.96432956457138,
        "10s": 27.798613333702086,
        "no-timeout-set": 47.09686012268067
    },
    "stds": {
        "1s": 272.6279883600402,
        "2s": 0.6849464326000585,
        "3s": 1.3741744152550408,
        "4s": 1.6348868623627393,
        "5s": 1.5809494653141247,
        "6s": 1.1226620382681889,
        "7s": 2.979716385172653,
        "8s": 1.6636062109601577,
        "9s": 2.0088058139746856,