{
    "times": [
        51.33303475379944,
        5.445029258728027,
        7.577545881271362,
        4.3478474617004395,
        3.3976757526397705,
        5.089665651321411,
        5.541960954666138,
        4.646693706512451,
        5.467753171920776,
        5.485354661941528,
        4.548406362533569,
        5.535951375961304,
        5.539384126663208,
        5.723845958709717,
        5.4510416984558105,
        5.516463994979858,
        3.4677276611328125,
        4.402548551559448,
        6.5081822872161865,
        5.4708781242370605,
        5.412752389907837
    ],
    "mean": 7.4242735136122935,
    "std": 10.102460613111228
}