{
    "id": 1935419637760,
    "userid": 1234,
    "urgency": 16,
    "priority": 16,
    "t_submit": 1684197399.755139,
    "t_depend": 1684197399.7670217,
    "t_run": 1684197399.7823853,
    "t_cleanup": 1684197399.9484403,
    "t_inactive": 1684197399.950411,
    "state": "INACTIVE",
    "name": "ring_usempi",
    "ntasks": 56,
    "ncores": 56,
    "duration": 0.0,
    "nnodes": 1,
    "ranks": "0",
    "nodelist": "flux-sample-0",
    "success": true,
    "exception_occurred": false,
    "result": "COMPLETED",
    "expiration": 4837797399.0,
    "waitstatus": 0,
    "returncode": 0,
    "runtime": 0.16605496406555176,
    "exception": {
        "occurred": false,
        "severity": "",
        "type": "",
        "note": ""
    }
}