{
    "id": 1883225718784,
    "userid": 1234,
    "urgency": 16,
    "priority": 16,
    "t_submit": 1684197396.6444113,
    "t_depend": 1684197396.656905,
    "t_run": 1684197396.6721346,
    "t_cleanup": 1684197396.8552246,
    "t_inactive": 1684197396.857619,
    "state": "INACTIVE",
    "name": "ring_usempi",
    "ntasks": 56,
    "ncores": 56,
    "duration": 0.0,
    "nnodes": 1,
    "ranks": "0",
    "nodelist": "flux-sample-0",
    "success": true,
    "exception_occurred": false,
    "result": "COMPLETED",
    "expiration": 4837797396.0,
    "waitstatus": 0,
    "returncode": 0,
    "runtime": 0.1830899715423584,
    "exception": {
        "occurred": false,
        "severity": "",
        "type": "",
        "note": ""
    }
}