{
    "id": 1898794975232,
    "userid": 1234,
    "urgency": 16,
    "priority": 16,
    "t_submit": 1684197397.5720375,
    "t_depend": 1684197397.5838673,
    "t_run": 1684197397.5984762,
    "t_cleanup": 1684197397.762358,
    "t_inactive": 1684197397.764392,
    "state": "INACTIVE",
    "name": "ring_usempi",
    "ntasks": 56,
    "ncores": 56,
    "duration": 0.0,
    "nnodes": 1,
    "ranks": "0",
    "nodelist": "flux-sample-0",
    "success": true,
    "exception_occurred": false,
    "result": "COMPLETED",
    "expiration": 4837797397.0,
    "waitstatus": 0,
    "returncode": 0,
    "runtime": 0.16388177871704102,
    "exception": {
        "occurred": false,
        "severity": "",
        "type": "",
        "note": ""
    }
}