{
    "id": 1961474654208,
    "userid": 1234,
    "urgency": 16,
    "priority": 16,
    "t_submit": 1684197401.3078952,
    "t_depend": 1684197401.320018,
    "t_run": 1684197401.3347435,
    "t_cleanup": 1684197401.5020723,
    "t_inactive": 1684197401.5041935,
    "state": "INACTIVE",
    "name": "ring_usempi",
    "ntasks": 56,
    "ncores": 56,
    "duration": 0.0,
    "nnodes": 1,
    "ranks": "0",
    "nodelist": "flux-sample-0",
    "success": true,
    "exception_occurred": false,
    "result": "COMPLETED",
    "expiration": 4837797401.0,
    "waitstatus": 0,
    "returncode": 0,
    "runtime": 0.1673288345336914,
    "exception": {
        "occurred": false,
        "severity": "",
        "type": "",
        "note": ""
    }
}