{
    "id": 1924665442304,
    "userid": 1234,
    "urgency": 16,
    "priority": 16,
    "t_submit": 1684197399.1139932,
    "t_depend": 1684197399.1262264,
    "t_run": 1684197399.1410034,
    "t_cleanup": 1684197399.3311267,
    "t_inactive": 1684197399.3332734,
    "state": "INACTIVE",
    "name": "ring_usempi",
    "ntasks": 56,
    "ncores": 56,
    "duration": 0.0,
    "nnodes": 1,
    "ranks": "0",
    "nodelist": "flux-sample-0",
    "success": true,
    "exception_occurred": false,
    "result": "COMPLETED",
    "expiration": 4837797399.0,
    "waitstatus": 0,
    "returncode": 0,
    "runtime": 0.1901233196258545,
    "exception": {
        "occurred": false,
        "severity": "",
        "type": "",
        "note": ""
    }
}