{
    "id": 1976792252416,
    "userid": 1234,
    "urgency": 16,
    "priority": 16,
    "t_submit": 1684197402.2208428,
    "t_depend": 1684197402.2327712,
    "t_run": 1684197402.247815,
    "t_cleanup": 1684197402.4195192,
    "t_inactive": 1684197402.422956,
    "state": "INACTIVE",
    "name": "ring_usempi",
    "ntasks": 56,
    "ncores": 56,
    "duration": 0.0,
    "nnodes": 1,
    "ranks": "0",
    "nodelist": "flux-sample-0",
    "success": true,
    "exception_occurred": false,
    "result": "COMPLETED",
    "expiration": 4837797402.0,
    "waitstatus": 0,
    "returncode": 0,
    "runtime": 0.17170429229736328,
    "exception": {
        "occurred": false,
        "severity": "",
        "type": "",
        "note": ""
    }
}