{
    "id": 1966541373440,
    "userid": 1234,
    "urgency": 16,
    "priority": 16,
    "t_submit": 1684197401.6103742,
    "t_depend": 1684197401.6225162,
    "t_run": 1684197401.6373103,
    "t_cleanup": 1684197401.8071125,
    "t_inactive": 1684197401.8093476,
    "state": "INACTIVE",
    "name": "ring_usempi",
    "ntasks": 56,
    "ncores": 56,
    "duration": 0.0,
    "nnodes": 1,
    "ranks": "0",
    "nodelist": "flux-sample-0",
    "success": true,
    "exception_occurred": false,
    "result": "COMPLETED",
    "expiration": 4837797401.0,
    "waitstatus": 0,
    "returncode": 0,
    "runtime": 0.16980218887329102,
    "exception": {
        "occurred": false,
        "severity": "",
        "type": "",
        "note": ""
    }
}