{
    "id": 1888560873472,
    "userid": 1234,
    "urgency": 16,
    "priority": 16,
    "t_submit": 1684197396.9623575,
    "t_depend": 1684197396.974172,
    "t_run": 1684197396.988939,
    "t_cleanup": 1684197397.1555967,
    "t_inactive": 1684197397.157756,
    "state": "INACTIVE",
    "name": "ring_usempi",
    "ntasks": 56,
    "ncores": 56,
    "duration": 0.0,
    "nnodes": 1,
    "ranks": "0",
    "nodelist": "flux-sample-0",
    "success": true,
    "exception_occurred": false,
    "result": "COMPLETED",
    "expiration": 4837797396.0,
    "waitstatus": 0,
    "returncode": 0,
    "runtime": 0.1666576862335205,
    "exception": {
        "occurred": false,
        "severity": "",
        "type": "",
        "note": ""
    }
}