{
    "id": 1893610815488,
    "userid": 1234,
    "urgency": 16,
    "priority": 16,
    "t_submit": 1684197397.2624457,
    "t_depend": 1684197397.274198,
    "t_run": 1684197397.289021,
    "t_cleanup": 1684197397.4650118,
    "t_inactive": 1684197397.4671726,
    "state": "INACTIVE",
    "name": "ring_usempi",
    "ntasks": 56,
    "ncores": 56,
    "duration": 0.0,
    "nnodes": 1,
    "ranks": "0",
    "nodelist": "flux-sample-0",
    "success": true,
    "exception_occurred": false,
    "result": "COMPLETED",
    "expiration": 4837797397.0,
    "waitstatus": 0,
    "returncode": 0,
    "runtime": 0.17599081993103027,
    "exception": {
        "occurred": false,
        "severity": "",
        "type": "",
        "note": ""
    }
}