{
    "id": 1903794585600,
    "userid": 1234,
    "urgency": 16,
    "priority": 16,
    "t_submit": 1684197397.869713,
    "t_depend": 1684197397.8815844,
    "t_run": 1684197397.8958113,
    "t_cleanup": 1684197398.06839,
    "t_inactive": 1684197398.0705311,
    "state": "INACTIVE",
    "name": "ring_usempi",
    "ntasks": 56,
    "ncores": 56,
    "duration": 0.0,
    "nnodes": 1,
    "ranks": "0",
    "nodelist": "flux-sample-0",
    "success": true,
    "exception_occurred": false,
    "result": "COMPLETED",
    "expiration": 4837797397.0,
    "waitstatus": 0,
    "returncode": 0,
    "runtime": 0.1725785732269287,
    "exception": {
        "occurred": false,
        "severity": "",
        "type": "",
        "note": ""
    }
}