{
    "id": 1919430950912,
    "userid": 1234,
    "urgency": 16,
    "priority": 16,
    "t_submit": 1684197398.8020687,
    "t_depend": 1684197398.8137565,
    "t_run": 1684197398.8281748,
    "t_cleanup": 1684197399.006523,
    "t_inactive": 1684197399.0088546,
    "state": "INACTIVE",
    "name": "ring_usempi",
    "ntasks": 56,
    "ncores": 56,
    "duration": 0.0,
    "nnodes": 1,
    "ranks": "0",
    "nodelist": "flux-sample-0",
    "success": true,
    "exception_occurred": false,
    "result": "COMPLETED",
    "expiration": 4837797398.0,
    "waitstatus": 0,
    "returncode": 0,
    "runtime": 0.17834806442260742,
    "exception": {
        "occurred": false,
        "severity": "",
        "type": "",
        "note": ""
    }
}