{
    "id": 1930151591936,
    "userid": 1234,
    "urgency": 16,
    "priority": 16,
    "t_submit": 1684197399.4411352,
    "t_depend": 1684197399.4530694,
    "t_run": 1684197399.4677722,
    "t_cleanup": 1684197399.649056,
    "t_inactive": 1684197399.6512496,
    "state": "INACTIVE",
    "name": "ring_usempi",
    "ntasks": 56,
    "ncores": 56,
    "duration": 0.0,
    "nnodes": 1,
    "ranks": "0",
    "nodelist": "flux-sample-0",
    "success": true,
    "exception_occurred": false,
    "result": "COMPLETED",
    "expiration": 4837797399.0,
    "waitstatus": 0,
    "returncode": 0,
    "runtime": 0.18128371238708496,
    "exception": {
        "occurred": false,
        "severity": "",
        "type": "",
        "note": ""
    }
}