{
    "id": 1945771180032,
    "userid": 1234,
    "urgency": 16,
    "priority": 16,
    "t_submit": 1684197400.3721688,
    "t_depend": 1684197400.3838265,
    "t_run": 1684197400.39854,
    "t_cleanup": 1684197400.5763674,
    "t_inactive": 1684197400.5784585,
    "state": "INACTIVE",
    "name": "ring_usempi",
    "ntasks": 56,
    "ncores": 56,
    "duration": 0.0,
    "nnodes": 1,
    "ranks": "0",
    "nodelist": "flux-sample-0",
    "success": true,
    "exception_occurred": false,
    "result": "COMPLETED",
    "expiration": 4837797400.0,
    "waitstatus": 0,
    "returncode": 0,
    "runtime": 0.1778273582458496,
    "exception": {
        "occurred": false,
        "severity": "",
        "type": "",
        "note": ""
    }
}