{
    "id": 2687911329792,
    "userid": 1234,
    "urgency": 16,
    "priority": 16,
    "t_submit": 1684197890.4332314,
    "t_depend": 1684197890.4449987,
    "t_run": 1684197890.4604166,
    "t_cleanup": 1684197891.1140609,
    "t_inactive": 1684197891.1161313,
    "state": "INACTIVE",
    "name": "ring_c",
    "ntasks": 280,
    "ncores": 280,
    "duration": 0.0,
    "nnodes": 5,
    "ranks": "[0-4]",
    "nodelist": "flux-sample-[3-7]",
    "success": true,
    "exception_occurred": false,
    "result": "COMPLETED",
    "expiration": 4837797890.0,
    "waitstatus": 0,
    "returncode": 0,
    "runtime": 0.653644323348999,
    "exception": {
        "occurred": false,
        "severity": "",
        "type": "",
        "note": ""
    }
}