{
    "id": 2774666313728,
    "userid": 1234,
    "urgency": 16,
    "priority": 16,
    "t_submit": 1684197895.6038744,
    "t_depend": 1684197895.615635,
    "t_run": 1684197895.6310527,
    "t_cleanup": 1684197896.2356122,
    "t_inactive": 1684197896.2449105,
    "state": "INACTIVE",
    "name": "ring_c",
    "ntasks": 280,
    "ncores": 280,
    "duration": 0.0,
    "nnodes": 5,
    "ranks": "[0-4]",
    "nodelist": "flux-sample-[3-7]",
    "success": true,
    "exception_occurred": false,
    "result": "COMPLETED",
    "expiration": 4837797895.0,
    "waitstatus": 0,
    "returncode": 0,
    "runtime": 0.6045594215393066,
    "exception": {
        "occurred": false,
        "severity": "",
        "type": "",
        "note": ""
    }
}