{
    "id": 2652494626816,
    "userid": 1234,
    "urgency": 16,
    "priority": 16,
    "t_submit": 1684197888.3220499,
    "t_depend": 1684197888.3351562,
    "t_run": 1684197888.3504875,
    "t_cleanup": 1684197889.0353417,
    "t_inactive": 1684197889.0374374,
    "state": "INACTIVE",
    "name": "ring_c",
    "ntasks": 280,
    "ncores": 280,
    "duration": 0.0,
    "nnodes": 5,
    "ranks": "[0-4]",
    "nodelist": "flux-sample-[3-7]",
    "success": true,
    "exception_occurred": false,
    "result": "COMPLETED",
    "expiration": 4837797888.0,
    "waitstatus": 0,
    "returncode": 0,
    "runtime": 0.68485426902771,
    "exception": {
        "occurred": false,
        "severity": "",
        "type": "",
        "note": ""
    }
}