{
    "id": 2762016292864,
    "userid": 1234,
    "urgency": 16,
    "priority": 16,
    "t_submit": 1684197894.8499792,
    "t_depend": 1684197894.8617423,
    "t_run": 1684197894.8773406,
    "t_cleanup": 1684197895.4991407,
    "t_inactive": 1684197895.5011697,
    "state": "INACTIVE",
    "name": "ring_c",
    "ntasks": 280,
    "ncores": 280,
    "duration": 0.0,
    "nnodes": 5,
    "ranks": "[0-4]",
    "nodelist": "flux-sample-[3-7]",
    "success": true,
    "exception_occurred": false,
    "result": "COMPLETED",
    "expiration": 4837797894.0,
    "waitstatus": 0,
    "returncode": 0,
    "runtime": 0.6218001842498779,
    "exception": {
        "occurred": false,
        "severity": "",
        "type": "",
        "note": ""
    }
}