{
    "id": 2825954263040,
    "userid": 1234,
    "urgency": 16,
    "priority": 16,
    "t_submit": 1684197898.660551,
    "t_depend": 1684197898.6723814,
    "t_run": 1684197898.6879694,
    "t_cleanup": 1684197899.3320808,
    "t_inactive": 1684197899.3344262,
    "state": "INACTIVE",
    "name": "ring_c",
    "ntasks": 280,
    "ncores": 280,
    "duration": 0.0,
    "nnodes": 5,
    "ranks": "[0-4]",
    "nodelist": "flux-sample-[3-7]",
    "success": true,
    "exception_occurred": false,
    "result": "COMPLETED",
    "expiration": 4837797898.0,
    "waitstatus": 0,
    "returncode": 0,
    "runtime": 0.6441113948822021,
    "exception": {
        "occurred": false,
        "severity": "",
        "type": "",
        "note": ""
    }
}