{
    "id": 2892190711808,
    "userid": 1234,
    "urgency": 16,
    "priority": 16,
    "t_submit": 1684197902.6089582,
    "t_depend": 1684197902.6209507,
    "t_run": 1684197902.6367495,
    "t_cleanup": 1684197903.1963508,
    "t_inactive": 1684197903.1985273,
    "state": "INACTIVE",
    "name": "ring_c",
    "ntasks": 280,
    "ncores": 280,
    "duration": 0.0,
    "nnodes": 5,
    "ranks": "[0-4]",
    "nodelist": "flux-sample-[3-7]",
    "success": true,
    "exception_occurred": false,
    "result": "COMPLETED",
    "expiration": 4837797902.0,
    "waitstatus": 0,
    "returncode": 0,
    "runtime": 0.5596013069152832,
    "exception": {
        "occurred": false,
        "severity": "",
        "type": "",
        "note": ""
    }
}