{
    "id": 2676351827968,
    "userid": 1234,
    "urgency": 16,
    "priority": 16,
    "t_submit": 1684197889.7440588,
    "t_depend": 1684197889.7557356,
    "t_run": 1684197889.7713375,
    "t_cleanup": 1684197890.3275266,
    "t_inactive": 1684197890.3305461,
    "state": "INACTIVE",
    "name": "ring_c",
    "ntasks": 280,
    "ncores": 280,
    "duration": 0.0,
    "nnodes": 5,
    "ranks": "[0-4]",
    "nodelist": "flux-sample-[3-7]",
    "success": true,
    "exception_occurred": false,
    "result": "COMPLETED",
    "expiration": 4837797889.0,
    "waitstatus": 0,
    "returncode": 0,
    "runtime": 0.5561890602111816,
    "exception": {
        "occurred": false,
        "severity": "",
        "type": "",
        "note": ""
    }
}