{
    "id": 2750087692288,
    "userid": 1234,
    "urgency": 16,
    "priority": 16,
    "t_submit": 1684197894.1389096,
    "t_depend": 1684197894.1509793,
    "t_run": 1684197894.1664467,
    "t_cleanup": 1684197894.7415032,
    "t_inactive": 1684197894.7441006,
    "state": "INACTIVE",
    "name": "ring_c",
    "ntasks": 280,
    "ncores": 280,
    "duration": 0.0,
    "nnodes": 5,
    "ranks": "[0-4]",
    "nodelist": "flux-sample-[3-7]",
    "success": true,
    "exception_occurred": false,
    "result": "COMPLETED",
    "expiration": 4837797894.0,
    "waitstatus": 0,
    "returncode": 0,
    "runtime": 0.5750565528869629,
    "exception": {
        "occurred": false,
        "severity": "",
        "type": "",
        "note": ""
    }
}