{
    "id": 2876000698368,
    "userid": 1234,
    "urgency": 16,
    "priority": 16,
    "t_submit": 1684197901.6443684,
    "t_depend": 1684197901.6562421,
    "t_run": 1684197901.6720972,
    "t_cleanup": 1684197902.5028427,
    "t_inactive": 1684197902.5061738,
    "state": "INACTIVE",
    "name": "ring_c",
    "ntasks": 280,
    "ncores": 280,
    "duration": 0.0,
    "nnodes": 5,
    "ranks": "[0-4]",
    "nodelist": "flux-sample-[3-7]",
    "success": true,
    "exception_occurred": false,
    "result": "COMPLETED",
    "expiration": 4837797901.0,
    "waitstatus": 0,
    "returncode": 0,
    "runtime": 0.8307454586029053,
    "exception": {
        "occurred": false,
        "severity": "",
        "type": "",
        "note": ""
    }
}