{
    "id": 2712842272768,
    "userid": 1234,
    "urgency": 16,
    "priority": 16,
    "t_submit": 1684197891.9190316,
    "t_depend": 1684197891.9308217,
    "t_run": 1684197891.946628,
    "t_cleanup": 1684197892.457523,
    "t_inactive": 1684197892.4614656,
    "state": "INACTIVE",
    "name": "ring_c",
    "ntasks": 280,
    "ncores": 280,
    "duration": 0.0,
    "nnodes": 5,
    "ranks": "[0-4]",
    "nodelist": "flux-sample-[3-7]",
    "success": true,
    "exception_occurred": false,
    "result": "COMPLETED",
    "expiration": 4837797891.0,
    "waitstatus": 0,
    "returncode": 0,
    "runtime": 0.5108950138092041,
    "exception": {
        "occurred": false,
        "severity": "",
        "type": "",
        "note": ""
    }
}