{
    "id": 2723646799872,
    "userid": 1234,
    "urgency": 16,
    "priority": 16,
    "t_submit": 1684197892.562726,
    "t_depend": 1684197892.574697,
    "t_run": 1684197892.5898716,
    "t_cleanup": 1684197893.3369513,
    "t_inactive": 1684197893.3389597,
    "state": "INACTIVE",
    "name": "ring_c",
    "ntasks": 280,
    "ncores": 280,
    "duration": 0.0,
    "nnodes": 5,
    "ranks": "[0-4]",
    "nodelist": "flux-sample-[3-7]",
    "success": true,
    "exception_occurred": false,
    "result": "COMPLETED",
    "expiration": 4837797892.0,
    "waitstatus": 0,
    "returncode": 0,
    "runtime": 0.747079610824585,
    "exception": {
        "occurred": false,
        "severity": "",
        "type": "",
        "note": ""
    }
}