{
    "id": 2701098221568,
    "userid": 1234,
    "urgency": 16,
    "priority": 16,
    "t_submit": 1684197891.2186627,
    "t_depend": 1684197891.230371,
    "t_run": 1684197891.245784,
    "t_cleanup": 1684197891.8121347,
    "t_inactive": 1684197891.8144639,
    "state": "INACTIVE",
    "name": "ring_c",
    "ntasks": 280,
    "ncores": 280,
    "duration": 0.0,
    "nnodes": 5,
    "ranks": "[0-4]",
    "nodelist": "flux-sample-[3-7]",
    "success": true,
    "exception_occurred": false,
    "result": "COMPLETED",
    "expiration": 4837797891.0,
    "waitstatus": 0,
    "returncode": 0,
    "runtime": 0.5663506984710693,
    "exception": {
        "occurred": false,
        "severity": "",
        "type": "",
        "note": ""
    }
}