{
    "id": 2787014344704,
    "userid": 1234,
    "urgency": 16,
    "priority": 16,
    "t_submit": 1684197896.3402946,
    "t_depend": 1684197896.3520744,
    "t_run": 1684197896.3677032,
    "t_cleanup": 1684197897.1300993,
    "t_inactive": 1684197897.132253,
    "state": "INACTIVE",
    "name": "ring_c",
    "ntasks": 280,
    "ncores": 280,
    "duration": 0.0,
    "nnodes": 5,
    "ranks": "[0-4]",
    "nodelist": "flux-sample-[3-7]",
    "success": true,
    "exception_occurred": false,
    "result": "COMPLETED",
    "expiration": 4837797896.0,
    "waitstatus": 0,
    "returncode": 0,
    "runtime": 0.7623960971832275,
    "exception": {
        "occurred": false,
        "severity": "",
        "type": "",
        "note": ""
    }
}