{
    "id": 2861991723008,
    "userid": 1234,
    "urgency": 16,
    "priority": 16,
    "t_submit": 1684197900.8089793,
    "t_depend": 1684197900.821232,
    "t_run": 1684197900.8373084,
    "t_cleanup": 1684197901.5381684,
    "t_inactive": 1684197901.540531,
    "state": "INACTIVE",
    "name": "ring_c",
    "ntasks": 280,
    "ncores": 280,
    "duration": 0.0,
    "nnodes": 5,
    "ranks": "[0-4]",
    "nodelist": "flux-sample-[3-7]",
    "success": true,
    "exception_occurred": false,
    "result": "COMPLETED",
    "expiration": 4837797900.0,
    "waitstatus": 0,
    "returncode": 0,
    "runtime": 0.7008600234985352,
    "exception": {
        "occurred": false,
        "severity": "",
        "type": "",
        "note": ""
    }
}