{
    "id": 2839057268736,
    "userid": 1234,
    "urgency": 16,
    "priority": 16,
    "t_submit": 1684197899.4420936,
    "t_depend": 1684197899.453993,
    "t_run": 1684197899.4696753,
    "t_cleanup": 1684197900.054443,
    "t_inactive": 1684197900.056566,
    "state": "INACTIVE",
    "name": "ring_c",
    "ntasks": 280,
    "ncores": 280,
    "duration": 0.0,
    "nnodes": 5,
    "ranks": "[0-4]",
    "nodelist": "flux-sample-[3-7]",
    "success": true,
    "exception_occurred": false,
    "result": "COMPLETED",
    "expiration": 4837797899.0,
    "waitstatus": 0,
    "returncode": 0,
    "runtime": 0.5847675800323486,
    "exception": {
        "occurred": false,
        "severity": "",
        "type": "",
        "note": ""
    }
}