{
    "id": 2738377195520,
    "userid": 1234,
    "urgency": 16,
    "priority": 16,
    "t_submit": 1684197893.441005,
    "t_depend": 1684197893.4527812,
    "t_run": 1684197893.468588,
    "t_cleanup": 1684197894.0336123,
    "t_inactive": 1684197894.0358174,
    "state": "INACTIVE",
    "name": "ring_c",
    "ntasks": 280,
    "ncores": 280,
    "duration": 0.0,
    "nnodes": 5,
    "ranks": "[0-4]",
    "nodelist": "flux-sample-[3-7]",
    "success": true,
    "exception_occurred": false,
    "result": "COMPLETED",
    "expiration": 4837797893.0,
    "waitstatus": 0,
    "returncode": 0,
    "runtime": 0.5650241374969482,
    "exception": {
        "occurred": false,
        "severity": "",
        "type": "",
        "note": ""
    }
}