{
    "times": [
        51.06273913383484,
        4.628060817718506,
        5.474431276321411,
        5.460546255111694,
        5.382824420928955,
        4.513059139251709,
        5.4695000648498535,
        5.427584171295166,
        5.441450595855713,
        5.4717841148376465,
        3.410111427307129,
        5.464776515960693,
        5.5138890743255615,
        5.508264780044556,
        5.5226452350616455,
        5.569281101226807,
        5.474589824676514,
        4.5889787673950195,
        5.41632866859436,
        5.487001180648804,
        5.652644395828247
    ],
    "mean": 7.425737664813087,
    "std": 10.012695976255703
}