{
    "id": 696405458944,
    "userid": 1234,
    "urgency": 16,
    "priority": 16,
    "t_submit": 1684197325.9041035,
    "t_depend": 1684197325.9155555,
    "t_run": 1684197325.9286273,
    "t_cleanup": 1684197326.2715456,
    "t_inactive": 1684197326.2729058,
    "state": "INACTIVE",
    "name": "hello_cxx",
    "ntasks": 56,
    "ncores": 56,
    "duration": 0.0,
    "nnodes": 1,
    "ranks": "0",
    "nodelist": "flux-sample-0",
    "success": true,
    "exception_occurred": false,
    "result": "COMPLETED",
    "expiration": 4837797325.0,
    "waitstatus": 0,
    "returncode": 0,
    "runtime": 0.34291839599609375,
    "exception": {
        "occurred": false,
        "severity": "",
        "type": "",
        "note": ""
    }
}