{
    "id": 679728906240,
    "userid": 1234,
    "urgency": 16,
    "priority": 16,
    "t_submit": 1684197324.910019,
    "t_depend": 1684197324.92121,
    "t_run": 1684197324.9340787,
    "t_cleanup": 1684197325.3358352,
    "t_inactive": 1684197325.3372307,
    "state": "INACTIVE",
    "name": "hello_cxx",
    "ntasks": 56,
    "ncores": 56,
    "duration": 0.0,
    "nnodes": 1,
    "ranks": "0",
    "nodelist": "flux-sample-0",
    "success": true,
    "exception_occurred": false,
    "result": "COMPLETED",
    "expiration": 4837797324.0,
    "waitstatus": 0,
    "returncode": 0,
    "runtime": 0.40175652503967285,
    "exception": {
        "occurred": false,
        "severity": "",
        "type": "",
        "note": ""
    }
}