{
    "id": 569519374336,
    "userid": 1234,
    "urgency": 16,
    "priority": 16,
    "t_submit": 1684197318.3412256,
    "t_depend": 1684197318.3523912,
    "t_run": 1684197318.3653028,
    "t_cleanup": 1684197318.7125273,
    "t_inactive": 1684197318.7142394,
    "state": "INACTIVE",
    "name": "hello_cxx",
    "ntasks": 56,
    "ncores": 56,
    "duration": 0.0,
    "nnodes": 1,
    "ranks": "0",
    "nodelist": "flux-sample-0",
    "success": true,
    "exception_occurred": false,
    "result": "COMPLETED",
    "expiration": 4837797318.0,
    "waitstatus": 0,
    "returncode": 0,
    "runtime": 0.34722447395324707,
    "exception": {
        "occurred": false,
        "severity": "",
        "type": "",
        "note": ""
    }
}