{
    "id": 646879117312,
    "userid": 1234,
    "urgency": 16,
    "priority": 16,
    "t_submit": 1684197322.9519396,
    "t_depend": 1684197322.9631534,
    "t_run": 1684197322.9760954,
    "t_cleanup": 1684197323.338619,
    "t_inactive": 1684197323.3400912,
    "state": "INACTIVE",
    "name": "hello_cxx",
    "ntasks": 56,
    "ncores": 56,
    "duration": 0.0,
    "nnodes": 1,
    "ranks": "0",
    "nodelist": "flux-sample-0",
    "success": true,
    "exception_occurred": false,
    "result": "COMPLETED",
    "expiration": 4837797322.0,
    "waitstatus": 0,
    "returncode": 0,
    "runtime": 0.36252355575561523,
    "exception": {
        "occurred": false,
        "severity": "",
        "type": "",
        "note": ""
    }
}