{
    "id": 554335993856,
    "userid": 1234,
    "urgency": 16,
    "priority": 16,
    "t_submit": 1684197317.4354866,
    "t_depend": 1684197317.446905,
    "t_run": 1684197317.4603157,
    "t_cleanup": 1684197317.7880344,
    "t_inactive": 1684197317.7893922,
    "state": "INACTIVE",
    "name": "hello_cxx",
    "ntasks": 56,
    "ncores": 56,
    "duration": 0.0,
    "nnodes": 1,
    "ranks": "0",
    "nodelist": "flux-sample-0",
    "success": true,
    "exception_occurred": false,
    "result": "COMPLETED",
    "expiration": 4837797317.0,
    "waitstatus": 0,
    "returncode": 0,
    "runtime": 0.32771873474121094,
    "exception": {
        "occurred": false,
        "severity": "",
        "type": "",
        "note": ""
    }
}