{
    "id": 663891214336,
    "userid": 1234,
    "urgency": 16,
    "priority": 16,
    "t_submit": 1684197323.9663677,
    "t_depend": 1684197323.9777923,
    "t_run": 1684197323.991195,
    "t_cleanup": 1684197324.3431883,
    "t_inactive": 1684197324.3446689,
    "state": "INACTIVE",
    "name": "hello_cxx",
    "ntasks": 56,
    "ncores": 56,
    "duration": 0.0,
    "nnodes": 1,
    "ranks": "0",
    "nodelist": "flux-sample-0",
    "success": true,
    "exception_occurred": false,
    "result": "COMPLETED",
    "expiration": 4837797323.0,
    "waitstatus": 0,
    "returncode": 0,
    "runtime": 0.3519933223724365,
    "exception": {
        "occurred": false,
        "severity": "",
        "type": "",
        "note": ""
    }
}