{
    "id": 631829954560,
    "userid": 1234,
    "urgency": 16,
    "priority": 16,
    "t_submit": 1684197322.054511,
    "t_depend": 1684197322.065972,
    "t_run": 1684197322.0794249,
    "t_cleanup": 1684197322.412225,
    "t_inactive": 1684197322.4141417,
    "state": "INACTIVE",
    "name": "hello_cxx",
    "ntasks": 56,
    "ncores": 56,
    "duration": 0.0,
    "nnodes": 1,
    "ranks": "0",
    "nodelist": "flux-sample-0",
    "success": true,
    "exception_occurred": false,
    "result": "COMPLETED",
    "expiration": 4837797322.0,
    "waitstatus": 0,
    "returncode": 0,
    "runtime": 0.33280014991760254,
    "exception": {
        "occurred": false,
        "severity": "",
        "type": "",
        "note": ""
    }
}