{
    "id": 688838934528,
    "userid": 1234,
    "urgency": 16,
    "priority": 16,
    "t_submit": 1684197325.452473,
    "t_depend": 1684197325.4636166,
    "t_run": 1684197325.4767253,
    "t_cleanup": 1684197325.7945585,
    "t_inactive": 1684197325.7966063,
    "state": "INACTIVE",
    "name": "hello_cxx",
    "ntasks": 56,
    "ncores": 56,
    "duration": 0.0,
    "nnodes": 1,
    "ranks": "0",
    "nodelist": "flux-sample-0",
    "success": true,
    "exception_occurred": false,
    "result": "COMPLETED",
    "expiration": 4837797325.0,
    "waitstatus": 0,
    "returncode": 0,
    "runtime": 0.31783318519592285,
    "exception": {
        "occurred": false,
        "severity": "",
        "type": "",
        "note": ""
    }
}