{
    "id": 655150284800,
    "userid": 1234,
    "urgency": 16,
    "priority": 16,
    "t_submit": 1684197323.4451182,
    "t_depend": 1684197323.4564123,
    "t_run": 1684197323.4695683,
    "t_cleanup": 1684197323.8611042,
    "t_inactive": 1684197323.8625438,
    "state": "INACTIVE",
    "name": "hello_cxx",
    "ntasks": 56,
    "ncores": 56,
    "duration": 0.0,
    "nnodes": 1,
    "ranks": "0",
    "nodelist": "flux-sample-0",
    "success": true,
    "exception_occurred": false,
    "result": "COMPLETED",
    "expiration": 4837797323.0,
    "waitstatus": 0,
    "returncode": 0,
    "runtime": 0.39153599739074707,
    "exception": {
        "occurred": false,
        "severity": "",
        "type": "",
        "note": ""
    }
}