{
    "id": 577538883584,
    "userid": 1234,
    "urgency": 16,
    "priority": 16,
    "t_submit": 1684197318.8186133,
    "t_depend": 1684197318.8300571,
    "t_run": 1684197318.8432531,
    "t_cleanup": 1684197319.224409,
    "t_inactive": 1684197319.2258646,
    "state": "INACTIVE",
    "name": "hello_cxx",
    "ntasks": 56,
    "ncores": 56,
    "duration": 0.0,
    "nnodes": 1,
    "ranks": "0",
    "nodelist": "flux-sample-0",
    "success": true,
    "exception_occurred": false,
    "result": "COMPLETED",
    "expiration": 4837797318.0,
    "waitstatus": 0,
    "returncode": 0,
    "runtime": 0.38115596771240234,
    "exception": {
        "occurred": false,
        "severity": "",
        "type": "",
        "note": ""
    }
}