{
    "id": 956989177856,
    "userid": 1234,
    "urgency": 16,
    "priority": 16,
    "t_submit": 1684197539.803535,
    "t_depend": 1684197539.814781,
    "t_run": 1684197539.829009,
    "t_cleanup": 1684197541.36932,
    "t_inactive": 1684197541.371287,
    "state": "INACTIVE",
    "name": "connectivity_c",
    "ntasks": 336,
    "ncores": 336,
    "duration": 0.0,
    "nnodes": 6,
    "ranks": "[0-5]",
    "nodelist": "flux-sample-[2-7]",
    "success": true,
    "exception_occurred": false,
    "result": "COMPLETED",
    "expiration": 4837797539.0,
    "waitstatus": 0,
    "returncode": 0,
    "runtime": 1.5403108596801758,
    "exception": {
        "occurred": false,
        "severity": "",
        "type": "",
        "note": ""
    }
}