{
    "id": 1176183504896,
    "userid": 1234,
    "urgency": 16,
    "priority": 16,
    "t_submit": 1684197552.8686824,
    "t_depend": 1684197552.8800228,
    "t_run": 1684197552.8944407,
    "t_cleanup": 1684197554.316477,
    "t_inactive": 1684197554.3181348,
    "state": "INACTIVE",
    "name": "connectivity_c",
    "ntasks": 336,
    "ncores": 336,
    "duration": 0.0,
    "nnodes": 6,
    "ranks": "[0-5]",
    "nodelist": "flux-sample-[2-7]",
    "success": true,
    "exception_occurred": false,
    "result": "COMPLETED",
    "expiration": 4837797552.0,
    "waitstatus": 0,
    "returncode": 0,
    "runtime": 1.4220364093780518,
    "exception": {
        "occurred": false,
        "severity": "",
        "type": "",
        "note": ""
    }
}