{
    "id": 930346958848,
    "userid": 1234,
    "urgency": 16,
    "priority": 16,
    "t_submit": 1684197538.2161944,
    "t_depend": 1684197538.227386,
    "t_run": 1684197538.2421048,
    "t_cleanup": 1684197539.6973515,
    "t_inactive": 1684197539.698944,
    "state": "INACTIVE",
    "name": "connectivity_c",
    "ntasks": 336,
    "ncores": 336,
    "duration": 0.0,
    "nnodes": 6,
    "ranks": "[0-5]",
    "nodelist": "flux-sample-[2-7]",
    "success": true,
    "exception_occurred": false,
    "result": "COMPLETED",
    "expiration": 4837797538.0,
    "waitstatus": 0,
    "returncode": 0,
    "runtime": 1.4552466869354248,
    "exception": {
        "occurred": false,
        "severity": "",
        "type": "",
        "note": ""
    }
}