{
    "id": 1092716855296,
    "userid": 1234,
    "urgency": 16,
    "priority": 16,
    "t_submit": 1684197547.8941731,
    "t_depend": 1684197547.9053783,
    "t_run": 1684197547.9201357,
    "t_cleanup": 1684197549.4420154,
    "t_inactive": 1684197549.444047,
    "state": "INACTIVE",
    "name": "connectivity_c",
    "ntasks": 336,
    "ncores": 336,
    "duration": 0.0,
    "nnodes": 6,
    "ranks": "[0-5]",
    "nodelist": "flux-sample-[2-7]",
    "success": true,
    "exception_occurred": false,
    "result": "COMPLETED",
    "expiration": 4837797547.0,
    "waitstatus": 0,
    "returncode": 0,
    "runtime": 1.5218796730041504,
    "exception": {
        "occurred": false,
        "severity": "",
        "type": "",
        "note": ""
    }
}