{
    "id": 793612648448,
    "userid": 1234,
    "urgency": 16,
    "priority": 16,
    "t_submit": 1684197530.0655293,
    "t_depend": 1684197530.0766306,
    "t_run": 1684197530.0913353,
    "t_cleanup": 1684197531.6060882,
    "t_inactive": 1684197531.6086671,
    "state": "INACTIVE",
    "name": "connectivity_c",
    "ntasks": 336,
    "ncores": 336,
    "duration": 0.0,
    "nnodes": 6,
    "ranks": "[0-5]",
    "nodelist": "flux-sample-[2-7]",
    "success": true,
    "exception_occurred": false,
    "result": "COMPLETED",
    "expiration": 4837797530.0,
    "waitstatus": 0,
    "returncode": 0,
    "runtime": 1.5147528648376465,
    "exception": {
        "occurred": false,
        "severity": "",
        "type": "",
        "note": ""
    }
}