{
    "id": 1146840154112,
    "userid": 1234,
    "urgency": 16,
    "priority": 16,
    "t_submit": 1684197551.1203403,
    "t_depend": 1684197551.1317835,
    "t_run": 1684197551.1461992,
    "t_cleanup": 1684197552.7619145,
    "t_inactive": 1684197552.763327,
    "state": "INACTIVE",
    "name": "connectivity_c",
    "ntasks": 336,
    "ncores": 336,
    "duration": 0.0,
    "nnodes": 6,
    "ranks": "[0-5]",
    "nodelist": "flux-sample-[2-7]",
    "success": true,
    "exception_occurred": false,
    "result": "COMPLETED",
    "expiration": 4837797551.0,
    "waitstatus": 0,
    "returncode": 0,
    "runtime": 1.6157152652740479,
    "exception": {
        "occurred": false,
        "severity": "",
        "type": "",
        "note": ""
    }
}