{
    "id": 1312901038080,
    "userid": 1234,
    "urgency": 16,
    "priority": 16,
    "t_submit": 1684197561.0181506,
    "t_depend": 1684197561.0295482,
    "t_run": 1684197561.0441558,
    "t_cleanup": 1684197562.6169133,
    "t_inactive": 1684197562.6185386,
    "state": "INACTIVE",
    "name": "connectivity_c",
    "ntasks": 336,
    "ncores": 336,
    "duration": 0.0,
    "nnodes": 6,
    "ranks": "[0-5]",
    "nodelist": "flux-sample-[2-7]",
    "success": true,
    "exception_occurred": false,
    "result": "COMPLETED",
    "expiration": 4837797561.0,
    "waitstatus": 0,
    "returncode": 0,
    "runtime": 1.5727574825286865,
    "exception": {
        "occurred": false,
        "severity": "",
        "type": "",
        "note": ""
    }
}