{
    "id": 985141346304,
    "userid": 1234,
    "urgency": 16,
    "priority": 16,
    "t_submit": 1684197541.482243,
    "t_depend": 1684197541.4934561,
    "t_run": 1684197541.5079038,
    "t_cleanup": 1684197543.018473,
    "t_inactive": 1684197543.0204346,
    "state": "INACTIVE",
    "name": "connectivity_c",
    "ntasks": 336,
    "ncores": 336,
    "duration": 0.0,
    "nnodes": 6,
    "ranks": "[0-5]",
    "nodelist": "flux-sample-[2-7]",
    "success": true,
    "exception_occurred": false,
    "result": "COMPLETED",
    "expiration": 4837797541.0,
    "waitstatus": 0,
    "returncode": 0,
    "runtime": 1.5105690956115723,
    "exception": {
        "occurred": false,
        "severity": "",
        "type": "",
        "note": ""
    }
}