{
    "id": 1258509303808,
    "userid": 1234,
    "urgency": 16,
    "priority": 16,
    "t_submit": 1684197557.7757936,
    "t_depend": 1684197557.786965,
    "t_run": 1684197557.8014429,
    "t_cleanup": 1684197559.2429361,
    "t_inactive": 1684197559.244788,
    "state": "INACTIVE",
    "name": "connectivity_c",
    "ntasks": 336,
    "ncores": 336,
    "duration": 0.0,
    "nnodes": 6,
    "ranks": "[0-5]",
    "nodelist": "flux-sample-[2-7]",
    "success": true,
    "exception_occurred": false,
    "result": "COMPLETED",
    "expiration": 4837797557.0,
    "waitstatus": 0,
    "returncode": 0,
    "runtime": 1.441493272781372,
    "exception": {
        "occurred": false,
        "severity": "",
        "type": "",
        "note": ""
    }
}