{
    "id": 848423813120,
    "userid": 1234,
    "urgency": 16,
    "priority": 16,
    "t_submit": 1684197533.332775,
    "t_depend": 1684197533.344061,
    "t_run": 1684197533.3584723,
    "t_cleanup": 1684197534.8904793,
    "t_inactive": 1684197534.892178,
    "state": "INACTIVE",
    "name": "connectivity_c",
    "ntasks": 336,
    "ncores": 336,
    "duration": 0.0,
    "nnodes": 6,
    "ranks": "[0-5]",
    "nodelist": "flux-sample-[2-7]",
    "success": true,
    "exception_occurred": false,
    "result": "COMPLETED",
    "expiration": 4837797533.0,
    "waitstatus": 0,
    "returncode": 0,
    "runtime": 1.5320069789886475,
    "exception": {
        "occurred": false,
        "severity": "",
        "type": "",
        "note": ""
    }
}