{
    "id": 1065571319808,
    "userid": 1234,
    "urgency": 16,
    "priority": 16,
    "t_submit": 1684197546.2761319,
    "t_depend": 1684197546.2875988,
    "t_run": 1684197546.3021557,
    "t_cleanup": 1684197547.7846007,
    "t_inactive": 1684197547.7865376,
    "state": "INACTIVE",
    "name": "connectivity_c",
    "ntasks": 336,
    "ncores": 336,
    "duration": 0.0,
    "nnodes": 6,
    "ranks": "[0-5]",
    "nodelist": "flux-sample-[2-7]",
    "success": true,
    "exception_occurred": false,
    "result": "COMPLETED",
    "expiration": 4837797546.0,
    "waitstatus": 0,
    "returncode": 0,
    "runtime": 1.4824450016021729,
    "exception": {
        "occurred": false,
        "severity": "",
        "type": "",
        "note": ""
    }
}