{
    "id": 903268532224,
    "userid": 1234,
    "urgency": 16,
    "priority": 16,
    "t_submit": 1684197536.6021755,
    "t_depend": 1684197536.6135638,
    "t_run": 1684197536.6283424,
    "t_cleanup": 1684197538.1090827,
    "t_inactive": 1684197538.1109817,
    "state": "INACTIVE",
    "name": "connectivity_c",
    "ntasks": 336,
    "ncores": 336,
    "duration": 0.0,
    "nnodes": 6,
    "ranks": "[0-5]",
    "nodelist": "flux-sample-[2-7]",
    "success": true,
    "exception_occurred": false,
    "result": "COMPLETED",
    "expiration": 4837797536.0,
    "waitstatus": 0,
    "returncode": 0,
    "runtime": 1.4807403087615967,
    "exception": {
        "occurred": false,
        "severity": "",
        "type": "",
        "note": ""
    }
}