{
    "id": 1284899864576,
    "userid": 1234,
    "urgency": 16,
    "priority": 16,
    "t_submit": 1684197559.348426,
    "t_depend": 1684197559.3599036,
    "t_run": 1684197559.3747833,
    "t_cleanup": 1684197560.9151022,
    "t_inactive": 1684197560.9170208,
    "state": "INACTIVE",
    "name": "connectivity_c",
    "ntasks": 336,
    "ncores": 336,
    "duration": 0.0,
    "nnodes": 6,
    "ranks": "[0-5]",
    "nodelist": "flux-sample-[2-7]",
    "success": true,
    "exception_occurred": false,
    "result": "COMPLETED",
    "expiration": 4837797559.0,
    "waitstatus": 0,
    "returncode": 0,
    "runtime": 1.5403189659118652,
    "exception": {
        "occurred": false,
        "severity": "",
        "type": "",
        "note": ""
    }
}