{
    "id": 1120466370560,
    "userid": 1234,
    "urgency": 16,
    "priority": 16,
    "t_submit": 1684197549.5476642,
    "t_depend": 1684197549.5589051,
    "t_run": 1684197549.573606,
    "t_cleanup": 1684197551.0151396,
    "t_inactive": 1684197551.0171611,
    "state": "INACTIVE",
    "name": "connectivity_c",
    "ntasks": 336,
    "ncores": 336,
    "duration": 0.0,
    "nnodes": 6,
    "ranks": "[0-5]",
    "nodelist": "flux-sample-[2-7]",
    "success": true,
    "exception_occurred": false,
    "result": "COMPLETED",
    "expiration": 4837797549.0,
    "waitstatus": 0,
    "returncode": 0,
    "runtime": 1.4415335655212402,
    "exception": {
        "occurred": false,
        "severity": "",
        "type": "",
        "note": ""
    }
}