{
    "id": 1229283393536,
    "userid": 1234,
    "urgency": 16,
    "priority": 16,
    "t_submit": 1684197556.0339673,
    "t_depend": 1684197556.0454872,
    "t_run": 1684197556.0600162,
    "t_cleanup": 1684197557.672546,
    "t_inactive": 1684197557.674593,
    "state": "INACTIVE",
    "name": "connectivity_c",
    "ntasks": 336,
    "ncores": 336,
    "duration": 0.0,
    "nnodes": 6,
    "ranks": "[0-5]",
    "nodelist": "flux-sample-[2-7]",
    "success": true,
    "exception_occurred": false,
    "result": "COMPLETED",
    "expiration": 4837797556.0,
    "waitstatus": 0,
    "returncode": 0,
    "runtime": 1.6125297546386719,
    "exception": {
        "occurred": false,
        "severity": "",
        "type": "",
        "note": ""
    }
}