{
    "id": 1039163981824,
    "userid": 1234,
    "urgency": 16,
    "priority": 16,
    "t_submit": 1684197544.7016344,
    "t_depend": 1684197544.7129405,
    "t_run": 1684197544.7272205,
    "t_cleanup": 1684197546.1695795,
    "t_inactive": 1684197546.1712422,
    "state": "INACTIVE",
    "name": "connectivity_c",
    "ntasks": 336,
    "ncores": 336,
    "duration": 0.0,
    "nnodes": 6,
    "ranks": "[0-5]",
    "nodelist": "flux-sample-[2-7]",
    "success": true,
    "exception_occurred": false,
    "result": "COMPLETED",
    "expiration": 4837797544.0,
    "waitstatus": 0,
    "returncode": 0,
    "runtime": 1.4423589706420898,
    "exception": {
        "occurred": false,
        "severity": "",
        "type": "",
        "note": ""
    }
}