{
    "id": 3603343343616,
    "userid": 1234,
    "urgency": 16,
    "priority": 16,
    "t_submit": 1684197439.1503835,
    "t_depend": 1684197439.1623912,
    "t_run": 1684197439.179264,
    "t_cleanup": 1684197439.921685,
    "t_inactive": 1684197439.9239345,
    "state": "INACTIVE",
    "name": "ring_usempi",
    "ntasks": 392,
    "ncores": 392,
    "duration": 0.0,
    "nnodes": 7,
    "ranks": "[0-6]",
    "nodelist": "flux-sample-[1-7]",
    "success": true,
    "exception_occurred": false,
    "result": "COMPLETED",
    "expiration": 4837797439.0,
    "waitstatus": 0,
    "returncode": 0,
    "runtime": 0.7424209117889404,
    "exception": {
        "occurred": false,
        "severity": "",
        "type": "",
        "note": ""
    }
}