{
    "id": 3552458047488,
    "userid": 1234,
    "urgency": 16,
    "priority": 16,
    "t_submit": 1684197436.1169872,
    "t_depend": 1684197436.129235,
    "t_run": 1684197436.1454923,
    "t_cleanup": 1684197436.6578658,
    "t_inactive": 1684197436.664856,
    "state": "INACTIVE",
    "name": "ring_usempi",
    "ntasks": 392,
    "ncores": 392,
    "duration": 0.0,
    "nnodes": 7,
    "ranks": "[0-6]",
    "nodelist": "flux-sample-[1-7]",
    "success": true,
    "exception_occurred": false,
    "result": "COMPLETED",
    "expiration": 4837797436.0,
    "waitstatus": 0,
    "returncode": 0,
    "runtime": 0.5123734474182129,
    "exception": {
        "occurred": false,
        "severity": "",
        "type": "",
        "note": ""
    }
}