{
    "id": 3460267245568,
    "userid": 1234,
    "urgency": 16,
    "priority": 16,
    "t_submit": 1684197430.6223063,
    "t_depend": 1684197430.6366966,
    "t_run": 1684197430.6531973,
    "t_cleanup": 1684197431.254941,
    "t_inactive": 1684197431.2572374,
    "state": "INACTIVE",
    "name": "ring_usempi",
    "ntasks": 392,
    "ncores": 392,
    "duration": 0.0,
    "nnodes": 7,
    "ranks": "[0-6]",
    "nodelist": "flux-sample-[1-7]",
    "success": true,
    "exception_occurred": false,
    "result": "COMPLETED",
    "expiration": 4837797430.0,
    "waitstatus": 0,
    "returncode": 0,
    "runtime": 0.6017436981201172,
    "exception": {
        "occurred": false,
        "severity": "",
        "type": "",
        "note": ""
    }
}