{
    "id": 3540864991232,
    "userid": 1234,
    "urgency": 16,
    "priority": 16,
    "t_submit": 1684197435.425861,
    "t_depend": 1684197435.4377944,
    "t_run": 1684197435.453936,
    "t_cleanup": 1684197436.012453,
    "t_inactive": 1684197436.0146601,
    "state": "INACTIVE",
    "name": "ring_usempi",
    "ntasks": 392,
    "ncores": 392,
    "duration": 0.0,
    "nnodes": 7,
    "ranks": "[0-6]",
    "nodelist": "flux-sample-[1-7]",
    "success": true,
    "exception_occurred": false,
    "result": "COMPLETED",
    "expiration": 4837797435.0,
    "waitstatus": 0,
    "returncode": 0,
    "runtime": 0.5585169792175293,
    "exception": {
        "occurred": false,
        "severity": "",
        "type": "",
        "note": ""
    }
}