{
    "id": 3489090502656,
    "userid": 1234,
    "urgency": 16,
    "priority": 16,
    "t_submit": 1684197432.339437,
    "t_depend": 1684197432.3511503,
    "t_run": 1684197432.3676496,
    "t_cleanup": 1684197432.943029,
    "t_inactive": 1684197432.9456801,
    "state": "INACTIVE",
    "name": "ring_usempi",
    "ntasks": 392,
    "ncores": 392,
    "duration": 0.0,
    "nnodes": 7,
    "ranks": "[0-6]",
    "nodelist": "flux-sample-[1-7]",
    "success": true,
    "exception_occurred": false,
    "result": "COMPLETED",
    "expiration": 4837797432.0,
    "waitstatus": 0,
    "returncode": 0,
    "runtime": 0.5753793716430664,
    "exception": {
        "occurred": false,
        "severity": "",
        "type": "",
        "note": ""
    }
}