{
    "id": 3500968771584,
    "userid": 1234,
    "urgency": 16,
    "priority": 16,
    "t_submit": 1684197433.0475047,
    "t_depend": 1684197433.0594366,
    "t_run": 1684197433.075705,
    "t_cleanup": 1684197433.8761258,
    "t_inactive": 1684197433.8782704,
    "state": "INACTIVE",
    "name": "ring_usempi",
    "ntasks": 392,
    "ncores": 392,
    "duration": 0.0,
    "nnodes": 7,
    "ranks": "[0-6]",
    "nodelist": "flux-sample-[1-7]",
    "success": true,
    "exception_occurred": false,
    "result": "COMPLETED",
    "expiration": 4837797433.0,
    "waitstatus": 0,
    "returncode": 0,
    "runtime": 0.8004207611083984,
    "exception": {
        "occurred": false,
        "severity": "",
        "type": "",
        "note": ""
    }
}