{
    "id": 3673371443200,
    "userid": 1234,
    "urgency": 16,
    "priority": 16,
    "t_submit": 1684197443.323777,
    "t_depend": 1684197443.3357275,
    "t_run": 1684197443.35248,
    "t_cleanup": 1684197443.9023936,
    "t_inactive": 1684197443.9046276,
    "state": "INACTIVE",
    "name": "ring_usempi",
    "ntasks": 392,
    "ncores": 392,
    "duration": 0.0,
    "nnodes": 7,
    "ranks": "[0-6]",
    "nodelist": "flux-sample-[1-7]",
    "success": true,
    "exception_occurred": false,
    "result": "COMPLETED",
    "expiration": 4837797443.0,
    "waitstatus": 0,
    "returncode": 0,
    "runtime": 0.5499136447906494,
    "exception": {
        "occurred": false,
        "severity": "",
        "type": "",
        "note": ""
    }
}