{
    "id": 2204425519104,
    "userid": 1234,
    "urgency": 16,
    "priority": 16,
    "t_submit": 1684198082.8650854,
    "t_depend": 1684198082.8768828,
    "t_run": 1684198082.8919826,
    "t_cleanup": 1684198083.319745,
    "t_inactive": 1684198083.3218737,
    "state": "INACTIVE",
    "name": "hello_usempi",
    "ntasks": 224,
    "ncores": 224,
    "duration": 0.0,
    "nnodes": 4,
    "ranks": "[0-3]",
    "nodelist": "flux-sample-[4-7]",
    "success": true,
    "exception_occurred": false,
    "result": "COMPLETED",
    "expiration": 4837798082.0,
    "waitstatus": 0,
    "returncode": 0,
    "runtime": 0.427762508392334,
    "exception": {
        "occurred": false,
        "severity": "",
        "type": "",
        "note": ""
    }
}