{
    "id": 2076130148352,
    "userid": 1234,
    "urgency": 16,
    "priority": 16,
    "t_submit": 1684198075.2182214,
    "t_depend": 1684198075.229903,
    "t_run": 1684198075.2450366,
    "t_cleanup": 1684198075.6878886,
    "t_inactive": 1684198075.6920557,
    "state": "INACTIVE",
    "name": "hello_usempi",
    "ntasks": 224,
    "ncores": 224,
    "duration": 0.0,
    "nnodes": 4,
    "ranks": "[0-3]",
    "nodelist": "flux-sample-[4-7]",
    "success": true,
    "exception_occurred": false,
    "result": "COMPLETED",
    "expiration": 4837798075.0,
    "waitstatus": 0,
    "returncode": 0,
    "runtime": 0.4428520202636719,
    "exception": {
        "occurred": false,
        "severity": "",
        "type": "",
        "note": ""
    }
}