{
    "id": 2232980340736,
    "userid": 1234,
    "urgency": 16,
    "priority": 16,
    "t_submit": 1684198084.5675359,
    "t_depend": 1684198084.5790527,
    "t_run": 1684198084.5944111,
    "t_cleanup": 1684198085.0466268,
    "t_inactive": 1684198085.0484593,
    "state": "INACTIVE",
    "name": "hello_usempi",
    "ntasks": 224,
    "ncores": 224,
    "duration": 0.0,
    "nnodes": 4,
    "ranks": "[0-3]",
    "nodelist": "flux-sample-[4-7]",
    "success": true,
    "exception_occurred": false,
    "result": "COMPLETED",
    "expiration": 4837798084.0,
    "waitstatus": 0,
    "returncode": 0,
    "runtime": 0.45221567153930664,
    "exception": {
        "occurred": false,
        "severity": "",
        "type": "",
        "note": ""
    }
}