{
    "id": 2252223807488,
    "userid": 1234,
    "urgency": 16,
    "priority": 16,
    "t_submit": 1684198085.7142625,
    "t_depend": 1684198085.7260168,
    "t_run": 1684198085.7414052,
    "t_cleanup": 1684198086.2076616,
    "t_inactive": 1684198086.2095957,
    "state": "INACTIVE",
    "name": "hello_usempi",
    "ntasks": 224,
    "ncores": 224,
    "duration": 0.0,
    "nnodes": 4,
    "ranks": "[0-3]",
    "nodelist": "flux-sample-[4-7]",
    "success": true,
    "exception_occurred": false,
    "result": "COMPLETED",
    "expiration": 4837798085.0,
    "waitstatus": 0,
    "returncode": 0,
    "runtime": 0.46625638008117676,
    "exception": {
        "occurred": false,
        "severity": "",
        "type": "",
        "note": ""
    }
}