{
    "id": 2184510963712,
    "userid": 1234,
    "urgency": 16,
    "priority": 16,
    "t_submit": 1684198081.677616,
    "t_depend": 1684198081.6892848,
    "t_run": 1684198081.7047315,
    "t_cleanup": 1684198082.1490827,
    "t_inactive": 1684198082.1512163,
    "state": "INACTIVE",
    "name": "hello_usempi",
    "ntasks": 224,
    "ncores": 224,
    "duration": 0.0,
    "nnodes": 4,
    "ranks": "[0-3]",
    "nodelist": "flux-sample-[4-7]",
    "success": true,
    "exception_occurred": false,
    "result": "COMPLETED",
    "expiration": 4837798081.0,
    "waitstatus": 0,
    "returncode": 0,
    "runtime": 0.4443511962890625,
    "exception": {
        "occurred": false,
        "severity": "",
        "type": "",
        "note": ""
    }
}