{
    "id": 2145285832704,
    "userid": 1234,
    "urgency": 16,
    "priority": 16,
    "t_submit": 1684198079.3399339,
    "t_depend": 1684198079.351847,
    "t_run": 1684198079.366983,
    "t_cleanup": 1684198079.8635256,
    "t_inactive": 1684198079.8681166,
    "state": "INACTIVE",
    "name": "hello_usempi",
    "ntasks": 224,
    "ncores": 224,
    "duration": 0.0,
    "nnodes": 4,
    "ranks": "[0-3]",
    "nodelist": "flux-sample-[4-7]",
    "success": true,
    "exception_occurred": false,
    "result": "COMPLETED",
    "expiration": 4837798079.0,
    "waitstatus": 0,
    "returncode": 0,
    "runtime": 0.49654269218444824,
    "exception": {
        "occurred": false,
        "severity": "",
        "type": "",
        "note": ""
    }
}