{
    "id": 2113878884352,
    "userid": 1234,
    "urgency": 16,
    "priority": 16,
    "t_submit": 1684198077.4684277,
    "t_depend": 1684198077.480128,
    "t_run": 1684198077.4963906,
    "t_cleanup": 1684198077.961831,
    "t_inactive": 1684198077.963857,
    "state": "INACTIVE",
    "name": "hello_usempi",
    "ntasks": 224,
    "ncores": 224,
    "duration": 0.0,
    "nnodes": 4,
    "ranks": "[0-3]",
    "nodelist": "flux-sample-[4-7]",
    "success": true,
    "exception_occurred": false,
    "result": "COMPLETED",
    "expiration": 4837798077.0,
    "waitstatus": 0,
    "returncode": 0,
    "runtime": 0.4654405117034912,
    "exception": {
        "occurred": false,
        "severity": "",
        "type": "",
        "note": ""
    }
}