{
    "id": 2104617861120,
    "userid": 1234,
    "urgency": 16,
    "priority": 16,
    "t_submit": 1684198076.9156315,
    "t_depend": 1684198076.9273155,
    "t_run": 1684198076.9423857,
    "t_cleanup": 1684198077.363264,
    "t_inactive": 1684198077.365252,
    "state": "INACTIVE",
    "name": "hello_usempi",
    "ntasks": 224,
    "ncores": 224,
    "duration": 0.0,
    "nnodes": 4,
    "ranks": "[0-3]",
    "nodelist": "flux-sample-[4-7]",
    "success": true,
    "exception_occurred": false,
    "result": "COMPLETED",
    "expiration": 4837798076.0,
    "waitstatus": 0,
    "returncode": 0,
    "runtime": 0.42087841033935547,
    "exception": {
        "occurred": false,
        "severity": "",
        "type": "",
        "note": ""
    }
}