{
    "id": 2194174640128,
    "userid": 1234,
    "urgency": 16,
    "priority": 16,
    "t_submit": 1684198082.2536144,
    "t_depend": 1684198082.2656982,
    "t_run": 1684198082.2808993,
    "t_cleanup": 1684198082.7605476,
    "t_inactive": 1684198082.7624342,
    "state": "INACTIVE",
    "name": "hello_usempi",
    "ntasks": 224,
    "ncores": 224,
    "duration": 0.0,
    "nnodes": 4,
    "ranks": "[0-3]",
    "nodelist": "flux-sample-[4-7]",
    "success": true,
    "exception_occurred": false,
    "result": "COMPLETED",
    "expiration": 4837798082.0,
    "waitstatus": 0,
    "returncode": 0,
    "runtime": 0.4796483516693115,
    "exception": {
        "occurred": false,
        "severity": "",
        "type": "",
        "note": ""
    }
}