{
    "id": 2223266332672,
    "userid": 1234,
    "urgency": 16,
    "priority": 16,
    "t_submit": 1684198083.9878924,
    "t_depend": 1684198083.9997454,
    "t_run": 1684198084.0147202,
    "t_cleanup": 1684198084.4600368,
    "t_inactive": 1684198084.4621377,
    "state": "INACTIVE",
    "name": "hello_usempi",
    "ntasks": 224,
    "ncores": 224,
    "duration": 0.0,
    "nnodes": 4,
    "ranks": "[0-3]",
    "nodelist": "flux-sample-[4-7]",
    "success": true,
    "exception_occurred": false,
    "result": "COMPLETED",
    "expiration": 4837798084.0,
    "waitstatus": 0,
    "returncode": 0,
    "runtime": 0.4453165531158447,
    "exception": {
        "occurred": false,
        "severity": "",
        "type": "",
        "note": ""
    }
}