{
    "id": 2155838701568,
    "userid": 1234,
    "urgency": 16,
    "priority": 16,
    "t_submit": 1684198079.9685478,
    "t_depend": 1684198079.9800224,
    "t_run": 1684198079.9951193,
    "t_cleanup": 1684198080.4589734,
    "t_inactive": 1684198080.4608452,
    "state": "INACTIVE",
    "name": "hello_usempi",
    "ntasks": 224,
    "ncores": 224,
    "duration": 0.0,
    "nnodes": 4,
    "ranks": "[0-3]",
    "nodelist": "flux-sample-[4-7]",
    "success": true,
    "exception_occurred": false,
    "result": "COMPLETED",
    "expiration": 4837798079.0,
    "waitstatus": 0,
    "returncode": 0,
    "runtime": 0.4638540744781494,
    "exception": {
        "occurred": false,
        "severity": "",
        "type": "",
        "note": ""
    }
}