{
    "id": 2123894882304,
    "userid": 1234,
    "urgency": 16,
    "priority": 16,
    "t_submit": 1684198078.0650933,
    "t_depend": 1684198078.0770283,
    "t_run": 1684198078.0919173,
    "t_cleanup": 1684198078.5912423,
    "t_inactive": 1684198078.593368,
    "state": "INACTIVE",
    "name": "hello_usempi",
    "ntasks": 224,
    "ncores": 224,
    "duration": 0.0,
    "nnodes": 4,
    "ranks": "[0-3]",
    "nodelist": "flux-sample-[4-7]",
    "success": true,
    "exception_occurred": false,
    "result": "COMPLETED",
    "expiration": 4837798078.0,
    "waitstatus": 0,
    "returncode": 0,
    "runtime": 0.4993250370025635,
    "exception": {
        "occurred": false,
        "severity": "",
        "type": "",
        "note": ""
    }
}