{
    "id": 2085743493120,
    "userid": 1234,
    "urgency": 16,
    "priority": 16,
    "t_submit": 1684198075.7912533,
    "t_depend": 1684198075.8031147,
    "t_run": 1684198075.8179982,
    "t_cleanup": 1684198076.2348022,
    "t_inactive": 1684198076.2367525,
    "state": "INACTIVE",
    "name": "hello_usempi",
    "ntasks": 224,
    "ncores": 224,
    "duration": 0.0,
    "nnodes": 4,
    "ranks": "[0-3]",
    "nodelist": "flux-sample-[4-7]",
    "success": true,
    "exception_occurred": false,
    "result": "COMPLETED",
    "expiration": 4837798075.0,
    "waitstatus": 0,
    "returncode": 0,
    "runtime": 0.41680407524108887,
    "exception": {
        "occurred": false,
        "severity": "",
        "type": "",
        "note": ""
    }
}