{
    "id": 2165804367872,
    "userid": 1234,
    "urgency": 16,
    "priority": 16,
    "t_submit": 1684198080.5633621,
    "t_depend": 1684198080.575223,
    "t_run": 1684198080.5902617,
    "t_cleanup": 1684198081.0160491,
    "t_inactive": 1684198081.0180192,
    "state": "INACTIVE",
    "name": "hello_usempi",
    "ntasks": 224,
    "ncores": 224,
    "duration": 0.0,
    "nnodes": 4,
    "ranks": "[0-3]",
    "nodelist": "flux-sample-[4-7]",
    "success": true,
    "exception_occurred": false,
    "result": "COMPLETED",
    "expiration": 4837798080.0,
    "waitstatus": 0,
    "returncode": 0,
    "runtime": 0.42578744888305664,
    "exception": {
        "occurred": false,
        "severity": "",
        "type": "",
        "note": ""
    }
}