{
    "id": 2134514860032,
    "userid": 1234,
    "urgency": 16,
    "priority": 16,
    "t_submit": 1684198078.6976855,
    "t_depend": 1684198078.7092204,
    "t_run": 1684198078.7243407,
    "t_cleanup": 1684198079.2339618,
    "t_inactive": 1684198079.2358253,
    "state": "INACTIVE",
    "name": "hello_usempi",
    "ntasks": 224,
    "ncores": 224,
    "duration": 0.0,
    "nnodes": 4,
    "ranks": "[0-3]",
    "nodelist": "flux-sample-[4-7]",
    "success": true,
    "exception_occurred": false,
    "result": "COMPLETED",
    "expiration": 4837798078.0,
    "waitstatus": 0,
    "returncode": 0,
    "runtime": 0.5096211433410645,
    "exception": {
        "occurred": false,
        "severity": "",
        "type": "",
        "note": ""
    }
}