{
    "id": 2094920630272,
    "userid": 1234,
    "urgency": 16,
    "priority": 16,
    "t_submit": 1684198076.338258,
    "t_depend": 1684198076.349767,
    "t_run": 1684198076.3651338,
    "t_cleanup": 1684198076.8115935,
    "t_inactive": 1684198076.813625,
    "state": "INACTIVE",
    "name": "hello_usempi",
    "ntasks": 224,
    "ncores": 224,
    "duration": 0.0,
    "nnodes": 4,
    "ranks": "[0-3]",
    "nodelist": "flux-sample-[4-7]",
    "success": true,
    "exception_occurred": false,
    "result": "COMPLETED",
    "expiration": 4837798076.0,
    "waitstatus": 0,
    "returncode": 0,
    "runtime": 0.4464597702026367,
    "exception": {
        "occurred": false,
        "severity": "",
        "type": "",
        "note": ""
    }
}