{
    "id": 1640308408320,
    "userid": 1234,
    "urgency": 16,
    "priority": 16,
    "t_submit": 1684197580.532586,
    "t_depend": 1684197580.544145,
    "t_run": 1684197580.5585394,
    "t_cleanup": 1684197580.9876761,
    "t_inactive": 1684197580.9906023,
    "state": "INACTIVE",
    "name": "hello_c",
    "ntasks": 336,
    "ncores": 336,
    "duration": 0.0,
    "nnodes": 6,
    "ranks": "[0-5]",
    "nodelist": "flux-sample-[2-7]",
    "success": true,
    "exception_occurred": false,
    "result": "COMPLETED",
    "expiration": 4837797580.0,
    "waitstatus": 0,
    "returncode": 0,
    "runtime": 0.4291367530822754,
    "exception": {
        "occurred": false,
        "severity": "",
        "type": "",
        "note": ""
    }
}