{
    "id": 1540920180736,
    "userid": 1234,
    "urgency": 16,
    "priority": 16,
    "t_submit": 1684197574.609179,
    "t_depend": 1684197574.6206548,
    "t_run": 1684197574.634939,
    "t_cleanup": 1684197575.0901642,
    "t_inactive": 1684197575.0921636,
    "state": "INACTIVE",
    "name": "hello_c",
    "ntasks": 336,
    "ncores": 336,
    "duration": 0.0,
    "nnodes": 6,
    "ranks": "[0-5]",
    "nodelist": "flux-sample-[2-7]",
    "success": true,
    "exception_occurred": false,
    "result": "COMPLETED",
    "expiration": 4837797574.0,
    "waitstatus": 0,
    "returncode": 0,
    "runtime": 0.45522522926330566,
    "exception": {
        "occurred": false,
        "severity": "",
        "type": "",
        "note": ""
    }
}