{
    "id": 1570297085952,
    "userid": 1234,
    "urgency": 16,
    "priority": 16,
    "t_submit": 1684197576.3594499,
    "t_depend": 1684197576.3707657,
    "t_run": 1684197576.385807,
    "t_cleanup": 1684197576.8674133,
    "t_inactive": 1684197576.869978,
    "state": "INACTIVE",
    "name": "hello_c",
    "ntasks": 336,
    "ncores": 336,
    "duration": 0.0,
    "nnodes": 6,
    "ranks": "[0-5]",
    "nodelist": "flux-sample-[2-7]",
    "success": true,
    "exception_occurred": false,
    "result": "COMPLETED",
    "expiration": 4837797576.0,
    "waitstatus": 0,
    "returncode": 0,
    "runtime": 0.48160624504089355,
    "exception": {
        "occurred": false,
        "severity": "",
        "type": "",
        "note": ""
    }
}