{
    "id": 1511912374272,
    "userid": 1234,
    "urgency": 16,
    "priority": 16,
    "t_submit": 1684197572.8797662,
    "t_depend": 1684197572.8913076,
    "t_run": 1684197572.9060345,
    "t_cleanup": 1684197573.3505588,
    "t_inactive": 1684197573.3520384,
    "state": "INACTIVE",
    "name": "hello_c",
    "ntasks": 336,
    "ncores": 336,
    "duration": 0.0,
    "nnodes": 6,
    "ranks": "[0-5]",
    "nodelist": "flux-sample-[2-7]",
    "success": true,
    "exception_occurred": false,
    "result": "COMPLETED",
    "expiration": 4837797572.0,
    "waitstatus": 0,
    "returncode": 0,
    "runtime": 0.44452428817749023,
    "exception": {
        "occurred": false,
        "severity": "",
        "type": "",
        "note": ""
    }
}