{
    "id": 1481763717120,
    "userid": 1234,
    "urgency": 16,
    "priority": 16,
    "t_submit": 1684197571.082732,
    "t_depend": 1684197571.09423,
    "t_run": 1684197571.1085114,
    "t_cleanup": 1684197571.5730612,
    "t_inactive": 1684197571.5744634,
    "state": "INACTIVE",
    "name": "hello_c",
    "ntasks": 336,
    "ncores": 336,
    "duration": 0.0,
    "nnodes": 6,
    "ranks": "[0-5]",
    "nodelist": "flux-sample-[2-7]",
    "success": true,
    "exception_occurred": false,
    "result": "COMPLETED",
    "expiration": 4837797571.0,
    "waitstatus": 0,
    "returncode": 0,
    "runtime": 0.4645497798919678,
    "exception": {
        "occurred": false,
        "severity": "",
        "type": "",
        "note": ""
    }
}