{
    "id": 1600697401344,
    "userid": 1234,
    "urgency": 16,
    "priority": 16,
    "t_submit": 1684197578.171981,
    "t_depend": 1684197578.183272,
    "t_run": 1684197578.1976407,
    "t_cleanup": 1684197578.6510866,
    "t_inactive": 1684197578.6526225,
    "state": "INACTIVE",
    "name": "hello_c",
    "ntasks": 336,
    "ncores": 336,
    "duration": 0.0,
    "nnodes": 6,
    "ranks": "[0-5]",
    "nodelist": "flux-sample-[2-7]",
    "success": true,
    "exception_occurred": false,
    "result": "COMPLETED",
    "expiration": 4837797578.0,
    "waitstatus": 0,
    "returncode": 0,
    "runtime": 0.4534459114074707,
    "exception": {
        "occurred": false,
        "severity": "",
        "type": "",
        "note": ""
    }
}