{
    "id": 1531457830912,
    "userid": 1234,
    "urgency": 16,
    "priority": 16,
    "t_submit": 1684197574.0453937,
    "t_depend": 1684197574.0566554,
    "t_run": 1684197574.0712955,
    "t_cleanup": 1684197574.5057628,
    "t_inactive": 1684197574.507293,
    "state": "INACTIVE",
    "name": "hello_c",
    "ntasks": 336,
    "ncores": 336,
    "duration": 0.0,
    "nnodes": 6,
    "ranks": "[0-5]",
    "nodelist": "flux-sample-[2-7]",
    "success": true,
    "exception_occurred": false,
    "result": "COMPLETED",
    "expiration": 4837797574.0,
    "waitstatus": 0,
    "returncode": 0,
    "runtime": 0.4344673156738281,
    "exception": {
        "occurred": false,
        "severity": "",
        "type": "",
        "note": ""
    }
}