{
    "id": 1501879599104,
    "userid": 1234,
    "urgency": 16,
    "priority": 16,
    "t_submit": 1684197572.2817593,
    "t_depend": 1684197572.2928987,
    "t_run": 1684197572.3075678,
    "t_cleanup": 1684197572.7747033,
    "t_inactive": 1684197572.7763782,
    "state": "INACTIVE",
    "name": "hello_c",
    "ntasks": 336,
    "ncores": 336,
    "duration": 0.0,
    "nnodes": 6,
    "ranks": "[0-5]",
    "nodelist": "flux-sample-[2-7]",
    "success": true,
    "exception_occurred": false,
    "result": "COMPLETED",
    "expiration": 4837797572.0,
    "waitstatus": 0,
    "returncode": 0,
    "runtime": 0.4671354293823242,
    "exception": {
        "occurred": false,
        "severity": "",
        "type": "",
        "note": ""
    }
}