{
    "id": 1580581519360,
    "userid": 1234,
    "urgency": 16,
    "priority": 16,
    "t_submit": 1684197576.9725986,
    "t_depend": 1684197576.9841635,
    "t_run": 1684197576.9986715,
    "t_cleanup": 1684197577.4699676,
    "t_inactive": 1684197577.4713283,
    "state": "INACTIVE",
    "name": "hello_c",
    "ntasks": 336,
    "ncores": 336,
    "duration": 0.0,
    "nnodes": 6,
    "ranks": "[0-5]",
    "nodelist": "flux-sample-[2-7]",
    "success": true,
    "exception_occurred": false,
    "result": "COMPLETED",
    "expiration": 4837797576.0,
    "waitstatus": 0,
    "returncode": 0,
    "runtime": 0.4712960720062256,
    "exception": {
        "occurred": false,
        "severity": "",
        "type": "",
        "note": ""
    }
}