{
    "id": 1491712606208,
    "userid": 1234,
    "urgency": 16,
    "priority": 16,
    "t_submit": 1684197571.6761093,
    "t_depend": 1684197571.6872473,
    "t_run": 1684197571.702003,
    "t_cleanup": 1684197572.1788785,
    "t_inactive": 1684197572.1802347,
    "state": "INACTIVE",
    "name": "hello_c",
    "ntasks": 336,
    "ncores": 336,
    "duration": 0.0,
    "nnodes": 6,
    "ranks": "[0-5]",
    "nodelist": "flux-sample-[2-7]",
    "success": true,
    "exception_occurred": false,
    "result": "COMPLETED",
    "expiration": 4837797571.0,
    "waitstatus": 0,
    "returncode": 0,
    "runtime": 0.47687554359436035,
    "exception": {
        "occurred": false,
        "severity": "",
        "type": "",
        "note": ""
    }
}