{
    "id": 1669651759104,
    "userid": 1234,
    "urgency": 16,
    "priority": 16,
    "t_submit": 1684197582.281564,
    "t_depend": 1684197582.2929964,
    "t_run": 1684197582.307439,
    "t_cleanup": 1684197582.7349145,
    "t_inactive": 1684197582.7365294,
    "state": "INACTIVE",
    "name": "hello_c",
    "ntasks": 336,
    "ncores": 336,
    "duration": 0.0,
    "nnodes": 6,
    "ranks": "[0-5]",
    "nodelist": "flux-sample-[2-7]",
    "success": true,
    "exception_occurred": false,
    "result": "COMPLETED",
    "expiration": 4837797582.0,
    "waitstatus": 0,
    "returncode": 0,
    "runtime": 0.4274754524230957,
    "exception": {
        "occurred": false,
        "severity": "",
        "type": "",
        "note": ""
    }
}