{
    "id": 1659400880128,
    "userid": 1234,
    "urgency": 16,
    "priority": 16,
    "t_submit": 1684197581.6712701,
    "t_depend": 1684197581.6824448,
    "t_run": 1684197581.6969938,
    "t_cleanup": 1684197582.1732914,
    "t_inactive": 1684197582.1748264,
    "state": "INACTIVE",
    "name": "hello_c",
    "ntasks": 336,
    "ncores": 336,
    "duration": 0.0,
    "nnodes": 6,
    "ranks": "[0-5]",
    "nodelist": "flux-sample-[2-7]",
    "success": true,
    "exception_occurred": false,
    "result": "COMPLETED",
    "expiration": 4837797581.0,
    "waitstatus": 0,
    "returncode": 0,
    "runtime": 0.47629761695861816,
    "exception": {
        "occurred": false,
        "severity": "",
        "type": "",
        "note": ""
    }
}