{
    "id": 1521576050688,
    "userid": 1234,
    "urgency": 16,
    "priority": 16,
    "t_submit": 1684197573.4556432,
    "t_depend": 1684197573.466919,
    "t_run": 1684197573.481794,
    "t_cleanup": 1684197573.9423559,
    "t_inactive": 1684197573.943859,
    "state": "INACTIVE",
    "name": "hello_c",
    "ntasks": 336,
    "ncores": 336,
    "duration": 0.0,
    "nnodes": 6,
    "ranks": "[0-5]",
    "nodelist": "flux-sample-[2-7]",
    "success": true,
    "exception_occurred": false,
    "result": "COMPLETED",
    "expiration": 4837797573.0,
    "waitstatus": 0,
    "returncode": 0,
    "runtime": 0.46056175231933594,
    "exception": {
        "occurred": false,
        "severity": "",
        "type": "",
        "note": ""
    }
}