{
    "id": 1621249490944,
    "userid": 1234,
    "urgency": 16,
    "priority": 16,
    "t_submit": 1684197579.3973176,
    "t_depend": 1684197579.4085228,
    "t_run": 1684197579.423038,
    "t_cleanup": 1684197579.8610144,
    "t_inactive": 1684197579.862552,
    "state": "INACTIVE",
    "name": "hello_c",
    "ntasks": 336,
    "ncores": 336,
    "duration": 0.0,
    "nnodes": 6,
    "ranks": "[0-5]",
    "nodelist": "flux-sample-[2-7]",
    "success": true,
    "exception_occurred": false,
    "result": "COMPLETED",
    "expiration": 4837797579.0,
    "waitstatus": 0,
    "returncode": 0,
    "runtime": 0.4379763603210449,
    "exception": {
        "occurred": false,
        "severity": "",
        "type": "",
        "note": ""
    }
}