{
    "id": 1590647848960,
    "userid": 1234,
    "urgency": 16,
    "priority": 16,
    "t_submit": 1684197577.572909,
    "t_depend": 1684197577.584316,
    "t_run": 1684197577.5986094,
    "t_cleanup": 1684197578.0695646,
    "t_inactive": 1684197578.0709474,
    "state": "INACTIVE",
    "name": "hello_c",
    "ntasks": 336,
    "ncores": 336,
    "duration": 0.0,
    "nnodes": 6,
    "ranks": "[0-5]",
    "nodelist": "flux-sample-[2-7]",
    "success": true,
    "exception_occurred": false,
    "result": "COMPLETED",
    "expiration": 4837797577.0,
    "waitstatus": 0,
    "returncode": 0,
    "runtime": 0.47095513343811035,
    "exception": {
        "occurred": false,
        "severity": "",
        "type": "",
        "note": ""
    }
}