{
    "id": 1630778949632,
    "userid": 1234,
    "urgency": 16,
    "priority": 16,
    "t_submit": 1684197579.964824,
    "t_depend": 1684197579.9761133,
    "t_run": 1684197579.9906209,
    "t_cleanup": 1684197580.4279196,
    "t_inactive": 1684197580.4297037,
    "state": "INACTIVE",
    "name": "hello_c",
    "ntasks": 336,
    "ncores": 336,
    "duration": 0.0,
    "nnodes": 6,
    "ranks": "[0-5]",
    "nodelist": "flux-sample-[2-7]",
    "success": true,
    "exception_occurred": false,
    "result": "COMPLETED",
    "expiration": 4837797579.0,
    "waitstatus": 0,
    "returncode": 0,
    "runtime": 0.4372987747192383,
    "exception": {
        "occurred": false,
        "severity": "",
        "type": "",
        "note": ""
    }
}