{
    "id": 1649670094848,
    "userid": 1234,
    "urgency": 16,
    "priority": 16,
    "t_submit": 1684197581.0912573,
    "t_depend": 1684197581.1024635,
    "t_run": 1684197581.1174197,
    "t_cleanup": 1684197581.5673704,
    "t_inactive": 1684197581.5687497,
    "state": "INACTIVE",
    "name": "hello_c",
    "ntasks": 336,
    "ncores": 336,
    "duration": 0.0,
    "nnodes": 6,
    "ranks": "[0-5]",
    "nodelist": "flux-sample-[2-7]",
    "success": true,
    "exception_occurred": false,
    "result": "COMPLETED",
    "expiration": 4837797581.0,
    "waitstatus": 0,
    "returncode": 0,
    "runtime": 0.4499506950378418,
    "exception": {
        "occurred": false,
        "severity": "",
        "type": "",
        "note": ""
    }
}