{
    "id": 1560633409536,
    "userid": 1234,
    "urgency": 16,
    "priority": 16,
    "t_submit": 1684197575.7840283,
    "t_depend": 1684197575.795304,
    "t_run": 1684197575.809434,
    "t_cleanup": 1684197576.2572696,
    "t_inactive": 1684197576.258626,
    "state": "INACTIVE",
    "name": "hello_c",
    "ntasks": 336,
    "ncores": 336,
    "duration": 0.0,
    "nnodes": 6,
    "ranks": "[0-5]",
    "nodelist": "flux-sample-[2-7]",
    "success": true,
    "exception_occurred": false,
    "result": "COMPLETED",
    "expiration": 4837797575.0,
    "waitstatus": 0,
    "returncode": 0,
    "runtime": 0.44783568382263184,
    "exception": {
        "occurred": false,
        "severity": "",
        "type": "",
        "note": ""
    }
}