{
    "id": 1396166361088,
    "userid": 1000,
    "urgency": 16,
    "priority": 16,
    "t_submit": 1684112391.6296504,
    "t_depend": 1684112391.641192,
    "t_run": 1684112391.6604195,
    "t_cleanup": 1684112391.8844702,
    "t_inactive": 1684112391.8857784,
    "state": "INACTIVE",
    "name": "hostname",
    "ntasks": 168,
    "ncores": 168,
    "duration": 0.0,
    "nnodes": 3,
    "ranks": "[0-2]",
    "nodelist": "flux-sample-[5-7]",
    "success": true,
    "exception_occurred": false,
    "result": "COMPLETED",
    "expiration": 4837712391.0,
    "waitstatus": 0,
    "returncode": 0,
    "runtime": 0.22405076026916504,
    "exception": {
        "occurred": false,
        "severity": "",
        "type": "",
        "note": ""
    }
}