{
    "id": 1460641202176,
    "userid": 1000,
    "urgency": 16,
    "priority": 16,
    "t_submit": 1684112395.4732025,
    "t_depend": 1684112395.4846206,
    "t_run": 1684112395.5042505,
    "t_cleanup": 1684112395.7421255,
    "t_inactive": 1684112395.7435932,
    "state": "INACTIVE",
    "name": "hostname",
    "ntasks": 168,
    "ncores": 168,
    "duration": 0.0,
    "nnodes": 3,
    "ranks": "[0-2]",
    "nodelist": "flux-sample-[5-7]",
    "success": true,
    "exception_occurred": false,
    "result": "COMPLETED",
    "expiration": 4837712395.0,
    "waitstatus": 0,
    "returncode": 0,
    "runtime": 0.23787498474121094,
    "exception": {
        "occurred": false,
        "severity": "",
        "type": "",
        "note": ""
    }
}