{
    "id": 1480656420864,
    "userid": 1000,
    "urgency": 16,
    "priority": 16,
    "t_submit": 1684112396.6659012,
    "t_depend": 1684112396.677539,
    "t_run": 1684112396.6972396,
    "t_cleanup": 1684112396.9241707,
    "t_inactive": 1684112396.925594,
    "state": "INACTIVE",
    "name": "hostname",
    "ntasks": 168,
    "ncores": 168,
    "duration": 0.0,
    "nnodes": 3,
    "ranks": "[0-2]",
    "nodelist": "flux-sample-[5-7]",
    "success": true,
    "exception_occurred": false,
    "result": "COMPLETED",
    "expiration": 4837712396.0,
    "waitstatus": 0,
    "returncode": 0,
    "runtime": 0.22693109512329102,
    "exception": {
        "occurred": false,
        "severity": "",
        "type": "",
        "note": ""
    }
}