{
    "id": 1441263517696,
    "userid": 1000,
    "urgency": 16,
    "priority": 16,
    "t_submit": 1684112394.3173125,
    "t_depend": 1684112394.3290105,
    "t_run": 1684112394.3486292,
    "t_cleanup": 1684112394.5831678,
    "t_inactive": 1684112394.5845869,
    "state": "INACTIVE",
    "name": "hostname",
    "ntasks": 168,
    "ncores": 168,
    "duration": 0.0,
    "nnodes": 3,
    "ranks": "[0-2]",
    "nodelist": "flux-sample-[5-7]",
    "success": true,
    "exception_occurred": false,
    "result": "COMPLETED",
    "expiration": 4837712394.0,
    "waitstatus": 0,
    "returncode": 0,
    "runtime": 0.23453855514526367,
    "exception": {
        "occurred": false,
        "severity": "",
        "type": "",
        "note": ""
    }
}