{
    "id": 1389757464576,
    "userid": 1000,
    "urgency": 16,
    "priority": 16,
    "t_submit": 1684112391.2476878,
    "t_depend": 1684112391.2592254,
    "t_run": 1684112391.2790346,
    "t_cleanup": 1684112391.5041225,
    "t_inactive": 1684112391.5054443,
    "state": "INACTIVE",
    "name": "hostname",
    "ntasks": 168,
    "ncores": 168,
    "duration": 0.0,
    "nnodes": 3,
    "ranks": "[0-2]",
    "nodelist": "flux-sample-[5-7]",
    "success": true,
    "exception_occurred": false,
    "result": "COMPLETED",
    "expiration": 4837712391.0,
    "waitstatus": 0,
    "returncode": 0,
    "runtime": 0.22508788108825684,
    "exception": {
        "occurred": false,
        "severity": "",
        "type": "",
        "note": ""
    }
}