{
    "id": 1377023557632,
    "userid": 1000,
    "urgency": 16,
    "priority": 16,
    "t_submit": 1684112390.4887848,
    "t_depend": 1684112390.5002086,
    "t_run": 1684112390.5195074,
    "t_cleanup": 1684112390.7435465,
    "t_inactive": 1684112390.7448733,
    "state": "INACTIVE",
    "name": "hostname",
    "ntasks": 168,
    "ncores": 168,
    "duration": 0.0,
    "nnodes": 3,
    "ranks": "[0-2]",
    "nodelist": "flux-sample-[5-7]",
    "success": true,
    "exception_occurred": false,
    "result": "COMPLETED",
    "expiration": 4837712390.0,
    "waitstatus": 0,
    "returncode": 0,
    "runtime": 0.22403907775878906,
    "exception": {
        "occurred": false,
        "severity": "",
        "type": "",
        "note": ""
    }
}