{
    "id": 1421768392704,
    "userid": 1000,
    "urgency": 16,
    "priority": 16,
    "t_submit": 1684112393.1558998,
    "t_depend": 1684112393.1675334,
    "t_run": 1684112393.1873724,
    "t_cleanup": 1684112393.4187121,
    "t_inactive": 1684112393.4201078,
    "state": "INACTIVE",
    "name": "hostname",
    "ntasks": 168,
    "ncores": 168,
    "duration": 0.0,
    "nnodes": 3,
    "ranks": "[0-2]",
    "nodelist": "flux-sample-[5-7]",
    "success": true,
    "exception_occurred": false,
    "result": "COMPLETED",
    "expiration": 4837712393.0,
    "waitstatus": 0,
    "returncode": 0,
    "runtime": 0.231339693069458,
    "exception": {
        "occurred": false,
        "severity": "",
        "type": "",
        "note": ""
    }
}