{
    "id": 1434787512320,
    "userid": 1000,
    "urgency": 16,
    "priority": 16,
    "t_submit": 1684112393.9320066,
    "t_depend": 1684112393.9433696,
    "t_run": 1684112393.9627028,
    "t_cleanup": 1684112394.1900852,
    "t_inactive": 1684112394.1914861,
    "state": "INACTIVE",
    "name": "hostname",
    "ntasks": 168,
    "ncores": 168,
    "duration": 0.0,
    "nnodes": 3,
    "ranks": "[0-2]",
    "nodelist": "flux-sample-[5-7]",
    "success": true,
    "exception_occurred": false,
    "result": "COMPLETED",
    "expiration": 4837712393.0,
    "waitstatus": 0,
    "returncode": 0,
    "runtime": 0.22738242149353027,
    "exception": {
        "occurred": false,
        "severity": "",
        "type": "",
        "note": ""
    }
}