{
    "times": [
        55.906777143478394,
        4.4358134269714355,
        5.442972898483276,
        5.396417856216431,
        6.471354246139526,
        4.47598671913147,
        5.40612530708313,
        5.419270277023315,
        5.450997829437256,
        5.442405462265015,
        5.447668552398682,
        6.506702899932861,
        5.435427665710449,
        5.433358192443848,
        5.506754159927368,
        5.466773509979248,
        4.489029407501221,
        5.490357160568237,
        5.462688684463501,
        5.538331508636475,
        5.463093280792236
    ],
    "mean": 7.813728866123018,
    "std": 11.030945104327252
}