{
    "id": 3074793930752,
    "userid": 1234,
    "urgency": 16,
    "priority": 16,
    "t_submit": 1684197407.6454144,
    "t_depend": 1684197407.657214,
    "t_run": 1684197407.6732502,
    "t_cleanup": 1684197408.222977,
    "t_inactive": 1684197408.2249978,
    "state": "INACTIVE",
    "name": "ring_c",
    "ntasks": 392,
    "ncores": 392,
    "duration": 0.0,
    "nnodes": 7,
    "ranks": "[0-6]",
    "nodelist": "flux-sample-[1-7]",
    "success": true,
    "exception_occurred": false,
    "result": "COMPLETED",
    "expiration": 4837797407.0,
    "waitstatus": 0,
    "returncode": 0,
    "runtime": 0.5497267246246338,
    "exception": {
        "occurred": false,
        "severity": "",
        "type": "",
        "note": ""
    }
}