{
    "id": 3162303889408,
    "userid": 1234,
    "urgency": 16,
    "priority": 16,
    "t_submit": 1684197412.8620307,
    "t_depend": 1684197412.8739915,
    "t_run": 1684197412.8900812,
    "t_cleanup": 1684197413.3693545,
    "t_inactive": 1684197413.3712687,
    "state": "INACTIVE",
    "name": "ring_c",
    "ntasks": 392,
    "ncores": 392,
    "duration": 0.0,
    "nnodes": 7,
    "ranks": "[0-6]",
    "nodelist": "flux-sample-[1-7]",
    "success": true,
    "exception_occurred": false,
    "result": "COMPLETED",
    "expiration": 4837797412.0,
    "waitstatus": 0,
    "returncode": 0,
    "runtime": 0.47927331924438477,
    "exception": {
        "occurred": false,
        "severity": "",
        "type": "",
        "note": ""
    }
}