{
    "id": 3230922702848,
    "userid": 1234,
    "urgency": 16,
    "priority": 16,
    "t_submit": 1684197416.95166,
    "t_depend": 1684197416.9637244,
    "t_run": 1684197416.9797897,
    "t_cleanup": 1684197417.5234346,
    "t_inactive": 1684197417.5254889,
    "state": "INACTIVE",
    "name": "ring_c",
    "ntasks": 392,
    "ncores": 392,
    "duration": 0.0,
    "nnodes": 7,
    "ranks": "[0-6]",
    "nodelist": "flux-sample-[1-7]",
    "success": true,
    "exception_occurred": false,
    "result": "COMPLETED",
    "expiration": 4837797416.0,
    "waitstatus": 0,
    "returncode": 0,
    "runtime": 0.543644905090332,
    "exception": {
        "occurred": false,
        "severity": "",
        "type": "",
        "note": ""
    }
}