{
    "id": 3111183712256,
    "userid": 1234,
    "urgency": 16,
    "priority": 16,
    "t_submit": 1684197409.8150752,
    "t_depend": 1684197409.827007,
    "t_run": 1684197409.8431542,
    "t_cleanup": 1684197410.4188247,
    "t_inactive": 1684197410.4209964,
    "state": "INACTIVE",
    "name": "ring_c",
    "ntasks": 392,
    "ncores": 392,
    "duration": 0.0,
    "nnodes": 7,
    "ranks": "[0-6]",
    "nodelist": "flux-sample-[1-7]",
    "success": true,
    "exception_occurred": false,
    "result": "COMPLETED",
    "expiration": 4837797409.0,
    "waitstatus": 0,
    "returncode": 0,
    "runtime": 0.5756704807281494,
    "exception": {
        "occurred": false,
        "severity": "",
        "type": "",
        "note": ""
    }
}