{
    "id": 3086219214848,
    "userid": 1234,
    "urgency": 16,
    "priority": 16,
    "t_submit": 1684197408.3268785,
    "t_depend": 1684197408.3390117,
    "t_run": 1684197408.355259,
    "t_cleanup": 1684197408.8799233,
    "t_inactive": 1684197408.8821642,
    "state": "INACTIVE",
    "name": "ring_c",
    "ntasks": 392,
    "ncores": 392,
    "duration": 0.0,
    "nnodes": 7,
    "ranks": "[0-6]",
    "nodelist": "flux-sample-[1-7]",
    "success": true,
    "exception_occurred": false,
    "result": "COMPLETED",
    "expiration": 4837797408.0,
    "waitstatus": 0,
    "returncode": 0,
    "runtime": 0.5246644020080566,
    "exception": {
        "occurred": false,
        "severity": "",
        "type": "",
        "note": ""
    }
}