{
    "id": 3202468544512,
    "userid": 1234,
    "urgency": 16,
    "priority": 16,
    "t_submit": 1684197415.2561269,
    "t_depend": 1684197415.2680387,
    "t_run": 1684197415.2838893,
    "t_cleanup": 1684197416.1081014,
    "t_inactive": 1684197416.1099875,
    "state": "INACTIVE",
    "name": "ring_c",
    "ntasks": 392,
    "ncores": 392,
    "duration": 0.0,
    "nnodes": 7,
    "ranks": "[0-6]",
    "nodelist": "flux-sample-[1-7]",
    "success": true,
    "exception_occurred": false,
    "result": "COMPLETED",
    "expiration": 4837797415.0,
    "waitstatus": 0,
    "returncode": 0,
    "runtime": 0.8242120742797852,
    "exception": {
        "occurred": false,
        "severity": "",
        "type": "",
        "note": ""
    }
}