{
    "id": 3252867301376,
    "userid": 1234,
    "urgency": 16,
    "priority": 16,
    "t_submit": 1684197418.2602518,
    "t_depend": 1684197418.2718437,
    "t_run": 1684197418.2877994,
    "t_cleanup": 1684197419.0122037,
    "t_inactive": 1684197419.0148113,
    "state": "INACTIVE",
    "name": "ring_c",
    "ntasks": 392,
    "ncores": 392,
    "duration": 0.0,
    "nnodes": 7,
    "ranks": "[0-6]",
    "nodelist": "flux-sample-[1-7]",
    "success": true,
    "exception_occurred": false,
    "result": "COMPLETED",
    "expiration": 4837797418.0,
    "waitstatus": 0,
    "returncode": 0,
    "runtime": 0.7244043350219727,
    "exception": {
        "occurred": false,
        "severity": "",
        "type": "",
        "note": ""
    }
}