{
    "id": 3282428755968,
    "userid": 1234,
    "urgency": 16,
    "priority": 16,
    "t_submit": 1684197420.0217342,
    "t_depend": 1684197420.0336306,
    "t_run": 1684197420.0500097,
    "t_cleanup": 1684197420.5478828,
    "t_inactive": 1684197420.5514922,
    "state": "INACTIVE",
    "name": "ring_c",
    "ntasks": 392,
    "ncores": 392,
    "duration": 0.0,
    "nnodes": 7,
    "ranks": "[0-6]",
    "nodelist": "flux-sample-[1-7]",
    "success": true,
    "exception_occurred": false,
    "result": "COMPLETED",
    "expiration": 4837797420.0,
    "waitstatus": 0,
    "returncode": 0,
    "runtime": 0.49787306785583496,
    "exception": {
        "occurred": false,
        "severity": "",
        "type": "",
        "note": ""
    }
}