{
    "id": 3097225068544,
    "userid": 1234,
    "urgency": 16,
    "priority": 16,
    "t_submit": 1684197408.9831605,
    "t_depend": 1684197408.9948027,
    "t_run": 1684197409.010679,
    "t_cleanup": 1684197409.7110934,
    "t_inactive": 1684197409.7129972,
    "state": "INACTIVE",
    "name": "ring_c",
    "ntasks": 392,
    "ncores": 392,
    "duration": 0.0,
    "nnodes": 7,
    "ranks": "[0-6]",
    "nodelist": "flux-sample-[1-7]",
    "success": true,
    "exception_occurred": false,
    "result": "COMPLETED",
    "expiration": 4837797409.0,
    "waitstatus": 0,
    "returncode": 0,
    "runtime": 0.7004144191741943,
    "exception": {
        "occurred": false,
        "severity": "",
        "type": "",
        "note": ""
    }
}