{
    "id": 3135007358976,
    "userid": 1234,
    "urgency": 16,
    "priority": 16,
    "t_submit": 1684197411.2348995,
    "t_depend": 1684197411.2468505,
    "t_run": 1684197411.2628024,
    "t_cleanup": 1684197411.8705199,
    "t_inactive": 1684197411.872306,
    "state": "INACTIVE",
    "name": "ring_c",
    "ntasks": 392,
    "ncores": 392,
    "duration": 0.0,
    "nnodes": 7,
    "ranks": "[0-6]",
    "nodelist": "flux-sample-[1-7]",
    "success": true,
    "exception_occurred": false,
    "result": "COMPLETED",
    "expiration": 4837797411.0,
    "waitstatus": 0,
    "returncode": 0,
    "runtime": 0.6077175140380859,
    "exception": {
        "occurred": false,
        "severity": "",
        "type": "",
        "note": ""
    }
}