{
    "id": 3305900081152,
    "userid": 1234,
    "urgency": 16,
    "priority": 16,
    "t_submit": 1684197421.4212945,
    "t_depend": 1684197421.4330254,
    "t_run": 1684197421.4494977,
    "t_cleanup": 1684197421.9689803,
    "t_inactive": 1684197421.971022,
    "state": "INACTIVE",
    "name": "ring_c",
    "ntasks": 392,
    "ncores": 392,
    "duration": 0.0,
    "nnodes": 7,
    "ranks": "[0-6]",
    "nodelist": "flux-sample-[1-7]",
    "success": true,
    "exception_occurred": false,
    "result": "COMPLETED",
    "expiration": 4837797421.0,
    "waitstatus": 0,
    "returncode": 0,
    "runtime": 0.5194826126098633,
    "exception": {
        "occurred": false,
        "severity": "",
        "type": "",
        "note": ""
    }
}