{
    "id": 3188392460288,
    "userid": 1234,
    "urgency": 16,
    "priority": 16,
    "t_submit": 1684197414.4171689,
    "t_depend": 1684197414.4308846,
    "t_run": 1684197414.446536,
    "t_cleanup": 1684197415.1509154,
    "t_inactive": 1684197415.1528752,
    "state": "INACTIVE",
    "name": "ring_c",
    "ntasks": 392,
    "ncores": 392,
    "duration": 0.0,
    "nnodes": 7,
    "ranks": "[0-6]",
    "nodelist": "flux-sample-[1-7]",
    "success": true,
    "exception_occurred": false,
    "result": "COMPLETED",
    "expiration": 4837797414.0,
    "waitstatus": 0,
    "returncode": 0,
    "runtime": 0.7043793201446533,
    "exception": {
        "occurred": false,
        "severity": "",
        "type": "",
        "note": ""
    }
}