{
    "id": 3242247323648,
    "userid": 1234,
    "urgency": 16,
    "priority": 16,
    "t_submit": 1684197417.627184,
    "t_depend": 1684197417.6390572,
    "t_run": 1684197417.6547623,
    "t_cleanup": 1684197418.1547947,
    "t_inactive": 1684197418.1567216,
    "state": "INACTIVE",
    "name": "ring_c",
    "ntasks": 392,
    "ncores": 392,
    "duration": 0.0,
    "nnodes": 7,
    "ranks": "[0-6]",
    "nodelist": "flux-sample-[1-7]",
    "success": true,
    "exception_occurred": false,
    "result": "COMPLETED",
    "expiration": 4837797417.0,
    "waitstatus": 0,
    "returncode": 0,
    "runtime": 0.5000324249267578,
    "exception": {
        "occurred": false,
        "severity": "",
        "type": "",
        "note": ""
    }
}