{
    "id": 240031629312,
    "userid": 1000,
    "urgency": 16,
    "priority": 16,
    "t_submit": 1684111970.7039149,
    "t_depend": 1684111970.7152631,
    "t_run": 1684111970.7397194,
    "t_cleanup": 1684111970.9847069,
    "t_inactive": 1684111970.9861052,
    "state": "INACTIVE",
    "name": "hostname",
    "ntasks": 280,
    "ncores": 280,
    "duration": 0.0,
    "nnodes": 5,
    "ranks": "[0-4]",
    "nodelist": "flux-sample-[3-7]",
    "success": true,
    "exception_occurred": false,
    "result": "COMPLETED",
    "expiration": 4837711970.0,
    "waitstatus": 0,
    "returncode": 0,
    "runtime": 0.24498748779296875,
    "exception": {
        "occurred": false,
        "severity": "",
        "type": "",
        "note": ""
    }
}