{
    "id": 253856055296,
    "userid": 1000,
    "urgency": 16,
    "priority": 16,
    "t_submit": 1684111971.5270634,
    "t_depend": 1684111971.5386379,
    "t_run": 1684111971.5629041,
    "t_cleanup": 1684111971.8137724,
    "t_inactive": 1684111971.815235,
    "state": "INACTIVE",
    "name": "hostname",
    "ntasks": 280,
    "ncores": 280,
    "duration": 0.0,
    "nnodes": 5,
    "ranks": "[0-4]",
    "nodelist": "flux-sample-[3-7]",
    "success": true,
    "exception_occurred": false,
    "result": "COMPLETED",
    "expiration": 4837711971.0,
    "waitstatus": 0,
    "returncode": 0,
    "runtime": 0.2508683204650879,
    "exception": {
        "occurred": false,
        "severity": "",
        "type": "",
        "note": ""
    }
}