{
    "id": 350660591616,
    "userid": 1000,
    "urgency": 16,
    "priority": 16,
    "t_submit": 1684111977.2971387,
    "t_depend": 1684111977.308897,
    "t_run": 1684111977.3337758,
    "t_cleanup": 1684111977.580257,
    "t_inactive": 1684111977.58193,
    "state": "INACTIVE",
    "name": "hostname",
    "ntasks": 280,
    "ncores": 280,
    "duration": 0.0,
    "nnodes": 5,
    "ranks": "[0-4]",
    "nodelist": "flux-sample-[3-7]",
    "success": true,
    "exception_occurred": false,
    "result": "COMPLETED",
    "expiration": 4837711977.0,
    "waitstatus": 0,
    "returncode": 0,
    "runtime": 0.24648118019104004,
    "exception": {
        "occurred": false,
        "severity": "",
        "type": "",
        "note": ""
    }
}