{
    "id": 225854881792,
    "userid": 1000,
    "urgency": 16,
    "priority": 16,
    "t_submit": 1684111969.8581314,
    "t_depend": 1684111969.8696482,
    "t_run": 1684111969.8939056,
    "t_cleanup": 1684111970.1586728,
    "t_inactive": 1684111970.1600711,
    "state": "INACTIVE",
    "name": "hostname",
    "ntasks": 280,
    "ncores": 280,
    "duration": 0.0,
    "nnodes": 5,
    "ranks": "[0-4]",
    "nodelist": "flux-sample-[3-7]",
    "success": true,
    "exception_occurred": false,
    "result": "COMPLETED",
    "expiration": 4837711969.0,
    "waitstatus": 0,
    "returncode": 0,
    "runtime": 0.2647671699523926,
    "exception": {
        "occurred": false,
        "severity": "",
        "type": "",
        "note": ""
    }
}