{
    "id": 1980701343744,
    "userid": 1000,
    "urgency": 16,
    "priority": 16,
    "t_submit": 1684026186.0439472,
    "t_depend": 1684026186.0558195,
    "t_run": 1684026186.0783849,
    "t_cleanup": 1684026200.3845518,
    "t_inactive": 1684026200.3866603,
    "state": "INACTIVE",
    "name": "lmp",
    "ntasks": 224,
    "ncores": 224,
    "duration": 0.0,
    "nnodes": 4,
    "ranks": "[0-3]",
    "nodelist": "flux-sample-[4-7]",
    "success": true,
    "exception_occurred": false,
    "result": "COMPLETED",
    "expiration": 4837626186.0,
    "waitstatus": 0,
    "returncode": 0,
    "runtime": 14.306166887283325,
    "exception": {
        "occurred": false,
        "severity": "",
        "type": "",
        "note": ""
    }
}