{
    "id": 6551301521408,
    "userid": 1000,
    "urgency": 16,
    "priority": 16,
    "t_submit": 1684026458.4735126,
    "t_depend": 1684026458.4852293,
    "t_run": 1684026458.5076766,
    "t_cleanup": 1684026472.6390693,
    "t_inactive": 1684026472.6410346,
    "state": "INACTIVE",
    "name": "lmp",
    "ntasks": 224,
    "ncores": 224,
    "duration": 0.0,
    "nnodes": 4,
    "ranks": "[0-3]",
    "nodelist": "flux-sample-[4-7]",
    "success": true,
    "exception_occurred": false,
    "result": "COMPLETED",
    "expiration": 4837626458.0,
    "waitstatus": 0,
    "returncode": 0,
    "runtime": 14.13139271736145,
    "exception": {
        "occurred": false,
        "severity": "",
        "type": "",
        "note": ""
    }
}