{
    "id": 5103813656576,
    "userid": 1000,
    "urgency": 16,
    "priority": 16,
    "t_submit": 1684026372.196121,
    "t_depend": 1684026372.2075431,
    "t_run": 1684026372.2306633,
    "t_cleanup": 1684026386.2515876,
    "t_inactive": 1684026386.2535741,
    "state": "INACTIVE",
    "name": "lmp",
    "ntasks": 224,
    "ncores": 224,
    "duration": 0.0,
    "nnodes": 4,
    "ranks": "[0-3]",
    "nodelist": "flux-sample-[4-7]",
    "success": true,
    "exception_occurred": false,
    "result": "COMPLETED",
    "expiration": 4837626372.0,
    "waitstatus": 0,
    "returncode": 0,
    "runtime": 14.02092432975769,
    "exception": {
        "occurred": false,
        "severity": "",
        "type": "",
        "note": ""
    }
}