{
    "id": 4388902928384,
    "userid": 1000,
    "urgency": 16,
    "priority": 16,
    "t_submit": 1684026329.5840845,
    "t_depend": 1684026329.595685,
    "t_run": 1684026329.618214,
    "t_cleanup": 1684026343.8962662,
    "t_inactive": 1684026343.898464,
    "state": "INACTIVE",
    "name": "lmp",
    "ntasks": 224,
    "ncores": 224,
    "duration": 0.0,
    "nnodes": 4,
    "ranks": "[0-3]",
    "nodelist": "flux-sample-[4-7]",
    "success": true,
    "exception_occurred": false,
    "result": "COMPLETED",
    "expiration": 4837626329.0,
    "waitstatus": 0,
    "returncode": 0,
    "runtime": 14.27805233001709,
    "exception": {
        "occurred": false,
        "severity": "",
        "type": "",
        "note": ""
    }
}