{
    "id": 4633632178176,
    "userid": 1000,
    "urgency": 16,
    "priority": 16,
    "t_submit": 1684026344.171934,
    "t_depend": 1684026344.1834726,
    "t_run": 1684026344.2063816,
    "t_cleanup": 1684026357.7397485,
    "t_inactive": 1684026357.742011,
    "state": "INACTIVE",
    "name": "lmp",
    "ntasks": 224,
    "ncores": 224,
    "duration": 0.0,
    "nnodes": 4,
    "ranks": "[0-3]",
    "nodelist": "flux-sample-[4-7]",
    "success": true,
    "exception_occurred": false,
    "result": "COMPLETED",
    "expiration": 4837626344.0,
    "waitstatus": 0,
    "returncode": 0,
    "runtime": 13.533366918563843,
    "exception": {
        "occurred": false,
        "severity": "",
        "type": "",
        "note": ""
    }
}