{
    "id": 3665804918784,
    "userid": 1000,
    "urgency": 16,
    "priority": 16,
    "t_submit": 1684026286.4841044,
    "t_depend": 1684026286.495823,
    "t_run": 1684026286.5186944,
    "t_cleanup": 1684026300.4802592,
    "t_inactive": 1684026300.4825656,
    "state": "INACTIVE",
    "name": "lmp",
    "ntasks": 224,
    "ncores": 224,
    "duration": 0.0,
    "nnodes": 4,
    "ranks": "[0-3]",
    "nodelist": "flux-sample-[4-7]",
    "success": true,
    "exception_occurred": false,
    "result": "COMPLETED",
    "expiration": 4837626286.0,
    "waitstatus": 0,
    "returncode": 0,
    "runtime": 13.961564779281616,
    "exception": {
        "occurred": false,
        "severity": "",
        "type": "",
        "note": ""
    }
}