{
    "id": 5826626453504,
    "userid": 1000,
    "urgency": 16,
    "priority": 16,
    "t_submit": 1684026415.279974,
    "t_depend": 1684026415.291675,
    "t_run": 1684026415.3143237,
    "t_cleanup": 1684026429.8023083,
    "t_inactive": 1684026429.8043556,
    "state": "INACTIVE",
    "name": "lmp",
    "ntasks": 224,
    "ncores": 224,
    "duration": 0.0,
    "nnodes": 4,
    "ranks": "[0-3]",
    "nodelist": "flux-sample-[4-7]",
    "success": true,
    "exception_occurred": false,
    "result": "COMPLETED",
    "expiration": 4837626415.0,
    "waitstatus": 0,
    "returncode": 0,
    "runtime": 14.487984657287598,
    "exception": {
        "occurred": false,
        "severity": "",
        "type": "",
        "note": ""
    }
}