{
    "id": 2474253484032,
    "userid": 1000,
    "urgency": 16,
    "priority": 16,
    "t_submit": 1684026215.4625468,
    "t_depend": 1684026215.4742074,
    "t_run": 1684026215.4965825,
    "t_cleanup": 1684026229.5617218,
    "t_inactive": 1684026229.5638757,
    "state": "INACTIVE",
    "name": "lmp",
    "ntasks": 224,
    "ncores": 224,
    "duration": 0.0,
    "nnodes": 4,
    "ranks": "[0-3]",
    "nodelist": "flux-sample-[4-7]",
    "success": true,
    "exception_occurred": false,
    "result": "COMPLETED",
    "expiration": 4837626215.0,
    "waitstatus": 0,
    "returncode": 0,
    "runtime": 14.065139293670654,
    "exception": {
        "occurred": false,
        "severity": "",
        "type": "",
        "note": ""
    }
}