{
    "id": 2715459518464,
    "userid": 1000,
    "urgency": 16,
    "priority": 16,
    "t_submit": 1684026229.839563,
    "t_depend": 1684026229.85133,
    "t_run": 1684026229.8741043,
    "t_cleanup": 1684026243.6370575,
    "t_inactive": 1684026243.6390603,
    "state": "INACTIVE",
    "name": "lmp",
    "ntasks": 224,
    "ncores": 224,
    "duration": 0.0,
    "nnodes": 4,
    "ranks": "[0-3]",
    "nodelist": "flux-sample-[4-7]",
    "success": true,
    "exception_occurred": false,
    "result": "COMPLETED",
    "expiration": 4837626229.0,
    "waitstatus": 0,
    "returncode": 0,
    "runtime": 13.762953281402588,
    "exception": {
        "occurred": false,
        "severity": "",
        "type": "",
        "note": ""
    }
}