{
    "id": 2225917132800,
    "userid": 1000,
    "urgency": 16,
    "priority": 16,
    "t_submit": 1684026200.6604502,
    "t_depend": 1684026200.6721687,
    "t_run": 1684026200.694887,
    "t_cleanup": 1684026215.1826003,
    "t_inactive": 1684026215.1844344,
    "state": "INACTIVE",
    "name": "lmp",
    "ntasks": 224,
    "ncores": 224,
    "duration": 0.0,
    "nnodes": 4,
    "ranks": "[0-3]",
    "nodelist": "flux-sample-[4-7]",
    "success": true,
    "exception_occurred": false,
    "result": "COMPLETED",
    "expiration": 4837626200.0,
    "waitstatus": 0,
    "returncode": 0,
    "runtime": 14.48771333694458,
    "exception": {
        "occurred": false,
        "severity": "",
        "type": "",
        "note": ""
    }
}