{
    "id": 2379143446528,
    "userid": 1234,
    "urgency": 16,
    "priority": 16,
    "t_submit": 1684197872.0286357,
    "t_depend": 1684197872.0403197,
    "t_run": 1684197872.0554338,
    "t_cleanup": 1684197872.5389302,
    "t_inactive": 1684197872.5429196,
    "state": "INACTIVE",
    "name": "hello_usempi",
    "ntasks": 280,
    "ncores": 280,
    "duration": 0.0,
    "nnodes": 5,
    "ranks": "[0-4]",
    "nodelist": "flux-sample-[3-7]",
    "success": true,
    "exception_occurred": false,
    "result": "COMPLETED",
    "expiration": 4837797872.0,
    "waitstatus": 0,
    "returncode": 0,
    "runtime": 0.48349642753601074,
    "exception": {
        "occurred": false,
        "severity": "",
        "type": "",
        "note": ""
    }
}