{
    "id": 2339096231936,
    "userid": 1234,
    "urgency": 16,
    "priority": 16,
    "t_submit": 1684197869.6415677,
    "t_depend": 1684197869.6535094,
    "t_run": 1684197869.6685662,
    "t_cleanup": 1684197870.1306007,
    "t_inactive": 1684197870.1328356,
    "state": "INACTIVE",
    "name": "hello_usempi",
    "ntasks": 280,
    "ncores": 280,
    "duration": 0.0,
    "nnodes": 5,
    "ranks": "[0-4]",
    "nodelist": "flux-sample-[3-7]",
    "success": true,
    "exception_occurred": false,
    "result": "COMPLETED",
    "expiration": 4837797869.0,
    "waitstatus": 0,
    "returncode": 0,
    "runtime": 0.4620344638824463,
    "exception": {
        "occurred": false,
        "severity": "",
        "type": "",
        "note": ""
    }
}