{
    "id": 2439910522880,
    "userid": 1234,
    "urgency": 16,
    "priority": 16,
    "t_submit": 1684197875.6508765,
    "t_depend": 1684197875.6628215,
    "t_run": 1684197875.6781013,
    "t_cleanup": 1684197876.1591737,
    "t_inactive": 1684197876.161177,
    "state": "INACTIVE",
    "name": "hello_usempi",
    "ntasks": 280,
    "ncores": 280,
    "duration": 0.0,
    "nnodes": 5,
    "ranks": "[0-4]",
    "nodelist": "flux-sample-[3-7]",
    "success": true,
    "exception_occurred": false,
    "result": "COMPLETED",
    "expiration": 4837797875.0,
    "waitstatus": 0,
    "returncode": 0,
    "runtime": 0.48107242584228516,
    "exception": {
        "occurred": false,
        "severity": "",
        "type": "",
        "note": ""
    }
}