{
    "id": 2328358813696,
    "userid": 1234,
    "urgency": 16,
    "priority": 16,
    "t_submit": 1684197869.0017715,
    "t_depend": 1684197869.0137563,
    "t_run": 1684197869.0293095,
    "t_cleanup": 1684197869.535398,
    "t_inactive": 1684197869.5373151,
    "state": "INACTIVE",
    "name": "hello_usempi",
    "ntasks": 280,
    "ncores": 280,
    "duration": 0.0,
    "nnodes": 5,
    "ranks": "[0-4]",
    "nodelist": "flux-sample-[3-7]",
    "success": true,
    "exception_occurred": false,
    "result": "COMPLETED",
    "expiration": 4837797869.0,
    "waitstatus": 0,
    "returncode": 0,
    "runtime": 0.5060884952545166,
    "exception": {
        "occurred": false,
        "severity": "",
        "type": "",
        "note": ""
    }
}