{
    "id": 2490661601280,
    "userid": 1234,
    "urgency": 16,
    "priority": 16,
    "t_submit": 1684197878.6763067,
    "t_depend": 1684197878.6879995,
    "t_run": 1684197878.703114,
    "t_cleanup": 1684197879.1650643,
    "t_inactive": 1684197879.1671004,
    "state": "INACTIVE",
    "name": "hello_usempi",
    "ntasks": 280,
    "ncores": 280,
    "duration": 0.0,
    "nnodes": 5,
    "ranks": "[0-4]",
    "nodelist": "flux-sample-[3-7]",
    "success": true,
    "exception_occurred": false,
    "result": "COMPLETED",
    "expiration": 4837797878.0,
    "waitstatus": 0,
    "returncode": 0,
    "runtime": 0.46195030212402344,
    "exception": {
        "occurred": false,
        "severity": "",
        "type": "",
        "note": ""
    }
}