{
    "id": 2460160622592,
    "userid": 1234,
    "urgency": 16,
    "priority": 16,
    "t_submit": 1684197876.858166,
    "t_depend": 1684197876.870059,
    "t_run": 1684197876.8852959,
    "t_cleanup": 1684197877.3690321,
    "t_inactive": 1684197877.3713937,
    "state": "INACTIVE",
    "name": "hello_usempi",
    "ntasks": 280,
    "ncores": 280,
    "duration": 0.0,
    "nnodes": 5,
    "ranks": "[0-4]",
    "nodelist": "flux-sample-[3-7]",
    "success": true,
    "exception_occurred": false,
    "result": "COMPLETED",
    "expiration": 4837797876.0,
    "waitstatus": 0,
    "returncode": 0,
    "runtime": 0.4837362766265869,
    "exception": {
        "occurred": false,
        "severity": "",
        "type": "",
        "note": ""
    }
}