{
    "id": 2510307721216,
    "userid": 1234,
    "urgency": 16,
    "priority": 16,
    "t_submit": 1684197879.8470914,
    "t_depend": 1684197879.8588943,
    "t_run": 1684197879.8739023,
    "t_cleanup": 1684197880.315318,
    "t_inactive": 1684197880.3176112,
    "state": "INACTIVE",
    "name": "hello_usempi",
    "ntasks": 280,
    "ncores": 280,
    "duration": 0.0,
    "nnodes": 5,
    "ranks": "[0-4]",
    "nodelist": "flux-sample-[3-7]",
    "success": true,
    "exception_occurred": false,
    "result": "COMPLETED",
    "expiration": 4837797879.0,
    "waitstatus": 0,
    "returncode": 0,
    "runtime": 0.44141578674316406,
    "exception": {
        "occurred": false,
        "severity": "",
        "type": "",
        "note": ""
    }
}