{
    "id": 2369110671360,
    "userid": 1234,
    "urgency": 16,
    "priority": 16,
    "t_submit": 1684197871.4311278,
    "t_depend": 1684197871.4427428,
    "t_run": 1684197871.4577763,
    "t_cleanup": 1684197871.9237025,
    "t_inactive": 1684197871.925729,
    "state": "INACTIVE",
    "name": "hello_usempi",
    "ntasks": 280,
    "ncores": 280,
    "duration": 0.0,
    "nnodes": 5,
    "ranks": "[0-4]",
    "nodelist": "flux-sample-[3-7]",
    "success": true,
    "exception_occurred": false,
    "result": "COMPLETED",
    "expiration": 4837797871.0,
    "waitstatus": 0,
    "returncode": 0,
    "runtime": 0.4659261703491211,
    "exception": {
        "occurred": false,
        "severity": "",
        "type": "",
        "note": ""
    }
}