{
    "id": 2389494988800,
    "userid": 1234,
    "urgency": 16,
    "priority": 16,
    "t_submit": 1684197872.6454625,
    "t_depend": 1684197872.6573415,
    "t_run": 1684197872.6722162,
    "t_cleanup": 1684197873.1531003,
    "t_inactive": 1684197873.15506,
    "state": "INACTIVE",
    "name": "hello_usempi",
    "ntasks": 280,
    "ncores": 280,
    "duration": 0.0,
    "nnodes": 5,
    "ranks": "[0-4]",
    "nodelist": "flux-sample-[3-7]",
    "success": true,
    "exception_occurred": false,
    "result": "COMPLETED",
    "expiration": 4837797872.0,
    "waitstatus": 0,
    "returncode": 0,
    "runtime": 0.4808840751647949,
    "exception": {
        "occurred": false,
        "severity": "",
        "type": "",
        "note": ""
    }
}