{
    "id": 2419761086464,
    "userid": 1234,
    "urgency": 16,
    "priority": 16,
    "t_submit": 1684197874.4496753,
    "t_depend": 1684197874.461481,
    "t_run": 1684197874.4768558,
    "t_cleanup": 1684197874.9355857,
    "t_inactive": 1684197874.9378202,
    "state": "INACTIVE",
    "name": "hello_usempi",
    "ntasks": 280,
    "ncores": 280,
    "duration": 0.0,
    "nnodes": 5,
    "ranks": "[0-4]",
    "nodelist": "flux-sample-[3-7]",
    "success": true,
    "exception_occurred": false,
    "result": "COMPLETED",
    "expiration": 4837797874.0,
    "waitstatus": 0,
    "returncode": 0,
    "runtime": 0.45872998237609863,
    "exception": {
        "occurred": false,
        "severity": "",
        "type": "",
        "note": ""
    }
}