{
    "id": 2358809460736,
    "userid": 1234,
    "urgency": 16,
    "priority": 16,
    "t_submit": 1684197870.8170364,
    "t_depend": 1684197870.82866,
    "t_run": 1684197870.8432949,
    "t_cleanup": 1684197871.3236647,
    "t_inactive": 1684197871.3255415,
    "state": "INACTIVE",
    "name": "hello_usempi",
    "ntasks": 280,
    "ncores": 280,
    "duration": 0.0,
    "nnodes": 5,
    "ranks": "[0-4]",
    "nodelist": "flux-sample-[3-7]",
    "success": true,
    "exception_occurred": false,
    "result": "COMPLETED",
    "expiration": 4837797870.0,
    "waitstatus": 0,
    "returncode": 0,
    "runtime": 0.48036980628967285,
    "exception": {
        "occurred": false,
        "severity": "",
        "type": "",
        "note": ""
    }
}