{
    "id": 2399779422208,
    "userid": 1234,
    "urgency": 16,
    "priority": 16,
    "t_submit": 1684197873.2593768,
    "t_depend": 1684197873.271112,
    "t_run": 1684197873.2862415,
    "t_cleanup": 1684197873.7650468,
    "t_inactive": 1684197873.7671752,
    "state": "INACTIVE",
    "name": "hello_usempi",
    "ntasks": 280,
    "ncores": 280,
    "duration": 0.0,
    "nnodes": 5,
    "ranks": "[0-4]",
    "nodelist": "flux-sample-[3-7]",
    "success": true,
    "exception_occurred": false,
    "result": "COMPLETED",
    "expiration": 4837797873.0,
    "waitstatus": 0,
    "returncode": 0,
    "runtime": 0.4788053035736084,
    "exception": {
        "occurred": false,
        "severity": "",
        "type": "",
        "note": ""
    }
}