{
    "id": 2519971397632,
    "userid": 1234,
    "urgency": 16,
    "priority": 16,
    "t_submit": 1684197880.4228084,
    "t_depend": 1684197880.4347942,
    "t_run": 1684197880.4498396,
    "t_cleanup": 1684197880.913612,
    "t_inactive": 1684197880.9156866,
    "state": "INACTIVE",
    "name": "hello_usempi",
    "ntasks": 280,
    "ncores": 280,
    "duration": 0.0,
    "nnodes": 5,
    "ranks": "[0-4]",
    "nodelist": "flux-sample-[3-7]",
    "success": true,
    "exception_occurred": false,
    "result": "COMPLETED",
    "expiration": 4837797880.0,
    "waitstatus": 0,
    "returncode": 0,
    "runtime": 0.4637722969055176,
    "exception": {
        "occurred": false,
        "severity": "",
        "type": "",
        "note": ""
    }
}