{
    "id": 1441565507584,
    "userid": 1234,
    "urgency": 16,
    "priority": 16,
    "t_submit": 1684197597.5033374,
    "t_depend": 1684197597.5150743,
    "t_run": 1684197597.5298674,
    "t_cleanup": 1684197597.7368033,
    "t_inactive": 1684197597.7387555,
    "state": "INACTIVE",
    "name": "hello_usempi",
    "ntasks": 112,
    "ncores": 112,
    "duration": 0.0,
    "nnodes": 2,
    "ranks": "[0-1]",
    "nodelist": "flux-sample-[0-1]",
    "success": true,
    "exception_occurred": false,
    "result": "COMPLETED",
    "expiration": 4837797597.0,
    "waitstatus": 0,
    "returncode": 0,
    "runtime": 0.20693588256835938,
    "exception": {
        "occurred": false,
        "severity": "",
        "type": "",
        "note": ""
    }
}