{
    "id": 1518841364480,
    "userid": 1234,
    "urgency": 16,
    "priority": 16,
    "t_submit": 1684197602.1092975,
    "t_depend": 1684197602.1210933,
    "t_run": 1684197602.1354957,
    "t_cleanup": 1684197602.3688788,
    "t_inactive": 1684197602.371141,
    "state": "INACTIVE",
    "name": "hello_usempi",
    "ntasks": 112,
    "ncores": 112,
    "duration": 0.0,
    "nnodes": 2,
    "ranks": "[0-1]",
    "nodelist": "flux-sample-[0-1]",
    "success": true,
    "exception_occurred": false,
    "result": "COMPLETED",
    "expiration": 4837797602.0,
    "waitstatus": 0,
    "returncode": 0,
    "runtime": 0.2333831787109375,
    "exception": {
        "occurred": false,
        "severity": "",
        "type": "",
        "note": ""
    }
}