{
    "id": 1524998602752,
    "userid": 1234,
    "urgency": 16,
    "priority": 16,
    "t_submit": 1684197602.4759421,
    "t_depend": 1684197602.4876206,
    "t_run": 1684197602.5021358,
    "t_cleanup": 1684197602.7082503,
    "t_inactive": 1684197602.7103162,
    "state": "INACTIVE",
    "name": "hello_usempi",
    "ntasks": 112,
    "ncores": 112,
    "duration": 0.0,
    "nnodes": 2,
    "ranks": "[0-1]",
    "nodelist": "flux-sample-[0-1]",
    "success": true,
    "exception_occurred": false,
    "result": "COMPLETED",
    "expiration": 4837797602.0,
    "waitstatus": 0,
    "returncode": 0,
    "runtime": 0.2061145305633545,
    "exception": {
        "occurred": false,
        "severity": "",
        "type": "",
        "note": ""
    }
}