{
    "id": 1512717680640,
    "userid": 1234,
    "urgency": 16,
    "priority": 16,
    "t_submit": 1684197601.7439892,
    "t_depend": 1684197601.7560046,
    "t_run": 1684197601.770272,
    "t_cleanup": 1684197602.0005834,
    "t_inactive": 1684197602.002791,
    "state": "INACTIVE",
    "name": "hello_usempi",
    "ntasks": 112,
    "ncores": 112,
    "duration": 0.0,
    "nnodes": 2,
    "ranks": "[0-1]",
    "nodelist": "flux-sample-[0-1]",
    "success": true,
    "exception_occurred": false,
    "result": "COMPLETED",
    "expiration": 4837797601.0,
    "waitstatus": 0,
    "returncode": 0,
    "runtime": 0.23031139373779297,
    "exception": {
        "occurred": false,
        "severity": "",
        "type": "",
        "note": ""
    }
}