{
    "id": 1494648619008,
    "userid": 1234,
    "urgency": 16,
    "priority": 16,
    "t_submit": 1684197600.6664548,
    "t_depend": 1684197600.6783755,
    "t_run": 1684197600.6929996,
    "t_cleanup": 1684197600.9215548,
    "t_inactive": 1684197600.923542,
    "state": "INACTIVE",
    "name": "hello_usempi",
    "ntasks": 112,
    "ncores": 112,
    "duration": 0.0,
    "nnodes": 2,
    "ranks": "[0-1]",
    "nodelist": "flux-sample-[0-1]",
    "success": true,
    "exception_occurred": false,
    "result": "COMPLETED",
    "expiration": 4837797600.0,
    "waitstatus": 0,
    "returncode": 0,
    "runtime": 0.22855520248413086,
    "exception": {
        "occurred": false,
        "severity": "",
        "type": "",
        "note": ""
    }
}