{
    "id": 1500772302848,
    "userid": 1234,
    "urgency": 16,
    "priority": 16,
    "t_submit": 1684197601.031491,
    "t_depend": 1684197601.0431545,
    "t_run": 1684197601.0577874,
    "t_cleanup": 1684197601.2716107,
    "t_inactive": 1684197601.2737095,
    "state": "INACTIVE",
    "name": "hello_usempi",
    "ntasks": 112,
    "ncores": 112,
    "duration": 0.0,
    "nnodes": 2,
    "ranks": "[0-1]",
    "nodelist": "flux-sample-[0-1]",
    "success": true,
    "exception_occurred": false,
    "result": "COMPLETED",
    "expiration": 4837797601.0,
    "waitstatus": 0,
    "returncode": 0,
    "runtime": 0.2138233184814453,
    "exception": {
        "occurred": false,
        "severity": "",
        "type": "",
        "note": ""
    }
}