{
    "id": 1488910811136,
    "userid": 1234,
    "urgency": 16,
    "priority": 16,
    "t_submit": 1684197600.3244717,
    "t_depend": 1684197600.3362315,
    "t_run": 1684197600.3506012,
    "t_cleanup": 1684197600.5590243,
    "t_inactive": 1684197600.561073,
    "state": "INACTIVE",
    "name": "hello_usempi",
    "ntasks": 112,
    "ncores": 112,
    "duration": 0.0,
    "nnodes": 2,
    "ranks": "[0-1]",
    "nodelist": "flux-sample-[0-1]",
    "success": true,
    "exception_occurred": false,
    "result": "COMPLETED",
    "expiration": 4837797600.0,
    "waitstatus": 0,
    "returncode": 0,
    "runtime": 0.20842313766479492,
    "exception": {
        "occurred": false,
        "severity": "",
        "type": "",
        "note": ""
    }
}