{
    "id": 1471294734336,
    "userid": 1234,
    "urgency": 16,
    "priority": 16,
    "t_submit": 1684197599.2753618,
    "t_depend": 1684197599.2870927,
    "t_run": 1684197599.3017101,
    "t_cleanup": 1684197599.5162306,
    "t_inactive": 1684197599.5184093,
    "state": "INACTIVE",
    "name": "hello_usempi",
    "ntasks": 112,
    "ncores": 112,
    "duration": 0.0,
    "nnodes": 2,
    "ranks": "[0-1]",
    "nodelist": "flux-sample-[0-1]",
    "success": true,
    "exception_occurred": false,
    "result": "COMPLETED",
    "expiration": 4837797599.0,
    "waitstatus": 0,
    "returncode": 0,
    "runtime": 0.21452045440673828,
    "exception": {
        "occurred": false,
        "severity": "",
        "type": "",
        "note": ""
    }
}