{
    "id": 1447269761024,
    "userid": 1234,
    "urgency": 16,
    "priority": 16,
    "t_submit": 1684197597.8430789,
    "t_depend": 1684197597.8549604,
    "t_run": 1684197597.8694441,
    "t_cleanup": 1684197598.0988216,
    "t_inactive": 1684197598.1008987,
    "state": "INACTIVE",
    "name": "hello_usempi",
    "ntasks": 112,
    "ncores": 112,
    "duration": 0.0,
    "nnodes": 2,
    "ranks": "[0-1]",
    "nodelist": "flux-sample-[0-1]",
    "success": true,
    "exception_occurred": false,
    "result": "COMPLETED",
    "expiration": 4837797597.0,
    "waitstatus": 0,
    "returncode": 0,
    "runtime": 0.22937750816345215,
    "exception": {
        "occurred": false,
        "severity": "",
        "type": "",
        "note": ""
    }
}