{
    "id": 1477133205504,
    "userid": 1234,
    "urgency": 16,
    "priority": 16,
    "t_submit": 1684197599.622552,
    "t_depend": 1684197599.6349823,
    "t_run": 1684197599.6496952,
    "t_cleanup": 1684197599.8618758,
    "t_inactive": 1684197599.8639472,
    "state": "INACTIVE",
    "name": "hello_usempi",
    "ntasks": 112,
    "ncores": 112,
    "duration": 0.0,
    "nnodes": 2,
    "ranks": "[0-1]",
    "nodelist": "flux-sample-[0-1]",
    "success": true,
    "exception_occurred": false,
    "result": "COMPLETED",
    "expiration": 4837797599.0,
    "waitstatus": 0,
    "returncode": 0,
    "runtime": 0.21218061447143555,
    "exception": {
        "occurred": false,
        "severity": "",
        "type": "",
        "note": ""
    }
}