{
    "id": 1453343113216,
    "userid": 1234,
    "urgency": 16,
    "priority": 16,
    "t_submit": 1684197598.2049415,
    "t_depend": 1684197598.2166388,
    "t_run": 1684197598.2312572,
    "t_cleanup": 1684197598.445312,
    "t_inactive": 1684197598.447407,
    "state": "INACTIVE",
    "name": "hello_usempi",
    "ntasks": 112,
    "ncores": 112,
    "duration": 0.0,
    "nnodes": 2,
    "ranks": "[0-1]",
    "nodelist": "flux-sample-[0-1]",
    "success": true,
    "exception_occurred": false,
    "result": "COMPLETED",
    "expiration": 4837797598.0,
    "waitstatus": 0,
    "returncode": 0,
    "runtime": 0.21405482292175293,
    "exception": {
        "occurred": false,
        "severity": "",
        "type": "",
        "note": ""
    }
}