{
    "id": 1506593996800,
    "userid": 1234,
    "urgency": 16,
    "priority": 16,
    "t_submit": 1684197601.379026,
    "t_depend": 1684197601.3910804,
    "t_run": 1684197601.4054546,
    "t_cleanup": 1684197601.6349838,
    "t_inactive": 1684197601.6376395,
    "state": "INACTIVE",
    "name": "hello_usempi",
    "ntasks": 112,
    "ncores": 112,
    "duration": 0.0,
    "nnodes": 2,
    "ranks": "[0-1]",
    "nodelist": "flux-sample-[0-1]",
    "success": true,
    "exception_occurred": false,
    "result": "COMPLETED",
    "expiration": 4837797601.0,
    "waitstatus": 0,
    "returncode": 0,
    "runtime": 0.22952914237976074,
    "exception": {
        "occurred": false,
        "severity": "",
        "type": "",
        "note": ""
    }
}