{
    "id": 1482954899456,
    "userid": 1234,
    "urgency": 16,
    "priority": 16,
    "t_submit": 1684197599.9697053,
    "t_depend": 1684197599.9813433,
    "t_run": 1684197599.9956167,
    "t_cleanup": 1684197600.2162864,
    "t_inactive": 1684197600.2181935,
    "state": "INACTIVE",
    "name": "hello_usempi",
    "ntasks": 112,
    "ncores": 112,
    "duration": 0.0,
    "nnodes": 2,
    "ranks": "[0-1]",
    "nodelist": "flux-sample-[0-1]",
    "success": true,
    "exception_occurred": false,
    "result": "COMPLETED",
    "expiration": 4837797599.0,
    "waitstatus": 0,
    "returncode": 0,
    "runtime": 0.22066974639892578,
    "exception": {
        "occurred": false,
        "severity": "",
        "type": "",
        "note": ""
    }
}