{
    "id": 3034159513600,
    "userid": 1234,
    "urgency": 16,
    "priority": 16,
    "t_submit": 1684197938.8409731,
    "t_depend": 1684197938.8531451,
    "t_run": 1684197938.869479,
    "t_cleanup": 1684197939.4458094,
    "t_inactive": 1684197939.4483905,
    "state": "INACTIVE",
    "name": "ring_mpifh",
    "ntasks": 168,
    "ncores": 168,
    "duration": 0.0,
    "nnodes": 3,
    "ranks": "[0-2]",
    "nodelist": "flux-sample-[0-2]",
    "success": true,
    "exception_occurred": false,
    "result": "COMPLETED",
    "expiration": 4837797938.0,
    "waitstatus": 0,
    "returncode": 0,
    "runtime": 0.5763304233551025,
    "exception": {
        "occurred": false,
        "severity": "",
        "type": "",
        "note": ""
    }
}