{
    "id": 2905528598528,
    "userid": 1234,
    "urgency": 16,
    "priority": 16,
    "t_submit": 1684197931.1743395,
    "t_depend": 1684197931.1864405,
    "t_run": 1684197931.2020617,
    "t_cleanup": 1684197931.6532133,
    "t_inactive": 1684197931.6555254,
    "state": "INACTIVE",
    "name": "ring_mpifh",
    "ntasks": 168,
    "ncores": 168,
    "duration": 0.0,
    "nnodes": 3,
    "ranks": "[0-2]",
    "nodelist": "flux-sample-[0-2]",
    "success": true,
    "exception_occurred": false,
    "result": "COMPLETED",
    "expiration": 4837797931.0,
    "waitstatus": 0,
    "returncode": 0,
    "runtime": 0.45115160942077637,
    "exception": {
        "occurred": false,
        "severity": "",
        "type": "",
        "note": ""
    }
}