{
    "id": 2977368637440,
    "userid": 1234,
    "urgency": 16,
    "priority": 16,
    "t_submit": 1684197935.4557514,
    "t_depend": 1684197935.4677775,
    "t_run": 1684197935.4836593,
    "t_cleanup": 1684197935.987535,
    "t_inactive": 1684197935.989757,
    "state": "INACTIVE",
    "name": "ring_mpifh",
    "ntasks": 168,
    "ncores": 168,
    "duration": 0.0,
    "nnodes": 3,
    "ranks": "[0-2]",
    "nodelist": "flux-sample-[0-2]",
    "success": true,
    "exception_occurred": false,
    "result": "COMPLETED",
    "expiration": 4837797935.0,
    "waitstatus": 0,
    "returncode": 0,
    "runtime": 0.503875732421875,
    "exception": {
        "occurred": false,
        "severity": "",
        "type": "",
        "note": ""
    }
}