{
    "id": 2988055724032,
    "userid": 1234,
    "urgency": 16,
    "priority": 16,
    "t_submit": 1684197936.092609,
    "t_depend": 1684197936.104935,
    "t_run": 1684197936.1211033,
    "t_cleanup": 1684197936.7449312,
    "t_inactive": 1684197936.7472882,
    "state": "INACTIVE",
    "name": "ring_mpifh",
    "ntasks": 168,
    "ncores": 168,
    "duration": 0.0,
    "nnodes": 3,
    "ranks": "[0-2]",
    "nodelist": "flux-sample-[0-2]",
    "success": true,
    "exception_occurred": false,
    "result": "COMPLETED",
    "expiration": 4837797936.0,
    "waitstatus": 0,
    "returncode": 0,
    "runtime": 0.6238279342651367,
    "exception": {
        "occurred": false,
        "severity": "",
        "type": "",
        "note": ""
    }
}