{
    "id": 3020939067392,
    "userid": 1234,
    "urgency": 16,
    "priority": 16,
    "t_submit": 1684197938.0531652,
    "t_depend": 1684197938.0654674,
    "t_run": 1684197938.081621,
    "t_cleanup": 1684197938.7339559,
    "t_inactive": 1684197938.7365856,
    "state": "INACTIVE",
    "name": "ring_mpifh",
    "ntasks": 168,
    "ncores": 168,
    "duration": 0.0,
    "nnodes": 3,
    "ranks": "[0-2]",
    "nodelist": "flux-sample-[0-2]",
    "success": true,
    "exception_occurred": false,
    "result": "COMPLETED",
    "expiration": 4837797938.0,
    "waitstatus": 0,
    "returncode": 0,
    "runtime": 0.6523349285125732,
    "exception": {
        "occurred": false,
        "severity": "",
        "type": "",
        "note": ""
    }
}