{
    "id": 2872762695680,
    "userid": 1234,
    "urgency": 16,
    "priority": 16,
    "t_submit": 1684197929.2205977,
    "t_depend": 1684197929.2328103,
    "t_run": 1684197929.2486272,
    "t_cleanup": 1684197929.6982667,
    "t_inactive": 1684197929.700579,
    "state": "INACTIVE",
    "name": "ring_mpifh",
    "ntasks": 168,
    "ncores": 168,
    "duration": 0.0,
    "nnodes": 3,
    "ranks": "[0-2]",
    "nodelist": "flux-sample-[0-2]",
    "success": true,
    "exception_occurred": false,
    "result": "COMPLETED",
    "expiration": 4837797929.0,
    "waitstatus": 0,
    "returncode": 0,
    "runtime": 0.44963955879211426,
    "exception": {
        "occurred": false,
        "severity": "",
        "type": "",
        "note": ""
    }
}