{
    "id": 3057161076736,
    "userid": 1234,
    "urgency": 16,
    "priority": 16,
    "t_submit": 1684197940.2119515,
    "t_depend": 1684197940.2239094,
    "t_run": 1684197940.2400117,
    "t_cleanup": 1684197940.8997526,
    "t_inactive": 1684197940.9021225,
    "state": "INACTIVE",
    "name": "ring_mpifh",
    "ntasks": 168,
    "ncores": 168,
    "duration": 0.0,
    "nnodes": 3,
    "ranks": "[0-2]",
    "nodelist": "flux-sample-[0-2]",
    "success": true,
    "exception_occurred": false,
    "result": "COMPLETED",
    "expiration": 4837797940.0,
    "waitstatus": 0,
    "returncode": 0,
    "runtime": 0.6597409248352051,
    "exception": {
        "occurred": false,
        "severity": "",
        "type": "",
        "note": ""
    }
}