{
    "id": 3010688188416,
    "userid": 1234,
    "urgency": 16,
    "priority": 16,
    "t_submit": 1684197937.4414792,
    "t_depend": 1684197937.4534316,
    "t_run": 1684197937.4695077,
    "t_cleanup": 1684197937.9463685,
    "t_inactive": 1684197937.9488063,
    "state": "INACTIVE",
    "name": "ring_mpifh",
    "ntasks": 168,
    "ncores": 168,
    "duration": 0.0,
    "nnodes": 3,
    "ranks": "[0-2]",
    "nodelist": "flux-sample-[0-2]",
    "success": true,
    "exception_occurred": false,
    "result": "COMPLETED",
    "expiration": 4837797937.0,
    "waitstatus": 0,
    "returncode": 0,
    "runtime": 0.47686076164245605,
    "exception": {
        "occurred": false,
        "severity": "",
        "type": "",
        "note": ""
    }
}