{
    "id": 2953779871744,
    "userid": 1234,
    "urgency": 16,
    "priority": 16,
    "t_submit": 1684197934.050356,
    "t_depend": 1684197934.0640197,
    "t_run": 1684197934.079737,
    "t_cleanup": 1684197934.6714177,
    "t_inactive": 1684197934.6739035,
    "state": "INACTIVE",
    "name": "ring_mpifh",
    "ntasks": 168,
    "ncores": 168,
    "duration": 0.0,
    "nnodes": 3,
    "ranks": "[0-2]",
    "nodelist": "flux-sample-[0-2]",
    "success": true,
    "exception_occurred": false,
    "result": "COMPLETED",
    "expiration": 4837797934.0,
    "waitstatus": 0,
    "returncode": 0,
    "runtime": 0.5916807651519775,
    "exception": {
        "occurred": false,
        "severity": "",
        "type": "",
        "note": ""
    }
}