{
    "id": 3046104891392,
    "userid": 1234,
    "urgency": 16,
    "priority": 16,
    "t_submit": 1684197939.55329,
    "t_depend": 1684197939.5653732,
    "t_run": 1684197939.5812283,
    "t_cleanup": 1684197940.1063385,
    "t_inactive": 1684197940.108825,
    "state": "INACTIVE",
    "name": "ring_mpifh",
    "ntasks": 168,
    "ncores": 168,
    "duration": 0.0,
    "nnodes": 3,
    "ranks": "[0-2]",
    "nodelist": "flux-sample-[0-2]",
    "success": true,
    "exception_occurred": false,
    "result": "COMPLETED",
    "expiration": 4837797939.0,
    "waitstatus": 0,
    "returncode": 0,
    "runtime": 0.5251102447509766,
    "exception": {
        "occurred": false,
        "severity": "",
        "type": "",
        "note": ""
    }
}