{
    "id": 2859072487424,
    "userid": 1234,
    "urgency": 16,
    "priority": 16,
    "t_submit": 1684197928.404904,
    "t_depend": 1684197928.4169636,
    "t_run": 1684197928.4327009,
    "t_cleanup": 1684197929.1125336,
    "t_inactive": 1684197929.1153722,
    "state": "INACTIVE",
    "name": "ring_mpifh",
    "ntasks": 168,
    "ncores": 168,
    "duration": 0.0,
    "nnodes": 3,
    "ranks": "[0-2]",
    "nodelist": "flux-sample-[0-2]",
    "success": true,
    "exception_occurred": false,
    "result": "COMPLETED",
    "expiration": 4837797928.0,
    "waitstatus": 0,
    "returncode": 0,
    "runtime": 0.6798326969146729,
    "exception": {
        "occurred": false,
        "severity": "",
        "type": "",
        "note": ""
    }
}