{
    "id": 2837312438272,
    "userid": 1234,
    "urgency": 16,
    "priority": 16,
    "t_submit": 1684197927.1080287,
    "t_depend": 1684197927.119976,
    "t_run": 1684197927.135721,
    "t_cleanup": 1684197927.5917554,
    "t_inactive": 1684197927.5942447,
    "state": "INACTIVE",
    "name": "ring_mpifh",
    "ntasks": 168,
    "ncores": 168,
    "duration": 0.0,
    "nnodes": 3,
    "ranks": "[0-2]",
    "nodelist": "flux-sample-[0-2]",
    "success": true,
    "exception_occurred": false,
    "result": "COMPLETED",
    "expiration": 4837797927.0,
    "waitstatus": 0,
    "returncode": 0,
    "runtime": 0.45603442192077637,
    "exception": {
        "occurred": false,
        "severity": "",
        "type": "",
        "note": ""
    }
}