{
    "id": 2847278104576,
    "userid": 1234,
    "urgency": 16,
    "priority": 16,
    "t_submit": 1684197927.7014682,
    "t_depend": 1684197927.7135894,
    "t_run": 1684197927.7295337,
    "t_cleanup": 1684197928.29888,
    "t_inactive": 1684197928.3039303,
    "state": "INACTIVE",
    "name": "ring_mpifh",
    "ntasks": 168,
    "ncores": 168,
    "duration": 0.0,
    "nnodes": 3,
    "ranks": "[0-2]",
    "nodelist": "flux-sample-[0-2]",
    "success": true,
    "exception_occurred": false,
    "result": "COMPLETED",
    "expiration": 4837797927.0,
    "waitstatus": 0,
    "returncode": 0,
    "runtime": 0.5693464279174805,
    "exception": {
        "occurred": false,
        "severity": "",
        "type": "",
        "note": ""
    }
}