{
    "id": 2667208245248,
    "userid": 1234,
    "urgency": 16,
    "priority": 16,
    "t_submit": 1684198110.4493215,
    "t_depend": 1684198110.4614823,
    "t_run": 1684198110.477148,
    "t_cleanup": 1684198110.6852806,
    "t_inactive": 1684198110.6874073,
    "state": "INACTIVE",
    "name": "ring_usempi",
    "ntasks": 224,
    "ncores": 224,
    "duration": 0.0,
    "nnodes": 4,
    "ranks": "[0-3]",
    "nodelist": "flux-sample-[4-7]",
    "success": true,
    "exception_occurred": false,
    "result": "COMPLETED",
    "expiration": 4837798110.0,
    "waitstatus": 0,
    "returncode": 0,
    "runtime": 0.20813250541687012,
    "exception": {
        "occurred": false,
        "severity": "",
        "type": "",
        "note": ""
    }
}