{
    "id": 2645011988480,
    "userid": 1234,
    "urgency": 16,
    "priority": 16,
    "t_submit": 1684198109.1264372,
    "t_depend": 1684198109.1381726,
    "t_run": 1684198109.1534643,
    "t_cleanup": 1684198109.363967,
    "t_inactive": 1684198109.3660505,
    "state": "INACTIVE",
    "name": "ring_usempi",
    "ntasks": 224,
    "ncores": 224,
    "duration": 0.0,
    "nnodes": 4,
    "ranks": "[0-3]",
    "nodelist": "flux-sample-[4-7]",
    "success": true,
    "exception_occurred": false,
    "result": "COMPLETED",
    "expiration": 4837798109.0,
    "waitstatus": 0,
    "returncode": 0,
    "runtime": 0.21050262451171875,
    "exception": {
        "occurred": false,
        "severity": "",
        "type": "",
        "note": ""
    }
}