{
    "id": 2734652653568,
    "userid": 1234,
    "urgency": 16,
    "priority": 16,
    "t_submit": 1684198114.4686615,
    "t_depend": 1684198114.4807591,
    "t_run": 1684198114.4967213,
    "t_cleanup": 1684198114.7007763,
    "t_inactive": 1684198114.703181,
    "state": "INACTIVE",
    "name": "ring_usempi",
    "ntasks": 224,
    "ncores": 224,
    "duration": 0.0,
    "nnodes": 4,
    "ranks": "[0-3]",
    "nodelist": "flux-sample-[4-7]",
    "success": true,
    "exception_occurred": false,
    "result": "COMPLETED",
    "expiration": 4837798114.0,
    "waitstatus": 0,
    "returncode": 0,
    "runtime": 0.2040550708770752,
    "exception": {
        "occurred": false,
        "severity": "",
        "type": "",
        "note": ""
    }
}