{
    "id": 2718110318592,
    "userid": 1234,
    "urgency": 16,
    "priority": 16,
    "t_submit": 1684198113.4831114,
    "t_depend": 1684198113.497569,
    "t_run": 1684198113.5131176,
    "t_cleanup": 1684198113.7184813,
    "t_inactive": 1684198113.7206774,
    "state": "INACTIVE",
    "name": "ring_usempi",
    "ntasks": 224,
    "ncores": 224,
    "duration": 0.0,
    "nnodes": 4,
    "ranks": "[0-3]",
    "nodelist": "flux-sample-[4-7]",
    "success": true,
    "exception_occurred": false,
    "result": "COMPLETED",
    "expiration": 4837798113.0,
    "waitstatus": 0,
    "returncode": 0,
    "runtime": 0.20536375045776367,
    "exception": {
        "occurred": false,
        "severity": "",
        "type": "",
        "note": ""
    }
}