{
    "id": 2661789204480,
    "userid": 1234,
    "urgency": 16,
    "priority": 16,
    "t_submit": 1684198110.12613,
    "t_depend": 1684198110.1379592,
    "t_run": 1684198110.1532433,
    "t_cleanup": 1684198110.3446105,
    "t_inactive": 1684198110.3467166,
    "state": "INACTIVE",
    "name": "ring_usempi",
    "ntasks": 224,
    "ncores": 224,
    "duration": 0.0,
    "nnodes": 4,
    "ranks": "[0-3]",
    "nodelist": "flux-sample-[4-7]",
    "success": true,
    "exception_occurred": false,
    "result": "COMPLETED",
    "expiration": 4837798110.0,
    "waitstatus": 0,
    "returncode": 0,
    "runtime": 0.19136714935302734,
    "exception": {
        "occurred": false,
        "severity": "",
        "type": "",
        "note": ""
    }
}