{
    "id": 2684539109376,
    "userid": 1234,
    "urgency": 16,
    "priority": 16,
    "t_submit": 1684198111.4817665,
    "t_depend": 1684198111.494878,
    "t_run": 1684198111.5100935,
    "t_cleanup": 1684198111.7051685,
    "t_inactive": 1684198111.7075145,
    "state": "INACTIVE",
    "name": "ring_usempi",
    "ntasks": 224,
    "ncores": 224,
    "duration": 0.0,
    "nnodes": 4,
    "ranks": "[0-3]",
    "nodelist": "flux-sample-[4-7]",
    "success": true,
    "exception_occurred": false,
    "result": "COMPLETED",
    "expiration": 4837798111.0,
    "waitstatus": 0,
    "returncode": 0,
    "runtime": 0.19507503509521484,
    "exception": {
        "occurred": false,
        "severity": "",
        "type": "",
        "note": ""
    }
}