{
    "id": 2656269500416,
    "userid": 1234,
    "urgency": 16,
    "priority": 16,
    "t_submit": 1684198109.7974112,
    "t_depend": 1684198109.8091588,
    "t_run": 1684198109.8245609,
    "t_cleanup": 1684198110.0203013,
    "t_inactive": 1684198110.0223217,
    "state": "INACTIVE",
    "name": "ring_usempi",
    "ntasks": 224,
    "ncores": 224,
    "duration": 0.0,
    "nnodes": 4,
    "ranks": "[0-3]",
    "nodelist": "flux-sample-[4-7]",
    "success": true,
    "exception_occurred": false,
    "result": "COMPLETED",
    "expiration": 4837798109.0,
    "waitstatus": 0,
    "returncode": 0,
    "runtime": 0.1957404613494873,
    "exception": {
        "occurred": false,
        "severity": "",
        "type": "",
        "note": ""
    }
}