{
    "id": 2712741609472,
    "userid": 1234,
    "urgency": 16,
    "priority": 16,
    "t_submit": 1684198113.163071,
    "t_depend": 1684198113.1747663,
    "t_run": 1684198113.1899362,
    "t_cleanup": 1684198113.379118,
    "t_inactive": 1684198113.3812268,
    "state": "INACTIVE",
    "name": "ring_usempi",
    "ntasks": 224,
    "ncores": 224,
    "duration": 0.0,
    "nnodes": 4,
    "ranks": "[0-3]",
    "nodelist": "flux-sample-[4-7]",
    "success": true,
    "exception_occurred": false,
    "result": "COMPLETED",
    "expiration": 4837798113.0,
    "waitstatus": 0,
    "returncode": 0,
    "runtime": 0.18918180465698242,
    "exception": {
        "occurred": false,
        "severity": "",
        "type": "",
        "note": ""
    }
}