{
    "id": 2695528185856,
    "userid": 1234,
    "urgency": 16,
    "priority": 16,
    "t_submit": 1684198112.1371973,
    "t_depend": 1684198112.1488972,
    "t_run": 1684198112.1644287,
    "t_cleanup": 1684198112.3851388,
    "t_inactive": 1684198112.3870955,
    "state": "INACTIVE",
    "name": "ring_usempi",
    "ntasks": 224,
    "ncores": 224,
    "duration": 0.0,
    "nnodes": 4,
    "ranks": "[0-3]",
    "nodelist": "flux-sample-[4-7]",
    "success": true,
    "exception_occurred": false,
    "result": "COMPLETED",
    "expiration": 4837798112.0,
    "waitstatus": 0,
    "returncode": 0,
    "runtime": 0.22071003913879395,
    "exception": {
        "occurred": false,
        "severity": "",
        "type": "",
        "note": ""
    }
}