{
    "id": 2650749796352,
    "userid": 1234,
    "urgency": 16,
    "priority": 16,
    "t_submit": 1684198109.4675303,
    "t_depend": 1684198109.4792721,
    "t_run": 1684198109.495363,
    "t_cleanup": 1684198109.6893275,
    "t_inactive": 1684198109.6914263,
    "state": "INACTIVE",
    "name": "ring_usempi",
    "ntasks": 224,
    "ncores": 224,
    "duration": 0.0,
    "nnodes": 4,
    "ranks": "[0-3]",
    "nodelist": "flux-sample-[4-7]",
    "success": true,
    "exception_occurred": false,
    "result": "COMPLETED",
    "expiration": 4837798109.0,
    "waitstatus": 0,
    "returncode": 0,
    "runtime": 0.19396448135375977,
    "exception": {
        "occurred": false,
        "severity": "",
        "type": "",
        "note": ""
    }
}