{
    "id": 2633720922112,
    "userid": 1234,
    "urgency": 16,
    "priority": 16,
    "t_submit": 1684198108.4530356,
    "t_depend": 1684198108.464957,
    "t_run": 1684198108.4803655,
    "t_cleanup": 1684198108.686583,
    "t_inactive": 1684198108.688649,
    "state": "INACTIVE",
    "name": "ring_usempi",
    "ntasks": 224,
    "ncores": 224,
    "duration": 0.0,
    "nnodes": 4,
    "ranks": "[0-3]",
    "nodelist": "flux-sample-[4-7]",
    "success": true,
    "exception_occurred": false,
    "result": "COMPLETED",
    "expiration": 4837798108.0,
    "waitstatus": 0,
    "returncode": 0,
    "runtime": 0.20621752738952637,
    "exception": {
        "occurred": false,
        "severity": "",
        "type": "",
        "note": ""
    }
}