{
    "id": 2690025259008,
    "userid": 1234,
    "urgency": 16,
    "priority": 16,
    "t_submit": 1684198111.8089566,
    "t_depend": 1684198111.820915,
    "t_run": 1684198111.83641,
    "t_cleanup": 1684198112.0331748,
    "t_inactive": 1684198112.03526,
    "state": "INACTIVE",
    "name": "ring_usempi",
    "ntasks": 224,
    "ncores": 224,
    "duration": 0.0,
    "nnodes": 4,
    "ranks": "[0-3]",
    "nodelist": "flux-sample-[4-7]",
    "success": true,
    "exception_occurred": false,
    "result": "COMPLETED",
    "expiration": 4837798111.0,
    "waitstatus": 0,
    "returncode": 0,
    "runtime": 0.19676470756530762,
    "exception": {
        "occurred": false,
        "severity": "",
        "type": "",
        "note": ""
    }
}