{
    "id": 2723814572032,
    "userid": 1234,
    "urgency": 16,
    "priority": 16,
    "t_submit": 1684198113.8228257,
    "t_depend": 1684198113.834727,
    "t_run": 1684198113.8500953,
    "t_cleanup": 1684198114.0358076,
    "t_inactive": 1684198114.0380547,
    "state": "INACTIVE",
    "name": "ring_usempi",
    "ntasks": 224,
    "ncores": 224,
    "duration": 0.0,
    "nnodes": 4,
    "ranks": "[0-3]",
    "nodelist": "flux-sample-[4-7]",
    "success": true,
    "exception_occurred": false,
    "result": "COMPLETED",
    "expiration": 4837798113.0,
    "waitstatus": 0,
    "returncode": 0,
    "runtime": 0.18571233749389648,
    "exception": {
        "occurred": false,
        "severity": "",
        "type": "",
        "note": ""
    }
}