{
    "id": 2672929275904,
    "userid": 1234,
    "urgency": 16,
    "priority": 16,
    "t_submit": 1684198110.7903452,
    "t_depend": 1684198110.8022227,
    "t_run": 1684198110.8178694,
    "t_cleanup": 1684198111.03296,
    "t_inactive": 1684198111.0350788,
    "state": "INACTIVE",
    "name": "ring_usempi",
    "ntasks": 224,
    "ncores": 224,
    "duration": 0.0,
    "nnodes": 4,
    "ranks": "[0-3]",
    "nodelist": "flux-sample-[4-7]",
    "success": true,
    "exception_occurred": false,
    "result": "COMPLETED",
    "expiration": 4837798110.0,
    "waitstatus": 0,
    "returncode": 0,
    "runtime": 0.21509051322937012,
    "exception": {
        "occurred": false,
        "severity": "",
        "type": "",
        "note": ""
    }
}