{
    "id": 434328567808,
    "userid": 1000,
    "urgency": 16,
    "priority": 16,
    "t_submit": 1684112510.8036268,
    "t_depend": 1684112510.8150542,
    "t_run": 1684112510.8331254,
    "t_cleanup": 1684112511.0302055,
    "t_inactive": 1684112511.0317316,
    "state": "INACTIVE",
    "name": "hostname",
    "ntasks": 112,
    "ncores": 112,
    "duration": 0.0,
    "nnodes": 2,
    "ranks": "[0-1]",
    "nodelist": "flux-sample-[6-7]",
    "success": true,
    "exception_occurred": false,
    "result": "COMPLETED",
    "expiration": 4837712510.0,
    "waitstatus": 0,
    "returncode": 0,
    "runtime": 0.19708013534545898,
    "exception": {
        "occurred": false,
        "severity": "",
        "type": "",
        "note": ""
    }
}