{
    "id": 410941128704,
    "userid": 1000,
    "urgency": 16,
    "priority": 16,
    "t_submit": 1684112509.4093125,
    "t_depend": 1684112509.420698,
    "t_run": 1684112509.4386237,
    "t_cleanup": 1684112509.630677,
    "t_inactive": 1684112509.6321397,
    "state": "INACTIVE",
    "name": "hostname",
    "ntasks": 112,
    "ncores": 112,
    "duration": 0.0,
    "nnodes": 2,
    "ranks": "[0-1]",
    "nodelist": "flux-sample-[6-7]",
    "success": true,
    "exception_occurred": false,
    "result": "COMPLETED",
    "expiration": 4837712509.0,
    "waitstatus": 0,
    "returncode": 0,
    "runtime": 0.19205331802368164,
    "exception": {
        "occurred": false,
        "severity": "",
        "type": "",
        "note": ""
    }
}