{
    "id": 387721461760,
    "userid": 1000,
    "urgency": 16,
    "priority": 16,
    "t_submit": 1684112508.0257328,
    "t_depend": 1684112508.037514,
    "t_run": 1684112508.0551305,
    "t_cleanup": 1684112508.2380555,
    "t_inactive": 1684112508.2396164,
    "state": "INACTIVE",
    "name": "hostname",
    "ntasks": 112,
    "ncores": 112,
    "duration": 0.0,
    "nnodes": 2,
    "ranks": "[0-1]",
    "nodelist": "flux-sample-[6-7]",
    "success": true,
    "exception_occurred": false,
    "result": "COMPLETED",
    "expiration": 4837712508.0,
    "waitstatus": 0,
    "returncode": 0,
    "runtime": 0.18292498588562012,
    "exception": {
        "occurred": false,
        "severity": "",
        "type": "",
        "note": ""
    }
}