{
    "id": 381899767808,
    "userid": 1000,
    "urgency": 16,
    "priority": 16,
    "t_submit": 1684112507.678542,
    "t_depend": 1684112507.6900914,
    "t_run": 1684112507.7077339,
    "t_cleanup": 1684112507.8981335,
    "t_inactive": 1684112507.8996084,
    "state": "INACTIVE",
    "name": "hostname",
    "ntasks": 112,
    "ncores": 112,
    "duration": 0.0,
    "nnodes": 2,
    "ranks": "[0-1]",
    "nodelist": "flux-sample-[6-7]",
    "success": true,
    "exception_occurred": false,
    "result": "COMPLETED",
    "expiration": 4837712507.0,
    "waitstatus": 0,
    "returncode": 0,
    "runtime": 0.1903996467590332,
    "exception": {
        "occurred": false,
        "severity": "",
        "type": "",
        "note": ""
    }
}