{
    "id": 370189271040,
    "userid": 1000,
    "urgency": 16,
    "priority": 16,
    "t_submit": 1684112506.98025,
    "t_depend": 1684112506.9916372,
    "t_run": 1684112507.0096471,
    "t_cleanup": 1684112507.200029,
    "t_inactive": 1684112507.2014923,
    "state": "INACTIVE",
    "name": "hostname",
    "ntasks": 112,
    "ncores": 112,
    "duration": 0.0,
    "nnodes": 2,
    "ranks": "[0-1]",
    "nodelist": "flux-sample-[6-7]",
    "success": true,
    "exception_occurred": false,
    "result": "COMPLETED",
    "expiration": 4837712507.0,
    "waitstatus": 0,
    "returncode": 0,
    "runtime": 0.19038176536560059,
    "exception": {
        "occurred": false,
        "severity": "",
        "type": "",
        "note": ""
    }
}