{
    "id": 416796377088,
    "userid": 1000,
    "urgency": 16,
    "priority": 16,
    "t_submit": 1684112509.7588184,
    "t_depend": 1684112509.7704003,
    "t_run": 1684112509.7880447,
    "t_cleanup": 1684112509.9805977,
    "t_inactive": 1684112509.9820678,
    "state": "INACTIVE",
    "name": "hostname",
    "ntasks": 112,
    "ncores": 112,
    "duration": 0.0,
    "nnodes": 2,
    "ranks": "[0-1]",
    "nodelist": "flux-sample-[6-7]",
    "success": true,
    "exception_occurred": false,
    "result": "COMPLETED",
    "expiration": 4837712509.0,
    "waitstatus": 0,
    "returncode": 0,
    "runtime": 0.19255304336547852,
    "exception": {
        "occurred": false,
        "severity": "",
        "type": "",
        "note": ""
    }
}