{
    "id": 446273945600,
    "userid": 1000,
    "urgency": 16,
    "priority": 16,
    "t_submit": 1684112511.515206,
    "t_depend": 1684112511.5268424,
    "t_run": 1684112511.5447576,
    "t_cleanup": 1684112511.7444015,
    "t_inactive": 1684112511.7459075,
    "state": "INACTIVE",
    "name": "hostname",
    "ntasks": 112,
    "ncores": 112,
    "duration": 0.0,
    "nnodes": 2,
    "ranks": "[0-1]",
    "nodelist": "flux-sample-[6-7]",
    "success": true,
    "exception_occurred": false,
    "result": "COMPLETED",
    "expiration": 4837712511.0,
    "waitstatus": 0,
    "returncode": 0,
    "runtime": 0.19964385032653809,
    "exception": {
        "occurred": false,
        "severity": "",
        "type": "",
        "note": ""
    }
}