{
    "id": 340594262016,
    "userid": 1000,
    "urgency": 16,
    "priority": 16,
    "t_submit": 1684112505.216697,
    "t_depend": 1684112505.2284646,
    "t_run": 1684112505.2464945,
    "t_cleanup": 1684112505.446375,
    "t_inactive": 1684112505.447807,
    "state": "INACTIVE",
    "name": "hostname",
    "ntasks": 112,
    "ncores": 112,
    "duration": 0.0,
    "nnodes": 2,
    "ranks": "[0-1]",
    "nodelist": "flux-sample-[6-7]",
    "success": true,
    "exception_occurred": false,
    "result": "COMPLETED",
    "expiration": 4837712505.0,
    "waitstatus": 0,
    "returncode": 0,
    "runtime": 0.19988036155700684,
    "exception": {
        "occurred": false,
        "severity": "",
        "type": "",
        "note": ""
    }
}