{
    "id": 358529105920,
    "userid": 1000,
    "urgency": 16,
    "priority": 16,
    "t_submit": 1684112506.285271,
    "t_depend": 1684112506.296979,
    "t_run": 1684112506.314337,
    "t_cleanup": 1684112506.5035512,
    "t_inactive": 1684112506.5050051,
    "state": "INACTIVE",
    "name": "hostname",
    "ntasks": 112,
    "ncores": 112,
    "duration": 0.0,
    "nnodes": 2,
    "ranks": "[0-1]",
    "nodelist": "flux-sample-[6-7]",
    "success": true,
    "exception_occurred": false,
    "result": "COMPLETED",
    "expiration": 4837712506.0,
    "waitstatus": 0,
    "returncode": 0,
    "runtime": 0.18921422958374023,
    "exception": {
        "occurred": false,
        "severity": "",
        "type": "",
        "note": ""
    }
}