{
    "id": 440301256704,
    "userid": 1000,
    "urgency": 16,
    "priority": 16,
    "t_submit": 1684112511.1594086,
    "t_depend": 1684112511.1708395,
    "t_run": 1684112511.1885266,
    "t_cleanup": 1684112511.3851578,
    "t_inactive": 1684112511.3867028,
    "state": "INACTIVE",
    "name": "hostname",
    "ntasks": 112,
    "ncores": 112,
    "duration": 0.0,
    "nnodes": 2,
    "ranks": "[0-1]",
    "nodelist": "flux-sample-[6-7]",
    "success": true,
    "exception_occurred": false,
    "result": "COMPLETED",
    "expiration": 4837712511.0,
    "waitstatus": 0,
    "returncode": 0,
    "runtime": 0.19663119316101074,
    "exception": {
        "occurred": false,
        "severity": "",
        "type": "",
        "note": ""
    }
}