{
    "id": 346600505344,
    "userid": 1000,
    "urgency": 16,
    "priority": 16,
    "t_submit": 1684112505.5748181,
    "t_depend": 1684112505.5863128,
    "t_run": 1684112505.6038501,
    "t_cleanup": 1684112505.8036926,
    "t_inactive": 1684112505.8050597,
    "state": "INACTIVE",
    "name": "hostname",
    "ntasks": 112,
    "ncores": 112,
    "duration": 0.0,
    "nnodes": 2,
    "ranks": "[0-1]",
    "nodelist": "flux-sample-[6-7]",
    "success": true,
    "exception_occurred": false,
    "result": "COMPLETED",
    "expiration": 4837712505.0,
    "waitstatus": 0,
    "returncode": 0,
    "runtime": 0.1998424530029297,
    "exception": {
        "occurred": false,
        "severity": "",
        "type": "",
        "note": ""
    }
}