{
    "id": 8444593569792,
    "userid": 1000,
    "urgency": 16,
    "priority": 16,
    "t_submit": 1690058076.450549,
    "t_depend": 1690058076.4622993,
    "t_run": 1690058076.4940321,
    "t_cleanup": 1690058301.369985,
    "t_inactive": 1690058301.3719609,
    "state": "INACTIVE",
    "name": "lmp",
    "ntasks": 448,
    "ncores": 448,
    "duration": 0.0,
    "nnodes": 8,
    "ranks": "[0-7]",
    "nodelist": "flux-sample-[56-63]",
    "success": true,
    "exception_occurred": false,
    "result": "COMPLETED",
    "expiration": 4843658076.0,
    "waitstatus": 0,
    "returncode": 0,
    "runtime": 224.87595295906067,
    "exception": {
        "occurred": false,
        "severity": "",
        "type": "",
        "note": ""
    }
}