{
    "id": 185790889984,
    "userid": 1234,
    "urgency": 16,
    "priority": 16,
    "t_submit": 1684197522.652547,
    "t_depend": 1684197522.6636333,
    "t_run": 1684197522.6768205,
    "t_cleanup": 1684197522.882568,
    "t_inactive": 1684197522.88416,
    "state": "INACTIVE",
    "name": "hello_c",
    "ntasks": 112,
    "ncores": 112,
    "duration": 0.0,
    "nnodes": 2,
    "ranks": "[0-1]",
    "nodelist": "flux-sample-[0-1]",
    "success": true,
    "exception_occurred": false,
    "result": "COMPLETED",
    "expiration": 4837797522.0,
    "waitstatus": 0,
    "returncode": 0,
    "runtime": 0.20574736595153809,
    "exception": {
        "occurred": false,
        "severity": "",
        "type": "",
        "note": ""
    }
}