{
    "id": 146767085568,
    "userid": 1234,
    "urgency": 16,
    "priority": 16,
    "t_submit": 1684197520.3274493,
    "t_depend": 1684197520.3386345,
    "t_run": 1684197520.351869,
    "t_cleanup": 1684197520.5448742,
    "t_inactive": 1684197520.5461879,
    "state": "INACTIVE",
    "name": "hello_c",
    "ntasks": 112,
    "ncores": 112,
    "duration": 0.0,
    "nnodes": 2,
    "ranks": "[0-1]",
    "nodelist": "flux-sample-[0-1]",
    "success": true,
    "exception_occurred": false,
    "result": "COMPLETED",
    "expiration": 4837797520.0,
    "waitstatus": 0,
    "returncode": 0,
    "runtime": 0.19300508499145508,
    "exception": {
        "occurred": false,
        "severity": "",
        "type": "",
        "note": ""
    }
}