{
    "id": 157907156992,
    "userid": 1234,
    "urgency": 16,
    "priority": 16,
    "t_submit": 1684197520.9913988,
    "t_depend": 1684197521.0025127,
    "t_run": 1684197521.015562,
    "t_cleanup": 1684197521.2217574,
    "t_inactive": 1684197521.223196,
    "state": "INACTIVE",
    "name": "hello_c",
    "ntasks": 112,
    "ncores": 112,
    "duration": 0.0,
    "nnodes": 2,
    "ranks": "[0-1]",
    "nodelist": "flux-sample-[0-1]",
    "success": true,
    "exception_occurred": false,
    "result": "COMPLETED",
    "expiration": 4837797521.0,
    "waitstatus": 0,
    "returncode": 0,
    "runtime": 0.20619535446166992,
    "exception": {
        "occurred": false,
        "severity": "",
        "type": "",
        "note": ""
    }
}