{
    "id": 180237631488,
    "userid": 1234,
    "urgency": 16,
    "priority": 16,
    "t_submit": 1684197522.3219492,
    "t_depend": 1684197522.33296,
    "t_run": 1684197522.3457713,
    "t_cleanup": 1684197522.5446985,
    "t_inactive": 1684197522.5462327,
    "state": "INACTIVE",
    "name": "hello_c",
    "ntasks": 112,
    "ncores": 112,
    "duration": 0.0,
    "nnodes": 2,
    "ranks": "[0-1]",
    "nodelist": "flux-sample-[0-1]",
    "success": true,
    "exception_occurred": false,
    "result": "COMPLETED",
    "expiration": 4837797522.0,
    "waitstatus": 0,
    "returncode": 0,
    "runtime": 0.1989271640777588,
    "exception": {
        "occurred": false,
        "severity": "",
        "type": "",
        "note": ""
    }
}