{
    "id": 169131114496,
    "userid": 1234,
    "urgency": 16,
    "priority": 16,
    "t_submit": 1684197521.6602101,
    "t_depend": 1684197521.6714375,
    "t_run": 1684197521.6843224,
    "t_cleanup": 1684197521.8816736,
    "t_inactive": 1684197521.8830655,
    "state": "INACTIVE",
    "name": "hello_c",
    "ntasks": 112,
    "ncores": 112,
    "duration": 0.0,
    "nnodes": 2,
    "ranks": "[0-1]",
    "nodelist": "flux-sample-[0-1]",
    "success": true,
    "exception_occurred": false,
    "result": "COMPLETED",
    "expiration": 4837797521.0,
    "waitstatus": 0,
    "returncode": 0,
    "runtime": 0.19735121726989746,
    "exception": {
        "occurred": false,
        "severity": "",
        "type": "",
        "note": ""
    }
}