{
    "id": 141079609344,
    "userid": 1234,
    "urgency": 16,
    "priority": 16,
    "t_submit": 1684197519.987751,
    "t_depend": 1684197519.9989903,
    "t_run": 1684197520.012087,
    "t_cleanup": 1684197520.2212996,
    "t_inactive": 1684197520.2226562,
    "state": "INACTIVE",
    "name": "hello_c",
    "ntasks": 112,
    "ncores": 112,
    "duration": 0.0,
    "nnodes": 2,
    "ranks": "[0-1]",
    "nodelist": "flux-sample-[0-1]",
    "success": true,
    "exception_occurred": false,
    "result": "COMPLETED",
    "expiration": 4837797520.0,
    "waitstatus": 0,
    "returncode": 0,
    "runtime": 0.2092125415802002,
    "exception": {
        "occurred": false,
        "severity": "",
        "type": "",
        "note": ""
    }
}