{
    "id": 208373022720,
    "userid": 1234,
    "urgency": 16,
    "priority": 16,
    "t_submit": 1684197523.9984436,
    "t_depend": 1684197524.0096912,
    "t_run": 1684197524.023163,
    "t_cleanup": 1684197524.226376,
    "t_inactive": 1684197524.2278888,
    "state": "INACTIVE",
    "name": "hello_c",
    "ntasks": 112,
    "ncores": 112,
    "duration": 0.0,
    "nnodes": 2,
    "ranks": "[0-1]",
    "nodelist": "flux-sample-[0-1]",
    "success": true,
    "exception_occurred": false,
    "result": "COMPLETED",
    "expiration": 4837797524.0,
    "waitstatus": 0,
    "returncode": 0,
    "runtime": 0.20321297645568848,
    "exception": {
        "occurred": false,
        "severity": "",
        "type": "",
        "note": ""
    }
}