{
    "id": 202551328768,
    "userid": 1234,
    "urgency": 16,
    "priority": 16,
    "t_submit": 1684197523.652187,
    "t_depend": 1684197523.6634583,
    "t_run": 1684197523.6767957,
    "t_cleanup": 1684197523.8925335,
    "t_inactive": 1684197523.894101,
    "state": "INACTIVE",
    "name": "hello_c",
    "ntasks": 112,
    "ncores": 112,
    "duration": 0.0,
    "nnodes": 2,
    "ranks": "[0-1]",
    "nodelist": "flux-sample-[0-1]",
    "success": true,
    "exception_occurred": false,
    "result": "COMPLETED",
    "expiration": 4837797523.0,
    "waitstatus": 0,
    "returncode": 0,
    "runtime": 0.21573781967163086,
    "exception": {
        "occurred": false,
        "severity": "",
        "type": "",
        "note": ""
    }
}