{
    "id": 135341801472,
    "userid": 1234,
    "urgency": 16,
    "priority": 16,
    "t_submit": 1684197519.6454825,
    "t_depend": 1684197519.656673,
    "t_run": 1684197519.6698482,
    "t_cleanup": 1684197519.8820732,
    "t_inactive": 1684197519.8833876,
    "state": "INACTIVE",
    "name": "hello_c",
    "ntasks": 112,
    "ncores": 112,
    "duration": 0.0,
    "nnodes": 2,
    "ranks": "[0-1]",
    "nodelist": "flux-sample-[0-1]",
    "success": true,
    "exception_occurred": false,
    "result": "COMPLETED",
    "expiration": 4837797519.0,
    "waitstatus": 0,
    "returncode": 0,
    "runtime": 0.21222496032714844,
    "exception": {
        "occurred": false,
        "severity": "",
        "type": "",
        "note": ""
    }
}