{
    "id": 152219680768,
    "userid": 1234,
    "urgency": 16,
    "priority": 16,
    "t_submit": 1684197520.6514738,
    "t_depend": 1684197520.6625566,
    "t_run": 1684197520.6756723,
    "t_cleanup": 1684197520.885583,
    "t_inactive": 1684197520.8870602,
    "state": "INACTIVE",
    "name": "hello_c",
    "ntasks": 112,
    "ncores": 112,
    "duration": 0.0,
    "nnodes": 2,
    "ranks": "[0-1]",
    "nodelist": "flux-sample-[0-1]",
    "success": true,
    "exception_occurred": false,
    "result": "COMPLETED",
    "expiration": 4837797520.0,
    "waitstatus": 0,
    "returncode": 0,
    "runtime": 0.20991063117980957,
    "exception": {
        "occurred": false,
        "severity": "",
        "type": "",
        "note": ""
    }
}