{
    "id": 213976612864,
    "userid": 1234,
    "urgency": 16,
    "priority": 16,
    "t_submit": 1684197524.3324766,
    "t_depend": 1684197524.3436363,
    "t_run": 1684197524.3570712,
    "t_cleanup": 1684197524.5570545,
    "t_inactive": 1684197524.5585346,
    "state": "INACTIVE",
    "name": "hello_c",
    "ntasks": 112,
    "ncores": 112,
    "duration": 0.0,
    "nnodes": 2,
    "ranks": "[0-1]",
    "nodelist": "flux-sample-[0-1]",
    "success": true,
    "exception_occurred": false,
    "result": "COMPLETED",
    "expiration": 4837797524.0,
    "waitstatus": 0,
    "returncode": 0,
    "runtime": 0.1999833583831787,
    "exception": {
        "occurred": false,
        "severity": "",
        "type": "",
        "note": ""
    }
}