{
    "id": 118212263936,
    "userid": 1234,
    "urgency": 16,
    "priority": 16,
    "t_submit": 1684197518.6245432,
    "t_depend": 1684197518.6356657,
    "t_run": 1684197518.648685,
    "t_cleanup": 1684197518.8728461,
    "t_inactive": 1684197518.874144,
    "state": "INACTIVE",
    "name": "hello_c",
    "ntasks": 112,
    "ncores": 112,
    "duration": 0.0,
    "nnodes": 2,
    "ranks": "[0-1]",
    "nodelist": "flux-sample-[0-1]",
    "success": true,
    "exception_occurred": false,
    "result": "COMPLETED",
    "expiration": 4837797518.0,
    "waitstatus": 0,
    "returncode": 0,
    "runtime": 0.22416114807128906,
    "exception": {
        "occurred": false,
        "severity": "",
        "type": "",
        "note": ""
    }
}