{
    "id": 211460030464,
    "userid": 1234,
    "urgency": 16,
    "priority": 16,
    "t_submit": 1684197296.9991825,
    "t_depend": 1684197297.0104914,
    "t_run": 1684197297.0232675,
    "t_cleanup": 1684197297.1979074,
    "t_inactive": 1684197297.1993735,
    "state": "INACTIVE",
    "name": "hello_c",
    "ntasks": 56,
    "ncores": 56,
    "duration": 0.0,
    "nnodes": 1,
    "ranks": "0",
    "nodelist": "flux-sample-0",
    "success": true,
    "exception_occurred": false,
    "result": "COMPLETED",
    "expiration": 4837797297.0,
    "waitstatus": 0,
    "returncode": 0,
    "runtime": 0.17463994026184082,
    "exception": {
        "occurred": false,
        "severity": "",
        "type": "",
        "note": ""
    }
}