{
    "id": 196310204416,
    "userid": 1234,
    "urgency": 16,
    "priority": 16,
    "t_submit": 1684197296.096014,
    "t_depend": 1684197296.107334,
    "t_run": 1684197296.1202164,
    "t_cleanup": 1684197296.2905657,
    "t_inactive": 1684197296.291772,
    "state": "INACTIVE",
    "name": "hello_c",
    "ntasks": 56,
    "ncores": 56,
    "duration": 0.0,
    "nnodes": 1,
    "ranks": "0",
    "nodelist": "flux-sample-0",
    "success": true,
    "exception_occurred": false,
    "result": "COMPLETED",
    "expiration": 4837797296.0,
    "waitstatus": 0,
    "returncode": 0,
    "runtime": 0.1703493595123291,
    "exception": {
        "occurred": false,
        "severity": "",
        "type": "",
        "note": ""
    }
}