{
    "id": 191058935808,
    "userid": 1234,
    "urgency": 16,
    "priority": 16,
    "t_submit": 1684197295.7832298,
    "t_depend": 1684197295.794271,
    "t_run": 1684197295.8071046,
    "t_cleanup": 1684197295.9901054,
    "t_inactive": 1684197295.9913523,
    "state": "INACTIVE",
    "name": "hello_c",
    "ntasks": 56,
    "ncores": 56,
    "duration": 0.0,
    "nnodes": 1,
    "ranks": "0",
    "nodelist": "flux-sample-0",
    "success": true,
    "exception_occurred": false,
    "result": "COMPLETED",
    "expiration": 4837797295.0,
    "waitstatus": 0,
    "returncode": 0,
    "runtime": 0.18300080299377441,
    "exception": {
        "occurred": false,
        "severity": "",
        "type": "",
        "note": ""
    }
}