{
    "id": 262848643072,
    "userid": 1234,
    "urgency": 16,
    "priority": 16,
    "t_submit": 1684197300.0615864,
    "t_depend": 1684197300.07271,
    "t_run": 1684197300.085423,
    "t_cleanup": 1684197300.2658112,
    "t_inactive": 1684197300.2673752,
    "state": "INACTIVE",
    "name": "hello_c",
    "ntasks": 56,
    "ncores": 56,
    "duration": 0.0,
    "nnodes": 1,
    "ranks": "0",
    "nodelist": "flux-sample-0",
    "success": true,
    "exception_occurred": false,
    "result": "COMPLETED",
    "expiration": 4837797300.0,
    "waitstatus": 0,
    "returncode": 0,
    "runtime": 0.1803882122039795,
    "exception": {
        "occurred": false,
        "severity": "",
        "type": "",
        "note": ""
    }
}