{
    "id": 237112393728,
    "userid": 1234,
    "urgency": 16,
    "priority": 16,
    "t_submit": 1684197298.527993,
    "t_depend": 1684197298.5395367,
    "t_run": 1684197298.5524085,
    "t_cleanup": 1684197298.718701,
    "t_inactive": 1684197298.7201645,
    "state": "INACTIVE",
    "name": "hello_c",
    "ntasks": 56,
    "ncores": 56,
    "duration": 0.0,
    "nnodes": 1,
    "ranks": "0",
    "nodelist": "flux-sample-0",
    "success": true,
    "exception_occurred": false,
    "result": "COMPLETED",
    "expiration": 4837797298.0,
    "waitstatus": 0,
    "returncode": 0,
    "runtime": 0.16629242897033691,
    "exception": {
        "occurred": false,
        "severity": "",
        "type": "",
        "note": ""
    }
}