{
    "id": 175053471744,
    "userid": 1234,
    "urgency": 16,
    "priority": 16,
    "t_submit": 1684197294.829423,
    "t_depend": 1684197294.8405936,
    "t_run": 1684197294.8533535,
    "t_cleanup": 1684197295.0504797,
    "t_inactive": 1684197295.051667,
    "state": "INACTIVE",
    "name": "hello_c",
    "ntasks": 56,
    "ncores": 56,
    "duration": 0.0,
    "nnodes": 1,
    "ranks": "0",
    "nodelist": "flux-sample-0",
    "success": true,
    "exception_occurred": false,
    "result": "COMPLETED",
    "expiration": 4837797294.0,
    "waitstatus": 0,
    "returncode": 0,
    "runtime": 0.19712615013122559,
    "exception": {
        "occurred": false,
        "severity": "",
        "type": "",
        "note": ""
    }
}