{
    "id": 201343369216,
    "userid": 1234,
    "urgency": 16,
    "priority": 16,
    "t_submit": 1684197296.3959649,
    "t_depend": 1684197296.4072495,
    "t_run": 1684197296.419929,
    "t_cleanup": 1684197296.5992668,
    "t_inactive": 1684197296.6004398,
    "state": "INACTIVE",
    "name": "hello_c",
    "ntasks": 56,
    "ncores": 56,
    "duration": 0.0,
    "nnodes": 1,
    "ranks": "0",
    "nodelist": "flux-sample-0",
    "success": true,
    "exception_occurred": false,
    "result": "COMPLETED",
    "expiration": 4837797296.0,
    "waitstatus": 0,
    "returncode": 0,
    "runtime": 0.179337739944458,
    "exception": {
        "occurred": false,
        "severity": "",
        "type": "",
        "note": ""
    }
}