{
    "id": 257681260544,
    "userid": 1234,
    "urgency": 16,
    "priority": 16,
    "t_submit": 1684197299.7536464,
    "t_depend": 1684197299.7650273,
    "t_run": 1684197299.7779474,
    "t_cleanup": 1684197299.9545815,
    "t_inactive": 1684197299.9560826,
    "state": "INACTIVE",
    "name": "hello_c",
    "ntasks": 56,
    "ncores": 56,
    "duration": 0.0,
    "nnodes": 1,
    "ranks": "0",
    "nodelist": "flux-sample-0",
    "success": true,
    "exception_occurred": false,
    "result": "COMPLETED",
    "expiration": 4837797299.0,
    "waitstatus": 0,
    "returncode": 0,
    "runtime": 0.1766340732574463,
    "exception": {
        "occurred": false,
        "severity": "",
        "type": "",
        "note": ""
    }
}