{
    "id": 232112783360,
    "userid": 1234,
    "urgency": 16,
    "priority": 16,
    "t_submit": 1684197298.2301574,
    "t_depend": 1684197298.241403,
    "t_run": 1684197298.2541456,
    "t_cleanup": 1684197298.420312,
    "t_inactive": 1684197298.4217563,
    "state": "INACTIVE",
    "name": "hello_c",
    "ntasks": 56,
    "ncores": 56,
    "duration": 0.0,
    "nnodes": 1,
    "ranks": "0",
    "nodelist": "flux-sample-0",
    "success": true,
    "exception_occurred": false,
    "result": "COMPLETED",
    "expiration": 4837797298.0,
    "waitstatus": 0,
    "returncode": 0,
    "runtime": 0.1661663055419922,
    "exception": {
        "occurred": false,
        "severity": "",
        "type": "",
        "note": ""
    }
}