{
    "id": 242112004096,
    "userid": 1234,
    "urgency": 16,
    "priority": 16,
    "t_submit": 1684197298.8257196,
    "t_depend": 1684197298.837026,
    "t_run": 1684197298.8498135,
    "t_cleanup": 1684197299.0240188,
    "t_inactive": 1684197299.025508,
    "state": "INACTIVE",
    "name": "hello_c",
    "ntasks": 56,
    "ncores": 56,
    "duration": 0.0,
    "nnodes": 1,
    "ranks": "0",
    "nodelist": "flux-sample-0",
    "success": true,
    "exception_occurred": false,
    "result": "COMPLETED",
    "expiration": 4837797298.0,
    "waitstatus": 0,
    "returncode": 0,
    "runtime": 0.17420530319213867,
    "exception": {
        "occurred": false,
        "severity": "",
        "type": "",
        "note": ""
    }
}