{
    "id": 180573175808,
    "userid": 1234,
    "urgency": 16,
    "priority": 16,
    "t_submit": 1684197295.1579845,
    "t_depend": 1684197295.1691048,
    "t_run": 1684197295.1818779,
    "t_cleanup": 1684197295.3603773,
    "t_inactive": 1684197295.3616467,
    "state": "INACTIVE",
    "name": "hello_c",
    "ntasks": 56,
    "ncores": 56,
    "duration": 0.0,
    "nnodes": 1,
    "ranks": "0",
    "nodelist": "flux-sample-0",
    "success": true,
    "exception_occurred": false,
    "result": "COMPLETED",
    "expiration": 4837797295.0,
    "waitstatus": 0,
    "returncode": 0,
    "runtime": 0.17849946022033691,
    "exception": {
        "occurred": false,
        "severity": "",
        "type": "",
        "note": ""
    }
}