{
    "id": 268066357248,
    "userid": 1234,
    "urgency": 16,
    "priority": 16,
    "t_submit": 1684197300.3728967,
    "t_depend": 1684197300.3840506,
    "t_run": 1684197300.397373,
    "t_cleanup": 1684197300.5743692,
    "t_inactive": 1684197300.575961,
    "state": "INACTIVE",
    "name": "hello_c",
    "ntasks": 56,
    "ncores": 56,
    "duration": 0.0,
    "nnodes": 1,
    "ranks": "0",
    "nodelist": "flux-sample-0",
    "success": true,
    "exception_occurred": false,
    "result": "COMPLETED",
    "expiration": 4837797300.0,
    "waitstatus": 0,
    "returncode": 0,
    "runtime": 0.17699623107910156,
    "exception": {
        "occurred": false,
        "severity": "",
        "type": "",
        "note": ""
    }
}