{
    "id": 206510751744,
    "userid": 1234,
    "urgency": 16,
    "priority": 16,
    "t_submit": 1684197296.7036347,
    "t_depend": 1684197296.714957,
    "t_run": 1684197296.7275722,
    "t_cleanup": 1684197296.89447,
    "t_inactive": 1684197296.8956475,
    "state": "INACTIVE",
    "name": "hello_c",
    "ntasks": 56,
    "ncores": 56,
    "duration": 0.0,
    "nnodes": 1,
    "ranks": "0",
    "nodelist": "flux-sample-0",
    "success": true,
    "exception_occurred": false,
    "result": "COMPLETED",
    "expiration": 4837797296.0,
    "waitstatus": 0,
    "returncode": 0,
    "runtime": 0.16689777374267578,
    "exception": {
        "occurred": false,
        "severity": "",
        "type": "",
        "note": ""
    }
}