{
    "id": 221543137280,
    "userid": 1234,
    "urgency": 16,
    "priority": 16,
    "t_submit": 1684197297.6000707,
    "t_depend": 1684197297.611268,
    "t_run": 1684197297.6240232,
    "t_cleanup": 1684197297.8109107,
    "t_inactive": 1684197297.812348,
    "state": "INACTIVE",
    "name": "hello_c",
    "ntasks": 56,
    "ncores": 56,
    "duration": 0.0,
    "nnodes": 1,
    "ranks": "0",
    "nodelist": "flux-sample-0",
    "success": true,
    "exception_occurred": false,
    "result": "COMPLETED",
    "expiration": 4837797297.0,
    "waitstatus": 0,
    "returncode": 0,
    "runtime": 0.18688750267028809,
    "exception": {
        "occurred": false,
        "severity": "",
        "type": "",
        "note": ""
    }
}