{
    "id": 3730430754816,
    "userid": 1234,
    "urgency": 16,
    "priority": 16,
    "t_submit": 1684197705.1136167,
    "t_depend": 1684197705.125707,
    "t_run": 1684197705.1419532,
    "t_cleanup": 1684197705.663733,
    "t_inactive": 1684197705.6659582,
    "state": "INACTIVE",
    "name": "ring_mpifh",
    "ntasks": 336,
    "ncores": 336,
    "duration": 0.0,
    "nnodes": 6,
    "ranks": "[0-5]",
    "nodelist": "flux-sample-[2-7]",
    "success": true,
    "exception_occurred": false,
    "result": "COMPLETED",
    "expiration": 4837797705.0,
    "waitstatus": 0,
    "returncode": 0,
    "runtime": 0.5217797756195068,
    "exception": {
        "occurred": false,
        "severity": "",
        "type": "",
        "note": ""
    }
}