{
    "id": 3833241534464,
    "userid": 1234,
    "urgency": 16,
    "priority": 16,
    "t_submit": 1684197711.2423837,
    "t_depend": 1684197711.2544143,
    "t_run": 1684197711.2709906,
    "t_cleanup": 1684197712.0393093,
    "t_inactive": 1684197712.0418663,
    "state": "INACTIVE",
    "name": "ring_mpifh",
    "ntasks": 336,
    "ncores": 336,
    "duration": 0.0,
    "nnodes": 6,
    "ranks": "[0-5]",
    "nodelist": "flux-sample-[2-7]",
    "success": true,
    "exception_occurred": false,
    "result": "COMPLETED",
    "expiration": 4837797711.0,
    "waitstatus": 0,
    "returncode": 0,
    "runtime": 0.7683186531066895,
    "exception": {
        "occurred": false,
        "severity": "",
        "type": "",
        "note": ""
    }
}