{
    "id": 3861376925696,
    "userid": 1234,
    "urgency": 16,
    "priority": 16,
    "t_submit": 1684197712.9189806,
    "t_depend": 1684197712.930988,
    "t_run": 1684197712.9473357,
    "t_cleanup": 1684197713.5228245,
    "t_inactive": 1684197713.5251474,
    "state": "INACTIVE",
    "name": "ring_mpifh",
    "ntasks": 336,
    "ncores": 336,
    "duration": 0.0,
    "nnodes": 6,
    "ranks": "[0-5]",
    "nodelist": "flux-sample-[2-7]",
    "success": true,
    "exception_occurred": false,
    "result": "COMPLETED",
    "expiration": 4837797712.0,
    "waitstatus": 0,
    "returncode": 0,
    "runtime": 0.575488805770874,
    "exception": {
        "occurred": false,
        "severity": "",
        "type": "",
        "note": ""
    }
}