{
    "id": 3682347253760,
    "userid": 1234,
    "urgency": 16,
    "priority": 16,
    "t_submit": 1684197702.2480197,
    "t_depend": 1684197702.2601855,
    "t_run": 1684197702.2763438,
    "t_cleanup": 1684197702.809791,
    "t_inactive": 1684197702.8122544,
    "state": "INACTIVE",
    "name": "ring_mpifh",
    "ntasks": 336,
    "ncores": 336,
    "duration": 0.0,
    "nnodes": 6,
    "ranks": "[0-5]",
    "nodelist": "flux-sample-[2-7]",
    "success": true,
    "exception_occurred": false,
    "result": "COMPLETED",
    "expiration": 4837797702.0,
    "waitstatus": 0,
    "returncode": 0,
    "runtime": 0.533447265625,
    "exception": {
        "occurred": false,
        "severity": "",
        "type": "",
        "note": ""
    }
}