{
    "id": 3818293035008,
    "userid": 1234,
    "urgency": 16,
    "priority": 16,
    "t_submit": 1684197710.3507607,
    "t_depend": 1684197710.3631246,
    "t_run": 1684197710.3791976,
    "t_cleanup": 1684197711.1360562,
    "t_inactive": 1684197711.1387336,
    "state": "INACTIVE",
    "name": "ring_mpifh",
    "ntasks": 336,
    "ncores": 336,
    "duration": 0.0,
    "nnodes": 6,
    "ranks": "[0-5]",
    "nodelist": "flux-sample-[2-7]",
    "success": true,
    "exception_occurred": false,
    "result": "COMPLETED",
    "expiration": 4837797710.0,
    "waitstatus": 0,
    "returncode": 0,
    "runtime": 0.7568585872650146,
    "exception": {
        "occurred": false,
        "severity": "",
        "type": "",
        "note": ""
    }
}