{
    "id": 3848441692160,
    "userid": 1234,
    "urgency": 16,
    "priority": 16,
    "t_submit": 1684197712.1474807,
    "t_depend": 1684197712.1596358,
    "t_run": 1684197712.1762743,
    "t_cleanup": 1684197712.8038704,
    "t_inactive": 1684197712.8064396,
    "state": "INACTIVE",
    "name": "ring_mpifh",
    "ntasks": 336,
    "ncores": 336,
    "duration": 0.0,
    "nnodes": 6,
    "ranks": "[0-5]",
    "nodelist": "flux-sample-[2-7]",
    "success": true,
    "exception_occurred": false,
    "result": "COMPLETED",
    "expiration": 4837797712.0,
    "waitstatus": 0,
    "returncode": 0,
    "runtime": 0.6275961399078369,
    "exception": {
        "occurred": false,
        "severity": "",
        "type": "",
        "note": ""
    }
}