{
    "id": 3769119014912,
    "userid": 1234,
    "urgency": 16,
    "priority": 16,
    "t_submit": 1684197707.4194283,
    "t_depend": 1684197707.4315076,
    "t_run": 1684197707.4477282,
    "t_cleanup": 1684197708.1404824,
    "t_inactive": 1684197708.1426768,
    "state": "INACTIVE",
    "name": "ring_mpifh",
    "ntasks": 336,
    "ncores": 336,
    "duration": 0.0,
    "nnodes": 6,
    "ranks": "[0-5]",
    "nodelist": "flux-sample-[2-7]",
    "success": true,
    "exception_occurred": false,
    "result": "COMPLETED",
    "expiration": 4837797707.0,
    "waitstatus": 0,
    "returncode": 0,
    "runtime": 0.6927542686462402,
    "exception": {
        "occurred": false,
        "severity": "",
        "type": "",
        "note": ""
    }
}