{
    "id": 3607185326080,
    "userid": 1234,
    "urgency": 16,
    "priority": 16,
    "t_submit": 1684197697.7678084,
    "t_depend": 1684197697.7800975,
    "t_run": 1684197697.79641,
    "t_cleanup": 1684197698.5994575,
    "t_inactive": 1684197698.6016095,
    "state": "INACTIVE",
    "name": "ring_mpifh",
    "ntasks": 336,
    "ncores": 336,
    "duration": 0.0,
    "nnodes": 6,
    "ranks": "[0-5]",
    "nodelist": "flux-sample-[2-7]",
    "success": true,
    "exception_occurred": false,
    "result": "COMPLETED",
    "expiration": 4837797697.0,
    "waitstatus": 0,
    "returncode": 0,
    "runtime": 0.8030474185943604,
    "exception": {
        "occurred": false,
        "severity": "",
        "type": "",
        "note": ""
    }
}