{
    "id": 3783027326976,
    "userid": 1234,
    "urgency": 16,
    "priority": 16,
    "t_submit": 1684197708.2488377,
    "t_depend": 1684197708.2608168,
    "t_run": 1684197708.277449,
    "t_cleanup": 1684197708.764972,
    "t_inactive": 1684197708.7670498,
    "state": "INACTIVE",
    "name": "ring_mpifh",
    "ntasks": 336,
    "ncores": 336,
    "duration": 0.0,
    "nnodes": 6,
    "ranks": "[0-5]",
    "nodelist": "flux-sample-[2-7]",
    "success": true,
    "exception_occurred": false,
    "result": "COMPLETED",
    "expiration": 4837797708.0,
    "waitstatus": 0,
    "returncode": 0,
    "runtime": 0.48752307891845703,
    "exception": {
        "occurred": false,
        "severity": "",
        "type": "",
        "note": ""
    }
}