{
    "id": 3706070237184,
    "userid": 1234,
    "urgency": 16,
    "priority": 16,
    "t_submit": 1684197703.6620114,
    "t_depend": 1684197703.674247,
    "t_run": 1684197703.690274,
    "t_cleanup": 1684197704.3088622,
    "t_inactive": 1684197704.3110125,
    "state": "INACTIVE",
    "name": "ring_mpifh",
    "ntasks": 336,
    "ncores": 336,
    "duration": 0.0,
    "nnodes": 6,
    "ranks": "[0-5]",
    "nodelist": "flux-sample-[2-7]",
    "success": true,
    "exception_occurred": false,
    "result": "COMPLETED",
    "expiration": 4837797703.0,
    "waitstatus": 0,
    "returncode": 0,
    "runtime": 0.6185882091522217,
    "exception": {
        "occurred": false,
        "severity": "",
        "type": "",
        "note": ""
    }
}