{
    "id": 3793630527488,
    "userid": 1234,
    "urgency": 16,
    "priority": 16,
    "t_submit": 1684197708.880954,
    "t_depend": 1684197708.893302,
    "t_run": 1684197708.9096048,
    "t_cleanup": 1684197709.5430832,
    "t_inactive": 1684197709.5453665,
    "state": "INACTIVE",
    "name": "ring_mpifh",
    "ntasks": 336,
    "ncores": 336,
    "duration": 0.0,
    "nnodes": 6,
    "ranks": "[0-5]",
    "nodelist": "flux-sample-[2-7]",
    "success": true,
    "exception_occurred": false,
    "result": "COMPLETED",
    "expiration": 4837797708.0,
    "waitstatus": 0,
    "returncode": 0,
    "runtime": 0.6334784030914307,
    "exception": {
        "occurred": false,
        "severity": "",
        "type": "",
        "note": ""
    }
}