{
    "id": 3693587988480,
    "userid": 1234,
    "urgency": 16,
    "priority": 16,
    "t_submit": 1684197702.9182885,
    "t_depend": 1684197702.9302814,
    "t_run": 1684197702.9464052,
    "t_cleanup": 1684197703.5574532,
    "t_inactive": 1684197703.5595813,
    "state": "INACTIVE",
    "name": "ring_mpifh",
    "ntasks": 336,
    "ncores": 336,
    "duration": 0.0,
    "nnodes": 6,
    "ranks": "[0-5]",
    "nodelist": "flux-sample-[2-7]",
    "success": true,
    "exception_occurred": false,
    "result": "COMPLETED",
    "expiration": 4837797702.0,
    "waitstatus": 0,
    "returncode": 0,
    "runtime": 0.6110479831695557,
    "exception": {
        "occurred": false,
        "severity": "",
        "type": "",
        "note": ""
    }
}