{
    "id": 3718686703616,
    "userid": 1234,
    "urgency": 16,
    "priority": 16,
    "t_submit": 1684197704.41367,
    "t_depend": 1684197704.425607,
    "t_run": 1684197704.4416857,
    "t_cleanup": 1684197705.0089083,
    "t_inactive": 1684197705.0116336,
    "state": "INACTIVE",
    "name": "ring_mpifh",
    "ntasks": 336,
    "ncores": 336,
    "duration": 0.0,
    "nnodes": 6,
    "ranks": "[0-5]",
    "nodelist": "flux-sample-[2-7]",
    "success": true,
    "exception_occurred": false,
    "result": "COMPLETED",
    "expiration": 4837797704.0,
    "waitstatus": 0,
    "returncode": 0,
    "runtime": 0.5672225952148438,
    "exception": {
        "occurred": false,
        "severity": "",
        "type": "",
        "note": ""
    }
}