{
    "id": 913989173248,
    "userid": 1000,
    "urgency": 16,
    "priority": 16,
    "t_submit": 1684110040.9532943,
    "t_depend": 1684110040.9646366,
    "t_run": 1684110040.9954908,
    "t_cleanup": 1684110041.2767067,
    "t_inactive": 1684110041.2780752,
    "state": "INACTIVE",
    "name": "hostname",
    "ntasks": 448,
    "ncores": 448,
    "duration": 0.0,
    "nnodes": 8,
    "ranks": "[0-7]",
    "nodelist": "flux-sample-[0-7]",
    "success": true,
    "exception_occurred": false,
    "result": "COMPLETED",
    "expiration": 4837710040.0,
    "waitstatus": 0,
    "returncode": 0,
    "runtime": 0.2812159061431885,
    "exception": {
        "occurred": false,
        "severity": "",
        "type": "",
        "note": ""
    }
}