{
    "id": 852987215872,
    "userid": 1000,
    "urgency": 16,
    "priority": 16,
    "t_submit": 1684110037.3173368,
    "t_depend": 1684110037.3289194,
    "t_run": 1684110037.3593328,
    "t_cleanup": 1684110037.6404448,
    "t_inactive": 1684110037.6418316,
    "state": "INACTIVE",
    "name": "hostname",
    "ntasks": 448,
    "ncores": 448,
    "duration": 0.0,
    "nnodes": 8,
    "ranks": "[0-7]",
    "nodelist": "flux-sample-[0-7]",
    "success": true,
    "exception_occurred": false,
    "result": "COMPLETED",
    "expiration": 4837710037.0,
    "waitstatus": 0,
    "returncode": 0,
    "runtime": 0.2811119556427002,
    "exception": {
        "occurred": false,
        "severity": "",
        "type": "",
        "note": ""
    }
}