{
    "id": 875535794176,
    "userid": 1000,
    "urgency": 16,
    "priority": 16,
    "t_submit": 1684110038.6610646,
    "t_depend": 1684110038.672368,
    "t_run": 1684110038.702531,
    "t_cleanup": 1684110038.9958365,
    "t_inactive": 1684110038.9972138,
    "state": "INACTIVE",
    "name": "hostname",
    "ntasks": 448,
    "ncores": 448,
    "duration": 0.0,
    "nnodes": 8,
    "ranks": "[0-7]",
    "nodelist": "flux-sample-[0-7]",
    "success": true,
    "exception_occurred": false,
    "result": "COMPLETED",
    "expiration": 4837710038.0,
    "waitstatus": 0,
    "returncode": 0,
    "runtime": 0.2933053970336914,
    "exception": {
        "occurred": false,
        "severity": "",
        "type": "",
        "note": ""
    }
}