{
    "id": 868036378624,
    "userid": 1000,
    "urgency": 16,
    "priority": 16,
    "t_submit": 1684110038.2141576,
    "t_depend": 1684110038.2257574,
    "t_run": 1684110038.2563128,
    "t_cleanup": 1684110038.5356953,
    "t_inactive": 1684110038.5371082,
    "state": "INACTIVE",
    "name": "hostname",
    "ntasks": 448,
    "ncores": 448,
    "duration": 0.0,
    "nnodes": 8,
    "ranks": "[0-7]",
    "nodelist": "flux-sample-[0-7]",
    "success": true,
    "exception_occurred": false,
    "result": "COMPLETED",
    "expiration": 4837710038.0,
    "waitstatus": 0,
    "returncode": 0,
    "runtime": 0.27938246726989746,
    "exception": {
        "occurred": false,
        "severity": "",
        "type": "",
        "note": ""
    }
}