{
    "id": 967340720128,
    "userid": 1000,
    "urgency": 16,
    "priority": 16,
    "t_submit": 1684110044.1330004,
    "t_depend": 1684110044.1442904,
    "t_run": 1684110044.1755683,
    "t_cleanup": 1684110044.4638703,
    "t_inactive": 1684110044.465302,
    "state": "INACTIVE",
    "name": "hostname",
    "ntasks": 448,
    "ncores": 448,
    "duration": 0.0,
    "nnodes": 8,
    "ranks": "[0-7]",
    "nodelist": "flux-sample-[0-7]",
    "success": true,
    "exception_occurred": false,
    "result": "COMPLETED",
    "expiration": 4837710044.0,
    "waitstatus": 0,
    "returncode": 0,
    "runtime": 0.288301944732666,
    "exception": {
        "occurred": false,
        "severity": "",
        "type": "",
        "note": ""
    }
}