{
    "id": 291286024192,
    "userid": 1000,
    "urgency": 16,
    "priority": 16,
    "t_submit": 1690232094.1926925,
    "t_depend": 1690232094.1926925,
    "t_run": 1690232094.2100027,
    "t_cleanup": 1690232473.7061148,
    "t_inactive": 1690232473.7079353,
    "state": "INACTIVE",
    "name": "lmp",
    "ntasks": 32,
    "duration": 0.0,
    "nnodes": 8,
    "ranks": "[0-7]",
    "nodelist": "flux-sample-[0-7]",
    "success": true,
    "exception_occurred": false,
    "result": "COMPLETED",
    "expiration": 4843832094.0,
    "waitstatus": 0,
    "returncode": 0,
    "runtime": 379.4961121082306,
    "exception": {
        "occurred": false,
        "severity": "",
        "type": "",
        "note": ""
    }
}