{
    "id": 19320004411392,
    "userid": 1000,
    "urgency": 16,
    "priority": 16,
    "t_submit": 1690233228.3915677,
    "t_depend": 1690233228.3915677,
    "t_run": 1690233228.4078424,
    "t_cleanup": 1690233603.0254114,
    "t_inactive": 1690233603.027434,
    "state": "INACTIVE",
    "name": "lmp",
    "ntasks": 32,
    "duration": 0.0,
    "nnodes": 8,
    "ranks": "[0-7]",
    "nodelist": "flux-sample-[0-7]",
    "success": true,
    "exception_occurred": false,
    "result": "COMPLETED",
    "expiration": 4843833228.0,
    "waitstatus": 0,
    "returncode": 0,
    "runtime": 374.61756896972656,
    "exception": {
        "occurred": false,
        "severity": "",
        "type": "",
        "note": ""
    }
}