{
    "id": 13050828554240,
    "userid": 1000,
    "urgency": 16,
    "priority": 16,
    "t_submit": 1690232854.7201116,
    "t_depend": 1690232854.7201116,
    "t_run": 1690232854.7361937,
    "t_cleanup": 1690233228.0039322,
    "t_inactive": 1690233228.005763,
    "state": "INACTIVE",
    "name": "lmp",
    "ntasks": 32,
    "duration": 0.0,
    "nnodes": 8,
    "ranks": "[0-7]",
    "nodelist": "flux-sample-[0-7]",
    "success": true,
    "exception_occurred": false,
    "result": "COMPLETED",
    "expiration": 4843832854.0,
    "waitstatus": 0,
    "returncode": 0,
    "runtime": 373.26773858070374,
    "exception": {
        "occurred": false,
        "severity": "",
        "type": "",
        "note": ""
    }
}