{
    "id": 25611846287360,
    "userid": 1000,
    "urgency": 16,
    "priority": 16,
    "t_submit": 1690233603.4152067,
    "t_depend": 1690233603.4152067,
    "t_run": 1690233603.4313653,
    "t_cleanup": 1690233979.8244302,
    "t_inactive": 1690233979.8263648,
    "state": "INACTIVE",
    "name": "lmp",
    "ntasks": 32,
    "duration": 0.0,
    "nnodes": 8,
    "ranks": "[0-7]",
    "nodelist": "flux-sample-[0-7]",
    "success": true,
    "exception_occurred": false,
    "result": "COMPLETED",
    "expiration": 4843833603.0,
    "waitstatus": 0,
    "returncode": 0,
    "runtime": 376.3930649757385,
    "exception": {
        "occurred": false,
        "severity": "",
        "type": "",
        "note": ""
    }
}